day_id,day_type,day_name,day_weight,case_scope,data_source_type,county_region_feature,hour,dt,residential_load,commercial_load,industrial_load,cold_storage_load,agro_processing_load,irrigation_load,industrial_park_process_electric_load,industrial_park_flexible_electric_load,industrial_park_critical_electric_load,industrial_park_process_heat_load,low_altitude_agri_uav_load,low_altitude_patrol_uav_load,low_altitude_emergency_load,low_altitude_forest_fire_load,low_altitude_remote_comm_load,low_altitude_electric_load,low_altitude_critical_load,electric_load,heat_load,cooling_load,critical_electric_share,critical_heat_share,critical_cooling_share,critical_electric_load,critical_heat_load,critical_cooling_load,grid_import_availability,shiftable_load_base,shift_in_capacity,interruptible_load_base,pv_cf,wt_cf,electricity_buy_price,electricity_sell_price,electricity_price,gas_price,carbon_price,t_global
0,spring_irrigation,春季灌溉日,55.0,县级区域特征化县域综合能源系统（非实测线路潮流）,特征化合成数据,春灌集中用电与农村负荷抬升,0.0,0.25,9.800225850143258,5.233196364276454,10.568973117559912,4.503062487565456,1.7288659394611219,0.0,16.80090154458649,2.4591785285504186,13.361216247415033,6.836996646153383,0.3500000000864639,0.18000007778333918,0.10000721175353074,0.0,0.1846446609406726,0.8148341605958511,0.5139189729504164,32.30604312270154,22.019842064446944,5.70688672896153,0.68,0.75,0.45,21.927941067182285,16.514881548335207,2.5680990280326887,1.0,1.4891253718310447,3.553664743497169,0.31706919352679735,0.0,0.4607303298466419,52.0,7.8,52.0,41.0,45.0,0.0
0,spring_irrigation,春季灌溉日,55.0,县级区域特征化县域综合能源系统（非实测线路潮流）,特征化合成数据,春灌集中用电与农村负荷抬升,0.25,0.25,9.80252202781147,5.235820047760775,10.581835327709978,4.503803890621053,1.7297644833078472,0.0,16.81540370163888,2.461053125964713,13.372533329529539,6.861668146281323,0.3500000004587373,0.18000019078544677,0.10001045666848735,0.0,0.18240800962605114,0.8238876441672619,0.511797153856758,32.288598885773084,22.10716510012938,5.812324348067966,0.68,0.75,0.45,21.90780079814872,16.580373825097034,2.6155459566305845,1.0,1.4896033628183951,3.5517458774350392,0.31745505983129935,0.0,0.48319729604397155,52.0,7.8,52.0,41.0,45.0,0.25
0,spring_irrigation,春季灌溉日,55.0,县级区域特征化县域综合能源系统（非实测线路潮流）,特征化合成数据,春灌集中用电与农村负荷抬升,0.5,0.25,9.809162167653113,5.239196666795181,10.596677335972672,4.504706361083105,1.7308489796156643,0.0,16.832232676671442,2.4632352008271257,13.385667057913434,6.896078533805101,0.3500000022863863,0.1800004551349306,0.10001505670250135,0.0,0.18033233298543824,0.7984044114739497,0.5098295867631042,32.44772482314812,22.2291043163844,5.629423993407664,0.68,0.75,0.45,22.031367466701543,16.671828237288302,2.5332407970334487,1.0,1.4903698000930754,3.5692497305462934,0.3179003200791801,0.0,0.49909840921732646,52.0,7.8,52.0,41.0,45.0,0.5
0,spring_irrigation,春季灌溉日,55.0,县级区域特征化县域综合能源系统（非实测线路潮流）,特征化合成数据,春灌集中用电与农村负荷抬升,0.75,0.25,9.820228663807073,5.243513685823754,10.613718722875086,4.505800240548684,1.7321523365702114,0.0,16.85167129999398,2.4657638040892196,13.400838493044986,6.929746699171622,0.3500000107051244,0.18000105601808747,0.1000215303190446,0.0,0.17842651938487275,0.7772229217524214,0.508025313662224,32.41810484687421,22.348197354803887,5.613069462827926,0.68,0.75,0.45,22.02382502274504,16.761148016102915,2.5258812582725665,1.0,1.491440710884187,3.5659915331561627,0.31841156168625256,0.0,0.510537951502207,52.0,7.8,52.0,41.0,45.0,0.75
0,spring_irrigation,春季灌溉日,55.0,县级区域特征化县域综合能源系统（非实测线路潮流）,特征化合成数据,春灌集中用电与农村负荷抬升,1.0,0.25,9.83585145641362,5.248996543118046,10.633187483064974,4.5071204969234175,1.7337120290608987,0.0,16.874020009049293,2.4686808338074098,13.418282525068667,6.976742998246921,0.35000004708585053,0.1800023830810334,0.10003057420178106,0.0,0.17669872981077805,0.7895194336176288,0.5063929947386131,32.72402470393817,22.51466140450745,5.647278814483228,0.68,0.75,0.45,22.221856578556583,16.885996053380588,2.541275466517453,1.0,1.4928360477108975,3.599642717433199,0.31899562449194924,0.0,0.5036309587535172,52.0,7.8,52.0,41.0,45.0,1.0
0,spring_irrigation,春季灌溉日,55.0,县级区域特征化县域综合能源系统（非实测线路潮流）,特征化合成数据,春灌集中用电与农村负荷抬升,1.25,0.25,9.856239648124257,5.255913898400621,10.655317294581257,4.508707192346344,1.7355704682241124,0.0,16.899594955151713,2.4720308729813976,13.438246412312598,7.057201007219691,0.350000194556487,0.18000523049182804,0.10004311653534873,0.0,0.1751563629233656,0.7751922784874145,0.5049410790980613,32.77030443839686,22.80036338411301,5.67676144751635,0.68,0.75,0.45,22.261617347836488,17.100272538084756,2.5545426513823575,1.0,1.4945813821469982,3.604733488223655,0.3196595188374377,0.0,0.5172585179457864,52.0,7.8,52.0,41.0,45.0,1.25
0,spring_irrigation,春季灌溉日,55.0,县级区域特征化县域综合能源系统（非实测线路潮流）,特征化合成数据,春灌集中用电与农村负荷抬升,1.5,0.25,9.881723512619402,5.264582951559522,10.680344201526763,4.510605948421964,1.7377753460189784,0.0,16.928725495967704,2.4758609510233405,13.46098784196743,7.0788201701890765,0.35000075519239343,0.18001116561142866,0.10006038327302245,0.0,0.17380602337443565,0.7623773109449193,0.5036781473967717,32.747282926909776,22.875614757256795,5.6694188540002495,0.68,0.75,0.45,22.253413966252875,17.156711067942595,2.551238484300112,1.0,1.4967101087864223,3.6022011219600754,0.3204103260458029,0.0,0.5121716547736167,52.0,7.8,52.0,41.0,45.0,1.5
0,spring_irrigation,春季灌溉日,55.0,县级区域特征化县域综合能源系统（非实测线路潮流）,特征化合成数据,春灌集中用电与农村负荷抬升,1.75,0.25,9.912807521495449,5.275374632697171,10.70850270839529,4.51286839609892,1.7403799405145783,0.0,16.96175104500879,2.4802202232184474,13.486772490363894,7.169799677520588,0.35000275376003587,0.18002318241929346,0.10008397954363103,0.0,0.17265349352524473,0.7744382878748073,0.5026135919477683,32.828836350091876,23.19822077335732,5.534616896987271,0.68,0.75,0.45,22.299604274255376,17.39866558001799,2.490577603644272,1.0,1.4992661862923737,3.6111719985101063,0.3212550812518587,0.0,0.5234823999609894,52.0,7.8,52.0,41.0,45.0,1.75
0,spring_irrigation,春季灌溉日,55.0,县级区域特征化县域综合能源系统（非实测线路潮流）,特征化合成数据,春灌集中用电与农村负荷抬升,2.0,0.25,9.95023332540903,5.288718411888175,10.740021304450194,4.515552595153539,1.743443365666653,0.0,16.999017265270385,2.4851595641083235,13.515871072583185,7.209454056022206,0.35000943302909054,0.1800468135167239,0.10011598836770236,0.0,0.17170370868554657,0.7997297520063674,0.5017589838040898,32.94691505422076,23.337107294964014,5.4549584693056135,0.68,0.75,0.45,22.361844989309883,17.50283047122301,2.454731311187526,1.0,1.5023073573553731,3.6241606559642836,0.3222006391335058,0.0,0.5365147076348512,52.0,7.8,52.0,41.0,45.0,2.0
0,spring_irrigation,春季灌溉日,55.0,县级区域特征化县域综合能源系统（非实测线路潮流）,特征化合成数据,春灌集中用电与农村负荷抬升,2.25,0.25,9.99504897483637,5.305106424150434,10.775117459531034,4.518723405843835,1.7470307476126983,0.0,17.040871612987566,2.4907310726704077,13.548555885741047,7.267181653197824,0.3500303551825857,0.18009194329056738,0.10015908873524831,0.0,0.17096073597983846,0.8068953499826838,0.5011308636598721,33.00141264213537,23.54006516485725,5.764252943547567,0.68,0.75,0.45,22.393402622323702,17.655048873642937,2.593913824596405,1.0,1.5059086563735888,3.630155390634891,0.323253523785931,0.0,0.5455373448324902,52.0,7.8,52.0,41.0,45.0,2.25
0,spring_irrigation,春季灌溉日,55.0,县级区域特征化县域综合能源系统（非实测线路潮流）,特征化合成数据,春灌集中用电与农村负荷抬升,2.5,0.25,10.048677050125622,5.325096554259678,10.813992157972052,4.522452792985491,1.751213308016154,0.0,17.087658258973697,2.496987489457588,13.585096866957354,7.339751439709165,0.3500917637430361,0.18017563258053526,0.10021669479906908,0.0,0.1704277569313095,0.8111523543272514,0.5007564545203435,32.95958907153438,23.795488645812206,5.674890121032264,0.68,0.75,0.45,22.361693422221194,17.846616484359153,2.553700554464519,1.0,1.510165832474903,3.625554797868782,0.32441976473916156,0.0,0.5349664489890534,52.0,7.8,52.0,41.0,45.0,2.5
0,spring_irrigation,春季灌溉日,55.0,县级区域特征化县域综合能源系统（非实测线路潮流）,特征化合成数据,春灌集中用电与农村负荷抬升,2.75,0.25,10.112970043782079,5.3493140808606086,10.856824064242273,4.526820040571981,1.7560683338523049,0.0,17.13971243866656,2.503981528459536,13.625757205374535,7.407865629373068,0.3502605949441187,0.18032630699699292,0.10029311740868342,0.0,0.17010705383806982,0.8249560878348341,0.500685129942318,33.077153485537494,24.034384735835335,5.7281389160722505,0.68,0.75,0.45,22.43217936038013,18.025788551876502,2.577662512232513,1.0,1.5151980988587286,3.6384868834091244,0.3257047219272682,0.0,0.540081735200536,52.0,7.8,52.0,41.0,45.0,2.75
0,spring_irrigation,春季灌溉日,55.0,县级区域特征化县域综合能源系统（非实测线路潮流）,特征化合成数据,春灌集中用电与农村负荷抬升,3.0,0.25,10.190236906415008,5.378451444172439,10.90376344154715,4.531911853237057,1.7616790123664805,0.0,17.19735430715069,2.5117651292889542,13.670788567094512,7.497960171107566,0.35069521229793643,0.18058963595055189,0.10039374840127292,0.0,0.16999999999999998,0.8414942505346381,0.5010104430308097,33.39997349837916,24.35108928793798,5.688768501533752,0.68,0.75,0.45,22.64077633156509,18.263316965953486,2.5599458256901886,1.0,1.521149397692501,3.673997084821708,0.3271129032464145,0.0,0.5225946898344894,52.0,7.8,52.0,41.0,45.0,3.0
0,spring_irrigation,春季灌溉日,55.0,县级区域特征化县域综合能源系统（非实测线路潮流）,特征化合成数据,春灌集中用电与农村负荷抬升,3.25,0.25,10.283221128857399,5.4132656812450755,10.954925971858293,4.5378223194723715,1.7681341098679377,0.0,17.2608824011986,2.5203886382989684,13.720426011900624,7.6013561418747315,0.3517423102885695,0.181036281601931,0.10052526693149218,0.0,0.17010705383806982,0.8223622812919865,0.5019096471068603,33.52496729153449,24.714522201931114,5.717526644592343,0.68,0.75,0.45,22.739681054071763,18.535891651448335,2.5728869900665545,1.0,1.5281871928537214,3.6877464020687936,0.3286477791557488,0.0,0.5109594275100687,52.0,7.8,52.0,41.0,45.0,3.25
0,spring_irrigation,春季灌溉日,55.0,县级区域特征化县域综合能源系统（非实测线路潮流）,特征化合成数据,春灌集中用电与农村负荷抬升,3.5,0.25,10.395009413379398,5.4545730722215575,11.010386651381435,4.54465271070702,1.7755274736669184,0.0,17.330566835755373,2.5298999302997576,13.774882700325737,7.72092256250536,0.3541019480072514,0.1817713642893209,0.10069586562510512,0.0,0.1704277569313095,0.8210398096687537,0.5037082849524012,33.68619201145847,25.13484071567412,5.776008471692146,0.68,0.75,0.45,22.852011782169413,18.85113053675559,2.599203812261466,1.0,1.536497737031843,3.705481121260432,0.330311599541443,0.0,0.4798987010067525,52.0,7.8,52.0,41.0,45.0,3.5
0,spring_irrigation,春季灌溉日,55.0,县级区域特征化县域综合能源系统（非实测线路潮流）,特征化合成数据,春灌集中用电与农村负荷抬升,3.75,0.25,10.52885234321831,5.503240565354152,11.070173957918811,4.552511090274011,1.7839573379262563,0.0,17.406642386119078,2.5403434855433558,13.83434450811923,7.833847531796853,0.3590721745252693,0.18294492505348608,0.1009154924615823,0.0,0.17096073597983846,0.8156372432552602,0.5069733510175551,33.98930230353338,25.530479727672162,5.738890973804599,0.68,0.75,0.45,23.06506559200668,19.147859795754123,2.58250093821207,1.0,1.5462768779531242,3.738823253388672,0.3321052187375643,0.0,0.46779308749592,52.0,7.8,52.0,41.0,45.0,3.75
0,spring_irrigation,春季灌溉日,55.0,县级区域特征化县域综合能源系统（非实测线路潮流）,特征化合成数据,春灌集中用电与农村负荷抬升,4.0,0.25,10.687885732733138,5.560173602099747,11.134264504430655,4.56151170707277,1.793525416576284,0.0,17.48930162807971,2.5517594394515597,13.89896468147342,7.973998203402303,0.36884904000715174,0.18476186274073983,0.10119610203089346,0.0,0.17170370868554657,0.8252691378314867,0.5126254830000944,34.13122690639594,26.022295328045534,5.720979936926837,0.68,0.75,0.45,23.160676765623922,19.51672149603415,2.5744409716170766,1.0,1.557715832836214,3.7544349597035533,0.3340279351329197,0.0,0.43435783195068306,52.0,7.8,52.0,41.0,45.0,4.0
0,spring_irrigation,春季灌溉日,55.0,县级区域特征化县域综合能源系统（非实测线路潮流）,特征化合成数据,春灌集中用电与农村负荷抬升,4.25,0.25,10.874754103921626,5.62630005008622,11.202578404828042,4.57177415051892,1.8043357698048252,0.0,17.578688325151788,2.564182625029832,13.96885867947162,8.167389407045953,0.38678948183408113,0.18748886089008404,0.10155190720389393,0.0,0.17265349352524473,0.8410329447815992,0.5220360565974742,34.727371820930955,26.70309655871275,5.887668691628546,0.68,0.75,0.45,23.564746492379037,20.02732241903456,2.649450911232846,1.0,1.57098199932501,3.820010900302405,0.33607735214484125,0.0,0.41305931161926557,52.0,7.8,52.0,41.0,45.0,4.25
0,spring_irrigation,春季灌溉日,55.0,县级区域特征化县域综合能源系统（非实测线路潮流）,特征化合成数据,春灌集中用电与农村负荷抬升,4.5,0.25,11.091155434430153,5.702550073337913,11.27497558216403,4.583422246266781,1.8164934350259616,0.0,17.67489126345677,2.5776416298934155,14.04409935909607,8.330108088170919,0.41745508605265513,0.19145488987766246,0.10199961937688362,0.0,0.17380602337443565,0.8853579812019879,0.5370430826777022,35.11045318179953,27.273091036303224,5.968674194383922,0.68,0.75,0.45,23.810107819084035,20.454818277227417,2.685903387472765,1.0,1.5861957573717995,3.862149849997948,0.3382492674649209,0.0,0.40762808955706176,52.0,7.8,52.0,41.0,45.0,4.5
0,spring_irrigation,春季灌溉日,55.0,县级区域特征化县域综合能源系统（非实测线路潮流）,特征化合成数据,春灌集中用电与农村负荷抬升,4.75,0.25,11.337346951115439,5.789831926296887,11.351253244595664,4.596582676284135,1.8301028186594543,0.0,17.777938739539255,2.592157891187704,14.12471266182378,8.539193429209687,0.46618828067955553,0.1970412849346193,0.10255866241721266,0.0,0.1751563629233656,0.928990789533267,0.5597961386447666,35.756240663806174,28.007315384815193,6.099319635586709,0.68,0.75,0.45,24.242326053150347,21.005486538611393,2.744693836014019,1.0,1.603405249539832,3.9331864730186794,0.3405375973378699,0.0,0.4246554906664994,52.0,7.8,52.0,41.0,45.0,4.75
0,spring_irrigation,春季灌溉日,55.0,县级区域特征化县域综合能源系统（非实测线路潮流）,特征化合成数据,春灌集中用电与农村负荷抬升,5.0,0.25,11.611671817017225,5.889003849058259,11.431144739656018,4.611383312205518,1.8452658514823517,0.0,17.88779390334389,2.607744852281833,14.210673958495732,8.745999262345965,0.538003764129434,0.20465755566972235,0.10325134241556064,0.0,0.17669872981077805,1.0368346778780453,0.5923516079083512,36.39051867304592,28.73193122893821,6.1629816197507346,0.68,0.75,0.45,24.632856724622506,21.548948421703656,2.773341728887831,1.0,1.6225621327192568,4.002957054035051,0.34293434218968055,0.0,0.4157955365743623,52.0,7.8,52.0,41.0,45.0,5.0
0,spring_irrigation,春季灌溉日,55.0,县级区域特征化县域综合能源系统（非实测线路潮流）,特征化合成数据,春灌集中用电与农村负荷抬升,5.25,0.25,11.91018151168615,6.00084246145979,11.514319971713618,4.6279512574984665,1.8620799176630443,0.0,18.00435114687513,2.6244072048412277,14.301905200102695,8.957221958843595,0.6357770566394119,0.21470035928935963,0.10410295255905022,0.0,0.17842651938487275,1.1348344163247317,0.6360100720451202,37.066734863165955,29.470755260944173,6.396335996539772,0.68,0.75,0.45,25.069702375897155,22.10306644570813,2.8783511984428976,1.0,1.6435020439539452,4.077340834948255,0.34542959915140853,0.0,0.4171017358846539,52.0,7.8,52.0,41.0,45.0,5.25
0,spring_irrigation,春季灌溉日,55.0,县级区域特征化县域综合能源系统（非实测线路潮流）,特征化合成数据,春灌集中用电与农村负荷抬升,5.5,0.25,12.226433733752835,6.126008296060231,11.600387530629064,4.646410601804602,1.8806355757221045,0.0,18.12743370815577,2.642140238659179,14.398273005962542,9.117710790946656,0.7580794903002023,0.2274956883336088,0.10514179014121908,0.0,0.18033233298543824,1.2683360072783836,0.6905181309018604,37.77774767323253,30.026726925615385,6.49173916371255,0.68,0.75,0.45,25.516918063750683,22.52004519421154,2.9212826236706477,1.0,1.6659337768537235,4.1555522440555785,0.3480116259188719,0.0,0.4031809349175798,52.0,7.8,52.0,41.0,45.0,5.5
0,spring_irrigation,春季灌溉日,55.0,县级区域特征化县域综合能源系统（非实测线路潮流）,特征化合成数据,春灌集中用电与农村负荷抬升,5.75,0.25,12.55153690905619,6.265009364636482,11.688898631664683,4.666879899763706,1.9010140983968118,0.0,18.2567926298252,2.660929319404528,14.499587797340945,9.227598019762372,0.89741761998821,0.24322817793481943,0.1063990612206606,0.0,0.18240800962605114,1.424732320044341,0.7534026557935902,38.61861657784471,30.40023246453517,6.505758182881525,0.68,0.75,0.45,26.04524395109784,22.800174348401377,2.9275911822966862,1.0,1.6894407303001522,4.248047823562918,0.3506669589499405,0.0,0.3876518515251543,52.0,7.8,52.0,41.0,45.0,5.75
0,spring_irrigation,春季灌溉日,55.0,县级区域特征化县域综合能源系统（非实测线路潮流）,特征化合成数据,春灌集中用电与农村负荷抬升,6.0,0.25,12.874488228218155,6.41816390702862,11.779352908350564,4.6894693965312575,1.9232848674778156,0.0,18.392107172359637,2.680749511222813,14.605604054114348,9.373332426101104,1.0398415852200065,0.2618659705891781,0.10790864805221334,0.0,0.1846446609406726,1.6040991808361575,0.8197809453800579,39.54619450833975,30.89994142225927,6.499364700088925,0.68,0.75,0.45,26.620405768082502,23.174956066694453,2.9247141150400164,1.0,1.7134969858140343,4.350081395917373,0.3533805872505169,0.0,0.4051552175991847,52.0,7.8,52.0,41.0,45.0,6.0
0,spring_irrigation,春季灌溉日,55.0,县级区域特征化县域综合能源系统（非实测线路潮流）,特征化合成数据,春灌集中用电与农村负荷抬升,6.25,0.25,13.182814114102749,6.585563710145262,11.871206032565768,4.714278032830902,1.9475026688481034,0.0,18.532986734244773,2.701565356964037,14.716021735206509,9.477743708886075,1.166651125422415,0.2830937729120657,0.10970671546551213,0.0,0.18703270924499654,1.7460374717873568,0.8829106526379988,40.40349094093911,31.25018209238194,6.44662960811691,0.68,0.75,0.45,27.169979011661194,23.437636569286454,2.9009833236526097,1.0,1.7374984714553465,4.444384003503302,0.356136180976973,0.0,0.42114326934206153,52.0,7.8,52.0,41.0,45.0,6.25
0,spring_irrigation,春季灌溉日,55.0,县级区域特征化县域综合能源系统（非实测线路潮流）,特征化合成数据,春灌集中用电与农村负荷抬升,6.5,0.25,13.463475198606309,6.767039592302193,11.963879061509983,4.741390273451254,1.9737049418543704,0.0,18.67897427681561,2.723330823810385,14.830488861281012,9.564303378335223,1.2581976077414447,0.30626928689909055,0.11183113515097548,0.0,0.18956192854956397,1.8722202522074198,0.9354895172968327,40.98663085096968,31.534733096161908,6.390035578299934,0.68,0.75,0.45,27.533288724455172,23.65104982212143,2.8755160102349704,1.0,1.7608073317068755,4.508529393606665,0.3589163718452995,0.012644453546798263,0.43662751884173095,52.0,7.8,52.0,41.0,45.0,6.5
0,spring_irrigation,春季灌溉日,55.0,县级区域特征化县域综合能源系统（非实测线路潮流）,特征化合成数据,春灌集中用电与农村负荷抬升,6.75,0.25,13.703950287135397,6.9621308066597605,12.056769332108987,4.7708728142498655,2.0019090454130857,0.0,18.829551191771937,2.745989416408933,14.948605211997318,9.592524777527899,1.2988132418783518,0.3304178258312285,0.11432071156928099,0.0,0.1922214883490199,1.952443347396278,0.9713761670832047,41.85974855555705,31.60896901504841,6.519038382429256,0.68,0.75,0.45,28.10834370863253,23.706726761286305,2.9335672720931654,1.0,1.782805245225645,4.604572341111275,0.36170307996326956,0.05201466302672687,0.4753827365985737,52.0,7.8,52.0,41.0,45.0,6.75
0,spring_irrigation,春季灌溉日,55.0,县级区域特征化县域综合能源系统（非实测线路潮流）,特征化合成数据,春灌集中用电与农村负荷抬升,7.0,0.25,13.893374905863718,7.170060210492144,12.149262642904743,4.802771233561842,2.0321096105102945,8.5,18.98414348697688,2.769474453501965,15.069927041896296,9.586225925249192,1.2811887396414174,0.35427584207169344,0.11721420006985696,0.0,0.195,1.994274235367669,0.9871519283875527,50.9334578002304,31.557944630972827,6.413659027222999,0.68,0.75,0.45,34.26579675249421,23.66845847322962,2.8861465622503495,1.0,4.182949490422578,5.602680358025344,1.0444778792871423,0.09202628385644349,0.4744382499942961,88.0,13.2,88.0,41.0,45.0,7.0
0,spring_irrigation,春季灌溉日,55.0,县级区域特征化县域综合能源系统（非实测线路潮流）,特征化合成数据,春灌集中用电与农村负荷抬升,7.25,0.25,14.02358873439263,7.3897170589453705,12.240746385326313,4.837106663981148,2.0642760546006094,8.5,19.14212910390807,2.7937094977678982,15.19397267089075,9.560188049997022,1.208521723979536,0.37638640132848006,0.12054911680174364,0.0,0.19788556548904995,1.9386735707602551,0.9829385766589404,51.28626013060058,31.434463668037214,6.556518851346244,0.68,0.75,0.45,34.53929743735036,23.57584775102791,2.95043348310581,1.0,4.2008244960915535,5.641488614366064,1.0472223915597894,0.13873716107779852,0.457918769039605,88.0,13.2,88.0,41.0,45.0,7.25
0,spring_irrigation,春季灌溉日,55.0,县级区域特征化县域综合能源系统（非实测线路潮流）,特征化合成数据,春灌集中用电与农村负荷抬升,7.5,0.25,14.08994854284147,7.6196492000371485,12.330623214504621,4.87387256931688,2.098350337462102,8.5,19.3028461212836,2.8186089224592554,15.320228759898836,9.533006012596887,1.0935693113297744,0.39523953379082516,0.1243603509825903,0.0,0.20086582838174552,1.8388335461251537,0.9621637854659881,51.50420239694296,31.304975522529848,6.618355642941122,0.68,0.75,0.45,34.7346146040221,23.478731641897387,2.978260039323505,1.0,4.216181731550833,5.665462263663725,1.0499186964351388,0.19444036827484507,0.4619724673892208,88.0,13.2,88.0,41.0,45.0,7.5
0,spring_irrigation,春季灌溉日,55.0,县级区域特征化县域综合能源系统（非实测线路潮流）,特征化合成数据,春灌集中用电与农村负荷抬升,7.75,0.25,14.091790605071209,7.858066262934199,12.418324788782202,4.91303171864422,2.134245039963459,8.5,19.46560154738988,2.8440785928017847,15.448157042057838,9.493563182975702,0.9549900336531558,0.40944004406941015,0.12867860273305876,0.0,0.20392802673484192,1.7071171647525585,0.9303969104850444,51.56312231371247,31.129844779609794,6.875269657263147,0.68,0.75,0.45,34.83248041177779,23.347383584707345,3.093871345768416,1.0,4.228962159252397,5.671943454508372,1.052549743663466,0.2488331653754097,0.47187483790902085,88.0,13.2,88.0,41.0,45.0,7.75
0,spring_irrigation,春季灌溉日,55.0,县级区域特征化县域综合能源系统（非实测线路潮流）,特征化合成数据,春灌集中用电与农村负荷抬升,8.0,0.25,14.032475082815562,8.102855139861996,12.503325061083858,4.95451345430169,2.1718418466392184,8.5,19.629680362024764,2.8700166353649954,15.5772012479251,9.38322634739983,0.812414643161973,0.4178774111665697,0.13352868346558616,0.0,0.20705904774487396,1.583182144135906,0.8937412233999471,51.52016406462423,30.69976335235941,7.094792224085619,0.68,0.75,0.45,34.850888929332015,23.024822514269555,3.192656500838529,1.0,4.23929789917394,5.6672180471086655,1.0550997518325158,0.2969311730322622,0.47851384258047586,90.64,13.596,90.64,41.0,45.0,8.0
0,spring_irrigation,春季灌溉日,55.0,县级区域特征化县域综合能源系统（非实测线路潮流）,特征化合成数据,春灌集中用电与农村负荷抬升,8.25,0.25,13.919006017567334,8.351608664873236,12.585152578427813,4.998211352998994,2.210990509706667,8.5,19.79435444113347,2.8963142650866227,15.70679394174163,9.25185976075694,0.6820255701897687,0.41986922511788133,0.13892773002937972,0.0,0.2102454838991936,1.4512182641353317,0.8573855738796117,51.72194985271184,30.192944859892208,7.464811279628644,0.68,0.75,0.45,35.04148305411164,22.644708644919156,3.3591650758328897,1.0,4.247492810890644,5.689414483798302,1.0575545773528345,0.3538583190339812,0.4970228131121519,90.64,13.596,90.64,41.0,45.0,8.25
0,spring_irrigation,春季灌溉日,55.0,县级区域特征化县域综合能源系统（非实测线路潮流）,特征化合成数据,春灌集中用电与农村负荷抬升,8.5,0.25,13.761282916034316,8.601667897852723,12.663401241641536,5.0439813785173095,2.2515083660373563,8.5,19.958890986196202,2.922856637658318,15.836362977552179,9.068708241403275,0.5739587727280717,0.4152525118512524,0.1448833975799133,0.0,0.2134736903889974,1.3512282381521,0.8247573924421712,51.674161538942,29.499707947268448,7.656732568307721,0.68,0.75,0.45,35.044352036979305,22.124780960451336,3.4455296557384743,1.0,4.253984815370016,5.68415776928362,1.059902037249246,0.4063207523597026,0.5044169317679178,90.64,13.596,90.64,41.0,45.0,8.5
0,spring_irrigation,春季灌溉日,55.0,县级区域特征化县域综合能源系统（非实测线路潮流）,特征化合成数据,春灌集中用电与农村负荷抬升,8.75,0.25,13.571091784309521,8.850177843718843,12.737738998600635,5.0916406205124645,2.293180469561384,8.5,20.122560088674483,2.949523694827824,15.965337290633412,8.890716560441499,0.4919126864879048,0.40440605326845586,0.15139210845489745,0.0,0.21672984353849284,1.2641655923789241,0.7973999265296616,51.77483870205231,28.823617236712327,7.859747037572929,0.68,0.75,0.45,35.14465764110757,21.617712927534246,3.536886166907818,1.0,4.25929536988769,5.695232257225753,1.062132169958019,0.4534237234293037,0.4931932917651255,90.64,13.596,90.64,41.0,45.0,8.75
0,spring_irrigation,春季灌溉日,55.0,县级区域特征化县域综合能源系统（非实测线路潮流）,特征化合成数据,春灌集中用电与农村负荷抬升,9.0,0.25,13.36097555473296,9.094155795212528,12.807913992790407,5.14096670648026,2.3357603896906465,8.5,20.284641088961315,2.976190972033238,16.09315176252681,8.747615857643531,0.43447553658645727,0.38819956323346444,0.15843744412450295,0.0,0.22,1.2007089427242774,0.7753998317807377,51.861688572288884,28.271077324931404,8.051125934857927,0.68,0.75,0.45,35.224865979884676,21.20330799369855,3.6230066706860673,1.0,4.26397311098059,5.704785742951778,1.0642374197837123,0.5000042309341501,0.49503373365915243,90.64,13.596,90.64,41.0,45.0,9.0
0,spring_irrigation,春季灌溉日,55.0,县级区域特征化县域综合能源系统（非实测线路潮流）,特征化合成数据,春灌集中用电与农村负荷抬升,9.25,0.25,13.143131265968776,9.330570809099097,12.87375776517024,5.191697962944294,2.3789717117764724,8.5,20.444427439891005,3.002730341741225,16.219250937443938,8.594597118263021,0.3972386297419336,0.36787933598267625,0.1659887734732613,0.0,0.22327015646150716,1.1543886548222217,0.7580456003619169,52.14430769194282,27.682308475384684,8.253797591102543,0.68,0.75,0.45,35.431190545603926,20.76173135653851,3.7142089159961444,1.0,4.268539047475993,5.73587384611371,1.0662127329551072,0.5469659223096708,0.4927735785794151,90.64,13.596,90.64,41.0,45.0,9.25
0,spring_irrigation,春季灌溉日,55.0,县级区域特征化县域综合能源系统（非实测线路潮流）,特征化合成数据,春灌集中用电与农村负荷抬升,9.5,0.25,12.928464489322701,9.556432141060757,12.935185210193577,5.2435343874494835,2.422510258669528,8.5,20.60122985631259,3.0290106718714322,16.343091423399606,8.3999447913525,0.3748153393621879,0.3449114544417721,0.17400021229129375,0.0,0.2265263096110026,1.1156364574108903,0.7444235720786231,52.422659025610464,26.94432212070009,8.426033331530848,0.68,0.75,0.45,35.63319891845433,20.208241590525066,3.7917149991888817,1.0,4.273439837832875,5.766492492817151,1.0680555563058074,0.5896889406897725,0.46857709798588965,90.64,13.596,90.64,41.0,45.0,9.5
0,spring_irrigation,春季灌溉日,55.0,县级区域特征化县域综合能源系统（非实测线路潮流）,特征化合成数据,春灌集中用电与农村负荷抬升,9.75,0.25,12.72589555881178,9.76888380871087,12.99219111378107,5.29613947520614,2.4660470335489744,8.5,20.754377622536186,3.054898386571608,16.46414288158178,8.164729289200217,0.36224615469123167,0.3208102055141221,0.18241000511889055,0.0,0.2297545161008064,1.0984892438412055,0.733789092904584,52.97817152731226,26.06124880408897,8.792396595079035,0.68,0.75,0.45,36.01197304566491,19.54593660306673,3.9565784677855658,1.0,4.279013884198438,5.827598868004349,1.069765733413432,0.6354139074244607,0.44000303481888353,90.64,13.596,90.64,41.0,45.0,9.75
0,spring_irrigation,春季灌溉日,55.0,县级区域特征化县域综合能源系统（非实测线路潮流）,特征化合成数据,春灌集中用电与农村负荷抬升,10.0,0.25,12.541965635788236,9.965301861921935,13.044843247787504,5.349142923597687,2.5092318638689,8.5,20.903218035254092,3.080257926033242,16.581887589553872,7.919789399780155,0.3556772217697184,0.2969797587686923,0.1911404109966581,0.0,0.23294095225512604,1.0821024674424358,0.7256931332968481,53.39981397829234,25.143557965699777,9.037600996984672,0.68,0.75,0.45,36.30173696067479,18.85766847427483,4.066920448643103,1.0,4.285472643679531,5.873979537612158,1.0713452974336253,0.6841966834035905,0.44190582930436495,90.64,13.596,90.64,41.0,45.0,10.0
0,spring_irrigation,春季灌溉日,55.0,县级区域特征化县域综合能源系统（非实测线路潮流）,特征化合成数据,春灌集中用电与农村负荷抬升,10.25,0.25,12.380743076434058,10.143390452515625,13.093272156171755,5.402144214755273,2.551697705165552,8.5,21.04711407609258,3.104952112532981,16.695818654222702,7.780301136935399,0.3524724560719592,0.27459184007861787,0.20009815907917758,0.0,0.23607197326515808,1.081278262612249,0.7199363654533781,53.6370571756571,24.60294290294706,9.280896920387645,0.68,0.75,0.45,36.45786602632388,18.452207177210294,4.176403614174441,1.0,4.292897173274115,5.900076289322281,1.0727981646851528,0.7302464248384634,0.4145921588338332,90.64,13.596,90.64,41.0,45.0,10.25
0,spring_irrigation,春季灌溉日,55.0,县级区域特征化县域综合能源系统（非实测线路潮流）,特征化合成数据,春灌集中用电与农村负荷抬升,10.5,0.25,12.243990427374488,10.301272447607232,13.137657935373054,5.454717051666488,2.5930655422873583,8.5,21.1854405293269,3.128842440847953,16.80543704447106,7.623154553404983,0.35101152825459386,0.25451288892042506,0.209175518748274,0.0,0.23913417161825448,1.065471057914676,0.7164484870441937,53.839145477125896,24.000090684499778,9.67946087136423,0.68,0.75,0.45,36.60254709210783,18.000068013374833,4.355757392113904,1.0,4.301247911631305,5.9223060024838485,1.0741297380611916,0.7621031598855816,0.39446639179712717,90.64,13.596,90.64,41.0,45.0,10.5
0,spring_irrigation,春季灌溉日,55.0,县级区域特征化县域综合能源系统（非实测线路潮流）,特征化合成数据,春灌集中用电与农村负荷抬升,10.75,0.25,12.13152537563986,10.437570155756214,13.178214476875885,5.506414597592846,2.632949805109906,8.5,21.317578879578637,3.1517893219159974,16.91024770557217,7.513722037431281,0.35038876324551826,0.23728359385543868,0.21825200253686833,0.0,0.24211443451095005,1.053380957628211,0.7151700979033224,53.8474553664205,23.56884965965739,10.055622750969636,0.68,0.75,0.45,36.61514069588208,17.67663724474304,4.5250302379363365,1.0,4.310384344727877,5.923220090306255,1.0753464343062766,0.7866010244204669,0.3811654930177161,90.64,13.596,90.64,41.0,45.0,10.75
0,spring_irrigation,春季灌溉日,55.0,县级区域特征化县域综合能源系统（非实测线路潮流）,特征化合成数据,春灌集中用电与农村负荷抬升,11.0,0.25,12.041697361012574,10.551471760801707,13.2151717944272,5.55677544278461,2.670964196758464,8.5,21.442911433970274,3.173652318319356,17.009755102114074,7.393314517315055,0.35014036563891043,0.22314427820839497,0.2271966900143889,0.0,0.245,1.0547627914568458,0.7159771437324451,53.99268162686749,23.099996165984862,10.428476328402521,0.68,0.75,0.45,36.713761951811684,17.324997124488647,4.692814347781135,1.0,4.320090615700467,5.939194978955424,1.076455153832816,0.7937308258167759,0.38488962474393984,72.10000000000001,10.815000000000001,72.10000000000001,41.0,45.0,11.0
0,spring_irrigation,春季灌溉日,55.0,县级区域特征化县域综合能源系统（非实测线路潮流）,特征化合成数据,春灌集中用电与农村负荷抬升,11.25,0.25,11.97190422964634,10.642779306211432,13.248757192427256,5.605330197525103,2.7067278155469197,8.5,21.560815205499278,3.1942904180661116,17.10345860715863,7.284117144850039,0.350047623010648,0.21209316974828513,0.23587112835802132,0.0,0.2477785116509801,1.0657411534358465,0.7186554884681766,53.942591386744134,22.673141865177087,10.79683717980791,0.68,0.75,0.45,36.67491364711782,17.004856398882815,4.85857673091356,1.0,4.330103267067742,5.933685052541855,1.0774627157728176,0.7965790087810267,0.3579867667994845,72.10000000000001,10.815000000000001,72.10000000000001,41.0,45.0,11.25
0,spring_irrigation,春季灌溉日,55.0,县级区域特征化县域综合能源系统（非实测线路潮流）,特征化合成数据,春灌集中用电与农村负荷抬升,11.5,0.25,11.919086719363866,10.711934555504651,13.279176136549788,5.6516085873581305,2.739871437972284,8.5,21.670656161880203,3.2135623984643407,17.19084820697687,7.136581786928191,0.35001522467731677,0.2039618865278847,0.24413273252502546,0.0,0.25043807145043606,1.073859662728637,0.7229142763570173,53.783992172987055,22.111700861087602,11.08961317963175,0.68,0.75,0.45,36.56580438333275,16.583775645815702,4.990325930834287,1.0,4.340137969194041,5.916239139028576,1.0783752840964937,0.800339638615991,0.3478121726205594,72.10000000000001,10.815000000000001,72.10000000000001,41.0,45.0,11.5
0,spring_irrigation,春季灌溉日,55.0,县级区域特征化县域综合能源系统（非实测线路潮流）,特征化合成数据,春灌集中用电与农村负荷抬升,11.75,0.25,11.880157948958125,10.760019773780916,13.30659375449952,5.695146905883207,2.77004381981523,8.5,21.771784480197958,3.23132733395827,17.271401017836148,7.04664674183901,0.3500047224934111,0.19849321770552364,0.2518385768315622,0.0,0.25296729075500346,1.0780262744576525,0.7284205506322197,53.47029135443191,21.75866822072004,11.499846542500649,0.68,0.75,0.45,36.35516080501471,16.31900116554003,5.174930944125292,1.0,4.3499130537581285,5.88173204898751,1.0791978126349857,0.8200899619946499,0.3373432128812461,72.10000000000001,10.815000000000001,72.10000000000001,41.0,45.0,11.75
0,spring_irrigation,春季灌溉日,55.0,县级区域特征化县域综合能源系统（非实测线路潮流）,特征化合成数据,春灌集中用电与农村负荷抬升,12.0,0.25,11.852345670946532,10.788731421297669,13.331117917380272,5.735495663618433,2.7969178662134566,0.0,21.86353144721216,3.247445300103911,17.344579109942153,7.039617056268037,0.3500018425823887,0.19540945508670923,0.2588494424652272,0.0,0.2553553390593274,1.0851837154893365,0.734839333789598,45.00267795030603,21.704757811643358,11.956823578765533,0.68,0.75,0.45,30.59873541346495,16.278568358732517,5.38057061044449,1.0,1.9791686971061955,4.950294574533664,0.39993353752140814,0.850510066893421,0.3288083346756211,72.10000000000001,10.815000000000001,72.10000000000001,41.0,45.0,12.0
0,spring_irrigation,春季灌溉日,55.0,县级区域特征化县域综合能源系统（非实测线路潮流）,特征化合成数据,春灌集中用电与农村负荷抬升,12.25,0.25,11.833443013426221,10.800325898479315,13.352784825942283,5.772227258905498,2.8201965198794525,0.0,21.945208604727235,3.261778320089543,17.409829101206913,7.004405122114013,0.350002019544594,0.1944638343970377,0.2650339640317652,0.0,0.25759199037394886,1.089777758017714,0.7418683494023743,45.33123962689603,21.55354131365454,12.214926760119138,0.68,0.75,0.45,30.826062420239634,16.165155985240908,5.4967170420536124,1.0,1.987681494523645,4.986436358958563,0.40058354477826846,0.8794893837108171,0.30086253982409616,72.10000000000001,10.815000000000001,72.10000000000001,41.0,45.0,12.25
0,spring_irrigation,春季灌溉日,55.0,县级区域特征化县域综合能源系统（非实测线路潮流）,特征化合成数据,春灌集中用电与农村负荷抬升,12.5,0.25,11.821976393498934,10.797537794281572,13.371547949118714,5.804943489303339,2.8396182196477957,0.0,22.01610965806985,3.2741915902913616,17.466583919259882,6.942657029676147,0.3500048720286048,0.19547189749004207,0.27027270440321777,0.0,0.2596676670145618,1.0779340741832302,0.7492617510797708,45.654003789557734,21.311179539268846,12.565022723399585,0.68,0.75,0.45,31.060989157534433,15.983384654451633,5.654260225529813,1.0,1.9952748133454323,5.021940416851351,0.4011464384735614,0.8959259270493246,0.29223384679157094,72.10000000000001,10.815000000000001,72.10000000000001,41.0,45.0,12.5
0,spring_irrigation,春季灌溉日,55.0,县级区域特征化县域综合能源系统（非实测线路潮流）,特征化合成数据,春灌集中用电与农村负荷抬升,12.75,0.25,11.817306347957976,10.783472513305995,13.387271035800197,5.833282719853247,2.8549617893015853,0.0,22.07551554495503,3.284555007515957,17.514267035295088,6.967274937297288,0.3500130695334892,0.19832300244981288,0.2744619822057419,0.0,0.26157348061512725,1.0749054506978248,0.7568412666211288,45.63987510437309,21.38113999155265,12.964867024393127,0.68,0.75,0.45,31.06102063112031,16.035854993664486,5.834190160976908,1.0,2.001825666305531,5.02038626148104,0.4016181310740059,0.8967924926534395,0.29349594562460074,72.10000000000001,10.815000000000001,72.10000000000001,41.0,45.0,12.75
0,spring_irrigation,春季灌溉日,55.0,县级区域特征化县域综合能源系统（非实测线路潮流）,特征化合成数据,春灌集中用电与农村负荷抬升,13.0,0.25,11.819678560682954,10.761476624226027,13.399725748880876,5.856926528266881,2.8660506289992798,0.0,22.122702906147037,3.292745003333585,17.552299351316083,7.01078981589159,0.35003405977431595,0.2029744745328078,0.27751728101390494,0.0,0.26330127018922195,1.0779055807185238,0.7644958126862513,45.64339523938965,21.522666358608458,13.323389565370968,0.68,0.75,0.45,31.06902878058262,16.141999768956342,5.995525304416936,1.0,2.007268924846059,5.020773476332861,0.40199177246642626,0.8831145667293897,0.2675757210310555,72.10000000000001,10.815000000000001,72.10000000000001,41.0,45.0,13.0
0,spring_irrigation,春季灌溉日,55.0,县级区域特征化县域综合能源系统（非实测线路潮流）,特征化合成数据,春灌集中用电与农村负荷抬升,13.25,0.25,11.830239561465014,10.73499070347649,13.408594260438436,5.87560565654106,2.8727560982735967,0.0,22.156956015253094,3.2986466710501943,17.580108778524284,6.986352037467635,0.350085097747448,0.20943208902271285,0.27937608381466644,0.0,0.26484363707663444,1.076679435906535,0.7721721771835084,45.5075791648811,21.42574102591108,13.667373948664277,0.68,0.75,0.45,30.985183992886217,16.06930576943331,6.150318276898925,1.0,2.011599554810437,5.0058337081369215,0.40225782781315306,0.8495149062504684,0.2812517135191056,72.10000000000001,10.815000000000001,72.10000000000001,41.0,45.0,13.25
0,spring_irrigation,春季灌溉日,55.0,县级区域特征化县域综合能源系统（非实测线路潮流）,特征化合成数据,春灌集中用电与农村负荷抬升,13.5,0.25,11.851026006933896,10.70739075522518,13.413476908468702,5.889105113564341,2.875,6.5,22.177582022033043,3.3021561494578253,17.59714238627092,6.969347928746033,0.350203606031187,0.217721019296692,0.28,0.0,0.2661939766255643,1.076183964473734,0.779860253412886,52.03617056265846,21.359712570217447,13.655289855863748,0.68,0.75,0.45,35.4326511401785,16.019784427663083,6.1448804351386865,1.0,3.834873282941886,5.723978761892431,0.9224043072540611,0.8134231905925541,0.29156498602153197,72.10000000000001,10.815000000000001,72.10000000000001,41.0,45.0,13.5
0,spring_irrigation,春季灌溉日,55.0,县级区域特征化县域综合能源系统（非实测线路潮流）,特征化合成数据,春灌集中用电与农村负荷抬升,13.75,0.25,11.884929744974835,10.681825378347877,13.41390476116872,5.897268293550466,2.8727560982735967,6.5,22.183929152992782,3.303183205799521,17.60288083692199,7.007070277914778,0.3504664632292469,0.22785143227483043,0.27937608381466644,0.0,0.2673465064747553,1.1225310138868703,0.787576921306835,52.10776840208903,21.493545416933905,13.752246308236263,0.68,0.75,0.45,35.457538345284306,16.12015906270043,6.188510838706319,1.0,3.8372057725120166,5.731854524229793,0.9224171428350616,0.7766017391621309,0.3141268676432397,72.10000000000001,10.815000000000001,72.10000000000001,41.0,45.0,13.75
0,spring_irrigation,春季灌溉日,55.0,县级区域特征化县域综合能源系统（非实测线路潮流）,特征化合成数据,春灌集中用电与农村负荷抬升,14.0,0.25,11.935634434978466,10.661056631885277,13.409356678259373,5.9,2.8660506289992798,6.5,22.175407307258652,3.301653939770966,17.596854661921792,7.073565530782858,0.3510232810008619,0.2397828442300811,0.27751728101390494,0.0,0.26829629131445343,1.1275563068606416,0.7953531689726036,52.21944454006589,21.734558634153522,14.104244626924856,0.68,0.75,0.45,35.537837167552176,16.30091897561514,6.346910082116185,1.0,3.8387700713550523,5.744138899407249,0.9222807003477812,0.7397484685125437,0.29763614947757416,72.10000000000001,10.815000000000001,72.10000000000001,41.0,45.0,14.0
0,spring_irrigation,春季灌溉日,55.0,县级区域特征化县域综合能源系统（非实测线路潮流）,特征化合成数据,春灌集中用电与农村负荷抬升,14.25,0.25,12.0075144832162,10.647312939228124,13.399280214952329,5.897268293550466,2.8549617893015853,6.5,22.15151029780438,3.297513512279712,17.57866178841336,7.0190074590753655,0.35214942771503477,0.2533912813865018,0.2744619822057419,0.0,0.26903926402016154,1.1572423767353912,0.8032292814751345,52.280118821913156,21.54761740541801,14.0785322499641,0.68,0.75,0.45,35.566785264196014,16.160713054063507,6.335339512483845,1.0,3.8397918521979344,5.750813070410447,0.9219784064485699,0.7044765032650531,0.31411128012151607,72.10000000000001,10.815000000000001,72.10000000000001,41.0,45.0,14.25
0,spring_irrigation,春季灌溉日,55.0,县级区域特征化县域综合能源系统（非实测线路潮流）,特征化合成数据,春灌集中用电与农村负荷抬升,14.5,0.25,12.105484284037773,10.642162301300674,13.383115497430923,5.889105113564341,2.8396182196477957,6.5,22.11183883064306,3.290728788455807,17.547985603807867,7.055195227854495,0.3543231588464876,0.26844318364752034,0.27027270440321777,0.0,0.26957224306869054,1.158283808293398,0.8112623990276868,52.47290340575432,21.689055497259798,14.250872962823456,0.68,0.75,0.45,35.705203725301125,16.266791622944847,6.412892833270555,1.0,3.840541834673562,5.7720193746329755,0.9214934649229277,0.6625913262950478,0.3023901717323436,72.10000000000001,10.815000000000001,72.10000000000001,41.0,45.0,14.5
0,spring_irrigation,春季灌溉日,55.0,县级区域特征化县域综合能源系统（非实测线路潮流）,特征化合成数据,春灌集中用电与农村负荷抬升,14.75,0.25,12.234785771994492,10.646413517603339,13.36032102253002,5.87560565654106,2.8201965198794525,6.5,22.05612319895053,3.2812907752544724,17.504612756511932,7.114978626133207,0.35832587631950563,0.2845797024325819,0.2650339640317652,0.0,0.26989294616193016,1.1727880939281556,0.8195487148970566,52.630373968405024,21.91891000011293,14.283670979674902,0.68,0.75,0.45,35.81070710954133,16.439182500084698,6.427651940853706,1.0,3.841324787478222,5.789341136524553,0.9208096306759006,0.6205499008153458,0.30815682811584866,72.10000000000001,10.815000000000001,72.10000000000001,41.0,45.0,14.75
0,spring_irrigation,春季灌溉日,55.0,县级区域特征化县域综合能源系统（非实测线路潮流）,特征化合成数据,春灌集中用电与农村负荷抬升,15.0,0.25,12.400705348465907,10.660052029499035,13.330400209987722,5.856926528266881,2.7969178662134566,6.5,21.98424460446806,3.269216730853526,17.44844984177363,7.115394589245395,0.3653535614068165,0.301314403630918,0.2588494424652272,0.0,0.27,1.1744867535317818,0.8282583272527329,52.799220450685326,21.940697325234364,14.23031339543984,0.68,0.75,0.45,35.93307724131714,16.455522993925772,6.403641027947928,1.0,3.842464670584955,5.8079142495753855,0.9199120062996317,0.584000676918129,0.3070546870012817,72.10000000000001,10.815000000000001,72.10000000000001,41.0,45.0,15.0
0,spring_irrigation,春季灌溉日,55.0,县级区域特征化县域综合能源系统（非实测线路潮流）,特征化合成数据,春灌集中用电与农村负荷抬升,15.25,0.25,12.608217319380794,10.682215427312304,13.292927471618174,5.833282719853247,2.77004381981523,6.5,21.89625401128665,3.2545518265271163,17.379538117202937,7.08476899634849,0.37711057435783385,0.31804627473363134,0.2518385768315622,0.0,0.26989294616193016,1.2132823594784077,0.8376741113410233,52.92155975715224,21.855351754262458,14.306182536296834,0.68,0.75,0.45,35.99930274175923,16.391513815696843,6.437782141333575,1.0,3.844285789509798,5.821371573286746,0.9187878241485452,0.5403537921456624,0.332205195444955,72.10000000000001,10.815000000000001,72.10000000000001,41.0,45.0,15.25
0,spring_irrigation,春季灌溉日,55.0,县级区域特征化县域综合能源系统（非实测线路潮流）,特征化合成数据,春灌集中用电与农村负荷抬升,15.5,0.25,12.861559710790962,10.711211665500167,13.2475725628818,5.804943489303339,2.739871437972284,6.5,21.792387490157424,3.2373702519743195,17.298065435188718,7.148425881243517,0.3958372674760296,0.33408834441064905,0.24413273252502546,0.0,0.26957224306869054,1.2369399535762613,0.8482179748918435,53.042157033053215,22.11019122594371,14.345922426352374,0.68,0.75,0.45,36.07576558893618,16.58264341945778,6.4556650918585685,1.0,3.847090278209419,5.834637273635853,0.9174271768864539,0.4942890171111081,0.34011227444837544,72.10000000000001,10.815000000000001,72.10000000000001,41.0,45.0,15.5
0,spring_irrigation,春季灌溉日,55.0,县级区域特征化县域综合能源系统（非实测线路潮流）,特征化合成数据,春灌集中用电与农村负荷抬升,15.75,0.25,13.163758989323181,10.7445807107795,13.194122049504152,5.772227258905498,2.7067278155469197,6.5,21.67307712395657,3.21777567196381,17.20437466846575,7.177545447047674,0.4242077278690538,0.34871028648287106,0.23587112835802132,0.0,0.26903926402016154,1.3008523769077633,0.8604412216335511,53.36610724914212,22.244843784059956,14.292172646448448,0.68,0.75,0.45,36.264814534752915,16.683632838044968,6.431477690901802,1.0,3.8511327676510936,5.870271797405633,0.9158236614851245,0.44750315635488574,0.3546595232292301,72.10000000000001,10.815000000000001,72.10000000000001,41.0,45.0,15.75
0,spring_irrigation,春季灌溉日,55.0,县级区域特征化县域综合能源系统（非实测线路潮流）,特征化合成数据,春灌集中用电与农村负荷抬升,16.0,0.25,13.51613169168137,10.779197843407024,13.132496851816786,5.735495663618433,2.670964196758464,6.5,21.538956712193684,3.1959009649561945,17.09896803679504,7.221806733957463,0.465034990751121,0.36119136073684854,0.2271966900143889,0.0,0.26829629131445343,1.3445772224873154,0.8749546970403671,53.54714265785984,22.436405448040944,14.30927831936871,0.68,0.75,0.45,36.37269919309368,16.827304086030708,6.43917524371592,1.0,3.856593677532176,5.890185692364582,0.9139749055545036,0.4002935319887269,0.36235442085355984,135.96,20.394000000000002,135.96,41.0,45.0,16.0
0,spring_irrigation,春季灌溉日,55.0,县级区域特征化县域综合能源系统（非实测线路潮流）,特征化合成数据,春灌集中用电与农村负荷抬升,16.25,0.25,13.917801801232796,10.811414304781199,13.062765015224103,5.695146905883207,2.632949805109906,6.5,21.390861726217217,3.171907202010049,16.98250691061349,7.243474697767987,0.5207501927446284,0.3708782839729238,0.21825200253686833,0.0,0.2673465064747553,1.3925836171064445,0.8922833496758655,53.86342452868613,22.549757072776952,14.085877641511212,0.68,0.75,0.45,36.572455169550054,16.912317804582713,6.338644938680045,1.0,3.863553115808011,5.924976698155475,0.9118829504567232,0.34601527871056964,0.34717355283924983,135.96,20.394000000000002,135.96,41.0,45.0,16.25
0,spring_irrigation,春季灌溉日,55.0,县级区域特征化县域综合能源系统（非实测线路潮流）,特征化合成数据,春灌集中用电与农村负荷抬升,16.5,0.25,14.365281209458566,10.837228612829039,12.985149086009732,5.6516085873581305,2.5930655422873583,6.5,21.229823215655223,3.1459818553488503,16.855806862662483,7.335486005981856,0.5926849565925717,0.3772414772557969,0.209175518748274,0.0,0.2661939766255643,1.46391360319825,0.9126510135541905,54.197997314401604,22.916448290648148,13.924003318101779,0.68,0.75,0.45,36.771827937172475,17.18733621798611,6.2658014931458,1.0,3.87196779988856,5.961779704584177,0.909554472580292,0.3010704891518166,0.349172948605329,135.96,20.394000000000002,135.96,41.0,45.0,16.5
0,spring_irrigation,春季灌溉日,55.0,县级区域特征化县域综合能源系统（非实测线路潮流）,特征化合成数据,春灌集中用电与农村负荷抬升,16.75,0.25,14.852165042170395,10.852479828420703,12.90002773416671,5.605330197525103,2.551697705165552,6.5,21.057055636857363,3.118336258790945,16.71982795024082,7.401032775644735,0.68027440838551,0.37992287552824344,0.20009815907917758,0.0,0.26484363707663444,1.532926383189515,0.9357318541987614,54.85338317281245,23.19035990326045,13.628431914532365,0.68,0.75,0.45,37.19364247114236,17.392769927445336,6.132794361539564,1.0,3.881653638268788,6.03387214900937,0.9070008320250013,0.2534650778038104,0.34966791031317146,135.96,20.394000000000002,135.96,41.0,45.0,16.75
0,spring_irrigation,春季灌溉日,55.0,县级区域特征化县域综合能源系统（非实测线路潮流）,特征化合成数据,春灌集中用电与农村负荷抬升,17.0,0.25,15.368992521990018,10.853052514428446,12.807931543768166,5.55677544278461,2.5092318638689,6.5,20.873938850421677,3.0892023750045676,16.575660426919544,7.470027294758334,0.780385274150886,0.3787692427280859,0.1911404109966581,0.0,0.26330127018922195,1.5965550984823473,0.9604358924392233,55.415232063080886,23.477941156568438,13.467745445465326,0.68,0.75,0.45,37.55713622836623,17.60845586742633,6.060485450459397,1.0,3.892276557230331,6.095675526938898,0.904237946313045,0.20416231975739138,0.3454749330140067,135.96,20.394000000000002,135.96,41.0,45.0,17.0
0,spring_irrigation,春季灌溉日,55.0,县级区域特征化县域综合能源系统（非实测线路潮流）,特征化合成数据,春灌集中用电与农村负荷抬升,17.25,0.25,15.90331640855455,10.835082216652571,12.70953317044642,5.506414597592846,2.4660470335489744,6.5,20.68199480158824,3.058828955401057,16.424506291033317,7.558970307498587,0.8870197974534344,0.3738466498862274,0.18241000511889055,0.0,0.26157348061512725,1.6783940877901145,0.9848133952204334,55.89052344117902,23.837745263044084,13.190832401674736,0.68,0.75,0.45,37.84906135552489,17.878308947283063,5.935874580753632,1.0,3.9033537755017482,6.1479575785296925,0.9012859951133926,0.15960431754933857,0.338737898260777,135.96,20.394000000000002,135.96,41.0,45.0,17.25
0,spring_irrigation,春季灌溉日,55.0,县级区域特征化县域综合能源系统（非实测线路潮流）,特征化合成数据,春灌集中用电与农村负荷抬升,17.5,0.25,16.44000972269983,10.795150101252053,12.605632328923699,5.454717051666488,2.422510258669528,6.5,20.482859639259715,3.0274772056781076,16.267657267235723,7.647605209675788,0.9916136616906568,0.36543419745537087,0.17400021229129375,0.0,0.2596676670145618,1.7587746872482735,1.0061531945364874,56.00512330279841,24.19705713922126,12.917117049596985,0.68,0.75,0.45,37.89367025311058,18.147792854415947,5.812702672318643,1.0,3.9142670112361717,6.160563563307825,0.898168969867711,0.12011618726510669,0.34031838700648925,135.96,20.394000000000002,135.96,41.0,45.0,17.5
0,spring_irrigation,春季灌溉日,55.0,县级区域特征化县域综合能源系统（非实测线路潮流）,特征化合成数据,春灌集中用电与农村负荷抬升,17.75,0.25,16.961818204998988,10.730455940889557,12.497136306647976,5.402144214755273,2.3789717117764724,6.5,20.27825223317972,2.99541609204453,16.106469976354017,7.734366128435161,1.084019034320821,0.3539978038122754,0.1659887734732613,0.0,0.25759199037394886,1.8253267691302564,1.0213074116620666,56.34441217714075,24.54992743976776,12.729970450789295,0.68,0.75,0.45,38.0942854891092,18.41244557982582,5.728486702855183,1.0,3.924288089663019,6.197885339485482,0.8949140891994393,0.07474936460216158,0.342464359783454,135.96,20.394000000000002,135.96,41.0,45.0,17.75
0,spring_irrigation,春季灌溉日,55.0,县级区域特征化县域综合能源系统（非实测线路潮流）,特征化合成数据,春灌集中用电与农村负荷抬升,18.0,0.25,17.4501425769116,10.638959926224084,12.385036890093131,5.349142923597687,2.3357603896906465,6.5,20.069940203381464,2.9629174387907016,15.942339169143917,7.837590688118209,1.154065548570751,0.34014748071260315,0.15843744412450295,0.0,0.2553553390593274,1.87573974034856,1.0272074503169988,56.535690839819914,24.961508514593135,12.378129541668946,0.68,0.75,0.45,38.195974197957526,18.72113138594485,5.5701582937510254,1.0,3.932616196149061,6.218925992380191,0.8915511067027939,0.038374912800891184,0.3268678246239861,132.0,19.8,132.0,41.0,45.0,18.0
0,spring_irrigation,春季灌溉日,55.0,县级区域特征化县域综合能源系统（非实测线路潮流）,特征化合成数据,春灌集中用电与农村负荷抬升,18.25,0.25,17.88600883812667,10.519485705864069,12.270384728850782,5.29613947520614,2.293180469561384,6.5,19.859704673618307,2.9302509763027036,15.776669975265087,7.912484211703159,1.193385247521207,0.32458354264801875,0.15139210845489745,0.0,0.25296729075500346,1.913656177389371,1.0214651403126966,56.734156951250384,25.27150203273435,12.072485390060692,0.68,0.75,0.45,38.29940566653819,18.953626524550764,5.432618425527312,1.0,3.938424722030282,6.240757264637542,0.8881115418655234,0.014424364718800224,0.31332042200267585,132.0,19.8,132.0,41.0,45.0,18.25
0,spring_irrigation,春季灌溉日,55.0,县级区域特征化县域综合能源系统（非实测线路潮流）,特征化合成数据,春灌集中用电与农村负荷抬升,18.5,0.25,18.251160793230415,10.37177948814254,12.154262243466759,5.2435343874494835,2.2515083660373563,6.5,19.6493049969536,2.8976794994851365,15.610850146657524,7.967444330640792,1.1970537291248136,0.3080383351366096,0.1448833975799133,0.0,0.25043807145043606,1.9002139361140198,1.0029068654891478,56.46581763352893,25.509607406278956,11.944568644273629,0.68,0.75,0.45,38.107517379731284,19.132205554709216,5.375055889923133,1.0,3.940914442011292,6.211239939688182,0.8846278673040028,0.002555084582462973,0.29625154484220456,132.0,19.8,132.0,41.0,45.0,18.5
0,spring_irrigation,春季灌溉日,55.0,县级区域特征化县域综合能源系统（非实测线路潮流）,特征化合成数据,春灌集中用电与农村负荷抬升,18.75,0.25,18.529190125581085,10.196522791712972,12.03775620402727,5.191697962944294,2.210990509706667,6.5,19.440444676678233,2.8654542899487114,15.446223254262163,8.025860719638,1.1646036103541606,0.2912201767589911,0.13892773002937972,0.0,0.24777851165098014,1.8552663353406986,0.9718899304501227,56.11286016849254,25.759094967340204,11.58899126238962,0.68,0.75,0.45,37.86705373699338,19.319321225505153,5.2150460680753286,1.0,3.939368810976492,6.172414618534179,0.8811326861208181,0.0,0.281477080553938,132.0,19.8,132.0,41.0,45.0,18.75
0,spring_irrigation,春季灌溉日,55.0,县级区域特征化县域综合能源系统（非实测线路潮流）,特征化合成数据,春灌集中用电与农村负荷抬升,19.0,0.25,18.706608596724895,9.995299302248357,11.921931069490492,5.14096670648026,2.1718418466392184,0.0,19.234739622609972,2.833810941765934,15.284063731355845,8.082995781958754,1.1001223671969056,0.27476534528040114,0.13352868346558616,0.0,0.245,1.767693858289043,0.9303043853342252,49.33575503949083,26.002810403733122,11.211598300322244,0.68,0.75,0.45,33.27658598855144,19.50210780279984,5.04521923514501,1.0,2.113206623514891,5.426933054343991,0.35765793208471475,0.0,0.2519193996719001,132.0,19.8,132.0,41.0,45.0,19.0
0,spring_irrigation,春季灌溉日,55.0,县级区域特征化县域综合能源系统（非实测线路潮流）,特征化合成数据,春灌集中用电与农村负荷抬升,19.25,0.25,18.77376640564398,9.770519064815232,11.807804087845888,5.0916406205124645,2.134245039963459,0.0,19.033689748321812,2.802965711025711,15.125554550934202,8.15365085882811,1.0114062789520726,0.259202323709624,0.12867860273305876,0.0,0.24211443451095008,1.6502578349423658,0.8812532794751176,49.05634324407966,26.293412507120323,10.8543568068497,0.68,0.75,0.45,33.11739135768848,19.720059380340242,4.8844605630823645,1.0,2.10202724459866,5.396197756848763,0.3542341226353766,0.0,0.24762359351007776,132.0,19.8,132.0,41.0,45.0,19.25
0,spring_irrigation,春季灌溉日,55.0,县级区域特征化县域综合能源系统（非实测线路潮流）,特征化合成数据,春灌集中用电与农村负荷抬升,19.5,0.25,18.725531143837703,9.525305712499879,11.696323022438598,5.0439813785173095,2.098350337462102,0.0,18.838654738418008,2.77311248506741,14.971768185999705,8.191930210184177,0.9084122342018776,0.24493049347178397,0.1243603509825903,0.0,0.2391341716182545,1.5228889239130428,0.828497406322579,48.53942819654668,26.466816568427188,10.486793739478784,0.68,0.75,0.45,32.79974411171345,19.85011242632039,4.719057182765453,1.0,2.0856441324611854,5.339337101620135,0.35088969067315795,0.0,0.25568277861844135,132.0,19.8,132.0,41.0,45.0,19.5
0,spring_irrigation,春季灌溉日,55.0,县级区域特征化县域综合能源系统（非实测线路潮流）,特征化合成数据,春灌集中用电与农村负荷抬升,19.75,0.25,18.561662366072394,9.263354427642,11.5883472005044,4.998211352998994,2.0642760546006094,0.0,18.650834608104002,2.744420439612481,14.823651339285005,8.212001565373027,0.8014315923800426,0.23221338979544398,0.12054911680174364,0.0,0.23607197326515808,1.393501666344163,0.7758130099132952,47.727828753404445,26.573482026089277,10.197961580887492,0.68,0.75,0.45,32.28315542911429,19.930111519566957,4.589082711399372,1.0,2.0641033968683575,5.250061162874489,0.34765041601513197,0.0,0.2743281380725251,132.0,19.8,132.0,41.0,45.0,19.75
0,spring_irrigation,春季灌溉日,55.0,县级区域特征化县域综合能源系统（非实测线路潮流）,特征化合成数据,春灌集中用电与农村负荷抬升,20.0,0.25,18.286845325911493,8.988769722824829,11.484632387796797,4.95451345430169,2.0321096105102945,0.0,18.47125545260878,2.7170324226221845,14.682013752748368,8.193054161674038,0.6994454469311087,0.22118484928684853,0.11721420006985696,0.0,0.23294095225512607,1.2677619201930137,0.726421985631923,46.96306356063027,26.538976269421603,9.931763704649702,0.68,0.75,0.45,31.799227101129254,19.904232202066204,4.469293667092366,1.0,2.0376855560609615,5.165936991669329,0.3445389716339039,0.0,0.2956326578053506,132.0,19.8,132.0,41.0,45.0,20.0
0,spring_irrigation,春季灌溉日,55.0,县级区域特征化县域综合能源系统（非实测线路潮流）,特征化合成数据,春灌集中用电与农村负荷抬升,20.25,0.25,17.910380481329142,8.705892839179185,11.38581979035809,4.91303171864422,2.0019090454130857,0.0,18.300760554415398,2.6910640741898093,14.547521227210762,8.161316343861591,0.6090104203569958,0.21186511414784542,0.11432071156928099,0.0,0.2297545161008064,1.149839294369414,0.6826146577365593,46.322713791192854,26.45689349355606,9.516773358300746,0.68,0.75,0.45,31.4001693155765,19.842670120167043,4.282548011235336,1.0,2.0068903029295075,5.095498517031214,0.34157459371074267,0.0,0.313845896710694,132.0,19.8,132.0,41.0,45.0,20.25
0,spring_irrigation,春季灌溉日,55.0,县级区域特征化县域综合能源系统（非实测线路潮流）,特征化合成数据,春灌集中用电与农村负荷抬升,20.5,0.25,17.445558856346633,8.419128573092484,11.292429282888031,4.87387256931688,1.9737049418543704,0.0,18.140006794059282,2.6666036636315638,14.420692808400327,8.165854310697698,0.5338253918054037,0.20418331773262943,0.11183113515097548,0.0,0.2265263096110026,1.0506167692240709,0.6456152253110623,45.49296905238374,26.502420055780572,9.264055774848275,0.68,0.75,0.45,30.86641477785964,19.876815041835428,4.168825098681724,1.0,1.972405760487038,5.004226595762212,0.33877287848664095,0.0,0.34573954026356873,132.0,19.8,132.0,41.0,45.0,20.5
0,spring_irrigation,春季灌溉日,55.0,县级区域特征化县域综合能源系统（非实测线路潮流）,特征化合成数据,春灌集中用电与农村负荷抬升,20.75,0.25,16.908783082733667,8.13278070014042,11.204856773638964,4.837106663981148,1.9475026688481034,0.0,17.989466106468214,2.6437125994998647,14.301901936032815,8.155528900753918,0.4749235096576211,0.19800274338699517,0.10970671546551213,0.0,0.22327015646150716,0.9805161068144336,0.6156678413084566,44.37834864492194,26.492892454438458,9.005556322352028,0.68,0.75,0.45,30.126193967221564,19.869669340828843,4.052500345058413,1.0,1.9350651901770712,4.881618350941413,0.3361457032091689,0.0,0.37016728906858787,132.0,19.8,132.0,41.0,45.0,20.75
0,spring_irrigation,春季灌溉日,55.0,县级区域特征化县域综合能源系统（非实测线路潮流）,特征化合成数据,春灌集中用电与农村负荷抬升,21.0,0.25,16.318516340837903,7.850903958749106,11.123375447485845,4.802771233561842,1.9232848674778156,0.0,17.8494315485255,2.6224265465845527,14.191381214486169,8.118906326521369,0.4312892781076576,0.19314570572330614,0.10790864805221334,0.0,0.22,0.929266896936342,0.5922710245909865,43.25750965604293,26.387476256037196,8.814208946492517,0.68,0.75,0.45,29.375476100783466,19.7906071920279,3.9663940259216326,1.0,1.895795234010396,4.758326062164722,0.33370126342457535,0.0,0.3835962873309651,132.0,19.8,132.0,41.0,45.0,21.0
0,spring_irrigation,春季灌溉日,55.0,县级区域特征化县域综合能源系统（非实测线路潮流）,特征化合成数据,春灌集中用电与农村负荷抬升,21.25,0.25,15.694153966518048,7.577178916858728,11.048140488843012,4.7708728142498655,1.9010140983968118,0.0,17.720027401489688,2.602757066873436,14.089230352398138,8.037181109486928,0.400649220947688,0.18941567645829024,0.1063990612206606,0.0,0.21672984353849287,0.8946236428018098,0.5744707073126567,42.22801056739877,26.119031237983975,8.41378149883711,0.68,0.75,0.45,28.68117381603859,19.58927342848798,3.7862016744767,1.0,1.8555603977597186,4.645081162413865,0.33144421466529034,0.0,0.395233999947386,132.0,19.8,132.0,41.0,45.0,21.25
0,spring_irrigation,春季灌溉日,55.0,县级区域特征化县域综合能源系统（非实测线路潮流）,特征化合成数据,春灌集中用电与农村负荷抬升,21.5,0.25,15.054914121920824,7.314814128735287,10.97919677912211,4.741390273451254,1.8806355757221045,0.0,17.601222628295467,2.584693689374742,13.99542673740324,7.958120918566871,0.3802177890975638,0.18661517828787932,0.10514179014121908,0.0,0.2134736903889974,0.8772281031871886,0.5611344679823075,41.3910963604964,25.85819747521711,7.965495664585506,0.68,0.75,0.45,28.110564882952573,19.393648106412833,3.5844730490634777,1.0,1.815308563902655,4.553020599654604,0.3293759033736633,0.0,0.4244953946972369,132.0,19.8,132.0,41.0,45.0,21.5
0,spring_irrigation,春季灌溉日,55.0,县级区域特征化县域综合能源系统（非实测线路潮流）,特征化合成数据,春灌集中用电与农村负荷抬升,21.75,0.25,14.418835097385218,7.066477961279666,10.916488991715509,4.714278032830902,1.8620799176630443,0.0,17.492846942209457,2.5682063068012932,13.909838062490065,7.874470774515439,0.3672624731026302,0.18455883617672247,0.10410295255905022,0.0,0.21024548389919362,0.8776578508685533,0.5511589179170053,40.38627766624003,25.57912195253435,7.704522413439308,0.68,0.75,0.45,27.417020392369608,19.184341464400763,3.467035086047689,1.0,1.7759218823963947,4.442490543286403,0.32749466975146524,0.0,0.43437490502828846,132.0,19.8,132.0,41.0,45.0,21.75
0,spring_irrigation,春季灌溉日,55.0,县级区域特征化县域综合能源系统（非实测线路潮流）,特征化合成数据,春灌集中用电与农村负荷抬升,22.0,0.25,13.80194934376679,6.83426048875156,10.859873471001105,4.6894693965312575,1.8452658514823517,0.0,17.394608719014716,2.553247795221876,13.832236401465037,7.779259022603045,0.3594426470575059,0.18308168911423775,0.10325134241556064,0.0,0.20705904774487396,0.8664637830013815,0.5435944123817283,39.12047069797254,25.256977205763288,7.3554933485529395,0.68,0.75,0.45,26.556319114562122,18.942732904322465,3.309972006848823,1.0,1.7381765157522262,4.30325177677698,0.32579620413003313,0.0,0.42928211970706864,62.0,9.299999999999999,62.0,41.0,45.0,22.0
0,spring_irrigation,春季灌溉日,55.0,县级区域特征化县域综合能源系统（非实测线路潮流）,特征化合成数据,春灌集中用电与农村负荷抬升,22.25,0.25,13.217681054339021,6.619664061218702,10.809131278498235,4.666879899763706,1.8301028186594543,0.0,17.306113996921397,2.539756755482335,13.762313140460217,7.717882804447189,0.35494578134957355,0.182043365555862,0.10255866241721266,0.0,0.20392802673484192,0.861555894995013,0.5376958009350454,38.03543045012393,25.05397823252639,7.0743481689436996,0.68,0.75,0.45,25.81593049842271,18.790483674394793,3.1834566760246648,1.0,1.7027135533762376,4.183897349513632,0.32427393835494706,0.0,0.44254596999961154,62.0,9.299999999999999,62.0,41.0,45.0,22.25
0,spring_irrigation,春季灌溉日,55.0,县级区域特征化县域综合能源系统（非实测线路潮流）,特征化合成数据,春灌集中用电与农村负荷抬升,22.5,0.25,12.676488354326455,6.423619654902873,10.763981815281351,4.646410601804602,1.8164934350259616,0.0,17.226885852111916,2.5276602818643017,13.699694206690104,7.677684896939334,0.35248042717649075,0.18132900225654827,0.10199961937688362,0.0,0.20086582838174552,0.8495254269599288,0.532920645493209,37.457302857894575,24.925011537465327,6.926098613528464,0.68,0.75,0.45,25.42620929852877,18.693758653098996,3.116744376087809,1.0,1.6700221251494063,4.120303314368403,0.3229194544584405,0.0,0.46070936071472235,62.0,9.299999999999999,62.0,41.0,45.0,22.5
0,spring_irrigation,春季灌溉日,55.0,县级区域特征化县域综合能源系统（非实测线路潮流）,特征化合成数据,春灌集中用电与农村负荷抬升,22.75,0.25,12.185746221069031,6.24652498541183,10.724096480062967,4.6279512574984665,1.8043357698048252,0.0,17.156383507366257,2.516876673314342,13.64395509015727,7.587339897030537,0.35119115550605257,0.18084786708158976,0.10155190720389393,0.0,0.19788556548904992,0.8376014666110992,0.5288984150823332,36.7820069584966,24.615440563806395,6.469056801012252,0.68,0.75,0.45,24.97109414956448,18.461580422854794,2.9110755604555134,1.0,1.6404345009169967,4.046020765434626,0.321722894401889,0.0,0.45486599286051105,62.0,9.299999999999999,62.0,41.0,45.0,22.75
0,spring_irrigation,春季灌溉日,55.0,县级区域特征化县域综合能源系统（非实测线路潮流）,特征化合成数据,春灌集中用电与农村负荷抬升,23.0,0.25,11.74984496085514,6.08829964275534,10.689111891213214,4.611383312205518,1.793525416576284,0.0,17.094020619995018,2.507318014789361,13.594635223577978,7.516734534336749,0.3505477228474833,0.18053058166192898,0.10119610203089346,0.0,0.195,0.8077929905509631,0.5253896019877735,36.02184694876877,24.374961765630626,6.242600026495793,0.68,0.75,0.45,24.47094629357588,18.28122132422297,2.809170011923107,1.0,1.6141319013785118,3.9624031643645647,0.3206733567363964,0.0,0.4592394413564488,62.0,9.299999999999999,62.0,41.0,45.0,23.0
0,spring_irrigation,春季灌溉日,55.0,县级区域特征化县域综合能源系统（非实测线路潮流）,特征化合成数据,春灌集中用电与农村负荷抬升,23.25,0.25,11.370463387806682,5.948452188512579,10.658642282316265,4.596582676284135,1.7839573379262563,0.0,17.039182296526658,2.498892569952872,13.551251365117949,7.444900669815321,0.3502411591059306,0.18032568600964824,0.1009154924615823,0.0,0.1922214883490199,0.7788724389600878,0.5222467430408224,35.232374390247365,24.128791910306656,6.256902885820652,0.68,0.75,0.45,23.950628069916174,18.09659393272999,2.815606298619293,1.0,1.5911589655683287,3.87556118292721,0.31975926846948793,0.0,0.4607472747065546,62.0,9.299999999999999,62.0,41.0,45.0,23.25
0,spring_irrigation,春季灌溉日,55.0,县级区域特征化县域综合能源系统（非实测线路潮流）,特征化合成数据,春灌集中用电与农村负荷抬升,23.5,0.25,11.046966763755245,5.826154207283012,10.632290768725326,4.583422246266781,1.7755274736669184,0.0,16.991240488659027,2.4915069407817816,13.513309712435367,7.422164267704579,0.35010167095104383,0.1801960958381208,0.10069586562510512,0.0,0.18956192854956397,0.7769059998118537,0.5193829631042303,34.71442164200212,24.056769795511396,6.0343549845493065,0.68,0.75,0.45,23.596893599793617,18.042577346633546,2.715459743047188,1.0,1.5714443694467282,3.8185863806202334,0.3189687230617598,0.0,0.4603184978470963,62.0,9.299999999999999,62.0,41.0,45.0,23.5
0,spring_irrigation,春季灌溉日,55.0,县级区域特征化县域综合能源系统（非实测线路潮流）,特征化合成数据,春灌集中用电与农村负荷抬升,23.75,0.25,10.776877053697623,5.7203166688709155,10.60965927149968,4.57177415051892,1.7681341098679377,0.0,16.949567531886537,2.4850679638443136,13.480316560320938,7.350229848270091,0.3500410431344285,0.1801158137317086,0.10052526693149218,0.0,0.18703270924499654,0.7791448516351757,0.5167492487303357,34.447745813863584,23.807942058758385,5.977691148117347,0.68,0.75,0.45,23.411397903045657,17.85595654406879,2.689961016652806,1.0,1.5548249683540392,3.7892520395249942,0.3182897781449904,0.0,0.45461585631176754,62.0,9.299999999999999,62.0,41.0,45.0,23.75
1,spring_pv_high,春秋光伏大发日,65.0,县级区域特征化县域综合能源系统（非实测线路潮流）,特征化合成数据,春秋低负荷与分布式光伏大发,0.0,0.25,9.500218936363362,5.067937531720355,9.723455268155119,4.052756238808911,1.353025517839139,0.0,15.12923702480317,2.1939763690888285,12.043843847380836,6.091166806107327,0.0,0.2016000871173399,0.10000721175353074,0.0,0.19941623381592644,0.5050551467827175,0.4205719736854457,30.36912887850599,19.726434692112747,5.004839246295293,0.58,0.7,0.4,17.74173473808494,13.808504284478921,2.001935698518117,1.0,1.336524870831612,3.340604176635659,0.29170365804465354,0.0,0.40330976628390486,52.0,7.8,52.0,40.5,45.0,24.0
1,spring_pv_high,春秋光伏大发日,65.0,县级区域特征化县域综合能源系统（非实测线路潮流）,特征化合成数据,春秋低负荷与分布式光伏大发,0.25,0.25,9.502444822878466,5.070478362042015,9.73528850149318,4.053423501558948,1.353728726067011,0.0,15.142440729119139,2.1956711701945344,12.054153925273623,6.11395025739146,0.0,0.2016002136797004,0.10001045666848735,0.0,0.19700065039613524,0.5085877576080405,0.41828017845375737,30.633875207568973,19.807161452052434,4.995014062255291,0.58,0.7,0.4,17.890946899431096,13.865013016436702,1.9980056249021165,1.0,1.336944502234731,3.369726272832587,0.2920586550447954,0.0,0.40395050121142023,52.0,7.8,52.0,40.5,45.0,24.25
1,spring_pv_high,春秋光伏大发日,65.0,县级区域特征化县域综合能源系统（非实测线路潮流）,特征化合成数据,春秋低负荷与分布式光伏大发,0.5,0.25,9.508881693133121,5.073748351001649,9.748943149094858,4.054235724974795,1.3545774623079114,0.0,15.157756336377565,2.1976426500945863,12.06611415263401,6.159248227274692,0.0,0.2016005097511223,0.10001505670250135,0.0,0.1947589196242733,0.48719120018304535,0.4161548815010965,30.66820306944924,19.968162235933157,5.07260561594005,0.58,0.7,0.4,17.92114176567549,13.97771356515321,2.02904224637602,1.0,1.3376348738747308,3.3735023376394166,0.2924682944728457,0.0,0.4197146561505688,52.0,7.8,52.0,40.5,45.0,24.5
1,spring_pv_high,春秋光伏大发日,65.0,县级区域特征化县域综合能源系统（非实测线路潮流）,特征化合成数据,春秋低负荷与分布式光伏大发,0.75,0.25,9.519609418996652,5.077929043113531,9.76462122504508,4.055220216493816,1.3555974807940787,0.0,15.175438922332972,2.199925631748994,12.07992412789158,6.2028039980552,0.0,0.20160118274025798,0.1000215303190446,0.0,0.19270064093566258,0.4976867323852926,0.4142058140942002,30.821907107417452,20.122781550688426,5.10942710015536,0.58,0.7,0.4,18.00225363161285,14.085947085481898,2.043770840062144,1.0,1.3386099813769643,3.3904097818159196,0.2929386367513524,0.0,0.432342459257197,52.0,7.8,52.0,40.5,45.0,24.75
1,spring_pv_high,春秋光伏大发日,65.0,县级区域特征化县域综合能源系统（非实测线路潮流）,特征化合成数据,春秋低负荷与分布式光伏大发,1.0,0.25,9.534753962849939,5.083238757545898,9.782532484419777,4.0564084472310755,1.356818109699834,0.0,15.195759041350687,2.20255740276593,12.095795641450032,6.225877442451579,0.0,0.2016026690507574,0.10003057420178106,0.0,0.19083462819564032,0.4773468529194102,0.4124422819029914,30.71942334869158,20.204062524739722,5.146977098716984,0.58,0.7,0.4,17.952846649450848,14.142843767317805,2.0587908394867935,1.0,1.3398874157221519,3.379136568356074,0.2934759745325933,0.0,0.45656294163063527,52.0,7.8,52.0,40.5,45.0,25.0
1,spring_pv_high,春秋光伏大发日,65.0,县级区域特征化县域综合能源系统（非实测线路潮流）,特征化合成数据,春秋低负荷与分布式光伏大发,1.25,0.25,9.554518026242901,5.089937670030076,9.802891911014758,4.05783647311171,1.3582725403493057,0.0,15.219000924475774,2.205577553358726,12.113951286519082,6.2218031014543485,0.0,0.20160585815084742,0.10004311653534873,0.0,0.18916887195723484,0.49433893459232703,0.41087333394678016,30.712159794595706,20.1881683083662,5.268932699365177,0.58,0.7,0.4,17.93720943274874,14.131717815856339,2.107573079746071,1.0,1.3414899885499487,3.3783375774055275,0.2940867573304427,0.0,0.4750900113445001,52.0,7.8,52.0,40.5,45.0,25.25
1,spring_pv_high,春秋光伏大发日,65.0,县级区域特征化县域综合能源系统（非实测线路潮流）,特征化合成数据,春秋低负荷与分布式光伏大发,1.5,0.25,9.579221772437176,5.098332963615538,9.825916665404623,4.059545353579768,1.359998096884418,0.0,15.24546011586881,2.209027744807485,12.134622632850988,6.2359844987703115,0.0,0.20161250548480011,0.10006038327302245,0.0,0.1877105052443905,0.4742384650913381,0.40950807876725126,30.80384041880341,20.23721861801691,5.28214585492766,0.58,0.7,0.4,18.00067721192025,14.166053032611837,2.112858341971064,1.0,1.3434478531790752,3.3884224460683754,0.2947774999621387,0.0,0.4972876449165799,52.0,7.8,52.0,40.5,45.0,25.5
1,spring_pv_high,春秋光伏大发日,65.0,县级区域特征化县域综合能源系统（非实测线路潮流）,特征化合成数据,春秋低负荷与分布式光伏大发,1.75,0.25,9.609354230021097,5.108783854822524,9.851822491723667,4.0615815564890285,1.3620364751853222,0.0,15.275440523398016,2.212951403715636,12.158047944258458,6.2580597037208605,0.0,0.2016259643096087,0.10008397954363103,0.0,0.18646577300726433,0.49224431333065555,0.40835624096289513,30.803817266476365,20.314166477387072,5.301994623233601,0.58,0.7,0.4,17.989068553787405,14.219916534170949,2.1207978492934405,1.0,1.3458011480360346,3.3884198993124,0.29555467475171,0.0,0.487437053422888,52.0,7.8,52.0,40.5,45.0,25.75
1,spring_pv_high,春秋光伏大发日,65.0,县级区域特征化县域综合能源系统（非实测线路潮流）,特征化合成数据,春秋低负荷与分布式光伏大发,2.0,0.25,9.645634346059774,5.1217062515127605,9.880819600094178,4.063997335638185,1.3644339383478155,0.0,15.309250874080178,2.2173933388626943,12.184469432332724,6.33076877132663,0.0,0.2016524311387308,0.10011598836770236,0.0,0.18544000538039032,0.4686118499778257,0.4074290964394145,30.63381541334748,20.571610269903456,5.329512214862798,0.58,0.7,0.4,17.903247163193814,14.400127188932418,2.1318048859451193,1.0,1.3486031068139392,3.369719695468223,0.29642458800282534,0.0,0.4938813518769459,52.0,7.8,52.0,40.5,45.0,26.0
1,spring_pv_high,春秋光伏大发日,65.0,县级区域特征化县域综合能源系统（非实测线路潮流）,特征化合成数据,春秋低负荷与分布式光伏大发,2.25,0.25,9.689078087851582,5.137576747598316,9.91310806276855,4.066851065259451,1.3672414546534162,0.0,15.347200582681417,2.2223992793026786,12.214130052433058,6.391857218259413,0.0,0.20170297648543548,0.10015908873524831,0.0,0.18463759485822556,0.46751737322159453,0.4067409785168426,30.54023040227472,20.787163111432292,5.206082865734584,0.58,0.7,0.4,17.848914535367655,14.551014178002603,2.0824331462938335,1.0,1.3519234508194888,3.3594253442502193,0.2973932418830565,0.0,0.4875101275871915,52.0,7.8,52.0,40.5,45.0,26.25
1,spring_pv_high,春秋光伏大发日,65.0,县级区域特征化县域综合能源系统（非实测线路潮流）,特征化合成数据,春秋低负荷与分布式光伏大发,2.5,0.25,9.741064487366675,5.156935610440952,9.948872785334288,4.070207513686942,1.3705147627952512,0.0,15.38959506181648,2.228015334518719,12.247269863544096,6.425767438238267,0.0,0.2017967084901995,0.10021669479906908,0.0,0.18406197748581427,0.4384443160317134,0.40631159987382537,30.685852926400415,20.905207785143446,5.203555510663108,0.58,0.7,0.4,17.94980859388767,14.633645449600412,2.0814222042652433,1.0,1.355851703385035,3.3754438219040455,0.29846618356002863,0.0,0.4745749799254976,52.0,7.8,52.0,40.5,45.0,26.5
1,spring_pv_high,春秋光伏大发日,65.0,县级区域特征化县域综合能源系统（非实测线路潮流）,特征化合成数据,春秋低负荷与分布式光伏大发,2.75,0.25,9.803389328156097,5.180388373043958,9.988278139102892,4.074138036514783,1.3743143482322386,0.0,15.436730523849914,2.2342873798761005,12.284121990630181,6.494008865828338,0.0,0.20196546383663208,0.10029311740868342,0.0,0.18371561814511542,0.43895183952744193,0.40616946759131717,30.607682324105088,21.145361572233398,5.066099998807231,0.58,0.7,0.4,17.904033148646352,14.801753100563378,2.0264399995228923,1.0,1.3604998562639476,3.36684505565156,0.2996483441730868,0.0,0.4643927648498784,52.0,7.8,52.0,40.5,45.0,26.75
1,spring_pv_high,春秋光伏大发日,65.0,县级区域特征化县域综合能源系统（非实测线路潮流）,特征化合成数据,春秋低负荷与分布式光伏大发,3.0,0.25,9.87829087866761,5.20860560909331,10.031462366223378,4.078720667913352,1.3787053140259415,0.0,15.488888348162671,2.2412603732569156,12.324908246158397,6.540763405676549,0.0,0.20226039226461814,0.10039374840127292,0.0,0.18359999999999999,0.4102728705772931,0.4063566481463783,30.712926737747843,21.30820998471004,4.824300411292357,0.58,0.7,0.4,17.981895891105296,14.915746989297027,1.9297201645169428,1.0,1.3660036030030671,3.3784219411522627,0.30094387098670133,0.0,0.47247176675563896,52.0,7.8,52.0,40.5,45.0,27.0
1,spring_pv_high,春秋光伏大发日,65.0,县级区域特征化县域综合能源系统（非实测线路潮流）,特征化合成数据,春秋低负荷与分布式光伏大发,3.25,0.25,9.968428645320948,5.242320449205757,10.078531894109629,4.084040087525135,1.3837571294618645,0.0,15.546329111096627,2.24897761152929,12.369834485889669,6.663576109997999,0.0,0.20276063539416272,0.10052526693149218,0.0,0.18371561814511542,0.4459645024744378,0.40693502225211653,30.6796210806859,21.742059356045903,4.808962129970552,0.58,0.7,0.4,17.942455837614766,15.219441549232132,1.9235848519882208,1.0,1.3725211827639565,3.374758318875449,0.30235595682328886,0.0,0.45319889395913865,52.0,7.8,52.0,40.5,45.0,27.25
1,spring_pv_high,春秋光伏大发日,65.0,县级区域特征化县域综合能源系统（非实测线路潮流）,特征化合成数据,春秋低负荷与分布式光伏大发,3.5,0.25,10.076794839500437,5.2823233962566665,10.12955571927092,4.090187439636318,1.3895432402610668,0.0,15.609286399168305,2.257479938304482,12.41908579210652,6.810706586633523,0.0,0.2035839280040394,0.10069586562510512,0.0,0.18406197748581427,0.454262236951758,0.40799390727694573,30.865772835223307,22.2620493150558,4.730945317990017,0.58,0.7,0.4,18.046670054274443,15.58343452053906,1.8923781271960067,1.0,1.380228814276641,3.395235011874564,0.3038866715781276,0.0,0.4460851408844387,52.0,7.8,52.0,40.5,45.0,27.5
1,spring_pv_high,春秋光伏大发日,65.0,县级区域特征化县域综合能源系统（非实测线路潮流）,特征化合成数据,春秋低负荷与分布式光伏大发,3.75,0.25,10.206540536793257,5.329454021185074,10.184560041285307,4.09725998124661,1.396140525333592,0.0,15.67796054786551,2.2668049171520166,12.47282159431481,6.914123966760639,0.0,0.20489831605990444,0.1009154924615823,0.0,0.18463759485822556,0.45689195447840925,0.40965847957267143,31.025346163473284,22.625135263217363,4.732228574490402,0.58,0.7,0.4,18.139361920789696,15.837594684252153,1.892891429796161,1.0,1.3893118141784238,3.412788077982061,0.3055368012385592,0.0,0.4563596016707416,52.0,7.8,52.0,40.5,45.0,27.75
1,spring_pv_high,春秋光伏大发日,65.0,县级区域特征化县域综合能源系统（非实测线路潮流）,特征化合成数据,春秋低负荷与分布式光伏大发,4.0,0.25,10.360705557241307,5.384589172559755,10.243523344076204,4.1053605363654935,1.4036285868857876,0.0,15.752512467327485,2.2769859869498066,12.531170852211531,7.0375876381825755,0.0,0.20693328626962862,0.10119610203089346,0.0,0.18544000538039032,0.4754559597351058,0.41209779732791496,31.416402945335108,23.05894874869248,4.711785114349762,0.58,0.7,0.4,18.357847048975913,16.141264124084735,1.884714045739905,1.0,1.3999508470823547,3.455804323986862,0.3073057003222861,0.0,0.44253602422109245,52.0,7.8,52.0,40.5,45.0,28.0
1,spring_pv_high,春秋光伏大发日,65.0,县级区域特征化县域综合能源系统（非实测线路潮流）,特征化合成数据,春秋低负荷与分布式光伏大发,4.25,0.25,10.541853468087291,5.4486274169256035,10.3063721324418,4.114596735467028,1.4120888633255155,0.0,15.833057731234343,2.2880516182086943,12.594227437400619,7.166554111425834,0.0,0.20998752419689415,0.10155190720389393,0.0,0.18646577300726433,0.5012630087512568,0.41553046777823155,31.503162439480292,23.511465632820997,4.683712752944171,0.58,0.7,0.4,18.396632137601074,16.458025942974697,1.8734851011776685,1.0,1.4123033741515223,3.4653478683428323,0.30919116397325397,0.0,0.42839129668323944,52.0,7.8,52.0,40.5,45.0,28.25
1,spring_pv_high,春秋光伏大发日,65.0,县级区域特征化县域综合能源系统（非实测线路潮流）,特征化合成数据,春秋低负荷与分布式光伏大发,4.5,0.25,10.751630268070047,5.5224695447061904,10.372977535590909,4.125080021640103,1.421603557846405,0.0,15.919661115077416,2.3000244908923366,12.662045858020809,7.272654932774171,0.0,0.21442947666298198,0.10199961937688362,0.0,0.1877105052443905,0.47882970680227355,0.4202252710854536,32.04877644901352,23.881285323680746,4.864528162921329,0.58,0.7,0.4,18.73079438156798,16.71689972657652,1.9458112651685315,1.0,1.4264812258662078,3.5253654093914877,0.31118932606772726,0.0,0.42554979008545224,52.0,7.8,52.0,40.5,45.0,28.5
1,spring_pv_high,春秋光伏大发日,65.0,县级区域特征化县域综合能源系统（非实测线路潮流）,特征化合成数据,春秋低负荷与分布式光伏大发,4.75,0.25,10.990285309754762,5.606995128624353,10.443152985028012,4.136924408655721,1.4322543798204426,0.0,16.012331773504176,2.312920715321889,12.73463747323649,7.486634922535421,0.0,0.22068623912677365,0.10255866241721266,0.0,0.18916887195723484,0.5056165339599097,0.42649359192360603,32.65750194890434,24.63526850526887,5.1824884769850215,0.58,0.7,0.4,19.074587132591375,17.244687953688207,2.072995390794009,1.0,1.4425262258134177,3.5923252143794775,0.3132945895508404,0.0,0.416628586948461,52.0,7.8,52.0,40.5,45.0,28.75
1,spring_pv_high,春秋光伏大发日,65.0,县级区域特征化县域综合能源系统（非实测线路潮流）,特征化合成数据,春秋低负荷与分布式光伏大发,5.0,0.25,11.256212475679963,5.703035306456419,10.516653160483537,4.150244980984967,1.4441211011601014,0.0,16.111019242628604,2.326749118090541,12.811967341659503,7.6113657133545125,0.0,0.22921646235008905,0.10325134241556064,0.0,0.19083462819564032,0.5491881522446452,0.43467062860492517,33.318701171338795,25.0693011309532,5.31734195062744,0.58,0.7,0.4,19.440988179679533,17.548510791667237,2.126936780250976,1.0,1.4603867667964447,3.6650571288472675,0.3154995948145061,0.0,0.40260654639184734,52.0,7.8,52.0,40.5,45.0,29.0
1,spring_pv_high,春秋光伏大发日,65.0,县级区域特征化县域综合能源系统（非实测线路潮流）,特征化合成数据,春秋低负荷与分布式光伏大发,5.25,0.25,11.545584118471266,5.811342173203165,10.59317437397653,4.16515613174862,1.4572799355623827,0.0,16.21561044128753,2.341510614415659,12.89395183861042,7.810494387272847,0.0,0.24046440240408282,0.10410295255905022,0.0,0.19270064093566258,0.5699702264753442,0.4450833478748826,33.71921774347721,25.76775538689903,5.330369951028462,0.58,0.7,0.4,19.671646907735962,18.03742877082932,2.132147980411385,1.0,1.4798989669995661,3.709113951782493,0.31779523121929587,0.0,0.3980816391058321,52.0,7.8,52.0,40.5,45.0,29.25
1,spring_pv_high,春秋光伏大发日,65.0,县级区域特征化县域综合能源系统（非实测线路潮流）,特征化合成数据,春秋低负荷与分布式光伏大发,5.5,0.25,11.852155150066524,5.932555402500435,10.672356528178739,4.181769541624142,1.4718017549129516,0.0,16.325927824715833,2.3571976869546436,12.980457161313504,7.9467748587222555,0.0,0.2547951709336419,0.10514179014121908,0.0,0.1947589196242733,0.5989806366861893,0.4580052044237061,34.28495271293381,26.240389212528545,5.425994765613127,0.58,0.7,0.4,19.995869008647322,18.36827244876998,2.1703979062452508,1.0,1.5007762795998332,3.771344798422719,0.3201706958453622,0.0,0.38859914372144605,52.0,7.8,52.0,40.5,45.0,29.5
1,spring_pv_high,春秋光伏大发日,65.0,县级区域特征化县域综合能源系统（非实测线路潮流）,特征化合成数据,春秋低负荷与分布式光伏大发,5.75,0.25,12.16730618735039,6.067166963647962,10.75378674113151,4.2001919097873355,1.4877501639627224,0.0,16.441728814881568,2.3737939887693003,13.071298818552847,8.016154245781054,0.0,0.2724155592869978,0.1063990612206606,0.0,0.19700065039613524,0.6412511680883776,0.47360066447582144,34.89165576645488,26.472656655302774,5.443349910008606,0.58,0.7,0.4,20.33883533152839,18.53085965871194,2.1773399640034423,1.0,1.5226110073814478,3.838082134310037,0.3226136022339453,0.0,0.38596745412314587,52.0,7.8,52.0,40.5,45.0,29.75
1,spring_pv_high,春秋光伏大发日,65.0,县级区域特征化县域综合能源系统（非实测线路潮流）,特征化合成数据,春秋低负荷与分布式光伏大发,6.0,0.25,12.480371241640048,6.2154850468066645,10.83700467568252,4.220522456878132,1.5051794615043776,0.0,16.562706594065027,2.391274084850929,13.16624217223071,8.168106307195377,0.0,0.2932898870598795,0.10790864805221334,0.0,0.19941623381592644,0.6536584215878919,0.49186612631403775,35.59302119394302,26.998329312765488,5.466993503376436,0.58,0.7,0.4,20.756696534280007,18.898830518935842,2.1867974013505744,1.0,1.544890005069222,3.915232331333732,0.3251101402704756,0.01767850386708656,0.384686999165926,52.0,7.8,52.0,40.5,45.0,30.0
1,spring_pv_high,春秋光伏大发日,65.0,县级区域特征化县域综合能源系统（非实测线路潮流）,特征化合成数据,春秋低负荷与分布式光伏大发,6.25,0.25,12.779258579997563,6.377598540351202,10.921509549960508,4.242850229547812,1.524132523446342,0.0,16.688492302954664,2.4096033424720624,13.265004063261681,8.274452288459122,0.0,0.3170650256615136,0.10970671546551213,0.0,0.20199532598459627,0.665979100325561,0.5125771215673869,36.42545214345019,27.359572913839123,5.546743872474557,0.58,0.7,0.4,21.253071486579667,19.151701039687385,2.2186975489898226,1.0,1.5670250113142807,4.006799735779521,0.32764528649881525,0.04589259384868127,0.39792728932356747,52.0,7.8,52.0,40.5,45.0,30.25
1,spring_pv_high,春秋光伏大发日,65.0,县级区域特征化县域综合能源系统（非实测线路潮流）,特征化合成数据,春秋低负荷与分布式光伏大发,6.5,0.25,13.051327998648972,6.553343605176861,11.006768736589185,4.267251246106128,1.5446386501468987,0.0,16.81865863284221,2.4287379757221226,13.367255514296602,8.334356324767922,0.0,0.34302160132698145,0.11183113515097548,0.0,0.2047268828335291,0.6928604697697092,0.5352536812566175,36.74521310304253,27.553361671617818,5.467075717406212,0.58,0.7,0.4,21.44561820855485,19.287353170132473,2.186830286962485,1.0,1.5883957850349533,4.041973441334679,0.3302030620976755,0.08104126550017644,0.42987000924940294,52.0,7.8,52.0,40.5,45.0,30.5
1,spring_pv_high,春秋光伏大发日,65.0,县级区域特征化县域综合能源系统（非实测线路潮流）,特征化合成数据,春秋低负荷与分布式光伏大发,6.75,0.25,13.284441604876148,6.74227404434419,11.092227785540269,4.293785532824879,1.5667114268450237,0.0,16.952724745210173,2.4486252440792153,13.472625458279222,8.390156885802666,0.0,0.37006796493097593,0.11432071156928099,0.0,0.2075992074169415,0.7237692519422334,0.5591554629101305,37.223554565663484,27.73087852265918,5.420600854305329,0.58,0.7,0.4,21.72903094486845,19.411614965861425,2.168240341722132,1.0,1.60840191565965,4.094591002222983,0.33276683356620806,0.1164839962958954,0.4406607276595338,52.0,7.8,52.0,40.5,45.0,30.75
1,spring_pv_high,春秋光伏大发日,65.0,县级区域特征化县域综合能源系统（非实测线路潮流）,特征化合成数据,春秋低负荷与分布式光伏大发,7.0,0.25,13.468067510786257,6.943637256476603,11.177321631472363,4.322494110205658,1.590346651703709,0.0,17.09016239338173,2.469203798988518,13.580705396551979,8.403581025273237,0.0,0.39678894312029667,0.11721420006985696,0.0,0.2106,0.7578866537719314,0.5833150402470789,37.84694578212417,27.755425354107555,5.595922707603679,0.58,0.7,0.4,22.094969334691378,19.428797747875286,2.2383690830414715,1.0,1.6265172940099706,4.163164036033659,0.3353196489441709,0.15650947861137368,0.46690479308907945,88.0,13.2,88.0,40.5,45.0,31.0
1,spring_pv_high,春秋光伏大发日,65.0,县级区域特征化县域综合能源系统（非实测线路潮流）,特征化合成数据,春秋低负荷与分布式光伏大发,7.25,0.25,13.59429520170714,7.156357572873413,11.261486674500208,4.353395997583033,1.6155203905569986,0.0,17.23040306264024,2.4904041664275103,13.691054845232609,8.390594079797783,0.0,0.4215527694878977,0.12054911680174364,0.0,0.21371641072817396,0.7820433395219655,0.6066117339548629,38.447517482393614,27.68403117746742,5.638586878091788,0.58,0.7,0.4,22.45258673682042,19.378821824227195,2.255434751236715,1.0,1.6423402000812313,4.2292269230632975,0.33784460023500623,0.20217190196609125,0.5014725051288288,88.0,13.2,88.0,40.5,45.0,31.25
1,spring_pv_high,春秋光伏大发日,65.0,县级区域特征化县域综合能源系统（非实测线路潮流）,特征化合成数据,春秋低负荷与分布式光伏大发,7.5,0.25,13.658623587448364,7.379028698983344,11.344173357344252,4.386485312385193,1.6421872206225148,0.0,17.372845890351957,2.512149347647598,13.80320738622799,8.302410361563279,0.0,0.4426682778457242,0.1243603509825903,0.0,0.21693509465228517,0.8121411640123837,0.6278804502960091,38.98782390052223,27.342492274501463,6.007731616675329,0.58,0.7,0.4,22.76977643747172,19.139744592151022,2.4030926466701317,1.0,1.6556320774295499,4.288660629057445,0.3403252007203275,0.2563777834157055,0.504633649847673,88.0,13.2,88.0,40.5,45.0,31.5
1,spring_pv_high,春秋光伏大发日,65.0,县级区域特征化县域综合能源系统（非实测线路潮流）,特征化合成数据,春秋低负荷与分布式光伏大发,7.75,0.25,13.660409260018008,7.609916801999435,11.424858805679627,4.421728546779798,1.6702787269279247,0.0,17.51686607938735,2.5343555150260624,13.916677102048842,8.203583353011748,0.0,0.4585728493577394,0.12867860273305876,0.0,0.2202422688736293,0.840784153919903,0.6460418924401183,39.42512820615415,26.961410351508345,6.139198228921698,0.58,0.7,0.4,23.024961442735975,18.87298724605584,2.4556792915686794,1.0,1.6663393903630663,4.336764102676956,0.34274576417038877,0.3125973881500666,0.4988661341630902,88.0,13.2,88.0,40.5,45.0,31.75
1,spring_pv_high,春秋光伏大发日,65.0,县级区域特征化县域综合能源系统（非实测线路潮流）,特征化合成数据,春秋低负荷与分布式光伏大发,8.0,0.25,13.602909519055903,7.8469755038663545,11.50305905619715,4.459062108871521,1.6997023147611279,0.0,17.6618234798298,2.55693277558798,14.030965144091299,8.130755513759008,0.0,0.4680227005065581,0.13352868346558616,0.0,0.2236237715644639,0.8641768869332763,0.6602342884598589,39.7584589000393,26.67172902997244,6.080990307138961,0.58,0.7,0.4,23.21891785606135,18.670210320980708,2.4323961228555846,1.0,1.6745953122096595,4.373430479004323,0.3450917716859145,0.3775143267995474,0.5160975794413674,88.0,13.2,88.0,40.5,45.0,32.0
1,spring_pv_high,春秋光伏大发日,65.0,县级区域特征化县域综合能源系统（非实测线路潮流）,特征化合成数据,春秋低负荷与分布式光伏大发,8.25,0.25,13.492913996621395,8.087873654403555,11.578340372153589,4.498390217699095,1.73034039890087,0.0,17.807070988753555,2.579785971602459,14.145566164709647,8.046705272971085,0.0,0.47025353213202714,0.13892773002937972,0.0,0.2270651226111291,0.8711168392336736,0.6699242959994334,40.373888478396246,26.340617084832143,6.3960195124440125,0.58,0.7,0.4,23.581531846713723,18.4384319593825,2.5584078049776053,1.0,1.6807009560532653,4.441127732623587,0.3473502111646076,0.43971625161842076,0.5022413002412467,88.0,13.2,88.0,40.5,45.0,32.25
1,spring_pv_high,春秋光伏大发日,65.0,县级区域特征化县域综合能源系统（非实测线路潮流）,特征化合成数据,春秋低负荷与分布式光伏大发,8.5,0.25,13.34001915329857,8.330036280025796,11.650329142310213,4.5395832406655785,1.762050025594453,0.0,17.951962408570243,2.602815486027809,14.25997433640237,7.897104840674513,0.0,0.46508281327340273,0.1448833975799133,0.0,0.2305515856201172,0.8518695194997976,0.6749770334524152,41.00122768568932,25.774175631479515,6.53969175844125,0.58,0.7,0.4,23.961604769842335,18.041922942035658,2.6158767033765002,1.0,1.685088880313468,4.510135045425826,0.34950987426930635,0.4978193871192254,0.4890633664373964,88.0,13.2,88.0,40.5,45.0,32.5
1,spring_pv_high,春秋光伏大发日,65.0,县级区域特征化县域综合能源系统（非实测线路潮流）,特征化合成数据,春秋低负荷与分布式光伏大发,8.75,0.25,13.155650199075557,8.570698543390879,11.718719878712585,4.582476558461218,1.7946629761784745,0.0,18.09585941335228,2.6259180207277937,14.373688688520968,7.739663834278266,0.0,0.4529347796606706,0.15139210845489745,0.0,0.2340682310215723,0.8392684107151452,0.6756720628423708,41.33237570701218,25.178665621033012,6.797174953701364,0.58,0.7,0.4,24.161674294694652,17.625065934723107,2.718869981480546,1.0,1.688274113924917,4.54656132777134,0.35156159636137757,0.5499589308334497,0.4939043866026667,88.0,13.2,88.0,40.5,45.0,32.75
1,spring_pv_high,春秋光伏大发日,65.0,县级区域特征化县域综合能源系统（非实测线路潮流）,特征化合成数据,春秋低负荷与分布式光伏大发,9.0,0.25,12.951966098975827,8.806971927995292,11.783280873367175,4.626870035832234,1.8279863919318105,0.0,18.238137301131218,2.6489873174788614,14.486217514233022,7.59760955838155,0.0,0.4347835108214802,0.15843744412450295,0.0,0.2376,0.8138834380484783,0.6726621572870888,41.708638338463814,24.63722287488302,7.100807165366544,0.58,0.7,0.4,24.391619999527983,17.246056012418112,2.840322866146618,1.0,1.6907994988451172,4.587950217231019,0.35349842620101524,0.6119344106074555,0.48854599801098336,88.0,13.2,88.0,40.5,45.0,33.0
1,spring_pv_high,春秋光伏大发日,65.0,县级区域特征化县域综合能源系统（非实测线路潮流）,特征化合成数据,春秋低负荷与分布式光伏大发,9.25,0.25,12.740790512928916,9.035921204601232,11.84385714395662,4.672528166649864,1.8618039483468047,0.0,18.378189258953288,2.671914795908067,14.597081638414748,7.442440146981928,0.0,0.41202485630059743,0.1659887734732613,0.0,0.24113176897842775,0.8336475178331887,0.6668824760658597,42.064709004211295,24.048261367669696,7.274779028593961,0.58,0.7,0.4,24.58089813816516,16.833782957368786,2.9099116114375843,1.0,1.6931825041013384,4.627117990463242,0.35531571431869863,0.6633611396421916,0.48883730806228737,88.0,13.2,88.0,40.5,45.0,33.25
1,spring_pv_high,春秋光伏大发日,65.0,县级区域特征化县域综合能源系统（非实测线路潮流）,特征化合成数据,春秋低负荷与分布式光伏大发,9.5,0.25,12.532695168220984,9.254650073448314,11.900370393378092,4.719180948704535,1.8958775937413699,0.0,18.515428935823998,2.6945900885952887,14.7058163902146,7.3033663703676375,0.0,0.3863008289747848,0.17400021229129375,0.0,0.2446484143798828,0.8281803758140267,0.6594267650054023,42.0267979245741,23.516335455706525,7.61420566753804,0.58,0.7,0.4,24.554624943286242,16.461434818994565,3.0456822670152164,1.0,1.6958698444447573,4.622947771703151,0.3570111118013427,0.7123923340442342,0.47248259647461516,88.0,13.2,88.0,40.5,45.0,33.5
1,spring_pv_high,春秋光伏大发日,65.0,县级区域特征化县域综合能源系统（非实测线路潮流）,特征化合成数据,春秋低负荷与分布式光伏大发,9.75,0.25,12.336327327419582,9.46039274106737,11.952815824678584,4.766525527685526,1.9299498523426757,0.0,18.64929120470679,2.7169014614602136,14.811972190745577,7.199794932505006,0.0,0.3593074301758168,0.18241000511889055,0.0,0.24813487738887094,0.8411353137838655,0.6514123392495006,41.98260553390493,23.111006845958862,7.999752019422021,0.58,0.7,0.4,24.513465066919714,16.177704792171202,3.1999008077688087,1.0,1.6992044908025365,4.618086608729542,0.35858447474035754,0.7690881554785699,0.44789944843931867,88.0,13.2,88.0,40.5,45.0,33.75
1,spring_pv_high,春秋光伏大发日,65.0,县级区域特征化县域综合能源系统（非实测线路潮流）,特征化合成数据,春秋低负荷与分布式光伏大发,10.0,0.25,12.158027912243698,9.650608118913876,12.001255787964505,4.814228631237918,1.9637466760713134,0.0,18.779231095273737,2.7387361169142546,14.91511374424827,7.0647420256228965,0.0,0.33261732982093545,0.1911404109966581,0.0,0.2515762284355361,0.8316113729300438,0.6438559177854064,42.18726792485215,22.59331904796795,8.14751385175453,0.58,0.7,0.4,24.63013671790023,15.815323333577563,3.2590055407018124,1.0,1.7034074000684267,4.640599471733736,0.36003767363893513,0.8260999868843137,0.4159233057369936,88.0,13.2,88.0,40.5,45.0,34.0
1,spring_pv_high,春秋光伏大发日,65.0,县级区域特征化县域综合能源系统（非实测线路潮流）,特征化合成数据,春秋低负荷与分布式光伏大发,10.25,0.25,12.001740737359546,9.82307285927829,12.045810383678015,4.861929793279746,1.9969808127382582,0.0,18.904720989696017,2.7599803876341324,15.01481790666098,6.96835173693043,0.0,0.30754286088805205,0.20009815907917758,0.0,0.25495773112637077,0.8243712314963496,0.6375781903629485,41.87572720400031,22.214074311339868,8.481907781557592,0.58,0.7,0.4,24.447364654415246,15.549852017937907,3.3927631126230366,1.0,1.7085739816124812,4.606329992440035,0.36137431151034044,0.8695494923177068,0.3907803397564967,88.0,13.2,88.0,40.5,45.0,34.25
1,spring_pv_high,春秋光伏大发日,65.0,县级区域特征化县域综合能源系统（非实测线路潮流）,特征化合成数据,春秋低负荷与分布式光伏大发,10.5,0.25,11.869174393883432,9.975969107156478,12.08664530054321,4.909245346499839,2.029355641790107,0.0,19.025246288833156,2.7805198396289796,15.110670394502444,6.79741975130078,0.0,0.2850544355908761,0.209175518748274,0.0,0.25826490534771485,0.7759331534070494,0.633147731867389,41.955849004840594,21.569271814494908,8.736031447571657,0.58,0.7,0.4,24.517498925698842,15.098490270146435,3.494412579028663,1.0,1.7146833671741104,4.615143390532466,0.3625993590162963,0.907083438115788,0.3440461270988049,88.0,13.2,88.0,40.5,45.0,34.5
1,spring_pv_high,春秋光伏大发日,65.0,县级区域特征化县域综合能源系统（非实测线路潮流）,特征化合成数据,春秋低负荷与分布式光伏大发,10.75,0.25,11.760152149854967,10.107962677153388,12.123957318725815,4.955773137833561,2.060569412694709,0.0,19.140299869254083,2.800239313849975,15.202261584283189,6.656005264116481,0.0,0.26575762511809137,0.21825200253686833,0.0,0.2614835892718261,0.7293123303159279,0.6308665496740802,41.897403509157414,21.03086042430267,8.941186546839349,0.58,0.7,0.4,24.50835943340214,14.721602297011868,3.5764746187357397,1.0,1.7216172371488216,4.608714386007316,0.36371871956177443,0.9313521937464926,0.3446103471485353,88.0,13.2,88.0,40.5,45.0,34.75
1,spring_pv_high,春秋光伏大发日,65.0,县级区域特征化县域综合能源系统（非实测线路潮流）,特征化合成数据,春秋低负荷与分布式光伏大发,11.0,0.25,11.673073972410148,10.21826738940797,12.157958050873024,5.001097898506149,2.090319806158798,0.0,19.249375755537972,2.819022945190805,15.289181732830583,6.54279902981277,0.0,0.24992159159340238,0.2271966900143889,0.0,0.2646,0.7313909698254089,0.6307921351283317,41.878549684719886,20.59447726008462,9.196927050960467,0.58,0.7,0.4,24.496144189767126,14.416134082059234,3.678770820384187,1.0,1.7291843882612772,4.606640465319187,0.3647387415261907,0.9427522807208103,0.3372463341774397,70.0,10.5,70.0,40.5,45.0,35.0
1,spring_pv_high,春秋光伏大发日,65.0,县级区域特征化县域综合能源系统（非实测线路潮流）,特征化合成数据,春秋低负荷与分布式光伏大发,11.25,0.25,11.60541736547349,10.306691538646861,12.188856617033077,5.044797177772593,2.118308725210633,0.0,19.3519625200163,2.8367542055893753,15.371016016321887,6.483251017971796,0.0,0.23754435011807937,0.23587112835802132,0.0,0.2676007925830585,0.7218920831341105,0.6327858135587803,41.93502776000219,20.35132740432883,9.622778935458161,0.58,0.7,0.4,24.53640450614227,14.245929183030182,3.8491115741832647,1.0,1.7371473524796621,4.612853053600241,0.3656656985109923,0.9395064533520676,0.350037546622114,70.0,10.5,70.0,40.5,45.0,35.25
1,spring_pv_high,春秋光伏大发日,65.0,县级区域特征化县域综合能源系统（非实测线路潮流）,特征化合成数据,春秋低负荷与分布式光伏大发,11.5,0.25,11.554216717750688,10.3736629379624,12.216842045625805,5.086447728622318,2.144247212326136,0.0,19.447536986574256,2.8533160233388637,15.44733983507814,6.365252293538639,0.0,0.22843731291123087,0.24413273252502546,0.0,0.270473117166471,0.7210853064968897,0.6365750396185319,42.20837753752639,19.901328489393386,9.847697397959617,0.58,0.7,0.4,24.69920453361564,13.93092994257537,3.9390789591838473,1.0,1.7452480229412486,4.642921529127903,0.36650526136877415,0.9447568559800132,0.3321102984808154,70.0,10.5,70.0,40.5,45.0,35.5
1,spring_pv_high,春秋光伏大发日,65.0,县级区域特征化县域综合能源系统（非实测线路潮流）,特征化合成数据,春秋低负荷与分布式光伏大发,11.75,0.25,11.516479644398181,10.42022967566152,12.242066254139559,5.125632215294886,2.1678603807249632,0.0,19.535558850159408,2.8685910330093187,15.517714857504433,6.289149252896773,0.0,0.2223124038301865,0.2518385768315622,0.0,0.27320467401540377,0.7179656607790035,0.64181784214417,42.11791214154582,19.60315645408103,10.20844984094366,0.58,0.7,0.4,24.653786800988925,13.72220951785672,4.083379936377464,1.0,1.7532301785663478,4.6329703355700405,0.36726198762418677,0.96,0.34017438015710305,70.0,10.5,70.0,40.5,45.0,35.75
1,spring_pv_high,春秋光伏大发日,65.0,县级区域特征化县域综合能源系统（非实测线路潮流）,特征化合成数据,春秋低负荷与分布式光伏大发,12.0,0.25,11.48951876265225,10.448034639572482,12.264628483989851,5.16194609725659,2.188892243123575,0.0,19.615466824370017,2.8824620090721544,15.581686276201724,6.200181891312691,0.0,0.21885858969711436,0.2588494424652272,0.0,0.2757837661840736,0.7466397498293528,0.6481600888815544,42.342928118472564,19.261519999178283,10.440160803244487,0.58,0.7,0.4,24.774007342694613,13.483063999424797,4.176064321297795,1.0,1.7608577941099761,4.657722093031982,0.3679388545196955,0.96,0.3255827275021259,70.0,10.5,70.0,40.5,45.0,36.0
1,spring_pv_high,春秋光伏大发日,65.0,县级区域特征化县域综合能源系统（非实测线路潮流）,特征化合成数据,春秋低负荷与分布式光伏大发,12.25,0.25,11.471194757913173,10.459262975369443,12.284562039866902,5.195004533014949,2.207110319905659,0.0,19.68667689278751,2.8948125311059636,15.638781719821113,6.166157449430924,0.0,0.21779949452468225,0.2650339640317652,0.0,0.2781993496038648,0.7440963186105856,0.6552795959195379,42.24504562140636,19.118847247166816,10.751016211195559,0.58,0.7,0.4,24.725830191541085,13.38319307301677,4.3004064844782235,1.0,1.7679288913068287,4.6469550183547,0.36853686119600704,0.96,0.3246070617231596,70.0,10.5,70.0,40.5,45.0,36.25
1,spring_pv_high,春秋光伏大发日,65.0,县级区域特征化县域综合能源系统（非实测线路潮流）,特征化合成数据,春秋低负荷与分布式光伏大发,12.5,0.25,11.460079156963252,10.456562916567417,12.301824113189218,5.224449140373006,2.22230991102871,0.0,19.748583164590933,2.905527919276163,15.688512204949047,6.107628237706724,0.0,0.21892852518884715,0.27027270440321777,0.0,0.28044108037572674,0.7590157682765178,0.6629144279520294,42.14056519434551,18.891630437470408,11.048246408562688,0.58,0.7,0.4,24.664213095072043,13.224141306229285,4.419298563425076,1.0,1.7742853138346608,4.635462171378006,0.3690547233956765,0.96,0.2900264780493576,70.0,10.5,70.0,40.5,45.0,36.5
1,spring_pv_high,春秋光伏大发日,65.0,县级区域特征化县域综合能源系统（非实测线路潮流）,特征化合成数据,春秋低负荷与分布式光伏大发,12.75,0.25,11.455552072000078,10.44294180235949,12.316289352936181,5.249954447867922,2.23431792206211,0.0,19.800561722866213,2.9144964658222317,15.730375424341355,6.081998043818801,0.0,0.22212176274379045,0.2744619822057419,0.0,0.28249935906433743,0.7560511463848096,0.6708754090169415,42.24062629508578,18.785087364350666,11.292037801409666,0.58,0.7,0.4,24.7319289952635,13.149561155045465,4.516815120563867,1.0,1.7798191512646682,4.646468892459436,0.3694886805880854,0.96,0.29389388891684126,70.0,10.5,70.0,40.5,45.0,36.75
1,spring_pv_high,春秋光伏大发日,65.0,县级区域特征化县域综合能源系统（非实测线路潮流）,特征化合成数据,春秋低负荷与分布式光伏大发,13.0,0.25,11.45785166596817,10.4216405203031,12.327747688970407,5.271233875440194,2.242996144434219,0.0,19.84197770884482,2.921610972031212,15.763861554268122,6.104038026211077,0.0,0.22733141147674477,0.27751728101390494,0.0,0.2843653718043597,0.7817385163793912,0.6790446441603775,42.44356623356419,18.85214289349179,11.466819319419123,0.58,0.7,0.4,24.84290472012756,13.196500025444253,4.5867277277676495,1.0,1.7844766126712637,4.668792285692061,0.3698324306691122,0.96,0.30487320116130634,70.0,10.5,70.0,40.5,45.0,37.0
1,spring_pv_high,春秋光伏大发日,65.0,县级区域特征化县域综合能源系统（非实测线路潮流）,特征化合成数据,春秋低负荷与分布式光伏大发,13.25,0.25,11.46808937080792,10.395990997050918,12.335906719603361,5.288045090886954,2.248243902996728,0.0,19.87219571348704,2.9267705813713354,15.788461629611048,6.100375362651753,0.0,0.2345639397054384,0.27937608381466644,0.0,0.2860311280427652,0.7830009919998979,0.6873628048676337,42.513543518365424,18.830885188719233,11.738830892021113,0.58,0.7,0.4,24.891077470159637,13.181619632103462,4.695532356808445,1.0,1.7882600168685217,4.676489787020197,0.3700772015881008,0.96,0.29984186204006497,70.0,10.5,70.0,40.5,45.0,37.25
1,spring_pv_high,春秋光伏大发日,65.0,县级区域特征化县域综合能源系统（非实测线路潮流）,特征化合成数据,春秋低负荷与分布式光伏大发,13.5,0.25,11.488239496517552,10.369262626112807,12.340398755791206,5.300194602207907,2.25,0.0,19.890593357999112,2.929882879092368,15.803678387415939,6.077029867595759,0.0,0.24384754161229505,0.28,0.0,0.2874894947556095,0.7850343944974741,0.6958082991464356,42.804761579837894,18.742908212211162,11.932588580741408,0.58,0.7,0.4,25.06725006664388,13.120035748547814,4.773035432296563,1.0,1.7912282998363684,4.708523773782169,0.3702119626737362,0.96,0.30576491933267286,70.0,10.5,70.0,40.5,45.0,37.5
1,spring_pv_high,春秋光伏大发日,65.0,县级区域特征化县域综合能源系统（非实测线路潮流）,特征化合成数据,春秋低负荷与分布式光伏大发,13.75,0.25,11.521105365026626,10.344504576926367,12.340792380275223,5.3075414641954195,2.248243902996728,0.0,19.89657774746737,2.9308662078474823,15.80903932598038,6.080801540363514,0.0,0.2551936041478101,0.27937608381466644,0.0,0.2887342269927357,0.799415093016786,0.7043715139797657,43.02415019557099,18.755408288173104,12.252385116585321,0.58,0.7,0.4,25.194717873461205,13.128785801721172,4.900954046634129,1.0,1.7934961189650416,4.7326565215128085,0.3702237714082567,0.9408210339717502,0.31787465601631004,70.0,10.5,70.0,40.5,45.0,37.75
1,spring_pv_high,春秋光伏大发日,65.0,县级区域特征化县域综合能源系统（非实测线路潮流）,特征化合成数据,春秋低负荷与分布式光伏大发,14.0,0.25,11.57025787064239,10.324391685615216,12.336608143998623,5.3100000000000005,2.242996144434219,0.0,19.889604288432842,2.929652129055363,15.804111576311564,6.09406973370007,0.0,0.26855678553769086,0.27751728101390494,0.0,0.2897599946196097,0.8191796333527341,0.7130272976775274,43.1148211134326,18.805465813221108,12.272815559125046,0.58,0.7,0.4,25.244499356123846,13.163826069254775,4.909126223650019,1.0,1.7952313272736007,4.742630322477586,0.3700982443199587,0.8913986190121614,0.32370745145863683,70.0,10.5,70.0,40.5,45.0,38.0
1,spring_pv_high,春秋光伏大发日,65.0,县级区域特征化县域综合能源系统（非实测线路潮流）,特征化合成数据,春秋低负荷与分布式光伏大发,14.25,0.25,11.639937509240193,10.311082004305131,12.327337797756144,5.3075414641954195,2.23431792206211,0.0,19.869197184013675,2.9261879421395767,15.788518045342572,6.100905806790067,0.0,0.28379823515288205,0.2744619822057419,0.0,0.2905624051417745,0.8222654959524608,0.7217088334768709,43.06357944138859,18.83616165601162,12.392017803098794,0.58,0.7,0.4,25.221670921829826,13.185313159208132,4.9568071212395175,1.0,1.7966503536650142,4.736993738552745,0.3698201339326843,0.8478393044007542,0.31042284161799555,70.0,10.5,70.0,40.5,45.0,38.25
1,spring_pv_high,春秋光伏大发日,65.0,县级区域特征化县域综合能源系统（非实测线路潮流）,特征化合成数据,春秋低负荷与分布式光伏大发,14.5,0.25,11.734908234526412,10.306094018101705,12.31246625763645,5.300194602207907,2.22230991102871,0.0,19.834970770873067,2.920439159740113,15.761954174795902,6.084966735240735,0.0,0.3006563656852228,0.27027270440321777,0.0,0.2911380225141858,0.8476084076324449,0.7302860113310286,43.22478607901173,18.78905493956762,12.587236688156421,0.58,0.7,0.4,25.309049060731013,13.152338457697333,5.034894675262569,1.0,1.798010897560844,4.75472646869129,0.36937398772909347,0.8003790408810232,0.32284235295820685,70.0,10.5,70.0,40.5,45.0,38.5
1,spring_pv_high,春秋光伏大发日,65.0,县级区域特征化县域综合能源系统（非实测线路潮流）,特征化合成数据,春秋低负荷与分布式光伏大发,14.75,0.25,11.860251513668128,10.310210985468498,12.291495340727618,5.288045090886954,2.207110319905659,0.0,19.78665075152023,2.9123918276262106,15.724204574262396,6.095436335427335,0.0,0.31872926672449176,0.2650339640317652,0.0,0.29148438185488457,0.8835315867711309,0.7385512170978732,43.198498059419286,18.839688823476283,12.513544248307188,0.58,0.7,0.4,25.2812317712338,13.187782176433398,5.005417699322876,1.0,1.799601353830432,4.751834786536121,0.3687448602218285,0.7581240867901853,0.33431501655866913,70.0,10.5,70.0,40.5,45.0,38.75
1,spring_pv_high,春秋光伏大发日,65.0,县级区域特征化县域综合能源系统（非实测线路潮流）,特征化合成数据,春秋低负荷与分布式光伏大发,15.0,0.25,12.021091919431237,10.323418807514855,12.263968193188704,5.271233875440194,2.188892243123575,0.0,19.724094311752474,2.9020545742490658,15.67515873861473,6.114028336596266,0.0,0.3374721320666282,0.2588494424652272,0.0,0.2916,0.8886565550008977,0.7462149906653441,43.307322256970124,18.922603652852878,12.596674044110785,0.58,0.7,0.4,25.349041097807493,13.245822556997014,5.038669617644314,1.0,1.8017265392415724,4.763805448266714,0.3679190457956611,0.7202985870795956,0.34936439119138046,70.0,10.5,70.0,40.5,45.0,39.0
1,spring_pv_high,春秋光伏大发日,65.0,县级区域特征化县域综合能源系统（非实测线路潮流）,特征化合成数据,春秋低负荷与分布式光伏大发,15.25,0.25,12.222251483073219,10.344882308555073,12.229493273888721,5.249954447867922,2.1678603807249632,0.0,19.647308102481606,2.8894602772423643,15.614825052921589,6.073691692448682,0.0,0.35621182770166715,0.2518385768315622,0.0,0.29148438185488457,0.9247134330487705,0.7529131613017133,43.136014182916625,18.798144528888407,12.715591692714428,0.58,0.7,0.4,25.235467596225067,13.158701170221885,5.086236677085772,1.0,1.8046895930628468,4.744961560120829,0.36688479821666165,0.6761599203594234,0.3566239120274769,70.0,10.5,70.0,40.5,45.0,39.25
1,spring_pv_high,春秋光伏大发日,65.0,县级区域特征化县域综合能源系统（非实测线路潮流）,特征化合成数据,春秋低负荷与分布式光伏大发,15.5,0.25,12.467838495154503,10.37296287606332,12.187766757851255,5.224449140373006,2.144247212326136,0.0,19.556463110550396,2.8746672429210416,15.543342324719584,6.082672915904546,0.0,0.374178945739927,0.24413273252502546,0.0,0.2911380225141858,0.9453974279394264,0.7582258426789483,43.32622232520356,18.852687451628576,12.585959221021064,0.58,0.7,0.4,25.33910428309214,13.196881216140003,5.034383688408425,1.0,1.8087703543964526,4.765884455772391,0.36563300273553767,0.6296277780610753,0.3582780705138677,70.0,10.5,70.0,40.5,45.0,39.5
1,spring_pv_high,春秋光伏大发日,65.0,县级区域特征化县域综合能源系统（非实测线路潮流）,特征化合成数据,春秋低负荷与分布式光伏大发,15.75,0.25,12.760786775364307,10.405278162018043,12.13859228554382,5.195004533014949,2.118308725210633,0.0,19.4519055437694,2.8577598097542887,15.460988163268691,6.118815267211857,0.0,0.39055552086081563,0.23587112835802132,0.0,0.2905624051417745,0.9472256070233189,0.761707165009476,43.35870420312179,19.006854764402664,12.605339891995584,0.58,0.7,0.4,25.360364750746587,13.304798335081864,5.042135956798234,1.0,1.8142010418531807,4.7694574623433965,0.3641577685663146,0.5738751862496113,0.35304787652215497,70.0,10.5,70.0,40.5,45.0,39.75
1,spring_pv_high,春秋光伏大发日,65.0,县级区域特征化县域综合能源系统（非实测线路潮流）,特征化合成数据,春秋低负荷与分布式光伏大发,16.0,0.25,13.102372558262552,10.438802122036277,12.081897103671443,5.16194609725659,2.090319806158798,0.0,19.334163007086833,2.838848307301695,15.368183644938728,6.162217020980532,0.0,0.4045343240252704,0.2271966900143889,0.0,0.2897599946196097,0.9431982372045553,0.7629230427192686,43.790206661426076,19.189299171755074,12.592569732365675,0.58,0.7,0.4,25.61418792876775,13.432509420228552,5.03702789294627,1.0,1.8211406231306038,4.816922732756868,0.3624569131101433,0.5142544054784497,0.33663591358868206,132.0,19.8,132.0,40.5,45.0,40.0
1,spring_pv_high,春秋光伏大发日,65.0,县级区域特征化县域综合能源系统（非实测线路潮流）,特征化合成数据,春秋低负荷与分布式光伏大发,16.25,0.25,13.491746644052201,10.47000122147232,12.017743814006176,5.125632215294886,2.060569412694709,0.0,19.20394544199577,2.8180683272266567,15.26549385721861,6.225590957384202,0.0,0.4153836780496747,0.21825200253686833,0.0,0.2887342269927357,0.9067201477335805,0.7614928925610527,43.85854649386181,19.44513530669844,12.34413005041822,0.58,0.7,0.4,25.67355217331542,13.611594714688907,4.937652020167288,1.0,1.8296497919566435,4.824440114324799,0.36053231442018524,0.45182805978664614,0.31143030844193326,132.0,19.8,132.0,40.5,45.0,40.25
1,spring_pv_high,春秋光伏大发日,65.0,县级区域特征化县域综合能源系统（非实测线路潮流）,特征化合成数据,春秋低负荷与分布式光伏大发,16.5,0.25,13.925527703046567,10.495000340844964,11.946337159128955,5.086447728622318,2.029355641790107,0.0,19.06214052954138,2.795579291441315,15.153624092824657,6.272520477617272,0.0,0.42251045452649255,0.209175518748274,0.0,0.2874894947556095,0.869452866526227,0.7571303050598204,44.203039328341035,19.64400229930453,12.262642670674115,0.58,0.7,0.4,25.89061045291241,13.75080160951317,4.905057068269646,1.0,1.8396688855957046,4.862334326117514,0.3583901147738686,0.39543939816588364,0.2976309957179566,132.0,19.8,132.0,40.5,45.0,40.5
1,spring_pv_high,春秋光伏大发日,65.0,县级区域特征化县域综合能源系统（非实测线路潮流）,特征化合成数据,春秋低负荷与分布式光伏大发,16.75,0.25,14.397506928634565,10.509769939102156,11.868025515433374,5.044797177772593,1.9969808127382582,0.0,18.909803505944225,2.771562332653488,15.033411660094007,6.377809890494612,0.0,0.42551362059163267,0.20009815907917758,0.0,0.2860311280427652,0.8531645665124846,0.7496774492260296,44.61970210032896,20.05274846421399,12.074910661376682,0.58,0.7,0.4,26.134269218839584,14.036923924949793,4.829964264550673,1.0,1.8510012940165352,4.9081672310361855,0.3560407654630012,0.335466450607584,0.28767318537130937,132.0,19.8,132.0,40.5,45.0,40.75
1,spring_pv_high,春秋光伏大发日,65.0,县级区域特征化县域综合能源系统（非实测线路潮流）,特征化合成数据,春秋低负荷与分布式光伏大发,17.0,0.25,14.898513159071957,10.510324540288602,11.783297020266714,5.001097898506149,1.9637466760713134,0.0,18.748141594844174,2.7462175328988017,14.905813475294671,6.445046170181559,0.0,0.42422155185545624,0.1911404109966581,0.0,0.2843653718043597,0.8420542918815521,0.7391285594099534,44.97974315154147,20.326728345029395,11.776940517572529,0.58,0.7,0.4,26.338988098012702,14.228709841520574,4.710776207029012,1.0,1.8633048594411001,4.947771746669562,0.3534989106080014,0.2842126342170968,0.2912594350943594,132.0,19.8,132.0,40.5,45.0,41.0
1,spring_pv_high,春秋光伏大发日,65.0,县级区域特征化县域综合能源系统（非实测线路潮流）,特征化合成数据,春秋低负荷与分布式光伏大发,17.25,0.25,15.416480191966146,10.492921725600386,11.692770516810707,4.955773137833561,1.9299498523426757,0.0,18.578493506986945,2.7197605943427146,14.771889795335941,6.512367556782338,0.0,0.4187082478725747,0.18241000511889055,0.0,0.28249935906433743,0.804506629828355,0.7256391692289244,44.98893966420574,20.60183832976418,11.6329251776873,0.58,0.7,0.4,26.352610329167806,14.421286830834926,4.65317007107492,1.0,1.876093395220579,4.948783363062631,0.35078311550432123,0.22844624507671427,0.2980527698288097,132.0,19.8,132.0,40.5,45.0,41.25
1,spring_pv_high,春秋光伏大发日,65.0,县级区域特征化县域综合能源系统（非实测线路潮流）,特征化合成数据,春秋低负荷与分布式光伏大发,17.5,0.25,15.936744118943711,10.45425062437041,11.597181742609804,4.909245346499839,1.8958775937413699,0.0,18.402304682851014,2.692419042106249,14.632784624719296,6.6062156556641165,0.0,0.4092863011500154,0.17400021229129375,0.0,0.28044108037572674,0.8424295044051762,0.7095196282241155,45.702410964680794,20.972207360966724,11.370287393630784,0.58,0.7,0.4,26.728308875183973,14.680545152676705,4.548114957452314,1.0,1.8887497569269878,5.027265206114888,0.3479154522782941,0.17439518911722446,0.3065381202060205,132.0,19.8,132.0,40.5,45.0,41.5
1,spring_pv_high,春秋光伏大发日,65.0,县级区域特征化县域综合能源系统（非实测线路潮流）,特征化合成数据,春秋低负荷与分布式光伏大发,17.75,0.25,16.442578872192897,10.391599437493046,11.497365402116138,4.861929793279746,1.8618039483468047,0.0,18.221099143742688,2.664428079680588,14.48970347868087,6.653550139905651,0.0,0.3964775402697485,0.1659887734732613,0.0,0.2781993496038648,0.8237512335077625,0.6912135564384306,46.03286491353814,21.176682306217305,11.061399436727664,0.58,0.7,0.4,26.912499490856046,14.823677614352112,4.424559774691065,1.0,1.9005509142864745,5.063615140489196,0.3449209620634841,0.12133122461016035,0.30175241607787257,132.0,19.8,132.0,40.5,45.0,41.75
1,spring_pv_high,春秋光伏大发日,65.0,县级区域特征化县域综合能源系统（非实测线路潮流）,特征化合成数据,春秋低负荷与分布式光伏大发,18.0,0.25,16.915954538842875,10.302992770659113,11.394233938885682,4.814228631237918,1.8279863919318105,0.0,18.03644896205541,2.636026232514105,14.343889297386344,6.72486219207629,0.0,0.38096517839811556,0.15843744412450295,0.0,0.2757837661840736,0.809728098740763,0.6712639024656034,46.039943649790374,21.466736967962607,10.935492344587999,0.58,0.7,0.4,26.904788922074378,15.026715877573825,4.3741969378352,1.0,1.910704287189266,5.064393801476941,0.34182701816657046,0.07690185638227684,0.3176029822380758,132.0,19.8,132.0,40.5,45.0,42.0
1,spring_pv_high,春秋光伏大发日,65.0,县级区域特征化县域综合能源系统（非实测线路潮流）,特征化合成数据,春秋低负荷与分布式光伏大发,18.25,0.25,17.338477955326876,10.18729142041573,11.28875395054272,4.766525527685526,1.7946629761784745,0.0,17.849942454406722,2.6074509238077854,14.196597378081375,6.808198453228111,0.0,0.36353356776578105,0.15139210845489745,0.0,0.27320467401540377,0.7989391333733703,0.6502708353600881,46.44685470954584,21.799418126075512,10.707640533128467,0.58,0.7,0.4,27.126061869540116,15.259592688252857,4.283056213251387,1.0,1.9183933522291994,5.1091540180500425,0.3386626185162816,0.03988215149439361,0.29964889239980047,132.0,19.8,132.0,40.5,45.0,42.25
1,spring_pv_high,春秋光伏大发日,65.0,县级区域特征化县域综合能源系统（非实测线路潮流）,特征化合成数据,春秋低负荷与分布式光伏大发,18.5,0.25,17.692451789356014,10.044249609569619,11.181921263989418,4.719180948704535,1.762050025594453,0.0,17.663152238288404,2.5789341280763263,14.049070220225655,6.852447890570368,0.0,0.3450029353530028,0.1448833975799133,0.0,0.270473117166471,0.7975166183116991,0.6288465738771714,46.32368164456426,21.99194432166787,10.353247091809632,0.58,0.7,0.4,27.034022289103657,15.394361025167507,4.141298836723853,1.0,1.922829355603926,5.095604980902069,0.3354576379196825,0.016124271915311756,0.26749846459632776,132.0,19.8,132.0,40.5,45.0,42.5
1,spring_pv_high,春秋光伏大发日,65.0,县级区域特征化县域综合能源系统（非实测线路潮流）,特征化合成数据,春秋低负荷与分布式光伏大发,18.75,0.25,17.961970019695947,9.874527335132564,11.074735707705088,4.672528166649864,1.73034039890087,0.0,17.477604273255825,2.5506982426797773,13.90251316253748,6.9027394413876095,0.0,0.32616659797007,0.13892773002937972,0.0,0.2676007925830586,0.7585053798096696,0.6075723285593964,46.159587322157066,22.205271129476657,9.995510899413153,0.58,0.7,0.4,26.940199855120884,15.543689790633659,3.9982043597652615,1.0,1.9233050473457243,5.077554605437277,0.3322420712311526,0.0023062090835561395,0.26097723355651037,132.0,19.8,132.0,40.5,45.0,42.75
1,spring_pv_high,春秋光伏大发日,65.0,县级区域特征化县域综合能源系统（非实测线路潮流）,特征化合成数据,春秋低负荷与分布式光伏大发,19.0,0.25,18.133957313151683,9.679658271651041,10.968176583931253,4.626870035832234,1.6997023147611279,0.0,17.294748934524616,2.5229523057690004,13.758071632910111,6.9389212194919425,0.0,0.3077371867140493,0.13352868346558616,0.0,0.2646,0.7259001869960573,0.586961845818862,46.02457878948307,22.367232857029858,9.73121995486871,0.58,0.7,0.4,26.86019543526133,15.6570629999209,3.8924879819474842,1.0,1.9192458249605953,5.062703666843138,0.3290452975179376,0.0,0.26507365796551535,132.0,19.8,132.0,40.5,45.0,43.0
1,spring_pv_high,春秋光伏大发日,65.0,县级区域特征化县域综合能源系统（非实测线路潮流）,特征化合成数据,春秋低负荷与分布式光伏大发,19.25,0.25,18.199059270777326,9.461976357505279,10.863179760818218,4.582476558461218,1.6702787269279247,0.0,17.115935046207362,2.495888671745349,13.616810737102963,6.9726556863910485,0.0,0.2903066025547789,0.12867860273305876,0.0,0.2614835892718261,0.6959919793214469,0.5674347740563329,45.61503362925189,22.51931211023973,9.517018251992004,0.58,0.7,0.4,26.620478931015988,15.76351847716781,3.8068073007968017,1.0,1.91025364170596,5.017653699217708,0.32589539282454655,0.0,0.2580729849161547,132.0,19.8,132.0,40.5,45.0,43.25
1,spring_pv_high,春秋光伏大发日,65.0,县级区域特征化县域综合能源系统（非实测线路潮流）,特征化合成数据,春秋低负荷与分布式光伏大发,19.5,0.25,18.15230059861818,9.224506584736725,10.76061718064351,4.5395832406655785,1.6421872206225148,0.0,16.942387641931603,2.4696802335339783,13.479697786722546,7.016513472802083,0.0,0.2743221526883981,0.1243603509825903,0.0,0.2582649053477149,0.6607344242826242,0.5493014828465391,44.966581733742686,22.706261120845653,9.15769644289765,0.58,0.7,0.4,26.246692922333374,15.894382784591956,3.6630785771590606,1.0,1.8961395325348698,4.946323990711695,0.3228185154193053,0.0,0.2661873522299094,132.0,19.8,132.0,40.5,45.0,43.5
1,spring_pv_high,春秋光伏大发日,65.0,县级区域特征化县域综合能源系统（非实测线路潮流）,特征化合成数据,春秋低负荷与分布式光伏大发,19.75,0.25,17.99344821200895,8.970827445716463,10.661279424464048,4.498390217699095,1.6155203905569986,0.0,16.775190032720143,2.4444782560440625,13.347588219504217,7.057198460522094,0.0,0.2600789965708973,0.12054911680174364,0.0,0.25495773112637077,0.6226377386919151,0.5327593472912495,44.38868457898667,22.88047704573538,8.711143934233982,0.58,0.7,0.4,25.917066514662206,16.016333932014764,3.484457573693593,1.0,1.8769416023872423,4.882755303688533,0.31983838273392146,0.0,0.2878796995735074,132.0,19.8,132.0,40.5,45.0,43.75
1,spring_pv_high,春秋光伏大发日,65.0,县级区域特征化县域综合能源系统（非实测线路潮流）,特征化合成数据,春秋低负荷与分布式光伏大发,20.0,0.25,17.727043938383588,8.704913836840888,10.565861796773053,4.459062108871521,1.590346651703709,0.0,16.615270557348282,2.420410858584456,13.221215204339162,7.06320897539155,0.0,0.24772703120127038,0.11721420006985696,0.0,0.2515762284355362,0.6055944746937459,0.5178991189175198,43.39400089076943,22.929362890625573,8.308619463543224,0.58,0.7,0.4,25.335174840241418,16.0505540234379,3.3234477854172897,1.0,1.852926698805497,4.773340097984637,0.31697585390319155,0.0,0.3052560332252655,132.0,19.8,132.0,40.5,45.0,44.0
1,spring_pv_high,春秋光伏大发日,65.0,县级区域特征化县域综合能源系统（非实测线路潮流）,特征化合成数据,春秋低负荷与分布式光伏大发,20.25,0.25,17.362103527819066,8.430969907415633,10.474954207129443,4.421728546779798,1.5667114268450237,0.0,16.463394180754264,2.3975821571818017,13.10118305912001,7.03770847914632,0.0,0.2372889278455869,0.11432071156928099,0.0,0.24813487738887094,0.6404759366717736,0.5047190234236911,42.50702076016912,22.864150494899395,8.103507631250352,0.58,0.7,0.4,24.78731502105215,16.004905346429574,3.241403052500141,1.0,1.8245755882675414,4.6757722836186035,0.3142486262138833,0.0,0.31194020382109394,132.0,19.8,132.0,40.5,45.0,44.25
1,spring_pv_high,春秋光伏大发日,65.0,县级区域特征化县域综合能源系统（非实测线路潮流）,特征化合成数据,春秋低负荷与分布式光伏大发,20.5,0.25,16.911511136254386,8.153261354994827,10.38903494025699,4.386485312385193,1.5446386501468987,0.0,16.32015890278908,2.376072052092491,12.987964450157484,7.034250478562575,0.0,0.228685315860545,0.11183113515097548,0.0,0.2446484143798828,0.648124908944791,0.4931437363991481,41.69286987485029,22.876059630518988,7.791268124150851,0.58,0.7,0.4,24.299095816624334,16.01324174136329,3.1165072496603408,1.0,1.7925530744509337,4.5862156862335315,0.3116710482077097,0.0,0.31661506736828426,132.0,19.8,132.0,40.5,45.0,44.5
1,spring_pv_high,春秋光伏大发日,65.0,县级区域特征化县域综合能源系统（非实测线路潮流）,特征化合成数据,春秋低负荷与分布式光伏大发,20.75,0.25,16.391167274078555,7.875956046451777,10.308468231747847,4.353395997583033,1.524132523446342,0.0,16.18599675277722,2.355936622532883,12.881901195566096,7.000878892888922,0.0,0.2217630725934346,0.10970671546551213,0.0,0.24113176897842775,0.6350018992162949,0.4830453752638715,40.89660679944368,22.77951199593549,7.432810333639398,0.58,0.7,0.4,23.834776217395756,15.945658397154842,2.973124133455759,1.0,1.757665934986206,4.498626747938805,0.3092540469524354,0.0,0.34471913683294303,132.0,19.8,132.0,40.5,45.0,44.75
1,spring_pv_high,春秋光伏大发日,65.0,县级区域特征化县域综合能源系统（非实测线路潮流）,特征化合成数据,春秋低负荷与分布式光伏大发,21.0,0.25,15.818969922240825,7.6029806758412395,10.233505411686977,4.322494110205658,1.5051794615043776,0.0,16.06117898339701,2.3372090707704185,12.78320836817586,6.9815853265356855,0.0,0.2163231904101029,0.10790864805221334,0.0,0.2376,0.6368326607244357,0.474264016534064,39.83666626828673,22.731619623744443,7.083003550659737,0.58,0.7,0.4,23.21016750892019,15.91213373662111,2.833201420263895,1.0,1.7208126366537333,4.38203328951154,0.3070051623506093,0.0,0.34864078947507277,132.0,19.8,132.0,40.5,45.0,45.0
1,spring_pv_high,春秋光伏大发日,65.0,县级区域特征化县域综合能源系统（非实测线路潮流）,特征化合成数据,春秋低负荷与分布式光伏大发,21.25,0.25,15.213720681828718,7.3378995826421365,10.164289249735571,4.293785532824879,1.4877501639627224,0.0,15.945824946523173,2.3199011419485456,12.691981291076301,6.909781617612249,0.0,0.2121455576332851,0.1063990612206606,0.0,0.23406823102157231,0.6126843864258208,0.4666258649123878,38.91930881657227,22.4945848052606,6.830974501400913,0.58,0.7,0.4,22.684468034397327,15.74620936368242,2.7323898005603655,1.0,1.6829293960606242,4.28112396982295,0.30492867749206715,0.0,0.3518853745106606,132.0,19.8,132.0,40.5,45.0,45.25
1,spring_pv_high,春秋光伏大发日,65.0,县级区域特征化县域综合能源系统（非实测线路潮流）,特征化合成数据,春秋低负荷与分布式光伏大发,21.5,0.25,14.594049403902838,7.083819998354173,10.100861036792342,4.267251246106128,1.4718017549129516,0.0,15.83991403781142,2.3040049347950333,12.608204943886623,6.898292466021741,0.0,0.20900899968242487,0.10514179014121908,0.0,0.2305515856201172,0.5864271179309498,0.4599579172439059,38.02126018827946,22.471385894460425,6.5962635908013825,0.58,0.7,0.4,22.17216109804604,15.729970126122296,2.6385054363205533,1.0,1.6449372316999107,4.182338620710741,0.30302583110377024,0.0,0.3744098730257196,132.0,19.8,132.0,40.5,45.0,45.5
1,spring_pv_high,春秋光伏大发日,65.0,县级区域特征化县域综合能源系统（非实测线路潮流）,特征化合成数据,春秋低负荷与分布式光伏大发,21.75,0.25,13.977442186240772,6.843326025660309,10.043169872378268,4.242850229547812,1.4572799355623827,0.0,15.743300037488464,2.2894950118277224,12.531765251471082,6.818508139724245,0.0,0.2067058965179292,0.10410295255905022,0.0,0.22706512261112913,0.553245736565721,0.4540986513462683,37.190291440250014,22.202749046282825,6.3816696318303565,0.58,0.7,0.4,21.703585159483158,15.541924332397977,2.5526678527321427,1.0,1.6076942259686682,4.0909320584275015,0.30129509617134803,0.0,0.38379840602011145,132.0,19.8,132.0,40.5,45.0,45.75
1,spring_pv_high,春秋光伏大发日,65.0,县级区域特征化县域综合能源系统（非实测线路潮流）,特征化合成数据,春秋低负荷与分布式光伏大发,22.0,0.25,13.379440690386174,6.618441736475195,9.991083593321017,4.220522456878132,1.4441211011601014,0.0,15.65572715135925,2.276330715691808,12.462461708540859,6.74014179734736,0.0,0.2050514918079463,0.10325134241556064,0.0,0.2236237715644639,0.5511682321017115,0.44890483542580767,36.538007360946004,21.937707866386752,6.193469361312488,0.58,0.7,0.4,21.321271530155496,15.356395506470726,2.477387744524995,1.0,1.5719563704950112,4.019180809704061,0.2997325077996305,0.0,0.38623968666703345,62.0,9.299999999999999,62.0,40.5,45.0,46.0
1,spring_pv_high,春秋光伏大发日,65.0,县级区域特征化县域综合能源系统（非实测线路潮流）,特征化合成数据,春秋低负荷与分布式光伏大发,22.25,0.25,12.813058164920479,6.410622038232849,9.944400776218377,4.2001919097873355,1.4322543798204426,0.0,15.576847065826154,2.264458600468423,12.400020801338162,6.707219808114991,0.0,0.20388856942256547,0.10255866241721266,0.0,0.2202422688736293,0.5415171873672748,0.44425495020123507,35.87102658573853,21.83356666772973,6.1137548650529,0.58,0.7,0.4,20.93537040125656,15.28349666741081,2.4455019460211602,1.0,1.5383492418162892,3.945812924431238,0.2983320232865513,0.0,0.40777661366608725,62.0,9.299999999999999,62.0,40.5,45.0,46.25
1,spring_pv_high,春秋光伏大发日,65.0,县级区域特征化县域综合能源系统（非实测线路潮流）,特征化合成数据,春秋低负荷与分布式光伏大发,22.5,0.25,12.288432588377686,6.22076850790594,9.902863270058843,4.181769541624142,1.421603557846405,0.0,15.50623636952939,2.2538148926256154,12.344109718092072,6.658848705676624,0.0,0.20308848252733408,0.10199961937688362,0.0,0.21693509465228517,0.5485213832207537,0.440049935128,34.956182469115625,21.672923221194065,5.973402969678556,0.58,0.7,0.4,20.396493364947023,15.171046254835844,2.3893611878714225,1.0,1.507351508383671,3.845180071602719,0.2970858981017653,0.0,0.4286564469856442,62.0,9.299999999999999,62.0,40.5,45.0,46.5
1,spring_pv_high,春秋光伏大发日,65.0,县级区域特征化县域综合能源系统（非实测线路潮流）,特征化合成数据,春秋低负荷与分布式光伏大发,22.75,0.25,11.812713173485285,6.049266301661984,9.86616876165793,4.16515613174862,1.4120888633255155,0.0,15.443413756732063,2.244327905045316,12.29434988899137,6.563507288868765,0.0,0.20254961113138054,0.10155190720389393,0.0,0.21371641072817393,0.5254569970513648,0.4362120344672361,34.009288669456296,21.343281439036723,5.725990713175308,0.58,0.7,0.4,19.856834404462095,14.940297007325706,2.290396285270123,1.0,1.4792900641854105,3.7410217536401924,0.29598506284973786,0.0,0.4325094502932918,62.0,9.299999999999999,62.0,40.5,45.0,46.75
1,spring_pv_high,春秋光伏大发日,65.0,县级区域特征化县域综合能源系统（非实测线路潮流）,特征化合成数据,春秋低负荷与分布式光伏大发,23.0,0.25,11.390155829400392,5.8960375487735925,9.833982939916158,4.150244980984967,1.4036285868857876,0.0,15.387856507786912,2.2359203384821065,12.250329959339442,6.5192702267951255,0.0,0.20219425146136047,0.10119610203089346,0.0,0.2106,0.5080737576336813,0.4326824678507565,33.24929092675983,21.194991009560308,5.59452975666462,0.58,0.7,0.4,19.42258842594392,14.836493706692215,2.237811902665848,1.0,1.4543455551365838,3.657422001943581,0.29501948819748475,0.0,0.4541895880323657,62.0,9.299999999999999,62.0,40.5,45.0,47.0
1,spring_pv_high,春秋光伏大发日,65.0,县级区域特征化县域综合能源系统（非实测线路潮流）,特征化合成数据,春秋低负荷与分布式光伏大发,23.25,0.25,11.022387977975864,5.760606329927972,9.805950899730965,4.136924408655721,1.396140525333592,0.0,15.339015833720278,2.228511417099136,12.211617871474258,6.472234628327248,0.0,0.20196476833080604,0.1009154924615823,0.0,0.2075992074169415,0.5302503933364436,0.4294185280930827,32.752411225635264,21.035626360981226,5.491227364305511,0.58,0.7,0.4,19.118271810826396,14.724938452686857,2.196490945722205,1.0,1.4325663075234745,3.602765234819879,0.2941785269919289,0.0,0.44930022452147006,62.0,9.299999999999999,62.0,40.5,45.0,47.25
1,spring_pv_high,春秋光伏大发日,65.0,县级区域特征化县域综合能源系统（非实测线路潮流）,特征化合成数据,春秋低负荷与分布式光伏大发,23.5,0.25,10.708794311803555,5.642170390210917,9.781707507227301,4.125080021640103,1.3895432402610668,0.0,15.29633076912847,2.2220188176199294,12.177771807235752,6.444312102753178,0.0,0.20181962733869532,0.10069586562510512,0.0,0.2047268828335291,0.5214672730184717,0.42639055689153393,32.21706802346259,20.943528277767772,5.413096527356561,0.58,0.7,0.4,18.809838992149118,14.66046979443744,2.1652386109426245,1.0,1.4138882304911777,3.5438774825808848,0.29345122521681904,0.0,0.4499628875303376,62.0,9.299999999999999,62.0,40.5,45.0,47.5
1,spring_pv_high,春秋光伏大发日,65.0,县级区域特征化县域综合能源系统（非实测线路潮流）,特征化合成数据,春秋低负荷与分布式光伏大发,23.75,0.25,10.446972654094635,5.539675089853939,9.760886529779706,4.114596735467028,1.3837571294618645,0.0,15.259240394708598,2.21636036443924,12.148349818942359,6.373771372245764,0.0,0.20172971137951365,0.10052526693149218,0.0,0.20199532598459627,0.5137660848280245,0.423579097889369,31.610810050418646,20.698311964661663,5.294232011793143,0.58,0.7,0.4,18.45986459793193,14.488818375263163,2.1176928047172576,1.0,1.3981581461302652,3.477189105546051,0.29282659589339116,0.0,0.4394918590294737,62.0,9.299999999999999,62.0,40.5,45.0,47.75
2,summer_commercial,夏季商业制冷日,75.0,县级区域特征化县域综合能源系统（非实测线路潮流）,特征化合成数据,夏季商业制冷与冷链负荷,0.0,0.25,10.800248896076246,7.161216077430938,10.88604231108671,5.628828109456821,1.5033616864879322,0.0,18.018232107031462,2.650253708059978,14.41432559105181,3.920592299005258,0.0,0.18000007778333918,0.11800850986916626,0.2800019379993123,0.1846446609406726,0.745638018139668,0.6456217885236415,36.54841313342239,11.427431952431728,16.315860519685963,0.62,0.55,0.68,22.843342359998932,6.285087573837451,11.094785153386455,1.0,1.6450921439900572,4.020325444676463,0.3265812693326013,0.0,0.4305778780909059,52.0,7.8,52.0,40.0,45.0,48.0
2,summer_commercial,夏季商业制冷日,75.0,县级区域特征化县域综合能源系统（非实测线路潮流）,特征化合成数据,夏季商业制冷与冷链负荷,0.25,0.25,10.802779377588152,7.164806381146325,10.899290387541278,5.629754863276316,1.5041430289633455,0.0,18.03318827978094,2.652182188266626,14.426018665553439,3.9375893986183312,0.0,0.18000019078544677,0.11801233886881506,0.28000348969746197,0.18240800962605114,0.7491390250779427,0.6435018139193376,36.666704399533515,11.487368801224369,16.347753523772173,0.62,0.55,0.68,22.912392346081788,6.318052840673404,11.11647239616508,1.0,1.6455862289819654,4.033337483948687,0.3269787116262383,0.0,0.44175773190250456,52.0,7.8,52.0,40.0,45.0,48.25
2,summer_commercial,夏季商业制冷日,75.0,县级区域特征化县域综合能源系统（非实测线路潮流）,特征化合成数据,夏季商业制冷与冷链负荷,0.5,0.25,10.810097082719759,7.1694270177197215,10.914577656051852,5.630882951353882,1.5050860692310126,0.0,18.050546676636746,2.6544271852007433,14.439591879731111,3.9377971009247044,0.0,0.1800004551349306,0.11801776690895159,0.2800061953719696,0.18033233298543824,0.7602760574778833,0.6415372912148483,36.52484472777928,11.487182044124326,16.40188904076121,0.62,0.55,0.68,22.815569866801717,6.31795012426838,11.153284547717622,1.0,1.6463919318720808,4.017732920055721,0.32743732968155553,0.0,0.466389784661072,52.0,7.8,52.0,40.0,45.0,48.5
2,summer_commercial,夏季商业制冷日,75.0,县级区域特征化县域综合能源系统（非实测线路潮流）,特征化合成数据,夏季商业制冷与冷链负荷,0.75,0.25,10.822292813175142,7.175334517443033,10.932130284561339,5.632250300685855,1.5062194231045318,0.0,18.070600008351725,2.6570289613538116,14.455274865182943,3.928081118858716,0.0,0.18000105601808747,0.11802540577647261,0.28001084407496357,0.17842651938487275,0.7680076184760605,0.6397380152908347,36.593910981864774,11.451362852303683,16.443369116425053,0.62,0.55,0.68,22.851798100591836,6.298249568767027,11.181490999169037,1.0,1.6475259105811042,4.025330208005125,0.32796390853684015,0.0,0.47593568886081605,52.0,7.8,52.0,40.0,45.0,48.75
2,summer_commercial,夏季商业制冷日,75.0,县级区域特征化县域综合能源系统（非实测线路潮流）,特征化合成数据,夏季商业制冷与冷链负荷,1.0,0.25,10.839509768292562,7.182837374793116,10.952183107556923,5.633900621154272,1.50757567744426,0.0,18.093659406155453,2.6600307337523366,14.47331184584694,3.971532254935147,0.0,0.1800023830810334,0.11803607755810165,0.2800187138536637,0.17669872981077805,0.7726240935634596,0.6381138380548682,36.6785019520985,11.605202083224423,16.434224975522888,0.62,0.55,0.68,22.899758110346593,6.382861145773433,11.175272983355564,1.0,1.6490090289182477,4.034635214730835,0.3285654932267077,0.0,0.4802961000011929,52.0,7.8,52.0,40.0,45.0,49.0
2,summer_commercial,夏季商业制冷日,75.0,县级区域特征化县域综合能源系统（非实测线路潮流）,特征化合成数据,夏季商业制冷与冷链负荷,1.25,0.25,10.861978387728772,7.192303229390324,10.974976813418696,5.63588399043293,1.5091917114992284,0.0,18.120052515350853,2.663478512418001,14.493960178518348,3.966034682302455,0.0,0.18000523049182804,0.11805087751171149,0.28003184048190344,0.1751563629233656,0.7871660940595664,0.6366750602916351,37.04383840440857,11.583962339278425,16.468329433393514,0.62,0.55,0.68,23.115811892708017,6.371179286603135,11.19846401470759,1.0,1.6508682170533313,4.074822224484943,0.32924930440256084,0.0,0.47808987329243,52.0,7.8,52.0,40.0,45.0,49.25
2,summer_commercial,夏季商业制冷日,75.0,县级区域特征化县域综合能源系统（非实测线路潮流）,特征化合成数据,夏季商业制冷与冷链负荷,1.5,0.25,10.890062646560159,7.2041661442393465,11.000754527572566,5.638257435527455,1.5111089965382423,0.0,18.150120959638265,2.6674208609420633,14.517488403567748,4.001833572683019,0.0,0.18001116561142866,0.11807125226216648,0.28005341236753895,0.17380602337443565,0.7948587350044699,0.6354330656820719,37.04598498777776,11.70990485165692,16.520412897483265,0.62,0.55,0.68,23.11113134240151,6.440447668411307,11.233880770288621,1.0,1.6531388956247102,4.075058348655554,0.33002263582717695,0.0,0.4810625261048843,52.0,7.8,52.0,40.0,45.0,49.5
2,summer_commercial,夏季商业制冷日,75.0,县级区域特征化县域综合能源系统（非实测线路潮流）,特征化合成数据,夏季商业制冷与冷链负荷,1.75,0.25,10.924318493076617,7.218933707901392,11.02975778964715,5.64108549512365,1.5133738613170247,0.0,18.184217146087825,2.6719085733696604,14.544173781879374,4.014724104957466,0.0,0.18002318241929346,0.11809909586148461,0.280088338485229,0.17265349352524473,0.8079952158159371,0.6344013205302687,37.310840547112385,11.753678465394676,16.73534758206028,0.62,0.55,0.68,23.266165425934066,6.464523155967073,11.380036355800993,1.0,1.655867993507913,4.104192460182363,0.33089273368941446,0.0,0.47380680396159497,52.0,7.8,52.0,40.0,45.0,49.75
2,summer_commercial,夏季商业制冷日,75.0,县级区域特征化县域综合能源系统（非实测线路潮流）,特征化合成数据,夏季商业制冷与冷链负荷,2.0,0.25,10.965563256573219,7.237193616268031,11.0622219435837,5.644440743941924,1.5160377092753505,0.0,18.222700396800974,2.676994263180167,14.574299306463594,4.007912924861679,0.0,0.1800468135167239,0.11813686627388878,0.2801440469751946,0.17170370868554657,0.8029768068409202,0.6335969122883913,37.275943444591555,11.726681705988433,16.786320235967644,0.62,0.55,0.68,23.246836227693784,6.449674938293639,11.414697760457999,1.0,1.659117495562065,4.100353778905071,0.33186665830751094,0.0,0.4709434142385659,52.0,7.8,52.0,40.0,45.0,50.0
2,summer_commercial,夏季商业制冷日,75.0,县级区域特征化县域综合能源系统（非实测线路潮流）,特征化合成数据,夏季商业制冷与冷链负荷,2.25,0.25,11.014951931452327,7.2596193172584895,11.098370983316965,5.648404257304794,1.519157171837129,0.0,18.265932412458888,2.682731862117067,14.608150191992088,4.07079021001585,0.0,0.18009194329056738,0.118187724707593,0.2802315818915555,0.17096073597983846,0.7884952586843589,0.6330428563288996,37.42379561511246,11.948105637502795,16.77086066604266,0.62,0.55,0.68,23.346929077314325,6.571458100626538,11.40418525290901,1.0,1.662968310106899,4.1166175176623705,0.33295112949950895,0.0,0.47295775146763175,52.0,7.8,52.0,40.0,45.0,50.25
2,summer_commercial,夏季商业制冷日,75.0,县级区域特征化县域综合能源系统（非实测线路潮流）,特征化合成数据,夏季商业制冷与冷链负荷,2.5,0.25,11.074052259322116,7.286974232144823,11.138411922711214,5.6530659912318635,1.5227941808836123,0.0,18.314272094826688,2.6891760289414757,14.64600986241035,4.0936252496630035,0.0,0.18017563258053526,0.1182556998629015,0.2803670722282086,0.1704277569313095,0.7965423918665545,0.6327714531617074,37.53449093943543,12.025989349305013,16.693555366758467,0.62,0.55,0.68,23.41029955265441,6.614294142117758,11.351617649395758,1.0,1.667524046209468,4.128794003337897,0.3341523576813364,0.0,0.46150462734990355,52.0,7.8,52.0,40.0,45.0,50.5
2,summer_commercial,夏季商业制冷日,75.0,县级区域特征化县域综合能源系统（非实测线路潮流）,特征化合成数据,夏季商业制冷与冷链负荷,2.75,0.25,11.144905762535354,7.320114005388202,11.182528786169541,5.658525050714976,1.5270159424802652,0.0,18.368069779364784,2.696381470814699,14.688155475412913,4.188015823249341,0.0,0.18032630699699292,0.11834587854224643,0.2805736476231158,0.17010705383806982,0.7836507992603959,0.6328290072117316,37.92557618105084,12.358824819806053,16.704535921895136,0.62,0.55,0.68,23.660822743921813,6.79735365089333,11.359084426888693,1.0,1.6729140521078945,4.1718133799155925,0.33547586358508624,0.0,0.46981403680439937,52.0,7.8,52.0,40.0,45.0,50.75
2,summer_commercial,夏季商业制冷日,75.0,县级区域特征化县域综合能源系统（非实测线路潮流）,特征化合成数据,夏季商业制冷与冷链负荷,3.0,0.25,11.230056998906337,7.359986186762286,11.230876344793565,5.664889816546321,1.5318947933621572,0.0,18.42766095470204,2.70440218289324,14.734853042389569,4.265103413652822,0.0,0.18058963595055189,0.11846462311350205,0.28088386497110035,0.16999999999999998,0.7422379998166776,0.6332821911929735,37.832069019427394,12.629182734014028,16.783268119453446,0.62,0.55,0.68,23.628977423351614,6.946050503707716,11.412622321228344,1.0,1.6792948217096582,4.161527592137014,0.33692629034380694,0.0,0.45396402629473903,52.0,7.8,52.0,40.0,45.0,51.0
2,summer_commercial,夏季商业制冷日,75.0,县级区域特征化县域综合能源系统（非实测线路潮流）,特征化合成数据,夏季商业制冷与冷链负荷,3.25,0.25,11.332529407312236,7.407626721703788,11.283573751014043,5.672277899340465,1.5375079216242937,0.0,18.4933595719788,2.713290614760313,14.786352222793244,4.342479966194276,0.0,0.181036281601931,0.11861981497916076,0.281342684819739,0.17010705383806982,0.7387410914446728,0.6342262138455409,38.05878396937058,12.899808244123804,16.73230792191307,0.62,0.55,0.68,23.7726527981596,7.094894534268093,11.377969386900888,1.0,1.6868486810644594,4.186466236630764,0.33850721253042126,0.0,0.44993382763831463,52.0,7.8,52.0,40.0,45.0,51.25
2,summer_commercial,夏季商业制冷日,75.0,县级区域特征化县域综合能源系统（非实测线路潮流）,特征化合成数据,夏季商业制冷与冷链负荷,3.5,0.25,11.455724659642602,7.46415262514529,11.340698250922879,5.6808158883837745,1.5439369336234074,0.0,18.56545107293006,2.7230967754169746,14.842880891938746,4.401190070621075,0.0,0.1817713642893209,0.11882112143762404,0.2820109909883274,0.1704277569313095,0.7369640539452564,0.6357946757212085,38.38173939214825,13.102914826779141,16.752254558570325,0.62,0.55,0.68,23.975555385407063,7.206603154728528,11.391533099827821,1.0,1.6957785941654149,4.221991333136307,0.34022094752768633,0.0,0.44010060355248365,52.0,7.8,52.0,40.0,45.0,51.5
2,summer_commercial,夏季商业制冷日,75.0,县级区域特征化县域综合能源系统（非实测线路潮流）,特征化合成数据,夏季商业制冷与冷链负荷,3.75,0.25,11.603225031301811,7.530750247326735,11.402279176656377,5.690638862842514,1.5512672503706577,0.0,18.644185289869547,2.733867291591962,14.90463960010341,4.504150568055654,0.0,0.18294492505348608,0.1190802811046671,0.2829695771446548,0.17096073597983846,0.7489340951829214,0.6381705402854438,38.73099322924386,13.46311197843405,16.728948634310207,0.62,0.55,0.68,24.18704720340322,7.404711588138728,11.375685071330942,1.0,1.7062980576684281,4.260409255216825,0.3420683752996913,0.0,0.4329000856041488,52.0,7.8,52.0,40.0,45.0,51.75
2,summer_commercial,夏季商业制冷日,75.0,县级区域特征化县域综合能源系统（非实测线路潮流）,特征化合成数据,夏季商业制冷与冷链负荷,4.0,0.25,11.778486317705907,7.608658613399654,11.468292439563575,5.701889633840963,1.5595873187619862,0.0,18.729769392166524,2.7456444369666393,14.971796057471446,4.61390381847334,0.0,0.18476186274073983,0.11941140039645429,0.28432342781142006,0.17170370868554657,0.7562661172523165,0.641597001166303,39.34894016737738,13.84652475138895,16.73406352782554,0.62,0.55,0.68,24.569054912243843,7.615588613263923,11.379163198921368,1.0,1.7186154555413666,4.328383418411511,0.34404877318690724,0.0,0.4207491288336878,52.0,7.8,52.0,40.0,45.0,52.0
2,summer_commercial,夏季商业制冷日,75.0,县级区域特征化县域综合能源系统（非实测线路潮流）,特征化合成数据,夏季商业制冷与冷链负荷,4.25,0.25,11.984422890036079,7.699147436960092,11.538655756972883,5.71471768814865,1.5689876259172395,0.0,18.82236107103877,2.7584651524052957,15.0444797929071,4.680866072812155,0.0,0.18748886089008404,0.11983125050059483,0.2862059995421768,0.17265349352524473,0.7851189237513289,0.6463862465334269,39.85809498564679,14.075967446768429,16.861687411473337,0.62,0.55,0.68,24.871631404908612,7.741782095722637,11.46594743980187,1.0,1.7329129488890627,4.384390448421146,0.34615967270918646,0.0,0.41607222082126594,52.0,7.8,52.0,40.0,45.0,52.25
2,summer_commercial,夏季商业制冷日,75.0,县级区域特征化县域综合能源系统（非实测线路潮流）,特征化合成数据,夏季商业制冷与冷链负荷,4.5,0.25,12.222905988963843,7.803489574041356,11.613224849628951,5.729277807833476,1.5795595087182277,0.0,18.922062166180652,2.77236007928351,15.122777143724495,4.74039797198215,0.0,0.19145488987766246,0.12035955086472266,0.2887830668278333,0.17380602337443565,0.812342769258757,0.6529233477019862,40.12778097590001,14.27762512780782,16.896194340142834,0.62,0.55,0.68,25.028495035819564,7.852693820294301,11.489412151297127,1.0,1.749320952714501,4.414055907349001,0.3483967454888685,0.0,0.4072063460104104,52.0,7.8,52.0,40.0,45.0,52.5
2,summer_commercial,夏季商业制冷日,75.0,县级区域特征化县域综合能源系统（非实测线路潮流）,特征化合成数据,夏季商业制冷与冷链负荷,4.75,0.25,12.494219088984362,7.922927899143108,11.691790841933535,5.745728345355169,1.5913937553560473,0.0,19.02891294264475,2.787352629374285,15.206726737569959,4.854512121970169,0.0,0.1970412849346193,0.12101922165231094,0.29225554896805306,0.1751563629233656,0.8217320359049441,0.6616619603413557,40.55459801469031,14.672867779920237,17.026439988139902,0.62,0.55,0.68,25.296038867188283,8.07007727895613,11.577979191935134,1.0,1.767890389618384,4.461005781615935,0.3507537252580061,0.0,0.3985245199418335,52.0,7.8,52.0,40.0,45.0,52.75
2,summer_commercial,夏季商业制冷日,75.0,县级区域特征化县域综合能源系统（非实测线路潮流）,特征化合成数据,夏季商业制冷与冷链负荷,5.0,0.25,12.796536288141432,8.058636846079724,11.774079081845699,5.764229140256898,1.6045790012890015,0.0,19.142887223391597,2.803458115351306,15.296315625388658,4.8989173507997466,0.0,0.20465755566972235,0.12183658405036155,0.29686059796956804,0.17669872981077805,0.8222264843136334,0.673108516208503,40.84404722106489,14.817695711954194,17.199885059917445,0.62,0.55,0.68,25.486637372994284,8.149732641574808,11.695921840743864,1.0,1.788566018390998,4.492845194317138,0.35322237245537097,0.0,0.3796008785298263,52.0,7.8,52.0,40.0,45.0,53.0
2,summer_commercial,夏季商业制冷日,75.0,县级区域特征化县域综合能源系统（非实测线路潮流）,特征化合成数据,夏季商业制冷与冷链负荷,5.25,0.25,13.125506155735758,8.211679157787081,11.859749570865027,5.784939071873083,1.6191999284026473,0.0,19.263888571140757,2.820682965689541,15.39147621553548,5.005964539718032,0.0,0.21470035928935963,0.12284148401967926,0.3028701294742348,0.17842651938487275,0.8463585680621355,0.6877923905889918,41.53337356751207,15.184690810198957,17.277441306743228,0.62,0.55,0.68,25.913741690247953,8.351579945609426,11.748660088585396,1.0,1.8111649614654068,4.568671092426328,0.3557924871259508,0.009170696613219731,0.3757264955956985,52.0,7.8,52.0,40.0,45.0,53.25
2,summer_commercial,夏季商业制冷日,75.0,县级区域特征化县域综合能源系统（非实测线路潮流）,特征化合成数据,夏季商业制冷与冷链负荷,5.5,0.25,13.474029012707208,8.382958720924528,11.948399156547936,5.808013252255753,1.6353352832366128,0.0,19.391747692040305,2.8390240465038428,15.492084142977697,5.0274883295057045,0.0,0.2274956883336088,0.12406731236663851,0.310585949553359,0.18033233298543824,0.8655866703909364,0.7062213364200223,42.175154142685216,15.24459613693805,17.462276258086227,0.62,0.55,0.68,26.31815316924247,8.384527875315928,11.874347855498636,1.0,1.8353648346788716,4.639266955695374,0.3584519746964381,0.01969735943319946,0.37466777525004774,52.0,7.8,52.0,40.0,45.0,53.5
2,summer_commercial,夏季商业制冷日,75.0,县级区域特征化县域综合能源系统（非实测线路潮流）,特征化合成数据,夏季商业制冷与冷链负荷,5.75,0.25,13.832305981408865,8.573170709502556,12.039565590614624,5.833599874704633,1.6530557377363582,0.0,19.526221203055616,2.8584681106225878,15.597957184095568,5.12628489021647,0.0,0.24322817793481943,0.12555089224037952,0.3203307019486729,0.18240800962605114,0.8780263805049522,0.7288242333718358,42.84019038549987,15.578738812312697,17.563527534207523,0.62,0.55,0.68,26.745365916468685,8.568306346771983,11.943198723261117,1.0,1.8607054034648987,4.712420942404985,0.36118696771843867,0.0424785256143156,0.36978045737508686,52.0,7.8,52.0,40.0,45.0,53.75
2,summer_commercial,夏季商业制冷日,75.0,县级区域特征化县域综合能源系统（非实测线路潮流）,特征化合成数据,夏季商业制冷与冷链负荷,6.0,0.25,14.188211516811846,8.782750609618112,12.132733495601082,5.861836745664072,1.6724216238937528,0.0,19.66699186515891,2.8789913909482885,15.70885529704345,5.17023497377651,0.0,0.2618659705891781,0.12733220470161175,0.3324340609526043,0.1846446609406726,0.9011965139819808,0.7558865433472278,43.41299407841411,15.715186220794672,17.644875103323486,0.62,0.55,0.68,27.113201033295148,8.64335242143707,11.998515070259971,1.0,1.8866063610780537,4.775429348625552,0.36398200486803245,0.07037992628434098,0.3987371724882423,52.0,7.8,52.0,40.0,45.0,54.0
2,summer_commercial,夏季商业制冷日,75.0,县级区域特征化县域综合能源系统（非实测线路潮流）,特征化合成数据,夏季商业制冷与冷链负荷,6.25,0.25,14.527999227786704,9.011824024409306,12.227342213542741,5.892847541038627,1.6934805816070466,0.0,19.813670336188416,2.900559350965632,15.824481830613632,5.181286078686039,0.0,0.2830937729120657,0.1294539242493043,0.3472139419299358,0.18703270924499654,0.934782283167482,0.787487097286012,44.15739775339903,15.732256323977428,17.703554757588392,0.62,0.55,0.68,27.585508688829574,8.652740978187586,12.038417235160107,1.0,1.9124017320611768,4.857313752873893,0.36682026640628224,0.10024436439252202,0.4325349172371693,52.0,7.8,52.0,40.0,45.0,54.25
2,summer_commercial,夏季商业制冷日,75.0,县级区域特征化县域综合能源系统（非实测线路潮流）,特征化合成数据,夏季商业制冷与冷链负荷,6.5,0.25,14.837299198464097,9.260159442097738,12.322795433355283,5.926737841814067,1.7162651668298874,0.0,19.965798441999237,2.923126600231741,15.944485902094737,5.257267952428005,0.0,0.30626928689909055,0.13196073947815107,0.3649529942449952,0.18956192854956397,0.9693135348648835,0.8234470435900311,45.09304782046715,15.979289982333926,17.6831091178018,0.62,0.55,0.68,28.18016230066344,8.78860949028366,12.024514200105223,1.0,1.937388826984177,4.960235260251387,0.3696838630006585,0.14430895209212607,0.44479576092659684,52.0,7.8,52.0,40.0,45.0,54.5
2,summer_commercial,夏季商业制冷日,75.0,县级区域特征化县域综合能源系统（非实测线路潮流）,特征化合成数据,夏季商业制冷与冷链负荷,6.75,0.25,15.102312561332887,9.527126367008094,12.418472412072257,5.963591017812332,1.7407904742722486,0.0,20.122853904156838,2.9466369769947853,16.068465898210984,5.304889090444841,0.0,0.3304178258312285,0.13489843965175155,0.3858712562536803,0.1922214883490199,1.034937107749812,0.8633020555156333,45.9562322317329,16.123069727324463,17.84197272879874,0.62,0.55,0.68,28.714505032385144,8.867688350028455,12.132541455583144,1.0,1.960887054192816,5.055185545490619,0.3725541723621677,0.18609936252570974,0.4649761074236977,52.0,7.8,52.0,40.0,45.0,54.75
2,summer_commercial,夏季商业制冷日,75.0,县级区域特征化县域综合能源系统（非实测线路潮流）,特征化合成数据,夏季商业制冷与冷链负荷,7.0,0.25,15.311066222788588,9.811661340673462,12.513740522191886,6.003464041952302,1.7670518352263433,0.0,20.28425639937053,2.9710237939642363,16.19597400475162,5.326838340839209,0.0,0.35427584207169344,0.1383127560824312,0.4100965381623322,0.195,1.0861459006933323,0.9063066273623559,46.46735361978992,16.173185311222436,18.25467748864639,0.62,0.55,0.68,29.042655413202237,8.89525192117234,12.413180692279546,1.0,1.9822997541523018,5.111408898176891,0.37541221566575655,0.22557389583677265,0.4970710442900892,88.0,13.2,88.0,40.0,45.0,55.0
2,summer_commercial,夏季商业制冷日,75.0,县级区域特征化县域综合能源系统（非实测线路潮流）,特征化合成数据,夏季商业制冷与冷链负荷,7.25,0.25,15.454567176677592,10.11224439645156,12.607968776886102,6.046383329976434,1.795022656174443,0.0,20.449374763036978,2.9962102369804677,16.32652162219649,5.322974440643893,0.0,0.37638640132848006,0.14224795782605748,0.4376347785436305,0.19788556548904995,1.1572409602479032,0.951474491950071,47.270612530939815,16.129141771908493,18.588548363788217,0.62,0.55,0.68,29.541764865779058,8.871027974549673,12.640212887375988,1.0,2.0011710507612794,5.199767378403379,0.378239063306583,0.27336924205839014,0.47286700072486176,88.0,13.2,88.0,40.0,45.0,55.25
2,summer_commercial,夏季商业制冷日,75.0,县级区域特征化县域综合能源系统（非实测线路潮流）,特征化合成数据,夏季商业制冷与冷链负荷,7.5,0.25,15.527698394151825,10.426888378998203,12.70054191093976,6.0923407116461,1.8246524673583497,0.0,20.617535089944212,3.022109900227906,16.45958547904667,5.271888491302032,0.0,0.39523953379082516,0.14674521415945654,0.46834319592628965,0.20086582838174552,1.2211772843652997,0.997652619897093,47.63042179976809,15.914513536592287,18.975781601738735,0.62,0.55,0.68,29.771384219446823,8.752982445125758,12.90353148918234,1.0,2.0172298432433005,5.239346397974489,0.3810162573281928,0.3254621512390395,0.4571783419017846,88.0,13.2,88.0,40.0,45.0,55.5
2,summer_commercial,夏季商业制冷日,75.0,县级区域特征化县域综合能源系统（非实测线路潮流）,特征化合成数据,夏季商业制冷与冷链负荷,7.75,0.25,15.52972842191521,10.753143307173115,12.790874532445669,6.141289648305275,1.8558652521421384,0.0,20.788029432893083,3.0486274360597,16.594614214392497,5.259208617761091,0.0,0.40944004406941015,0.1518407512250093,0.5019094203270188,0.20392802673484192,1.2731332342438917,1.0436193396271614,48.18894135543463,15.835177501825303,19.2901031462635,0.62,0.55,0.68,30.131420374765415,8.709347626003916,13.117270139459182,1.0,2.0304145704415606,5.300783549097809,0.38372623597337,0.3795099509389611,0.4445964832990052,88.0,13.2,88.0,40.0,45.0,55.75
2,summer_commercial,夏季商业制冷日,75.0,县级区域特征化县域综合能源系统（非实测线路潮流）,特征化合成数据,夏季商业制冷与冷链负荷,8.0,0.25,15.464360295347765,11.088117559811154,12.878424812916375,6.1931418178771125,1.8885581275123642,0.0,20.960124758305852,3.075659292820565,16.731035169257993,5.146089760752207,0.0,0.4178774111665697,0.15756384648939167,0.5378398393612314,0.20705904774487396,1.3162285681312085,1.0881916084717282,48.70763645561615,15.395349829892186,19.81620463424394,0.62,0.55,0.68,30.47086449871239,8.467442406440703,13.475019151285881,1.0,2.0408750534341014,5.357840010117776,0.38635274438749123,0.4271560513428238,0.4399246239199402,88.0,13.2,88.0,40.0,45.0,56.0
2,summer_commercial,夏季商业制冷日,75.0,县级区域特征化县域综合能源系统（非实测线路潮流）,特征化合成数据,夏季商业制冷与冷链负荷,8.25,0.25,15.339312754053797,11.42851712035285,12.962707155780647,6.247764191248742,1.922600443223189,0.0,21.13307179025258,3.103094510627553,16.86826110510352,5.091493549923141,0.0,0.41986922511788133,0.16393472143466806,0.5754600530845184,0.2102454838991936,1.379591964224713,1.1303239616997929,49.23386806442515,15.162872624439524,20.571875131557135,0.62,0.55,0.68,30.799975143824064,8.33957994344174,13.988875089458853,1.0,2.048951091070366,5.415725487086767,0.3888812146734194,0.47856519515130014,0.42172140628686877,88.0,13.2,88.0,40.0,45.0,56.25
2,summer_commercial,夏季商业制冷日,75.0,县级区域特征化县域综合能源系统（非实测线路潮流）,特征化合成数据,夏季商业制冷与冷链负荷,8.5,0.25,15.165495458486799,11.770703439166885,13.043303278890782,6.304976723146637,1.9578333617716144,0.0,21.306113363809033,3.1308155432230436,17.005696559916483,5.0242713267543735,0.0,0.4152525118512524,0.1709624091442977,0.6139295676597961,0.2134736903889974,1.4349148224145187,1.1691830649061188,49.55827728094493,14.88379708494197,21.142561851902943,0.62,0.55,0.68,31.00566778919497,8.186088396718084,14.376942059294002,1.0,2.0551309174142096,5.451410500903942,0.39129909836672344,0.5257105877047163,0.4294195657383969,88.0,13.2,88.0,40.0,45.0,56.5
2,summer_commercial,夏季商业制冷日,75.0,县级区域特征化县域综合能源系统（非实测线路潮流）,特征化合成数据,夏季商业制冷与冷链负荷,8.75,0.25,14.95589706842274,12.110769680878416,13.119871168558655,6.364550775640581,1.9940699735316383,0.0,21.47849191773087,3.158699074019303,17.14274355946943,4.9721226237768725,0.0,0.40440605326845586,0.17864268797677899,0.6522716945601413,0.21672984353849284,1.5067517662360939,1.2041869482047085,50.09103917754195,14.657235594606897,21.726732579619796,0.62,0.55,0.68,31.32644514321434,8.061479577033793,14.774178154141461,1.0,2.0599954861748597,5.510014309529614,0.3935961350567596,0.5740072605821718,0.43024175656737,88.0,13.2,88.0,40.0,45.0,56.75
2,summer_commercial,夏季商业制冷日,75.0,县级区域特征化县域综合能源系统（非实测线路潮流）,特征化合成数据,夏季商业制冷与冷链负荷,9.0,0.25,14.724340407256731,12.444634246080303,13.19215141257412,6.426208383100325,2.031095991035345,0.0,21.649455786709787,3.1866167964947287,17.278806424819543,4.8700170531819404,0.0,0.38819956323346444,0.18695618406691347,0.689418147850411,0.22,1.5540337053764945,1.2350056855964966,50.05054162168009,14.251153943384114,22.317195395516734,0.62,0.55,0.68,31.302840593704726,7.838134668861263,15.17569286895138,1.0,2.0641563125109212,5.50555957838481,0.3957645423772236,0.6253303500732138,0.4274169164645034,88.0,13.2,88.0,40.0,45.0,57.0
2,summer_commercial,夏季商业制冷日,75.0,县级区域特征化县域综合能源系统（非实测线路潮流）,特征化合成数据,夏季商业制冷与冷链负荷,9.25,0.25,14.48426710943498,12.76814952824087,13.259970498125346,6.489622453680367,2.068671053718672,0.0,21.818264005524384,3.2144361332556155,17.41329545738033,4.7709588298685635,0.0,0.36787933598267625,0.19586675269844833,0.7242661964525371,0.22327015646150716,1.5620847687376402,1.2615285282395652,50.19933607131069,13.855100871088476,23.107270555744112,0.62,0.55,0.68,31.416624335834857,7.620305479098662,15.712943977905997,1.0,2.068195007578091,5.521926967844176,0.39779911494376036,0.6734823958193792,0.4040295933467833,88.0,13.2,88.0,40.0,45.0,57.25
2,summer_commercial,夏季商业制冷日,75.0,县级区域特征化县域综合能源系统（非实测线路潮流）,特征化合成数据,夏季商业制冷与冷链负荷,9.5,0.25,14.247695559661754,13.077222929872617,13.323240766499385,6.554417984311854,2.106530659712633,0.0,21.98418941052387,3.242020874292839,17.54562933937081,4.733559857435258,0.0,0.3449114544417721,0.20532025050372663,0.7557446264227379,0.2265263096110026,1.5769281162139328,1.2838091701523742,50.36776226654809,13.67868178550727,24.118138692180533,0.62,0.55,0.68,31.53412634335955,7.523274982028999,16.400334310682762,1.0,2.0726117073063546,5.54045384932029,0.39969722299498156,0.7185092037531988,0.40772378161156897,88.0,13.2,88.0,40.0,45.0,57.5
2,summer_commercial,夏季商业制冷日,75.0,县级区域特征化县域综合能源系统（非实测线路潮流）,特征化合成数据,夏季商业制冷与冷链负荷,9.75,0.25,14.024456330119106,13.367946264551717,13.381956847194502,6.620174344007675,2.144388724825195,0.0,22.146519916027373,3.2692317230462646,17.675236158532453,4.677112145128882,0.0,0.3208102055141221,0.21524380604029084,0.7828834162799176,0.2297545161008064,1.5674564711046581,1.302004263429843,50.56043529341518,13.433957954070475,25.20522243337638,0.62,0.55,0.68,31.67765113326237,7.388676874738762,17.13955125469594,1.0,2.0777876116381875,5.56164788227567,0.40145870541583506,0.7633132353740265,0.3892206353018332,88.0,13.2,88.0,40.0,45.0,57.75
2,summer_commercial,夏季商业制冷日,75.0,县级区域特征化县域综合能源系统（非实测线路潮流）,特征化合成数据,夏季商业制冷与冷链负荷,10.0,0.25,13.821758047603364,13.63672886368265,13.43618854522113,6.686428654497108,2.181940751190348,0.0,22.30455795090859,3.295926748497892,17.801553048997047,4.607672878225471,0.0,0.2969797587686923,0.22554568497605654,0.8048811314800605,0.23294095225512604,1.536045052555029,1.3163198140169565,50.653621109127684,13.142890180897997,25.942443630128405,0.62,0.55,0.68,31.769216969092,7.2285895994938985,17.640861668487318,1.0,2.0839642810439574,5.571898322004046,0.4030856563566339,0.800394677713444,0.38258787629959656,88.0,13.2,88.0,40.0,45.0,58.0
2,summer_commercial,夏季商业制冷日,75.0,县级区域特征化县域综合能源系统（非实测线路潮流）,特征化合成数据,夏季商业制冷与冷链负荷,10.25,0.25,13.644084206682432,13.88042904028454,13.486070320856909,6.752680268444092,2.2188675697091758,0.0,22.457618159010174,3.3219617521587836,17.924024531320917,4.584422624378082,0.0,0.27459184007861787,0.23611582771342954,0.8211637628717757,0.23607197326515808,1.5534709589269702,1.3269761060400285,51.023072079608205,13.017185858410368,26.9341385910993,0.62,0.55,0.68,31.998128800862393,7.159452222125703,18.315214241947523,1.0,2.0912397102245914,5.612537928756903,0.40458210962570723,0.8272722471195761,0.3677228417850823,88.0,13.2,88.0,40.0,45.0,58.25
2,summer_commercial,夏季商业制冷日,75.0,县级区域特征化县域综合能源系统（非实测线路潮流）,特征化合成数据,夏季商业制冷与冷链负荷,10.5,0.25,13.493377205678009,14.096478086199372,13.531787673434247,6.81839631458311,2.2548396019890076,0.0,22.605023590006365,3.347190569874651,18.042099729252275,4.483762902877533,0.0,0.25451288892042506,0.24682711212296332,0.8314291553327757,0.23913417161825448,1.5872473631762731,1.3341956682251657,51.09653204826352,12.61578596197451,27.675490475478643,0.62,0.55,0.68,32.02995217297926,6.938682279085981,18.81933352332548,1.0,2.099578980584374,5.620618525308987,0.4059536302030274,0.8548664310316072,0.3754332530212948,88.0,13.2,88.0,40.0,45.0,58.5
2,summer_commercial,夏季商业制冷日,75.0,县级区域特征化县域综合能源系统（非实测线路潮流）,特征化合成数据,夏季商业制冷与冷链负荷,10.75,0.25,13.369436128256174,14.282990739455872,13.573560911182161,6.883018246991057,2.289521569660788,0.0,22.74610072783401,3.3714653391256224,18.155228733290162,4.437809605971759,0.0,0.23728359385543868,0.2575373629935046,0.8356722909347525,0.24211443451095005,1.5874285138728554,1.3382123024729033,51.346257089845665,12.410908084548328,28.750396704175767,0.62,0.55,0.68,32.18868601957604,6.825999446501581,19.550269758839523,1.0,2.1088357989382147,5.648088279883023,0.4072068273354648,0.8676895816979452,0.3425409884975617,88.0,13.2,88.0,40.0,45.0,58.75
2,summer_commercial,夏季商业制冷日,75.0,县级区域特征化县域综合能源系统（非实测线路潮流）,特征化合成数据,夏季商业制冷与冷链负荷,11.0,0.25,13.270441989687328,14.438856093728655,13.611626948260016,6.945969303480762,2.3225775623986644,0.0,22.88017381413944,3.394636772145445,18.262858465563305,4.3412342970912015,0.0,0.22314427820839497,0.2680920942169789,0.8341884025142168,0.245,1.6028903349446695,1.3392940216782419,51.75151730884329,12.026759969932073,29.857429046954373,0.62,0.55,0.68,32.43144274549539,6.614717983462641,20.303051751928976,1.0,2.118780583462544,5.6926669039727615,0.40834880844780047,0.8723945883086328,0.3262718928707438,70.0,10.5,70.0,40.0,45.0,59.0
2,summer_commercial,夏季商业制冷日,75.0,县级区域特征化县域综合能源系统（非实测线路潮流）,特征化合成数据,夏季商业制冷与冷链负荷,11.25,0.25,13.193527110222497,14.563803261131435,13.646219908200074,7.006662746906379,2.3536763613451477,0.0,23.0065590164516,3.4165544829230896,18.364428470904052,4.319621032196563,0.0,0.21209316974828513,0.27832793146246515,0.827553008660918,0.2477785116509801,1.5938511804866473,1.3377700005702295,52.01321072167834,11.912236669292591,30.87125917144951,0.62,0.55,0.68,32.59777291610908,6.551730168110925,20.992456236585667,1.0,2.1291308991574023,5.721453179384618,0.4093865972460022,0.8749121986937362,0.30649179663147413,70.0,10.5,70.0,40.0,45.0,59.25
2,summer_commercial,夏季商业制冷日,75.0,县级区域特征化县域综合能源系统（非实测线路潮流）,特征化合成数据,夏季商业制冷与冷链负荷,11.5,0.25,13.135320058074466,14.658436760164262,13.677551420646282,7.064510734197663,2.3824969025845952,0.0,23.124559057428538,3.437067421201744,18.459367109375,4.255862085218226,0.0,0.2039618865278847,0.28807662437953,0.8165802295042037,0.25043807145043606,1.5607363363235331,1.3340516454675837,52.146187270409,11.649470657204233,31.791215783026406,0.62,0.55,0.68,32.69703122460057,6.407208861462329,21.618026732457956,1.0,2.1395807787447745,5.73608059974499,0.41032654261938845,0.8826461766439965,0.3119331171027022,70.0,10.5,70.0,40.0,45.0,59.5
2,summer_commercial,夏季商业制冷日,75.0,县级区域特征化县域综合能源系统（非实测线路潮流）,特征化合成数据,夏季商业制冷与冷链负荷,11.75,0.25,13.092418964157934,14.724237585173887,13.705791567134506,7.1189336323540084,2.40873375636107,0.0,23.233458955849585,3.4560244682792973,18.547088650769332,4.180767268056601,0.0,0.19849321770552364,0.29716952066124336,0.8022628895077216,0.25296729075500346,1.5277529697746455,1.3286402032878022,52.10824736681153,11.348858933297455,32.95926079843381,0.62,0.55,0.68,32.68854672945067,6.241872413313601,22.41229734293499,1.0,2.1498265283321283,5.731907210349268,0.41117374701403514,0.9086170892291661,0.30558964337288264,70.0,10.5,70.0,40.0,45.0,59.75
2,summer_commercial,夏季商业制冷日,75.0,县级区域特征化县域综合能源系统（非实测线路潮流）,特征化合成数据,夏季商业制冷与冷链负荷,12.0,0.25,13.061768698594138,14.76352720809155,13.73105145490168,7.169369579523042,2.432102492359528,0.0,23.33252352678425,3.473275247221445,18.62699176771199,4.162813752324025,0.0,0.19540945508670923,0.30544234210896803,0.7856996799290845,0.2553553390593274,1.521740605299229,1.3221170265048505,52.27899953562738,11.255306204776668,33.96615902268597,0.62,0.55,0.68,32.7916175633083,6.190418412627167,23.09698813542646,1.0,2.1595877479304737,5.750689948919011,0.41193154364705037,0.9455568254941651,0.29882159233197364,70.0,10.5,70.0,40.0,45.0,60.0
2,summer_commercial,夏季商业制冷日,75.0,县级区域特征化县域综合能源系统（非实测线路潮流）,特征化合成数据,夏季商业制冷与冷链负荷,12.25,0.25,13.040937198469715,14.779393334761169,13.753368370720553,7.215284073631873,2.4523447998951764,0.0,23.4209972442476,3.488671193717142,18.698459888409968,4.090207480097266,0.0,0.1944638343970377,0.31274007755748295,0.7680158341812842,0.25759199037394886,1.5143352131953989,1.3151166037890039,52.58544454299787,10.969866750805657,35.049857290405555,0.62,0.55,0.68,32.97920438826653,6.033426712943112,23.83390295747578,1.0,2.1686232843634707,5.784398899729766,0.41260105112161655,0.96,0.30047633505056354,70.0,10.5,70.0,40.0,45.0,60.25
2,summer_commercial,夏季商业制冷日,75.0,县级区域特征化县域综合能源系统（非实测线路潮流）,特征化合成数据,夏季商业制冷与冷链负荷,12.5,0.25,13.02830051528454,14.775578034280047,13.772694387592276,7.256179361629174,2.469233234476344,0.0,23.498106983697795,3.50206692318912,18.760863802146034,4.04500552629757,0.0,0.19547189749004207,0.31892179119579694,0.7502842400642288,0.2596676670145618,1.5256971318598238,1.3082858280376748,53.039341323083136,10.785889982719619,35.872278391049484,0.62,0.55,0.68,33.246745226596126,5.932239490495791,24.39314930591365,1.0,2.176742546756817,5.834327545539145,0.41318083162776825,0.96,0.29356739117828745,70.0,10.5,70.0,40.0,45.0,60.5
2,summer_commercial,夏季商业制冷日,75.0,县级区域特征化县域综合能源系统（非实测线路潮流）,特征化合成数据,夏季商业制冷与冷链负荷,12.75,0.25,13.0231539344843,14.756330807681888,13.788889166874203,7.291603399816559,2.4825754689579003,0.0,23.563068035648662,3.513321915162623,18.813566811653807,4.0493016206186025,0.0,0.19832300244981288,0.32386513900277547,0.7334536455881493,0.26157348061512725,1.5261403651165955,1.3022351321516648,53.08874009473965,10.78253487221734,36.7114879303793,0.62,0.55,0.68,33.27104696451796,5.930394179719538,24.963811792657925,1.0,2.1838130040243815,5.839761410421361,0.41366667500622606,0.96,0.28147675588197996,70.0,10.5,70.0,40.0,45.0,60.75
2,summer_commercial,夏季商业制冷日,75.0,县级区域特征化县域综合能源系统（非实测线路潮流）,特征化合成数据,夏季商业制冷与冷链负荷,13.0,0.25,13.025768209732236,14.726231169993511,13.801717521347303,7.321158160333602,2.4922179382602434,0.0,23.61509361994115,3.522302517838978,18.85593260008517,4.042369053250479,0.0,0.2029744745328078,0.3274703915964078,0.718289676431383,0.26330127018922195,1.5128298356864638,1.2974879162561688,53.13479430874836,10.743132755489095,37.561991099477815,0.62,0.55,0.68,33.303105889554544,5.908723015519002,25.542153947644916,1.0,2.1897647696838263,5.84482737396232,0.4140515256404191,0.96,0.2607809699006995,75.60000000000001,11.340000000000002,75.60000000000001,40.0,45.0,61.0
2,summer_commercial,夏季商业制冷日,75.0,县级区域特征化县域综合能源系统（非实测线路潮流）,特征化合成数据,夏季商业制冷与冷链负荷,13.25,0.25,13.037406863655322,14.689987278441514,13.81085208825159,7.344507070676325,2.4980487811074754,0.0,23.65340794003539,3.5288842551555737,18.887335832015264,4.02927373010743,0.0,0.20943208902271285,0.3296637789013064,0.705332918668949,0.26484363707663444,1.4958705046214915,1.294434299418484,53.01161909116829,10.685944228049925,38.31604880375769,0.62,0.55,0.68,33.2341984230775,5.877269325427459,26.05491318655523,1.0,2.194593027572605,5.831278100028512,0.41432556264754766,0.9539082513539624,0.27263053482756194,75.60000000000001,11.340000000000002,75.60000000000001,40.0,45.0,61.25
2,summer_commercial,夏季商业制冷日,75.0,县级区域特征化县域综合能源系统（非实测线路潮流）,特征化合成数据,夏季商业制冷与冷链负荷,13.5,0.25,13.060314374988376,14.65221892820288,13.815881215722763,7.361381391955426,2.5,0.0,23.677262607678188,3.532954396438708,18.907175345345422,4.006024891688458,0.0,0.217721019296692,0.3304,0.6948765289923212,0.2661939766255643,1.4770341176576058,1.2932940409454434,53.15619317606133,10.596837072614372,38.92395512731095,0.62,0.55,0.68,33.334372657155754,5.828260389937905,26.468289486571447,1.0,2.1983587495703922,5.847181249366746,0.41447643647168286,0.9254445103222743,0.2705371833036182,75.60000000000001,11.340000000000002,75.60000000000001,40.0,45.0,61.5
2,summer_commercial,夏季商业制冷日,75.0,县级区域特征化县域综合能源系统（非实测线路潮流）,特征化合成数据,夏季商业制冷与冷链负荷,13.75,0.25,13.097677678135534,14.617234728265517,13.816321904003782,7.371585366938083,2.4980487811074754,0.0,23.685956052049338,3.534414726372953,18.914889623087085,4.015575184146588,0.0,0.22785143227483043,0.3296637789013064,0.6869639364432613,0.2673465064747553,1.4793222053845898,1.2940919307313465,53.11326943258784,10.629284193543556,39.40484525234994,0.62,0.55,0.68,33.30713921159737,5.846106306448957,26.795294771597963,1.0,2.201187792121069,5.842459637584662,0.41448965712011343,0.8881635014693491,0.27857776770188464,75.60000000000001,11.340000000000002,75.60000000000001,40.0,45.0,61.75
2,summer_commercial,夏季商业制冷日,75.0,县级区域特征化县域综合能源系统（非实测线路潮流）,特征化合成数据,夏季商业制冷与冷链负荷,14.0,0.25,13.153556316098719,14.588814338369328,13.811637378607154,7.375,2.4922179382602434,0.0,23.678855316867395,3.533184431850112,18.909974070860954,4.046237112794923,0.0,0.2397828442300811,0.3274703915964078,0.6814054052802366,0.26829629131445343,1.4946518618836404,1.2966474146347555,53.05497709545065,10.741563871100283,39.8759213832831,0.62,0.55,0.68,33.26404905944631,5.907860129105156,27.11562654063251,1.0,2.2032681106027865,5.8360474804995714,0.4143491213582146,0.8524940968000546,0.2842529308437395,75.60000000000001,11.340000000000002,75.60000000000001,40.0,45.0,62.0
2,summer_commercial,夏季商业制冷日,75.0,县级区域特征化县域综合能源系统（非实测线路潮流）,特征化合成数据,夏季商业制冷与冷链负荷,14.25,0.25,13.232771063136221,14.570007179996383,13.8012586214009,7.371585366938083,2.4825754689579003,0.0,23.655419457296883,3.529203003787701,18.891999477909142,4.034420625149769,0.0,0.2533912813865018,0.32386513900277547,0.6778107130201492,0.26903926402016154,1.4954829396100353,1.3005789289593293,53.00839667729248,10.7065364692225,40.230995444068384,0.62,0.55,0.68,33.238585446322446,5.888595058072376,27.357076901966504,1.0,2.204844561829065,5.830923634502173,0.41403775864202697,0.8132868360137883,0.30532530565114296,75.60000000000001,11.340000000000002,75.60000000000001,40.0,45.0,62.25
2,summer_commercial,夏季商业制冷日,75.0,县级区域特征化县域综合能源系统（非实测线路潮流）,特征化合成数据,夏季商业制冷与冷链负荷,14.5,0.25,13.340737782408976,14.562958938621975,13.784608962353852,7.361381391955426,2.469233234476344,0.0,23.61522358878562,3.5224330376192348,18.86063091654064,4.099729557946866,0.0,0.26844318364752034,0.31892179119579694,0.6756340831909542,0.26957224306869054,1.509938493564591,1.3053224422570484,52.9669793959618,10.951275229945322,40.47847394655135,0.62,0.55,0.68,33.20868780174332,6.0232013764699275,27.525362283654918,1.0,2.2062106206179957,5.826367733555798,0.41353826887061557,0.7759512295900762,0.3076774735269449,75.60000000000001,11.340000000000002,75.60000000000001,40.0,45.0,62.5
2,summer_commercial,夏季商业制冷日,75.0,县级区域特征化县域综合能源系统（非实测线路潮流）,特征化合成数据,夏季商业制冷与冷链负荷,14.75,0.25,13.483233299749033,14.568776392509832,13.761130653205921,7.344507070676325,2.4523447998951764,0.0,23.557982523777422,3.512862807083388,18.815646246206786,4.1575650102047845,0.0,0.2845797024325819,0.31274007755748295,0.6742268610544881,0.26989294616193016,1.5383645464621003,1.3101629922546905,53.10912844422921,11.173508502034094,40.600296981957605,0.62,0.55,0.68,33.2840366088703,6.145429676118752,27.608201947731175,1.0,2.2076963458747456,5.842004128865214,0.4128339195961776,0.7457668061797517,0.31468093130595937,75.60000000000001,11.340000000000002,75.60000000000001,40.0,45.0,62.75
2,summer_commercial,夏季商业制冷日,75.0,县级区域特征化县域综合能源系统（非实测线路潮流）,特征化合成数据,夏季商业制冷与冷链负荷,15.0,0.25,13.666083445248145,14.58743961931447,13.730312216287354,7.321158160333602,2.432102492359528,0.0,23.48357286898048,3.500508483133627,18.756953341089893,4.2181695865951365,0.0,0.301314403630918,0.30544234210896803,0.6728932366883424,0.27,1.5347694632684743,1.3142774416248049,53.33964800485175,11.409637446941902,40.54472757587428,0.62,0.55,0.68,33.433302137406436,6.275300595818047,27.570414751594516,1.0,2.209652109115172,5.867361280533693,0.4119093664886206,0.7115618478671595,0.321994536327051,75.60000000000001,11.340000000000002,75.60000000000001,40.0,45.0,63.0
2,summer_commercial,夏季商业制冷日,75.0,县级区域特征化县域综合能源系统（非实测线路潮流）,特征化合成数据,夏季商业制冷与冷链负荷,15.25,0.25,13.894770107072713,14.617768479479995,13.69171529576672,7.291603399816559,2.40873375636107,0.0,23.39205245194435,3.4854158738584227,18.684605159120252,4.27626163853364,0.0,0.31804627473363134,0.29716952066124336,0.6709445589113738,0.26989294616193016,1.533321427466617,1.3167861348371623,53.30514694716601,11.640576037154721,40.370589925597315,0.62,0.55,0.68,33.41531795705079,6.4023168204350975,27.452001149406176,1.0,2.2124279419081203,5.863566164188261,0.4107514588730016,0.670452159053204,0.3264869360690306,75.60000000000001,11.340000000000002,75.60000000000001,40.0,45.0,63.25
2,summer_commercial,夏季商业制冷日,75.0,县级区域特征化县域综合能源系统（非实测线路潮流）,特征化合成数据,夏季商业制冷与冷链负荷,15.5,0.25,14.17396376291249,14.657447542263387,13.644999739768254,7.256179361629174,2.3824969025845952,0.0,23.283676003982023,3.4676615724340527,18.598811817881234,4.300554360147133,0.0,0.33408834441064905,0.28807662437953,0.6677483663002955,0.26957224306869054,1.5549014925578528,1.3168105452995384,53.31105496863023,11.754323459827042,40.25965725301101,0.62,0.55,0.68,33.40562570046441,6.464877902904873,27.376566932047485,1.0,2.2163488483523954,5.864216046549325,0.40934999219304763,0.6302508520926945,0.3313706726881213,75.60000000000001,11.340000000000002,75.60000000000001,40.0,45.0,63.5
2,summer_commercial,夏季商业制冷日,75.0,县级区域特征化县域综合能源系统（非实测线路潮流）,特征化合成数据,夏季商业制冷与冷链负荷,15.75,0.25,14.506999702519424,14.703110446329843,13.589945710989277,7.215284073631873,2.3536763613451477,0.0,23.158906145966295,3.4473534180683827,18.499948938063554,4.322722665238079,0.0,0.34871028648287106,0.27832793146246515,0.6627690889606637,0.26903926402016154,1.5599473626845304,1.313533365289946,53.65737316154999,11.863707836805006,39.98740274525666,0.62,0.55,0.68,33.61393736058653,6.525039310242754,27.19143386677453,1.0,2.221687024088025,5.902311047770499,0.4076983713296783,0.5859314359619938,0.3453499057515089,75.60000000000001,11.340000000000002,75.60000000000001,40.0,45.0,63.75
2,summer_commercial,夏季商业制冷日,75.0,县级区域特征化县域综合能源系统（非实测线路潮流）,特征化合成数据,夏季商业制冷与冷链负荷,16.0,0.25,14.89532880307743,14.750481259399088,13.52647175737129,7.169369579523042,2.3225775623986644,0.0,23.018418899292996,3.4246301989264083,18.388561654066457,4.364453875461201,0.0,0.36119136073684854,0.2680920942169789,0.6555983420918394,0.26829629131445343,1.5496242949948982,1.3062569048378694,53.79336542860097,12.04585838524142,39.701122313486714,0.62,0.55,0.68,33.69737640767363,6.625222111882781,26.99676317317097,1.0,2.2286325628639805,5.917270197146107,0.40579415272113867,0.541036596164384,0.34951522329426304,142.56,21.384,142.56,40.0,45.0,64.0
2,summer_commercial,夏季商业制冷日,75.0,县级区域特征化县域综合能源系统（非实测线路潮流）,特征化合成数据,夏季商业制冷与冷链负荷,16.25,0.25,15.33798565850145,14.7945669433848,13.454647965680827,7.1189336323540084,2.289521569660788,0.0,22.863103167695623,3.399660555030794,18.26536386721126,4.345115361248219,0.0,0.3708782839729238,0.2575373629935046,0.6459737406294026,0.2673465064747553,1.5547981568401994,1.2944552861612104,54.2961552093797,12.0124528147177,39.25851041174253,0.62,0.55,0.68,33.9940966587357,6.606849048094735,26.69578707998492,1.0,2.237264834648343,5.972577073031767,0.4036394389704248,0.4933908092257628,0.3409838333737625,142.56,21.384,142.56,40.0,45.0,64.25
2,summer_commercial,夏季商业制冷日,75.0,县级区域特征化县域综合能源系统（非实测线路潮流）,特征化合成数据,夏季商业制冷与冷链负荷,16.5,0.25,15.83112623083189,14.82989178597658,13.374703558590024,7.064510734197663,2.2548396019890076,0.0,22.694053894776697,3.3726410716239634,18.131232520542294,4.36562446178427,0.0,0.3772414772557969,0.24682711212296332,0.6337861276720743,0.2661939766255643,1.5245218610891689,1.2778159213052742,54.57631199959707,12.123544552465841,38.653701772982735,0.62,0.55,0.68,34.16992580718017,6.667949503856213,26.284517205628262,1.0,2.2475271923007734,6.003394319955677,0.4012411067577007,0.45375657109210965,0.33603284222500024,142.56,21.384,142.56,40.0,45.0,64.5
2,summer_commercial,夏季商业制冷日,75.0,县级区域特征化县域综合能源系统（非实测线路潮流）,特征化合成数据,夏季商业制冷与冷链负荷,16.75,0.25,16.367692087289825,14.850761870470437,13.287028566191712,7.006662746906379,2.2188675697091758,0.0,22.512558882807266,3.343793587722172,17.98719689415963,4.388865604300108,0.0,0.37992287552824344,0.23611582771342954,0.6190759601371484,0.26484363707663444,1.5044016026916422,1.2562662791512358,54.91977740646997,12.246201507142663,38.064186493093246,0.62,0.55,0.68,34.373799277493795,6.735410828928465,25.883646815303408,1.0,2.2592079118042387,6.041175514711696,0.3986108569857513,0.40929569067578014,0.32767443463301604,142.56,21.384,142.56,40.0,45.0,64.75
2,summer_commercial,夏季商业制冷日,75.0,县级区域特征化县域综合能源系统（非实测线路潮流）,特征化合成数据,夏季商业制冷与冷链负荷,17.0,0.25,16.937257065050225,14.851545546059981,13.192169490081211,6.945969303480762,2.181940751190348,0.0,22.320079544752318,3.3133617786981593,17.834423144113853,4.366315676188664,0.0,0.3787692427280859,0.22554568497605654,0.6020202847344334,0.26330127018922195,1.4415014327042486,1.2299830350921401,55.234519441728175,12.206745702485502,37.56159371325633,0.62,0.55,0.68,34.58165420068697,6.713710136367027,25.541883725014305,1.0,2.271930211606355,6.075797138590099,0.3957650847024363,0.3591660596054394,0.31896919062337936,142.56,21.384,142.56,40.0,45.0,65.0
2,summer_commercial,夏季商业制冷日,75.0,县级区域特征化县域综合能源系统（非实测线路潮流）,特征化合成数据,夏季商业制冷与冷链负荷,17.25,0.25,17.526103797182568,14.826954612261414,13.090819165559813,6.883018246991057,2.144388724825195,0.0,22.118226137376066,3.2816071037871106,17.674194523423104,4.389626741946518,0.0,0.3738466498862274,0.21524380604029084,0.5829122366524728,0.26157348061512725,1.3981692136029997,1.1993822880955936,55.72166122825186,12.332126113281063,37.02802928852585,0.62,0.55,0.68,34.87994733717789,6.782669362304586,25.17905991619758,1.0,2.285153776193817,6.129382735107705,0.39272457496679436,0.3001597153788677,0.32325055107358447,142.56,21.384,142.56,40.0,45.0,65.25
2,summer_commercial,夏季商业制冷日,75.0,县级区域特征化县域综合能源系统（非实测线路潮流）,特征化合成数据,夏季商业制冷与冷链负荷,17.5,0.25,18.11756173522022,14.772310664871231,12.98380129879141,6.81839631458311,2.106530659712633,0.0,21.908728273087153,3.248804237616708,17.50788791859187,4.357319342862808,0.0,0.36543419745537087,0.20532025050372663,0.5621352907345805,0.2596676670145618,1.344798713066726,1.1650914444603406,56.012548199750924,12.25954328195673,36.44602557746947,0.62,0.55,0.68,35.059096126204544,6.742748805076203,24.78329739267924,1.0,2.298189417516261,6.161380301972602,0.3895140389637423,0.25374855227722815,0.3257291780760692,142.56,21.384,142.56,40.0,45.0,65.5
2,summer_commercial,夏季商业制冷日,75.0,县级区域特征化县域综合能源系统（非实测线路潮流）,特征化合成数据,夏季商业制冷与冷链负荷,17.75,0.25,18.692615981019294,14.683781813848869,12.872050395847415,6.752680268444092,2.068671053718672,0.0,21.693401718010175,3.2152361276397343,17.336947498300347,4.392955723175679,0.0,0.3539978038122754,0.19586675269844833,0.5401345943984381,0.25759199037394886,1.3224576971763427,1.12790533619112,56.45831401093102,12.429930400109965,35.64802799750975,0.62,0.55,0.68,35.31213625071902,6.836461720060481,24.24065903830663,1.0,2.3102273885920006,6.210414541202412,0.3861615118754224,0.2022823160716098,0.32529094258881075,142.56,21.384,142.56,40.0,45.0,65.75
2,summer_commercial,夏季商业制冷日,75.0,县级区域特征化县域综合能源系统（非实测线路潮流）,特征化合成数据,夏季商业制冷与冷链负荷,18.0,0.25,19.230769370474007,14.558576741148748,12.756587996795925,6.686428654497108,2.031095991035345,0.0,21.47411264232838,3.181188835452766,17.162856393913785,4.434236597687454,0.0,0.34014748071260315,0.18695618406691347,0.5173876303438241,0.2553553390593274,1.2741827530940275,1.0887308600576557,56.45886422727668,12.620446524790438,34.855625131566015,0.62,0.55,0.68,35.303233374050905,6.941245588634741,23.70182508946489,1.0,2.3203785155768815,6.210475065000435,0.38269763990387773,0.15060719205160655,0.29869893045201995,142.56,21.384,142.56,40.0,45.0,66.0
2,summer_commercial,夏季商业制冷日,75.0,县级区域特征化县域综合能源系统（非实测线路潮流）,特征化合成数据,夏季商业制冷与冷链负荷,18.25,0.25,19.71111178079266,14.395085702761358,12.638496270716306,6.620174344007675,1.9940699735316383,0.0,21.25274058825562,3.1469463285842987,16.9871074079481,4.4619888477240135,0.0,0.32458354264801875,0.17864268797677899,0.49437622304435463,0.25296729075500346,1.2682197016967565,1.048525614837669,56.61311197802556,12.762293946313228,34.18193618812129,0.62,0.55,0.68,35.362358826161525,7.019261670472276,23.24371660792248,1.0,2.327725885271307,6.2274423175828115,0.3791548881214892,0.11356318639177497,0.2666537248199017,142.56,21.384,142.56,40.0,45.0,66.25
2,summer_commercial,夏季商业制冷日,75.0,县级区域特征化县域综合能源系统（非实测线路潮流）,特征化合成数据,夏季商业制冷与冷链负荷,18.5,0.25,20.113524139478418,14.192961404826635,12.518890110770762,6.554417984311854,1.9578333617716144,0.0,21.03114145685423,3.11278539005838,16.811173773384954,4.461998010619309,0.0,0.3080383351366096,0.1709624091442977,0.471561551787004,0.25043807145043606,1.2245929972298946,1.0082364897223624,56.60970746192911,12.804409166983822,33.546397179912944,0.62,0.55,0.68,35.34700745783588,7.042425041841103,22.811550082340805,1.0,2.3313834936137368,6.227067820812202,0.37556670332312286,0.07895265734969854,0.2472746887153868,142.56,21.384,142.56,40.0,45.0,66.5
2,summer_commercial,夏季商业制冷日,75.0,县级区域特征化县域综合能源系统（非实测线路潮流）,特征化合成数据,夏季商业制冷与冷链负荷,18.75,0.25,20.41992381186487,13.953136451817752,12.398888890148088,6.489622453680367,1.922600443223189,0.0,20.811111787051644,3.0789708059893384,16.636480963601322,4.4507004274507125,0.0,0.2912201767589911,0.16393472143466806,0.4493634050070509,0.24777851165098014,1.1858955912781701,0.9687438533469195,56.527486079209844,12.805223397771817,32.754155572328976,0.62,0.55,0.68,35.28052995586456,7.0428728687745,22.272825789183706,1.0,2.330557213174422,6.218023468713083,0.3719666667044426,0.044587233000913065,0.23611741702138797,142.56,21.384,142.56,40.0,45.0,66.75
2,summer_commercial,夏季商业制冷日,75.0,县级区域特征化县域综合能源系统（非实测线路潮流）,特征化合成数据,夏季商业制冷与冷链负荷,19.0,0.25,20.6154462086356,13.677777992550384,12.279589001575207,6.426208383100325,1.8885581275123642,0.0,20.594355512187896,3.045750977199803,16.46438048250384,4.448081034818641,0.0,0.27476534528040114,0.15756384648939167,0.4281444477416163,0.245,1.1293953359221531,0.9308159841171072,56.218473629943425,12.83587107577996,31.679716182773827,0.62,0.55,0.68,35.0860445264103,7.059729091678978,21.542207004286205,1.0,2.3246028379880324,6.184032099293777,0.3683876700472562,0.019927158529234233,0.21671838124528195,142.56,21.384,142.56,40.0,45.0,67.0
2,summer_commercial,夏季商业制冷日,75.0,县级区域特征化县域综合能源系统（非实测线路潮流）,特征化合成数据,夏季商业制冷与冷链负荷,19.25,0.25,20.68945685519949,13.370183983431371,12.162038210481265,6.364550775640581,1.8558652521421384,0.0,20.382454238263982,3.0133540803443264,16.296126452768625,4.510677944497176,0.0,0.259202323709624,0.1518407512250093,0.4081998162429818,0.24211443451095008,1.1159709963356161,0.8950768592911823,55.56307418163136,13.098064775215517,30.665384651062833,0.62,0.55,0.68,34.65228083417454,7.203935626368535,20.852461562722727,1.0,2.313075926043089,6.11193815997945,0.36486114631443795,0.009159316029334355,0.23834794045006993,142.56,21.384,142.56,40.0,45.0,67.25
2,summer_commercial,夏季商业制冷日,75.0,县级区域特征化县域综合能源系统（非实测线路潮流）,特征化合成数据,夏季商业制冷与冷链负荷,19.5,0.25,20.636299627902776,13.034628869736677,12.047212713111756,6.304976723146637,1.8246524673583497,0.0,20.17684190361674,2.981984878558642,16.132855674631287,4.482671451201873,0.0,0.24493049347178397,0.14674521415945654,0.3897519363083301,0.2391341716182545,1.0669919846396796,0.861988647073182,54.787920243730625,13.035128104377282,29.75512863152044,0.62,0.55,0.68,34.16896416770957,7.169320457407506,20.2334874694339,1.0,2.2957687250107566,6.026671226810369,0.3614163813933527,0.0,0.24910076001113177,142.56,21.384,142.56,40.0,45.0,67.5
2,summer_commercial,夏季商业制冷日,75.0,县级区域特征化县域综合能源系统（非实测线路潮流）,特征化合成数据,夏季商业制冷与冷链负荷,19.75,0.25,20.455709546283863,12.676169216773264,11.935997616519531,6.247764191248742,1.795022656174443,0.0,19.978784463942716,2.9518222527654947,15.975571657804753,4.471004762258884,0.0,0.23221338979544398,0.14224795782605748,0.37295011241984355,0.23607197326515808,1.0413552569393958,0.8318485050590297,54.30844785075935,13.028855531598518,28.900515990255634,0.62,0.55,0.68,33.8574459132274,7.165870542379186,19.652350873373834,1.0,2.2727305935413717,5.973929263583528,0.3580799284955859,0.0,0.2544467164083895,142.56,21.384,142.56,40.0,45.0,67.75
2,summer_commercial,夏季商业制冷日,75.0,县级区域特征化县域综合能源系统（非实测线路潮流）,特征化合成数据,夏季商业制冷与冷链负荷,20.0,0.25,20.1528499510045,12.30042172597082,11.8291713594307,6.1931418178771125,1.7670518352263433,0.0,19.78936501253416,2.92301749409936,15.82513294509323,4.48201055094452,0.0,0.22118484928684853,0.1383127560824312,0.3578741719232368,0.23294095225512607,1.0092915270006673,0.804797825752103,53.311902301288306,13.10174955419146,27.780452316021357,0.62,0.55,0.68,33.23241650581044,7.2059622548053035,18.890707574894524,1.0,2.244269895682182,5.864309253141713,0.35487514078292104,0.0,0.27364244681489275,142.56,21.384,142.56,40.0,45.0,68.0
2,summer_commercial,夏季商业制冷日,75.0,县级区域特征化县域综合能源系统（非实测线路潮流）,特征化合成数据,夏季商业制冷与冷链负荷,20.25,0.25,19.737970326362728,11.913327043087309,11.727394384068832,6.141289648305275,1.7407904742722486,0.0,19.609474506646354,2.895693367123104,15.682245858592244,4.419792189917721,0.0,0.21186511414784542,0.13489843965175155,0.344541280911342,0.2297545161008064,0.9970979486806174,0.7808410546604749,52.30563325669013,12.911238331015333,26.642478827308164,0.62,0.55,0.68,32.592132945626375,7.101181082058434,18.116885602569553,1.0,2.2109371615111604,5.753619658235914,0.351821831522065,0.0,0.2930000801739663,142.56,21.384,142.56,40.0,45.0,68.25
2,summer_commercial,夏季商业制冷日,75.0,县级区域特征化县域综合能源系统（非实测线路潮流）,特征化合成数据,夏季商业制冷与冷链负荷,20.5,0.25,19.22571792332078,11.520912784231822,11.631202161374672,6.0923407116461,1.7162651668298874,0.0,19.43980803985066,2.869943924163834,15.547461618005409,4.415927958121955,0.0,0.20418331773262943,0.13196073947815107,0.33291497539419923,0.2265263096110026,0.9387334064071621,0.7598707111586983,51.16427038304497,12.927189182717454,25.525407675252413,0.62,0.55,0.68,31.89970363667414,7.109954050494601,17.357277219171642,1.0,2.173491147042781,5.628069742134947,0.3489360648412401,0.0,0.3137230369930912,142.56,21.384,142.56,40.0,45.0,68.5
2,summer_commercial,夏季商业制冷日,75.0,县级区域特征化县域综合能源系统（非实测线路潮流）,特征化合成数据,夏季商业制冷与冷链负荷,20.75,0.25,18.634169111584043,11.129068326507944,11.541002476848133,6.046383329976434,1.6934805816070466,0.0,19.280866388431615,2.8458350245710844,15.421177614478353,4.43505280076976,0.0,0.19800274338699517,0.1294539242493043,0.32291546364664436,0.22327015646150716,0.8991729717831178,0.74169524493335,49.96717794479549,13.023270106008486,24.592018941329833,0.62,0.55,0.68,31.16385832820102,7.162798558304668,16.722572880104288,1.0,2.132851061339908,5.4963895739275035,0.346230074305444,0.0,0.3510038720013131,142.56,21.384,142.56,40.0,45.0,68.75
2,summer_commercial,夏季商业制冷日,75.0,县级区域特征化县域综合能源系统（非实测线路潮流）,特征化合成数据,夏季商业制冷与冷链负荷,21.0,0.25,17.983671069494836,10.743342259340881,11.457076710910421,6.003464041952302,1.6724216238937528,0.0,19.132962376756478,2.8234054901172905,15.303642479792611,4.4358099495155745,0.0,0.19314570572330614,0.12733220470161175,0.31443033799936343,0.22,0.8807388669761712,0.7260667655372237,48.47327170565159,13.05177476378041,23.704412670830443,0.62,0.55,0.68,30.23343712551598,7.1784761200792255,16.1190006161647,1.0,2.090039460216931,5.332059887621675,0.3437123013273126,0.0,0.3830405316382071,142.56,21.384,142.56,40.0,45.0,69.0
2,summer_commercial,夏季商业制冷日,75.0,县级区域特征化县域综合能源系统（非实测线路潮流）,特征化合成数据,夏季商业制冷与冷链负荷,21.25,0.25,17.295598248815807,10.368771149385628,11.379584703508304,5.963591017812332,1.6530557377363582,0.0,18.996231459056993,2.802668809929215,15.19496447522526,4.423336619819606,0.0,0.18941567645829024,0.12555089224037952,0.30732496762187395,0.21672984353849287,0.8719496983726849,0.7127063503773057,47.43913631706021,13.031068948578838,22.918383936780717,0.62,0.55,0.68,29.584362053963574,7.167087921718362,15.58450107701089,1.0,2.046120995966567,5.218304994876624,0.3413875411052491,0.0,0.39525286604111337,142.56,21.384,142.56,40.0,45.0,69.25
2,summer_commercial,夏季商业制冷日,75.0,县级区域特征化县域综合能源系统（非实测线路潮流）,特征化合成数据,夏季商业制冷与冷链负荷,21.5,0.25,16.59112984864744,10.009745649848288,11.308572682495774,5.926737841814067,1.6353352832366128,0.0,18.870645807546452,2.7836152957380795,15.095122640237161,4.376652958432761,0.0,0.18661517828787932,0.12406731236663851,0.30145200754394297,0.2134736903889974,0.8269386820314764,0.7013254182133892,46.0273182738683,12.886262786089446,22.040063349697455,0.62,0.55,0.68,28.725560765152224,7.087444532349196,14.98724307779427,1.0,2.002142302176935,5.063005010125513,0.3392571804748732,0.0,0.4080832147726726,142.56,21.384,142.56,40.0,45.0,69.5
2,summer_commercial,夏季商业制冷日,75.0,县级区域特征化县域综合能源系统（非实测线路潮流）,特征化合成数据,夏季商业制冷与冷链负荷,21.75,0.25,15.890144801200037,9.669917210172176,11.243983661466974,5.892847541038627,1.6191999284026473,0.0,18.756031130908248,2.7662145810115724,15.003980089687365,4.338052204955407,0.0,0.18455883617672247,0.12284148401967926,0.29665963371041704,0.21024548389919362,0.8323816557614907,0.6916424192995054,44.94420779631268,12.768458623427998,21.301473059581294,0.62,0.55,0.68,28.040974626441244,7.0226522428854,14.485001680515282,1.0,1.959077806957808,4.943862857594395,0.3373195098440092,0.0,0.4178954145936446,142.56,21.384,142.56,40.0,45.0,69.75
2,summer_commercial,夏季商业制冷日,75.0,县级区域特征化县域综合能源系统（非实测线路潮流）,特征化合成数据,夏季商业制冷与冷链负荷,22.0,0.25,15.210311521702177,9.35214593197582,11.18566967513114,5.861836745664072,1.6045790012890015,0.0,18.652085422084212,2.7504183555188497,14.921298828801472,4.3104810247234315,0.0,0.18308168911423775,0.12183658405036155,0.2927982824148416,0.20705904774487396,0.83996396276146,0.6833947434355374,43.9302403330482,12.68824951727959,20.673444834741666,0.62,0.55,0.68,27.399366093013317,6.978537234503776,14.057942487624334,1.0,1.9177853071279487,4.832326436635301,0.33557009025393414,0.0,0.42019272282571146,62.0,9.299999999999999,62.0,40.0,45.0,70.0
2,summer_commercial,夏季商业制冷日,75.0,县级区域特征化县域综合能源系统（非实测线路潮流）,特征化合成数据,夏季商业制冷与冷链负荷,22.25,0.25,14.566424019067494,9.05848766272033,11.133405216853182,5.833599874704633,1.5913937553560473,0.0,18.558398846913864,2.736163229647546,14.84675546524782,4.27994288750428,0.0,0.182043365555862,0.12101922165231094,0.2897258220570208,0.20392802673484192,0.8161418934933121,0.6763462295227507,43.0497721301178,12.595728648442217,20.04457325400285,0.62,0.55,0.68,26.861196976229934,6.92765075664322,13.630309812721938,1.0,1.8789738556608717,4.7354749343129585,0.33400215650559545,0.0,0.41447942095806145,62.0,9.299999999999999,62.0,40.0,45.0,70.25
2,summer_commercial,夏季商业制冷日,75.0,县级区域特征化县域综合能源系统（非实测线路潮流）,特征化合成数据,夏季商业制冷与冷链负荷,22.5,0.25,13.970007574155687,8.790216369867089,11.086901269739792,5.808013252255753,1.5795595087182277,0.0,18.474474030713772,2.7233736296928206,14.779957233614109,4.265214979915067,0.0,0.18132900225654827,0.12035955086472266,0.2873112072951605,0.20086582838174552,0.8128707733777916,0.6702909605213789,42.027359742733374,12.55804717201902,19.474693269807002,0.62,0.55,0.68,26.22327412152184,6.906925944610461,13.242791423468763,1.0,1.843185098329325,4.623009571700671,0.3326070380921938,0.0,0.4147516001240064,62.0,9.299999999999999,62.0,40.0,45.0,70.5
2,summer_commercial,夏季商业制冷日,75.0,县级区域特征化县域综合能源系统（非实测线路潮流）,特征化合成数据,夏季商业制冷与冷链负荷,22.75,0.25,13.429189713014853,8.547876295826716,11.045819374464855,5.784939071873083,1.5689876259172395,0.0,18.399746072255176,2.71196463557473,14.720457804553853,4.2280398971571795,0.0,0.18084786708158976,0.11983125050059483,0.2854367561620599,0.19788556548904992,0.805874896058153,0.6650541623599965,41.648731111117606,12.43866785265082,18.99254288698426,0.62,0.55,0.68,25.98762501569686,6.841267318957952,12.914929163149298,1.0,1.8107878250750995,4.581360422222937,0.33137458123394564,0.0,0.41331223534951705,62.0,9.299999999999999,62.0,40.0,45.0,70.75
2,summer_commercial,夏季商业制冷日,75.0,县级区域特征化县域综合能源系统（非实测线路潮流）,特征化合成数据,夏季商业制冷与冷链负荷,23.0,0.25,12.948808732370972,8.331357405875728,11.00978524794961,5.764229140256898,1.5595873187619862,0.0,18.333601706968494,2.701844685127832,14.667772423530257,4.206714600842148,0.0,0.18053058166192898,0.11941140039645429,0.28399924928051967,0.195,0.810325067626453,0.6604910294086008,40.66478419891482,12.374466258015852,18.531854335885257,0.62,0.55,0.68,25.37025569080739,6.8059564419087195,12.601660948401975,1.0,1.781984331934204,4.473126261880631,0.3302935574384883,0.0,0.42603574964268043,62.0,9.299999999999999,62.0,40.0,45.0,71.0
2,summer_commercial,夏季商业制冷日,75.0,县级区域特征化县域综合能源系统（非实测线路潮流）,特征化合成数据,夏季商业制冷与冷链负荷,23.25,0.25,12.530714753909406,8.139987205333004,10.978401550785753,5.745728345355169,1.5512672503706577,0.0,18.27539714651158,2.692918083339765,14.621392006885205,4.18725110471357,0.0,0.18032568600964824,0.1190802811046671,0.28291007965179904,0.1922214883490199,0.8155480121829694,0.6564842148365522,40.049872684061974,12.315588328637277,18.079017135983772,0.62,0.55,0.68,24.981765511401534,6.7735735807505035,12.293731652468965,1.0,1.7568263292051949,4.405485995246817,0.3293520465235726,0.0,0.40647339298197693,62.0,9.299999999999999,62.0,40.0,45.0,71.25
2,summer_commercial,夏季商业制冷日,75.0,县级区域特征化县域综合能源系统（非实测线路潮流）,特征化合成数据,夏季商业制冷与冷链负荷,23.5,0.25,12.174208270260884,7.972632073124122,10.951259491787086,5.729277807833476,1.5439369336234074,0.0,18.224474233243967,2.6850872698216257,14.58079591053957,4.149974115576035,0.0,0.1801960958381208,0.11882112143762404,0.28209468634590784,0.18956192854956397,0.8174142376205384,0.6529405918966537,39.48836214007042,12.191868724632656,17.805107118480954,0.62,0.55,0.68,24.628928291415583,6.705527798547961,12.10747284056705,1.0,1.7352376346945722,4.343719835407747,0.32853778475361256,0.0,0.4094267029029566,62.0,9.299999999999999,62.0,40.0,45.0,71.5
2,summer_commercial,夏季商业制冷日,75.0,县级区域特征化县域综合能源系统（非实测线路潮流）,特征化合成数据,夏季商业制冷与冷链负荷,23.75,0.25,11.876558385707586,7.827801757402305,10.92794904964467,5.71471768814865,1.5375079216242937,0.0,18.180174659417613,2.678254812581462,14.545463174100174,4.122218470409137,0.0,0.1801158137317086,0.11861981497916076,0.28149149160536524,0.18703270924499654,0.7952544718723622,0.6497877447407479,38.849781874838285,12.101034390945971,17.493323051819615,0.62,0.55,0.68,24.24359473457962,6.655568915020285,11.895459675237339,1.0,1.7170407565104782,4.273476006232212,0.3278384714893401,0.0,0.4144981291272105,62.0,9.299999999999999,62.0,40.0,45.0,71.75
3,autumn_processing,秋季农产品加工日,60.0,县级区域特征化县域综合能源系统（非实测线路潮流）,特征化合成数据,粮食加工、仓储与冷链集中生产,0.0,0.25,10.000230459329856,5.508627751869952,11.625870429315905,5.1785218607002745,8.00707135563148,0.0,24.811463645647656,4.088794084682884,19.286799111123308,9.001923652836023,0.20000042915901994,0.20700008945084003,0.10000721175353074,0.0,0.1846446609406726,0.6966935493918661,0.48031913129306164,40.930566115074974,25.522746642736912,7.3338027525972995,0.7,0.72,0.62,28.644029927271234,18.376377582770576,4.546957706610326,1.0,2.808034635345165,4.502362272658247,0.34877611287947713,0.0,0.47136743576359497,52.0,7.8,52.0,42.5,45.0,72.0
3,autumn_processing,秋季农产品加工日,60.0,县级区域特征化县域综合能源系统（非实测线路潮流）,特征化合成数据,粮食加工、仓储与冷链集中生产,0.25,0.25,10.002573497766807,5.511389523958711,11.640018860480977,5.17937447421421,8.009844404749426,0.0,24.82923773944461,4.0912554376611485,19.30056473041897,9.012254850704048,0.20000088466333102,0.20700021940326377,0.10001045666848735,0.0,0.18240800962605114,0.6826010668977213,0.47819748336083767,40.78384190558245,25.557617499685765,7.386080879796008,0.7,0.72,0.62,28.54906607044014,18.40148459977375,4.579370145473525,1.0,2.8089009309086115,4.486222609614069,0.34920056581442926,0.0,0.48295501643561883,52.0,7.8,52.0,42.5,45.0,72.25
3,autumn_processing,秋季农产品加工日,60.0,县级区域特征化县域综合能源系统（非实测线路潮流）,特征化合成数据,粮食加工、仓储与冷链集中生产,0.5,0.25,10.009349150666443,5.514943859784401,11.656345069569939,5.1804123152455706,8.013596124629373,0.0,24.850353509444883,4.094226772511057,19.31689295510889,9.020250022204939,0.20000178879352262,0.20700052340517017,0.10001505670250135,0.0,0.18033233298543824,0.6817146338522696,0.4762302598297696,40.74434518510403,25.583463337685735,7.320515225406026,0.7,0.72,0.62,28.520071645706004,18.42009360313373,4.538719439751736,1.0,2.810217844146741,4.4818779703614435,0.34969035208709814,0.0,0.5032695982801059,52.0,7.8,52.0,42.5,45.0,72.5
3,autumn_processing,秋季农产品加工日,60.0,县级区域特征化县域综合能源系统（非实测线路潮流）,特征化合成数据,粮食加工、仓储与冷链集中生产,0.75,0.25,10.020641493680687,5.519488090340794,11.675090595162596,5.181670276630986,8.018628585602091,0.0,24.875389457395674,4.097809810045549,19.336219683762977,9.057295382227132,0.20000354784637903,0.20700121442080058,0.1000215303190446,0.0,0.17842651938487275,0.6620878979804259,0.47442666254356225,41.05578872031957,25.712173623886695,7.2857014412781576,0.7,0.72,0.62,28.75001723818096,18.51276500919842,4.517134893592457,1.0,2.8120542418908623,4.5161367592351525,0.3502527178548779,0.0,0.5181944329695013,52.0,7.8,52.0,42.5,45.0,72.75
3,autumn_processing,秋季农产品加工日,60.0,县级区域特征化县域综合能源系统（非实测线路潮流）,特征化合成数据,粮食加工、仓储与冷链集中生产,1.0,0.25,10.036583118789409,5.525259519071628,11.696506231371472,5.18318857146193,8.025321177756105,0.0,24.905015980589507,4.102125349734067,19.359048279911406,9.118362800183695,0.20000690226780407,0.20700274054318837,0.10003057420178106,0.0,0.17669872981077805,0.6676476291223573,0.4727956442758054,41.01405484511537,25.92553536596657,7.369876523188905,0.7,0.72,0.62,28.715280695470913,18.66638546349593,4.569323444377122,1.0,2.8144971174950446,4.51154603296269,0.3508951869411442,0.0,0.5225214523207545,52.0,7.8,52.0,42.5,45.0,73.0
3,autumn_processing,秋季农产品加工日,60.0,县级区域特征化县域综合能源系统（非实测线路潮流）,特征化合成数据,粮食加工、仓储与冷链集中生产,1.25,0.25,10.05738739604516,5.532540945684865,11.720849024039383,5.1850132711982955,8.03414502534278,0.0,24.94000732058046,4.10731617727583,19.385958070228057,9.179662272418263,0.20001317168119073,0.20700601506560223,0.10004311653534873,0.0,0.1751563629233656,0.6365507043408785,0.47134617029334946,41.07493902598057,26.138268236288205,7.449659936367261,0.7,0.72,0.62,28.778217995441132,18.819553130127506,4.618789160547702,1.0,2.817656037544304,4.518243292857862,0.3516254707211815,0.0,0.5189504382385397,52.0,7.8,52.0,42.5,45.0,73.25
3,autumn_processing,秋季农产品加工日,60.0,县级区域特征化县域综合能源系统（非实测线路潮流）,特征化合成数据,粮食加工、仓储与冷链集中生产,1.5,0.25,10.083391339407553,5.541666264799497,11.748378621679441,5.187196840685258,8.045678388943415,0.0,24.981253851308114,4.113550111492431,19.417613047938545,9.266815072763517,0.20002465545497108,0.20701284045314294,0.10006038327302245,0.0,0.17380602337443565,0.6486639555648447,0.470087684877874,41.558667953733476,26.441490055353153,7.37269014352631,0.7,0.72,0.62,29.107090483595915,19.03787283985427,4.571067888986312,1.0,2.8216683045519693,4.571453474910682,0.35245135865038324,0.0,0.5302753112712723,52.0,7.8,52.0,42.5,45.0,73.5
3,autumn_processing,秋季农产品加工日,60.0,县级区域特征化县域综合能源系统（非实测线路潮流）,特征化合成数据,粮食加工、仓储与冷链集中生产,1.75,0.25,10.115109715811682,5.553025929154917,11.77935297923482,5.189798655513758,8.060622557272982,0.0,25.02977419202156,4.121023078100711,19.45477040878154,9.322818182479892,0.20004526966049666,0.20702665978218746,0.10008397954363103,0.0,0.17265349352524473,0.6515565684148353,0.46903090666695546,41.55010499728833,26.631150820463052,7.330475809893322,0.7,0.72,0.62,29.0980148068784,19.174428590733395,4.54489500213386,1.0,2.8267047694474146,4.570511549701716,0.3533805893770446,0.0,0.5105367200450174,52.0,7.8,52.0,42.5,45.0,73.75
3,autumn_processing,秋季农产品加工日,60.0,县级区域特征化县域综合能源系统（非实测线路潮流）,特征化合成数据,粮食加工、仓储与冷链集中生产,2.0,0.25,10.153299311641868,5.5670720125138695,11.814023434895214,5.1928854844265695,8.079817524807646,0.0,25.086726444129432,4.12996205484189,19.49828841368662,9.392717918054235,0.2000815312047496,0.20705383554423248,0.10011598836770236,0.0,0.17170370868554657,0.638989022092481,0.46818913358482644,41.80338250183421,26.867571160124037,7.242891569324793,0.7,0.72,0.62,29.283264569404032,19.344651235289305,4.490592772981372,1.0,2.8329761014691717,4.5983720752017625,0.3544207030468564,0.0,0.5003215998090307,52.0,7.8,52.0,42.5,45.0,74.0
3,autumn_processing,秋季农产品加工日,60.0,县级区域特征化县域综合能源系统（非实测线路潮流）,特征化合成数据,粮食加工、仓储与冷链集中生产,2.25,0.25,10.199029566159561,5.5843225517373,11.852629205484138,5.196531916720409,8.104256526605523,0.0,25.15341764881007,4.140627685520985,19.549132927813154,9.522062384464952,0.2001440332922892,0.20710573478415248,0.10015908873524831,0.0,0.17096073597983846,0.6380438253417386,0.4675803050437779,41.86171376787425,27.312763058351162,7.416504588240271,0.7,0.72,0.62,29.324149264816533,19.665189402012835,4.598232844708968,1.0,2.8407391442346803,4.6047885144661675,0.35557887616452416,0.0,0.4858647712473685,52.0,7.8,52.0,42.5,45.0,74.25
3,autumn_processing,秋季农产品加工日,60.0,县级区域特征化县域综合能源系统（非实测线路潮流）,特征化合成数据,粮食加工、仓储与冷链集中生产,2.5,0.25,10.253752091964921,5.605364793957556,11.89539137376926,5.200820711933314,8.135098269852099,0.0,25.231310355554676,4.153316312367769,19.608381838096186,9.614601014278687,0.2002495883567642,0.20720197746761554,0.10021669479906908,0.0,0.1704277569313095,0.6554892914022641,0.4672301345561045,41.81571482714538,27.62220595982373,7.54229937017659,0.7,0.72,0.62,29.279388009576284,19.887988291073086,4.676225609509485,1.0,2.850302757345688,4.599728630985991,0.3568617412130778,0.0,0.47004350071992107,52.0,7.8,52.0,42.5,45.0,74.5
3,autumn_processing,秋季农产品加工日,60.0,县级区域特征化县域综合能源系统（非实测线路潮流）,特征化合成数据,粮食加工、仓储与冷链集中生产,2.75,0.25,10.319357187532734,5.630856927221694,11.942506470666501,5.205843046657778,8.173675479634962,0.0,25.32202499695924,4.168361130398072,19.677226412582733,9.76278880358614,0.20042423662733308,0.20737525304654184,0.10029311740868342,0.0,0.17010705383806982,0.6598523349762953,0.46717666676612724,42.31591723545282,28.125213476854373,7.41945534639988,0.7,0.72,0.62,29.6264220970997,20.250153703335148,4.600062314767925,1.0,2.862032279133748,4.65475089589981,0.35827519411999503,0.0,0.4813352702363465,52.0,7.8,52.0,42.5,45.0,74.75
3,autumn_processing,秋季农产品加工日,60.0,县级区域特征化县域综合能源系统（非实测线路潮流）,特征化合成数据,粮食加工、仓储与冷链集中生产,3.0,0.25,10.398200924913274,5.661527835970989,11.994139785701867,5.211698631222615,8.22149818566607,0.0,25.42733660259055,4.186132128750829,19.756968549378474,9.840819640517774,0.20070731750622073,0.20767808134313465,0.10039374840127292,0.0,0.16999999999999998,0.6544256064398741,0.4674765916285171,42.43128503582167,28.371478845000254,7.518532222149347,0.7,0.72,0.62,29.711278192195778,20.42746476840018,4.661489977732596,1.0,2.8763514831373196,4.667441353940384,0.359824193571056,0.0,0.5008733819367824,52.0,7.8,52.0,42.5,45.0,75.0
3,autumn_processing,秋季农产品加工日,60.0,县级区域特征化县域综合能源系统（非实测线路潮流）,特征化合成数据,粮食加工、仓储与冷链集中生产,3.25,0.25,10.493082784548367,5.698174401310606,12.050418569044123,5.218495667393227,8.28025004248385,0.0,25.5491642789212,4.207034457762522,19.849012788400962,9.94635967296405,0.20115675945633454,0.20819172384222062,0.10052526693149218,0.0,0.17010705383806982,0.6831873144861745,0.46821351388378074,42.65209897668432,28.70869647116249,7.560467709078665,0.7,0.72,0.62,29.846451677422483,20.670261459236993,4.687489979628772,1.0,2.89374069442745,4.691730887435275,0.3615125570713237,0.0,0.4949538700254347,52.0,7.8,52.0,42.5,45.0,75.25
3,autumn_processing,秋季农产品加工日,60.0,县级区域特征化县域综合能源系统（非实测线路潮流）,特征化合成数据,粮食加工、仓储与冷链集中生产,3.5,0.25,10.607152462632039,5.7416558654963765,12.111425316519579,5.226350617313072,8.35177592606901,0.0,25.689551859901663,4.2315048528338846,19.9548519445442,10.110441643543991,0.20185564166705766,0.209037068932719,0.10069586562510512,0.0,0.1704277569313095,0.6953312852811604,0.46950807098371206,42.99574940813405,29.24647831238044,7.785178533746812,0.7,0.72,0.62,30.07980075698073,21.057464384913917,4.826810690923024,1.0,2.9147296550716253,4.729532434894746,0.36334275949558736,0.0,0.49425040346381843,52.0,7.8,52.0,42.5,45.0,75.5
3,autumn_processing,秋季农产品加工日,60.0,县级区域特征化县域综合能源系统（非实测线路潮流）,特征化合成数据,粮食加工、仓储与冷链集中生产,3.75,0.25,10.743726880835009,5.79288480563595,12.177191353710693,5.235387753815113,8.438059113425217,0.0,25.850638220951026,4.260005763085551,20.076045285841495,10.256294101717387,0.2029198973153593,0.21038666381150897,0.1009154924615823,0.0,0.17096073597983846,0.7200339301561431,0.47152927112470266,43.2998077894805,29.709330146412988,7.989048536364422,0.7,0.72,0.62,30.27737097265175,21.39071770541735,4.953210092545941,1.0,2.939883860701236,4.762978856842855,0.36531574061132077,0.0,0.49545046754798316,52.0,7.8,52.0,42.5,45.0,75.75
3,autumn_processing,秋季农产品加工日,60.0,县级区域特征化县域综合能源系统（非实测线路潮流）,特征化合成数据,粮食加工、仓储与冷链集中生产,4.0,0.25,10.906005849727691,5.852814317999734,12.247690954873722,5.245738463133685,8.541186555136457,0.0,26.034615973143865,4.29301688007893,20.21418834279472,10.436066820059633,0.20450674979563901,0.2124761421518508,0.10119610203089346,0.0,0.17170370868554657,0.7373482463740375,0.47450567701384255,43.995392299430414,30.282122011015627,7.823104113055635,0.7,0.72,0.62,30.7551365141533,21.80312784793125,4.850324550094494,1.0,2.969783500791725,4.8394931529373455,0.3674307286462116,0.0,0.45346201483683424,52.0,7.8,52.0,42.5,45.0,76.0
3,autumn_processing,秋季农产品加工日,60.0,县级区域特征化县域综合能源系统（非实测线路潮流）,特征化合成数据,粮食加工、仓储与冷链集中生产,4.25,0.25,11.096687861144517,5.922421105353917,12.322836245310848,5.257540273096758,8.663301115661433,0.0,26.243677634069037,4.331023844040233,20.370873709481906,10.67760536655447,0.20682309978165314,0.21561219002359663,0.10155190720389393,0.0,0.17265349352524473,0.7411573621193998,0.4787341532725832,44.56009039030867,31.062885513884538,7.736110801889641,0.7,0.72,0.62,31.15198727300507,22.365277569996866,4.796388697171578,1.0,3.004994857290309,4.901609942933954,0.3696850873593254,0.0,0.4395538861517412,52.0,7.8,52.0,42.5,45.0,76.25
3,autumn_processing,秋季农产品加工日,60.0,县级区域特征化县域综合能源系统（非实测线路潮流）,特征化合成数据,粮食加工、仓储与冷链集中生产,4.5,0.25,11.317505545336891,6.0026842877241195,12.402473140380435,5.270935583206797,8.806540194919112,0.0,26.479948918506345,4.374504024705081,20.547642591396347,10.877759203775552,0.2101326351042705,0.2201731233593118,0.10199961937688362,0.0,0.17380602337443565,0.7425666517657246,0.484582988282922,44.8481189115815,31.68181115011988,7.758188336888718,0.7,0.72,0.62,31.358469570153964,22.810904028086313,4.8100767688710055,1.0,3.0460350238194054,4.933293080273965,0.372074194211413,0.0,0.4232422040142869,52.0,7.8,52.0,42.5,45.0,76.5
3,autumn_processing,秋季农产品加工日,60.0,县级区域特征化县域综合能源系统（非实测线路潮流）,特征化合成数据,粮食加工、仓储与冷链集中生产,4.75,0.25,11.568721378689224,6.094559922417775,12.486378569055232,5.286070077726755,8.972960858114199,0.0,26.745409504896188,4.423909431062567,20.745927368550316,11.113425219182647,0.2147599705087012,0.2265974776748122,0.10255866241721266,0.0,0.1751563629233656,0.7566797052533456,0.4924855650031026,45.686849939896256,32.412166637514105,7.794846079878623,0.7,0.72,0.62,31.94360472925314,23.336759979010154,4.832804569524747,1.0,3.0933319985859815,5.025553493388588,0.3745913570716569,0.0,0.44206128241809167,52.0,7.8,52.0,42.5,45.0,76.75
3,autumn_processing,秋季农产品加工日,60.0,县级区域特征化县域综合能源系统（非实测线路潮流）,特征化合成数据,粮食加工、仓储与冷链集中生产,5.0,0.25,11.848644711242066,6.198951420061325,12.574259213621621,5.3030908090363456,9.164452473978255,0.0,27.041802496636222,4.479646995536353,20.966986063660464,11.362190171280126,0.22108972818368647,0.23535618902018068,0.10325134241556064,0.0,0.17669872981077805,0.7678632120738524,0.5029207386726604,46.34511205837483,33.17264807586119,7.78297865214821,0.7,0.72,0.62,32.40699493108334,23.884306614620055,4.825446764331891,1.0,3.1471833976947314,5.097962326421231,0.37722777640864863,0.0,0.42872160452422975,52.0,7.8,52.0,42.5,45.0,77.0
3,autumn_processing,秋季农产品加工日,60.0,县级区域特征化县域综合能源系统（非实测线路潮流）,特征化合成数据,粮食加工、仓储与冷链集中生产,5.25,0.25,12.153246440496071,6.316676275220832,12.665751968884981,5.322143946123236,9.382638862291229,0.0,27.370534777299447,4.54205669627245,21.211830310245954,11.663576230767173,0.22955826109942332,0.24690541318276354,0.10410295255905022,0.0,0.17842651938487275,0.7860077231688558,0.5163770313315069,47.12943369795165,34.10332042808891,7.599599232879393,0.7,0.72,0.62,32.95677521367946,24.554390708224012,4.711751524385224,1.0,3.20771799254836,5.184237706774681,0.3799725590665494,0.0,0.437199838153161,52.0,7.8,52.0,42.5,45.0,77.25
3,autumn_processing,秋季农产品加工日,60.0,县级区域特征化县域综合能源系统（非实测线路潮流）,特征化合成数据,粮食加工、仓储与冷链集中生产,5.5,0.25,12.47595278954371,6.448429785326559,12.760426283691972,5.343372192075292,9.628773028753082,0.0,27.732571504520344,4.611388214942267,21.48114916716671,11.927830516247724,0.24063583481986098,0.2616200415836501,0.10514179014121908,0.0,0.18033233298543824,0.8224095953740181,0.5332998987587698,47.82756250776741,34.88279141323623,7.564245677519665,0.7,0.72,0.62,33.436906937434145,25.115609817530082,4.689832320062192,1.0,3.2748647405983116,5.261031875854415,0.38281278851075917,0.0,0.4194420206656242,52.0,7.8,52.0,42.5,45.0,77.5
3,autumn_processing,秋季农产品加工日,60.0,县级区域特征化县域综合能源系统（非实测线路潮流）,特征化合成数据,粮食加工、仓储与冷链集中生产,5.75,0.25,12.807690723526726,6.59474669961735,12.857788494831153,5.366911884728261,9.903628650216993,0.0,28.12832902977641,4.687777061678564,21.77523187499084,12.15490916209036,0.254797645491182,0.2797124046250423,0.1063990612206606,0.0,0.18240800962605114,0.8682604597318684,0.5540246234027865,48.3750087656846,35.51036805097514,7.616203874323304,0.7,0.72,0.62,33.8087484375697,25.5674649967021,4.722046402080449,1.0,3.3483337430835,5.321250964225306,0.3857336548449346,0.0,0.44162923209198734,52.0,7.8,52.0,42.5,45.0,77.75
3,autumn_processing,秋季农产品加工日,60.0,县级区域特征化县域综合能源系统（非实测线路潮流）,特征化合成数据,粮食加工、仓储与冷链集中生产,6.0,0.25,13.137232885936893,6.755962007398548,12.957288199185621,5.392889806010945,10.207393482115103,0.0,28.55757148731167,4.7712213150495675,22.09389333565707,12.354916293991101,0.27248314324284467,0.3011458661775548,0.10790864805221334,0.0,0.1846446609406726,0.9124752356218724,0.578701417599915,49.100282359203476,36.02197958117681,7.647542133261675,0.7,0.72,0.62,34.310166404107036,25.935825298447302,4.741476122622238,1.0,3.427612526701851,5.401031059512382,0.3887186459755686,0.00403624115688348,0.41577287542354874,52.0,7.8,52.0,42.5,45.0,78.0
3,autumn_processing,秋季农产品加工日,60.0,县级区域特征化县域综合能源系统（非实测线路潮流）,特征化合成数据,粮食加工、仓储与冷链集中生产,6.25,0.25,13.45185113683954,6.932172326468697,13.058326635822345,5.421419737755537,10.539570698547848,0.0,29.01931707212573,4.861560302775205,22.43640665336564,12.59056973356597,0.29404474812821724,0.32555783884887557,0.10970671546551213,0.0,0.18703270924499654,0.9559256069324681,0.6072232667407965,49.966481548465644,36.64190510288183,7.750686750935881,0.7,0.72,0.62,34.91461242581402,26.382171674074915,4.805425785580247,1.0,3.5119792692777665,5.496312970331221,0.39174979907467034,0.021105284900968337,0.4269096737934496,52.0,7.8,52.0,42.5,45.0,78.25
3,autumn_processing,秋季农产品加工日,60.0,县级区域特征化县域综合能源系统（非实测线路潮流）,特征化合成数据,粮食加工、仓储与冷链集中生产,6.5,0.25,13.738239998577866,7.123199570844414,13.160266967660982,5.452598814468941,10.898894746609848,0.0,29.51176052873977,4.958456666977893,22.801447432777948,12.72079966370005,0.3196890691264989,0.35220967993395413,0.11183113515097548,0.0,0.18956192854956397,0.9932032982735678,0.6391698039060062,51.04457659699509,36.86710965768844,7.791235344633329,0.7,0.72,0.62,35.67513111301107,26.544318953535676,4.830565913672664,1.0,3.6005323120736126,5.6149034256694605,0.39480800902982943,0.042451261028264436,0.4448467087937583,52.0,7.8,52.0,42.5,45.0,78.5
3,autumn_processing,秋季农产品加工日,60.0,县级区域特征化县域综合能源系统（非实测线路潮流）,特征化合成数据,粮食加工、仓储与冷链集中生产,6.75,0.25,13.983622741974894,7.32855874385238,13.262446265319886,5.486503736387345,11.283268507968318,0.0,30.032218509675545,5.061383296141138,23.18705462597982,12.889699700062323,0.349415911494491,0.3799804997059127,0.11432071156928099,0.0,0.1922214883490199,1.0583309901392943,0.6737809731611325,52.01510586550125,37.2135395347037,7.808189637392734,0.7,0.72,0.62,36.343523385914494,26.793748464986663,4.841077575183495,1.0,3.6922329146679913,5.721661645205137,0.39787338795959654,0.07288265366914873,0.4656524002177822,52.0,7.8,52.0,42.5,45.0,78.75
3,autumn_processing,秋季农产品加工日,60.0,县级区域特征化县域综合能源系统（非实测线路潮流）,特征化合成数据,粮食加工、仓储与冷链集中生产,7.0,0.25,14.176913169248692,7.547431800518047,13.364188907195219,5.523186918596117,11.689728335149224,0.0,30.577104160940564,5.169616547943557,23.59061249891237,13.009824943903753,0.38296231001599634,0.40741721838244743,0.11721420006985696,0.0,0.195,1.1155816550598965,0.7099716414361832,52.88949898523715,37.370781750318585,8.139492955882032,0.7,0.72,0.62,36.951713772560254,26.90696286022938,5.04648563264686,1.0,3.785956181897442,5.8178448883760865,0.40092566721585654,0.11549165230508897,0.46403839145806525,88.0,13.2,88.0,42.5,45.0,79.0
3,autumn_processing,秋季农产品加工日,60.0,县级区域特征化县域综合能源系统（非实测线路潮流）,特征化合成数据,粮食加工、仓储与冷链集中生产,7.25,0.25,14.309784422849622,7.77864953573197,13.464821023858946,5.5626726635783195,12.114442814527765,0.0,31.141936501965027,5.2822370215032795,24.00885771574732,13.050768164488414,0.41976011093117943,0.432844361527752,0.12054911680174364,0.0,0.19788556548904995,1.1726330572336172,0.7463925842315059,54.00516154678616,37.2326951599541,8.178770402753889,0.7,0.72,0.62,37.72916252691829,26.80754051516695,5.0708376497074115,1.0,3.8805438686770737,5.940567770146478,0.40394463071576836,0.15518222585837033,0.48631220758440363,88.0,13.2,88.0,42.5,45.0,79.25
3,autumn_processing,秋季农产品加工日,60.0,县级区域特征化县域综合能源系统（非实测线路潮流）,特征化合成数据,粮食加工、仓储与冷链集中生产,7.5,0.25,14.377498513103541,8.020683368460157,13.563685535955084,5.604953454714412,12.55274988299242,0.0,31.721388873661915,5.398138860421536,24.4379146048539,13.094484340163818,0.4589158110928265,0.4545254638594489,0.1243603509825903,0.0,0.20086582838174552,1.2321461422564197,0.7815352114310931,55.22611665014925,37.094975303028676,8.430498198595373,0.7,0.72,0.62,38.57731456695607,26.708382218180645,5.2269088831291315,1.0,3.974852650784834,6.0748728315164175,0.4069105660786525,0.20027524785685155,0.5070395984556235,88.0,13.2,88.0,42.5,45.0,79.5
3,autumn_processing,秋季农产品加工日,60.0,县级区域特征化县域综合能源系统（非实测线路潮流）,特征化合成数据,粮食加工、仓储与冷链集中生产,7.75,0.25,14.37937816844001,8.271648697825473,13.660157267660423,5.649986476440852,12.999235210996195,0.0,32.30937895509747,5.516048184297768,24.87336039043152,13.089675064093527,0.49922013255373776,0.4708560506798216,0.12867860273305876,0.0,0.20392802673484192,1.3097177014241181,0.813868649727536,56.19262840443179,36.77790645713908,8.831988703620539,0.7,0.72,0.62,39.2319061418329,26.480092649140136,5.475832996244734,1.0,4.0677925146320835,6.181189124487497,0.40980471802981266,0.25369430041401725,0.5015026050209241,88.0,13.2,88.0,42.5,45.0,79.75
3,autumn_processing,秋季农产品加工日,60.0,县级区域特征化县域综合能源系统（非实测线路潮流）,特征化合成数据,粮食加工、仓储与冷链集中生产,8.0,0.25,14.318852125322003,8.529321199854733,13.753657567192246,5.6976904724469435,13.447852625355692,0.0,32.89920066499488,5.634550770681772,25.31032059897042,13.064983396381903,0.5391920658809507,0.4805590228415551,0.13352868346558616,0.0,0.20705904774487396,1.3663283724459594,0.8419904495240791,57.11730604264152,36.38769530722186,9.137296007034308,0.7,0.72,0.62,39.86767481866097,26.19914062119974,5.665123524361271,1.0,4.158351981764664,6.282903664690568,0.41260972701576737,0.3026325301193016,0.5116426396895536,88.0,13.2,88.0,42.5,45.0,80.0
3,autumn_processing,秋季农产品加工日,60.0,县级区域特征化县域综合能源系统（非实测线路潮流）,特征化合成数据,粮食加工、仓储与冷链集中生产,8.25,0.25,14.203067364864626,8.791167015656038,13.843667836270596,5.747943055948842,13.892084888583007,0.0,33.48369578080245,5.752128565911525,25.743593060186832,13.010498406485492,0.5771580487929054,0.4828496088855635,0.13892773002937972,0.0,0.2102454838991936,1.42730620121031,0.8647682100280869,57.68192062570543,35.89317029308801,9.63354609333696,0.7,0.72,0.62,40.24299830717467,25.843082611023366,5.972798577868915,1.0,4.245609528856725,6.345011268827597,0.41531003508811787,0.347254575352544,0.5203579294005827,88.0,13.2,88.0,42.5,45.0,80.25
3,autumn_processing,秋季农产品加工日,60.0,县级区域特征化县域综合能源系统（非实测线路潮流）,特征化合成数据,粮食加工、仓储与冷链集中生产,8.5,0.25,14.042125424524812,9.054387260897604,13.92974136580569,5.800578585294906,14.325140525004464,0.0,34.05546047610506,5.867204024750748,26.16779702668527,12.897454793613159,0.6113620596886408,0.4775403886289402,0.1448833975799133,0.0,0.2134736903889974,1.4584033358250557,0.8814500566227518,58.42875311753627,35.196011472459865,10.118748517051435,0.7,0.72,0.62,40.7606949038206,25.341128260171104,6.2736240805718895,1.0,4.328733237447477,6.42716284292899,0.41789224097417066,0.4025807531302976,0.5089863007411073,88.0,13.2,88.0,42.5,45.0,80.5
3,autumn_processing,秋季农产品加工日,60.0,县级区域特征化县域综合能源系统（非实测线路潮流）,特征化合成数据,粮食加工、仓储与冷链集中生产,8.75,0.25,13.848052841132166,9.315976677598782,14.0115128984607,5.855386713589334,14.740179765374604,0.0,34.60707937742464,5.978190704643777,26.57754206555589,12.82106707782434,0.6400974541028691,0.4650669612587242,0.15139210845489745,0.0,0.21672984353849284,1.5089425570529535,0.891727230788087,59.1341691056073,34.64072779632058,10.461052772718796,0.7,0.72,0.62,41.22938581477612,24.94132401335082,6.485852719085654,1.0,4.406972847733384,6.504758601616803,0.42034538695382095,0.45543000405621686,0.5070778522974714,88.0,13.2,88.0,42.5,45.0,80.75
3,autumn_processing,秋季农产品加工日,60.0,县级区域特征化县域综合能源系统（非实测线路潮流）,特征化合成数据,粮食加工、仓储与冷链集中生产,9.0,0.25,13.633648525237714,9.572795573907925,14.08870539206945,5.912111712452298,15.130560267112676,0.0,35.13137737163442,6.083548014054536,26.967609670844276,12.675131631512755,0.6618472410256578,0.44642949771848406,0.15843744412450295,0.0,0.22,1.5157133679369612,0.8957408824739718,59.810425184399435,33.85236373727246,10.885185011977956,0.7,0.72,0.62,41.7020391539977,24.373701890836173,6.748814707426333,1.0,4.479649560679715,6.579146770283938,0.42266116176208346,0.5051171167279965,0.504850954553275,88.0,13.2,88.0,42.5,45.0,81.0
3,autumn_processing,秋季农产品加工日,60.0,县级区域特征化县域综合能源系统（非实测线路潮流）,特征化合成数据,粮食加工、仓储与冷链集中生产,9.25,0.25,13.411358434662016,9.821653483262208,14.161133541687265,5.970452657385938,15.490091255046035,0.0,35.62167745411924,6.1818375794420675,27.333139151501122,12.548106264562465,0.6754170241877749,0.42306123638007764,0.1659887734732613,0.0,0.22327015646150716,1.5107232542492364,0.8940353686961424,60.063988949737364,33.150905807368936,11.080844942887067,0.7,0.72,0.62,41.881321355537835,23.868652181305634,6.870123864589981,1.0,4.546148921294224,6.6070387844711105,0.42483400625061796,0.5600466082604734,0.4816786914995158,88.0,13.2,88.0,42.5,45.0,81.25
3,autumn_processing,秋季农产品加工日,60.0,县级区域特征化县域综合能源系统（非实测线路潮流）,特征化合成数据,粮食加工、仓储与冷链集中生产,9.5,0.25,13.192310703390511,10.059402253748166,14.228703731212935,6.030064545566906,15.813283301116714,0.0,36.07205157789655,6.271778392193273,27.669808396337665,12.445718612264372,0.6800446260885122,0.3966481726080379,0.17400021229129375,0.0,0.2265263096110026,1.5027044868826274,0.8874695251492226,60.45930068206459,32.560437337207176,11.398029369248349,0.7,0.72,0.62,42.15708686177659,23.443514882789167,7.066778208933976,1.0,4.605920978370159,6.650523075027104,0.42686111193638804,0.6065301992691384,0.47220313481826354,88.0,13.2,88.0,42.5,45.0,81.5
3,autumn_processing,秋季农产品加工日,60.0,县级区域特征化县域综合能源系统（非实测线路潮流）,特征化合成数据,粮食加工、仓储与冷链集中生产,9.75,0.25,12.985607713073245,10.283035588116705,14.291410225159177,6.090560396487061,16.095580272170423,0.0,36.47755089381666,6.352297758264266,27.973999712565735,12.276936533217825,0.6754726879382156,0.3689317363412404,0.18241000511889055,0.0,0.2297545161008064,1.484630729766361,0.8771034511200111,60.971634088088784,31.758883044672086,11.755925332834602,0.7,0.72,0.62,42.51800580194571,22.8663957921639,7.288673706357454,1.0,4.658489947718642,6.706879749689766,0.4287423067547753,0.6481134928440131,0.468016682975007,88.0,13.2,88.0,42.5,45.0,81.75
3,autumn_processing,秋季农产品加工日,60.0,县级区域特征化县域综合能源系统（非实测线路潮流）,特征化合成数据,粮食加工、仓储与冷链集中生产,10.0,0.25,12.797924118151261,10.489791433602038,14.349327572566256,6.151514362137339,16.33356012623964,0.0,36.83440206094323,6.422575121665393,28.24294114893233,12.109843390629385,0.661975050326179,0.34152672258399613,0.1911404109966581,0.0,0.23294095225512604,1.4137829405876137,0.864080247962322,61.33534760975583,30.991719353340216,11.943370547202344,0.7,0.72,0.62,42.809175516380066,22.314037934404954,7.404889739265453,1.0,4.703473259387103,6.746888237073141,0.4304798271769877,0.6946635505412022,0.4420681845513962,88.0,13.2,88.0,42.5,45.0,82.0
3,autumn_processing,秋季农产品加工日,60.0,县级区域特征化县域综合能源系统（非实测线路潮流）,特征化合成数据,粮食加工、仓储与冷链集中生产,10.25,0.25,12.633411302483733,10.677253107911184,14.402599371788932,6.212465846968564,16.52509227337895,0.0,37.140157492136446,6.4820760772123815,28.474814575221174,11.98759644333252,0.6403337795879619,0.3157806160904105,0.20009815907917758,0.0,0.23607197326515808,1.3761351273870814,0.849519971892234,61.71941616144377,30.414580594167226,12.276971846730106,0.7,0.72,0.62,43.08981669573191,21.898498027800404,7.6117225449726655,1.0,4.740607640601368,6.789135777758815,0.43207798115366797,0.7304708161989759,0.4216193329950893,88.0,13.2,88.0,42.5,45.0,82.25
3,autumn_processing,秋季农产品加工日,60.0,县级区域特征化县域综合能源系统（非实测线路潮流）,特征化合成数据,粮食加工、仓储与冷链集中生产,10.5,0.25,12.493867783035192,10.843444681691825,14.451423728910362,6.27292460941646,16.66944111382777,0.0,37.39378945215459,6.5305743222063155,28.66882327460423,11.876400042309342,0.6117703091489876,0.2926898222584888,0.209175518748274,0.0,0.23913417161825448,1.3363318184539525,0.8344379136938761,62.12145031532813,29.907380975239377,12.656869555891978,0.7,0.72,0.62,43.3840208615058,21.53331430217235,7.847259124653027,1.0,4.769778202103112,6.833359534686094,0.4335427118673108,0.7536050669558625,0.41505948627138617,88.0,13.2,88.0,42.5,45.0,82.5
3,autumn_processing,秋季农产品加工日,60.0,县级区域特征化县域综合能源系统（非实测线路潮流）,特征化合成数据,粮食加工、仓储与冷链集中生产,10.75,0.25,12.379107526163123,10.986915953427594,14.496035924563476,6.332376787231772,16.767308032419162,0.0,37.59572074421441,6.568159899781552,28.825213841520632,11.758141872378356,0.5778401917041663,0.27287613293375446,0.21825200253686833,0.0,0.24211443451095005,1.3062491897997506,0.8196928752186703,62.26280351037801,29.405129584158438,13.145918262329147,0.7,0.72,0.62,43.48928089962345,21.171693300594075,8.15046932264407,1.0,4.791045630598311,6.848908386141582,0.43488107773690426,0.7793649658374894,0.3898772243174093,88.0,13.2,88.0,42.5,45.0,82.75
3,autumn_processing,秋季农产品加工日,60.0,县级区域特征化县域综合能源系统（非实测线路潮流）,特征化合成数据,粮食加工、仓储与冷链集中生产,11.0,0.25,12.287446286747524,11.106812379791272,14.53668897386992,6.3902917592023005,16.820807408580215,0.0,37.747788141652435,6.595232823408452,28.94524964671027,11.641205786559237,0.5403053948617548,0.2566159199396542,0.2271966900143889,0.0,0.245,1.2565968313782339,0.8059650531723221,62.78279896478505,28.93656111528076,13.738265477802218,0.7,0.72,0.62,43.874306546557094,20.83432400300215,8.517724596237375,1.0,4.804666628390598,6.906107886126356,0.4361006692160976,0.7910485499886893,0.37364749620054155,70.0,10.5,70.0,42.5,45.0,83.0
3,autumn_processing,秋季农产品加工日,60.0,县级区域特征化县域综合能源系统（非实测线路潮流）,特征化合成数据,粮食加工、仓储与冷链集中生产,11.25,0.25,12.21622880576157,11.202925585485719,14.573632911669982,6.446129727153869,16.83337588813057,0.0,37.85313852695442,6.612481995676819,29.031135875908923,11.556853569571867,0.5010002187863076,0.24390714521052786,0.23587112835802132,0.0,0.2477785116509801,1.240470220741217,0.7937586798132275,63.071755479831914,28.61126975548591,14.210695402819612,0.7,0.72,0.62,44.075658361176714,20.600114223949856,8.81063114974816,1.0,4.8111035871506544,6.93789310278151,0.43720898735009944,0.788659169440824,0.36770099741285467,70.0,10.5,70.0,42.5,45.0,83.25
3,autumn_processing,秋季农产品加工日,60.0,县级区域特征化县域综合能源系统（非实测线路潮流）,特征化合成数据,粮食加工、仓储与冷链集中生产,11.5,0.25,12.162333387105987,11.27572058474174,14.607093750204768,6.499349875461849,16.80961801163677,0.0,37.916061637303386,6.620850190167793,29.08589898643538,11.447526907051984,0.4617065082128121,0.23455616950706737,0.24413273252502546,0.0,0.25043807145043606,1.20748014661946,0.7834222236798686,62.99213968333018,28.2208845532872,14.785307745854873,0.7,0.72,0.62,44.032683899377375,20.319036878366784,9.166890802430022,1.0,4.811020907915407,6.92913536516632,0.438212812506143,0.8002369496023641,0.3564873444220813,70.0,10.5,70.0,42.5,45.0,83.5
3,autumn_processing,秋季农产品加工日,60.0,县级区域特征化县域综合能源系统（非实测线路潮流）,特征化合成数据,粮食加工、仓储与冷链集中生产,11.75,0.25,12.122610151998087,11.326336603979913,14.637253129949473,6.549418941765688,16.755095042051778,0.0,37.94176711376694,6.621486694363152,29.113226161556362,11.2914505364497,0.4240510813176851,0.22826720036135217,0.2518385768315622,0.0,0.25296729075500346,1.1730656199706087,0.7751785640797956,62.97587993403925,27.684213976925445,15.394923214646598,0.7,0.72,0.62,44.03714858392784,19.93263406338632,9.544852393080891,1.0,4.805267089842896,6.927346792744317,0.43911759389848415,0.8284910753123836,0.3481434687303599,70.0,10.5,70.0,42.5,45.0,83.75
3,autumn_processing,秋季农产品加工日,60.0,县级区域特征化县域综合能源系统（非实测线路潮流）,特征化合成数据,粮食加工、仓储与冷链集中生产,12.0,0.25,12.094230276476052,11.356559390839653,14.6642297091183,6.595820013161198,16.676067223061896,0.0,37.936116945341396,6.615689956536829,29.117272785035468,11.173286840568704,0.3894338124453357,0.2247208733497156,0.2588494424652272,0.0,0.2553553390593274,1.1343441544309953,0.7691585160257339,62.70705686366666,27.29974692630238,15.90444219696346,0.7,0.72,0.62,43.870057412490695,19.655817786937714,9.860754162117345,1.0,4.794843412946497,6.897776255003333,0.439926891273549,0.8547361670835204,0.3375839396597518,70.0,10.5,70.0,42.5,45.0,84.0
3,autumn_processing,秋季农产品加工日,60.0,县级区域特征化县域综合能源系统（非实测线路潮流）,特征化合成数据,粮食加工、仓储与冷链集中生产,12.25,0.25,12.07494185043492,11.368764103662437,14.688063308536513,6.638061347741322,16.57920249465755,0.0,37.905327150935385,6.604843188442481,29.102447935869456,11.119573346842829,0.35898944730909216,0.22363340955659336,0.2650339640317652,0.0,0.25759199037394886,1.136049810216301,0.7654326517316378,62.780334710993024,27.158114249947012,16.229736303779106,0.7,0.72,0.62,43.91643208227534,19.553842259961847,10.062436508343046,1.0,4.780861494595613,6.905836818209233,0.44064189925609537,0.8877280054249308,0.3211711799792397,70.0,10.5,70.0,42.5,45.0,84.25
3,autumn_processing,秋季农产品加工日,60.0,县级区域特征化县域综合能源系统（非实测线路潮流）,特征化合成数据,粮食加工、仓储与冷链集中生产,12.5,0.25,12.063241217856055,11.365829257138497,14.708702744030587,6.675685012698839,16.471266702574443,0.0,37.855654459303864,6.590346306135839,29.07318927711846,11.020030665705056,0.3335809346176488,0.22479268211354836,0.27027270440321777,0.0,0.2596676670145618,1.1109956646212398,0.7640379222223905,62.8756352450293,26.861242350806243,16.671268953413026,0.7,0.72,0.62,43.999285628508034,19.340094492580494,10.336186751116076,1.0,4.764493047248214,6.9163198769532235,0.4412610823209176,0.9141985509351612,0.3077639339171871,70.0,10.5,70.0,42.5,45.0,84.5
3,autumn_processing,秋季农产品加工日,60.0,县级区域特征化县域综合能源系统（非实测线路潮流）,特征化合成数据,粮食加工、仓储与冷链集中生产,12.75,0.25,12.05847586526324,11.351023698216837,14.725998139380218,6.708275127831233,16.358811429651563,0.0,37.79308469686302,6.573547814258593,29.033739388000555,10.908718901627237,0.31381766482434575,0.2280714528172848,0.2744619822057419,0.0,0.26157348061512725,1.0663060156936026,0.764996790230159,62.41848468010308,26.526681550226634,17.187261237319778,0.7,0.72,0.62,43.71152185531678,19.099210716163174,10.656101967138262,1.0,4.746915734795707,6.866033314811339,0.44177994418140654,0.9192445141101447,0.29634867300342665,70.0,10.5,70.0,42.5,45.0,84.75
3,autumn_processing,秋季农产品加工日,60.0,县级区域特征化县域综合能源系统（非实测线路潮流）,特征化合成数据,粮食加工、仓储与冷链集中生产,13.0,0.25,12.06089649049281,11.32787013076424,14.739698323768964,6.735465507506913,16.247875683138307,0.0,37.72303951441418,6.555680240493947,28.98793552085532,10.857841099818192,0.3000891236167872,0.23342064571272897,0.27751728101390494,0.0,0.26330127018922195,1.0556316239553487,0.768327404857061,62.25385027928633,26.408522272331222,17.53935559044754,0.7,0.72,0.62,43.607080463588744,19.01413603607848,10.874400466077473,1.0,4.729259122820002,6.847923530721497,0.44219094971306894,0.9014319351548754,0.28247793932937343,70.0,10.5,70.0,42.5,45.0,85.0
3,autumn_processing,秋季农产品加工日,60.0,县级区域特征化县域综合能源系统（非实测线路潮流）,特征化合成数据,粮食加工、仓储与冷链集中生产,13.25,0.25,12.071673021903075,11.29999021418578,14.749453686482282,6.756946505022219,16.143716796579398,0.0,37.650116988083894,6.5378025085293405,28.93902396331245,10.774651691148057,0.2926034059173393,0.24084690237611975,0.27937608381466644,0.0,0.26484363707663444,1.050938264058046,0.774043954390355,62.22231822313389,26.172239097721384,17.758028342379745,0.7,0.72,0.62,43.59400992574344,18.844012150359397,11.009977572275442,1.0,4.712554405593872,6.844455004544728,0.44248361059446845,0.8691480328459503,0.2818711650960686,70.0,10.5,70.0,42.5,45.0,85.25
3,autumn_processing,秋季农产品加工日,60.0,县级区域特征化县域综合能源系统（非实测线路潮流）,特征化合成数据,粮食加工、仓储与冷链集中生产,13.5,0.25,12.092883680544793,11.270937637079138,14.754824599315574,6.772470880598991,16.05058412054993,0.0,37.5778796004645,6.520752216946672,28.88950871157723,10.693620103000477,0.2914208017773349,0.25037917219119576,0.28,0.0,0.2661939766255643,1.041416207404753,0.7821469789501905,61.9784480904726,25.93827603876274,17.98552825183995,0.7,0.72,0.62,43.43806929709768,18.67555874790917,11.151027516140768,1.0,4.697690964414907,6.817629289951985,0.4426447379794672,0.826878240265806,0.28549454585627365,70.0,10.5,70.0,42.5,45.0,85.5
3,autumn_processing,秋季农产品加工日,60.0,县级区域特征化县域综合能源系统（非实测线路潮流）,特征化合成数据,粮食加工、仓储与冷链集中生产,13.75,0.25,12.127479331606976,11.244026714050397,14.755295237285592,6.781858537583036,15.971546516323137,0.0,37.508700291191765,6.505110198830307,28.841042119156832,10.649577817379832,0.29647500069703947,0.26202914711605496,0.27937608381466644,0.0,0.2673465064747553,1.0418759362923802,0.7926043098094195,61.97931295932433,25.829109862267938,18.268473150245033,0.7,0.72,0.62,43.44881022593179,18.596959100832915,11.326453353151921,1.0,4.685381975958296,6.817724425525676,0.44265885711856773,0.7803697317884339,0.2886341688363522,70.0,10.5,70.0,42.5,45.0,85.75
3,autumn_processing,秋季农产品加工日,60.0,县级区域特征化县域综合能源系统（非实测线路潮流）,特征化合成数据,粮食加工、仓储与冷链集中生产,14.0,0.25,12.179218811202517,11.222164875668714,14.750292346085311,6.785,15.908381512161348,0.0,37.44367385824666,6.491179014205734,28.794362718702715,10.679936101422506,0.30757791164159914,0.27575027086459325,0.27751728101390494,0.0,0.26829629131445343,1.0846196597669686,0.8053244883410201,61.740381330230704,25.977240818690934,18.53866091674994,0.7,0.72,0.62,43.264357657665634,18.703613389457473,11.493969768384963,1.0,4.676140353601513,6.791441946325378,0.4425087703825593,0.7393002222885545,0.3042195850295081,70.0,10.5,70.0,42.5,45.0,86.0
3,autumn_processing,秋季农产品加工日,60.0,县级区域特征化县域综合能源系统（非实测线路潮流）,特征化合成数据,粮食加工、仓储与冷链集中生产,14.25,0.25,12.252565799200204,11.207697830766447,14.739208236447563,6.781858537583036,15.86153044817739,0.0,37.38259722220799,6.47897622373768,28.749282689438232,10.715974009419398,0.32440808906189256,0.29139997359447706,0.2744619822057419,0.0,0.26903926402016154,1.12722575245315,0.8201258974921175,61.69510150148088,26.136963734788655,18.70185440933661,0.7,0.72,0.62,43.21763892181153,18.818613889047832,11.595149733788698,1.0,4.670265368566165,6.786461165162897,0.4421762470934269,0.6940479523576363,0.33955624995406436,70.0,10.5,70.0,42.5,45.0,86.25
3,autumn_processing,秋季农产品加工日,60.0,县级区域特征化县域综合能源系统（非实测线路潮流）,特征化合成数据,粮食加工、仓储与冷链集中生产,14.5,0.25,12.352534983712014,11.202276106632288,14.721427047174016,6.772470880598991,15.830120253786582,0.0,37.32401818155959,6.468242460001749,28.704724636837206,10.722649858110405,0.3464866713882691,0.3087096611946484,0.27027270440321777,0.0,0.26957224306869054,1.1682120737324595,0.8367061627003001,62.17243827044038,26.183680507074648,18.747559344549238,0.7,0.72,0.62,43.539664500395844,18.852249965093744,11.623486793620527,1.0,4.667839448139169,6.838968209748442,0.4416428114152205,0.6533176416453725,0.35666085412509346,70.0,10.5,70.0,42.5,45.0,86.5
3,autumn_processing,秋季农产品加工日,60.0,县级区域特征化县域综合能源系统（非实测线路潮流）,特征化合成数据,粮食加工、仓储与冷链集中生产,14.75,0.25,12.4844752775454,11.20675107116141,14.696353124783023,6.756946505022219,15.81204890213321,0.0,37.26534853193846,6.458463504347268,28.658804641185778,10.75015899767861,0.37314797956861556,0.32726665779746916,0.2650339640317652,0.0,0.26989294616193016,1.215797007582597,0.8546173197896663,62.10042940054785,26.297980267474482,18.761382366638284,0.7,0.72,0.62,43.47385999486534,18.934545792581627,11.632057067315735,1.0,4.668733957124751,6.8310472340602635,0.44089059374349066,0.6147417556310258,0.36539394395306907,70.0,10.5,70.0,42.5,45.0,86.75
3,autumn_processing,秋季农产品加工日,60.0,县级区域特征化县域综合能源系统（非实测线路潮流）,特征化合成数据,粮食加工、仓储与冷链集中生产,15.0,0.25,12.653780967822355,11.221107399472668,14.663440230986495,6.735465507506913,15.804128282568962,0.0,37.20303402106237,6.448904841234796,28.608956080075064,10.81015443866244,0.4035139748808098,0.3465115641755557,0.2588494424652272,0.0,0.27,1.269138294033066,0.8732524843498768,62.29293515440018,26.523478954283828,18.632612065747406,0.7,0.72,0.62,43.58991028660686,19.096904847084357,11.552219480763391,1.0,4.672622290628448,6.85222286698402,0.43990320692959484,0.5791639458486054,0.36588819214178236,70.0,10.5,70.0,42.5,45.0,87.0
3,autumn_processing,秋季农产品加工日,60.0,县级区域特征化县域综合能源系统（非实测线路潮流）,特征化合成数据,粮食加工、仓储与冷链集中生产,15.25,0.25,12.865527876919177,11.244437291907689,14.622220218779994,6.708275127831233,15.802275409518089,0.0,37.13277075612932,6.438656539357201,28.55208667543628,10.840412237545262,0.43648226849979155,0.365753215943676,0.2518385768315622,0.0,0.26989294616193016,1.314983128840475,0.8918490631377398,62.706813543335684,26.64050233430538,18.583053373854742,0.7,0.72,0.62,43.86613035328438,19.181161680699873,11.52149309178994,1.0,4.678998375260394,6.897749489766925,0.4386666065633998,0.5357642142578454,0.3938026658436979,70.0,10.5,70.0,42.5,45.0,87.25
3,autumn_processing,秋季农产品加工日,60.0,县级区域特征化县域综合能源系统（非实测线路潮流）,特征化合成数据,粮食加工、仓储与冷链集中生产,15.5,0.25,13.124040521215267,11.274959647894914,14.572329819169981,6.675685012698839,15.80174068810127,0.0,37.04975551997009,6.426685831968468,28.484759665306502,10.892602688031397,0.4707361454247402,0.38420159607224635,0.24413273252502546,0.0,0.26957224306869054,1.347520962613364,0.9095118583370103,62.757188764732774,26.836552011275934,18.367301857821214,0.7,0.72,0.62,43.89627931982059,19.32231744811867,11.387727151849154,1.0,4.687198701360962,6.903290764120605,0.4371698945750994,0.48688382951244097,0.3727080335388388,70.0,10.5,70.0,42.5,45.0,87.5
3,autumn_processing,秋季农产品加工日,60.0,县级区域特征化县域综合能源系统（非实测线路潮流）,特征化合成数据,粮食加工、仓储与冷链集中生产,15.75,0.25,13.43240713196243,11.310084958715263,14.513534254454568,6.638061347741322,15.797360481274225,0.0,36.948956083470115,6.411894459008316,28.40338902404954,10.999045515698791,0.5047821989270429,0.4010168294553017,0.23587112835802132,0.0,0.26903926402016154,1.3857567973145124,0.9252568665845489,63.09391325435706,27.230270433036157,18.29236806680747,0.7,0.72,0.62,44.120966386514326,19.605794711786032,11.34126820142063,1.0,4.69642627249694,6.940330457979277,0.435406027633637,0.439615206190271,0.3572178356012756,70.0,10.5,70.0,42.5,45.0,87.75
3,autumn_processing,秋季农产品加工日,60.0,县级区域特征化县域综合能源系统（非实测线路潮流）,特征化合成数据,粮食加工、仓储与冷链集中生产,16.0,0.25,13.791971113960582,11.346524045691606,14.445746536998465,6.595820013161198,15.783820517930295,0.0,36.82538706808996,6.393177700753496,28.304438283087247,11.082103163647094,0.5370170267312674,0.4153700648473758,0.2271966900143889,0.0,0.26829629131445343,1.4127469778637485,0.9380735025107875,63.52956486798399,27.547678104881236,17.993226661065357,0.7,0.72,0.62,44.41984602559496,19.834328235514487,11.155800529860521,1.0,4.705775312550036,6.988252135478239,0.43337239610995393,0.3862808054426659,0.37067063208779916,132.0,19.8,132.0,42.5,45.0,88.0
3,autumn_processing,秋季农产品加工日,60.0,县级区域特征化县域综合能源系统（非实测线路潮流）,特征化合成数据,粮食加工、仓储与冷链集中生产,16.25,0.25,14.201838572686528,11.380436110296,14.369041516746515,6.549418941765688,15.755916745296158,0.0,36.67437720380836,6.36948207549256,28.184612729594004,11.159220347594275,0.5658196238378864,0.42651002656886233,0.21825200253686833,0.0,0.2673465064747553,1.4263167060612647,0.9469998703756628,63.5185624177899,27.854292207498972,17.746148408878664,0.7,0.72,0.62,44.4115718685857,20.055090389399258,11.002612013504772,1.0,4.714256140329071,6.987041865956889,0.43107124550239545,0.33940203531837604,0.36607827111371005,132.0,19.8,132.0,42.5,45.0,88.25
3,autumn_processing,秋季农产品加工日,60.0,县级区域特征化县域综合能源系统（非实测线路潮流）,特征化合成数据,粮食加工、仓储与冷链集中生产,16.5,0.25,14.65845021373323,11.40760906613583,14.283663994610707,6.499349875461849,15.708801015390595,0.0,36.49181488546316,6.339858880322348,28.041035539774768,11.232807112408988,0.5896614007468814,0.4338276988441664,0.209175518748274,0.0,0.2661939766255643,1.4447317455761834,0.9512031241200576,63.893613987504054,28.161696212863326,17.49270657547892,0.7,0.72,0.62,44.665420693469564,20.276421273261594,10.84547807679693,1.0,4.7208202113317315,7.028297538625446,0.4285099198383212,0.289369004639325,0.34790089528773444,132.0,19.8,132.0,42.5,45.0,88.5
3,autumn_processing,秋季农产品加工日,60.0,县级区域特征化县域综合能源系统（非实测线路潮流）,特征化合成数据,粮食加工、仓储与冷链集中生产,16.75,0.25,15.15527045119428,11.423662977284952,14.190030507583382,6.446129727153869,15.638200418268948,0.0,36.2743606530062,6.30351110381687,27.871399662421005,11.32370254461605,0.6072219917723533,0.4369113068574799,0.20009815907917758,0.0,0.26484363707663444,1.46441646205934,0.9500554103146222,64.09195700244223,28.546914611269038,17.480234543833596,0.7,0.72,0.62,44.78933378858264,20.553778520113706,10.83774541717683,1.0,4.724385831335601,7.050115270268646,0.4257009152275014,0.23867591455286394,0.3214159114991602,132.0,19.8,132.0,42.5,45.0,88.75
3,autumn_processing,秋季农产品加工日,60.0,县级区域特征化县域综合能源系统（非实测线路潮流）,特征化合成数据,粮食加工、仓储与冷链集中生产,17.0,0.25,15.68264543060206,11.424265804661523,14.088724698144985,6.3902917592023005,15.54060101670585,0.0,36.019617474053135,6.259831704109099,27.674088909495275,11.42139738197631,0.6174969240018547,0.43558462913729873,0.1911404109966581,0.0,0.26330127018922195,1.4633602000936425,0.9431957403735114,64.48120277684534,28.97452092226098,17.224440711481876,0.7,0.72,0.62,45.055685544099696,20.861655064027904,10.679153241118764,1.0,4.723865367887978,7.092932305452987,0.4226617409443495,0.18410177112260545,0.337483218384213,132.0,19.8,132.0,42.5,45.0,89.0
3,autumn_processing,秋季农产品加工日,60.0,县级区域特征化县域综合能源系统（非实测线路潮流）,特征化合成数据,粮食加工、仓储与冷链集中生产,17.25,0.25,16.227873886280154,11.40534970173955,13.980486487491063,6.332376787231772,15.413389057998849,0.0,35.726252332721685,6.208431792960393,27.448263619021525,11.523260071624724,0.6198832638765847,0.4299236473691615,0.18241000511889055,0.0,0.26157348061512725,1.4568038539265418,0.93056950670659,64.87334590068815,29.436642493594245,17.034623486653384,0.7,0.72,0.62,45.322148939439714,21.194382595387857,10.561466561725098,1.0,4.7181948467992365,7.136068049075696,0.4194145946247319,0.1413564047648254,0.32392746577057235,132.0,19.8,132.0,42.5,45.0,89.25
3,autumn_processing,秋季农产品加工日,60.0,县级区域特征化县域综合能源系统（非实测线路潮流）,特征化合成数据,粮食加工、仓储与冷链集中生产,17.5,0.25,16.775520125203908,11.363315896054793,13.86619556181607,6.27292460941646,15.254945286194673,0.0,35.3940654574272,6.14915786007572,27.19390830837486,11.589948007460452,0.6142316444874159,0.42024932707367646,0.17400021229129375,0.0,0.2596676670145618,1.452141464536675,0.9124400792481671,65.10073888191188,29.79365673997176,16.77781925630382,0.7,0.72,0.62,45.46645827141081,21.451432852779664,10.402247938908369,1.0,4.706366582509755,7.1610812770103065,0.4159858668544821,0.09357831816548359,0.3054467946450387,132.0,19.8,132.0,42.5,45.0,89.5
3,autumn_processing,秋季农产品加工日,60.0,县级区域特征化县域综合能源系统（非实测线路潮流）,特征化合成数据,粮食加工、仓储与冷链集中生产,17.75,0.25,17.30797776020305,11.295216779883745,13.746849937312774,6.212465846968564,15.064690596800894,0.0,35.02400638108223,6.082097776228071,26.91184080919357,11.684907787490005,0.6008572872556105,0.4070974743841167,0.1659887734732613,0.0,0.25759199037394886,1.4283130830479989,0.8893705695895319,65.10219031921248,30.272379329672706,16.450307382424487,0.7,0.72,0.62,45.461084634904665,21.796113117364346,10.199190577103183,1.0,4.687464963644225,7.161240935113373,0.4124054981193832,0.05743148961079424,0.26805442392313655,132.0,19.8,132.0,42.5,45.0,89.75
3,autumn_processing,秋季农产品加工日,60.0,县级区域特征化县域综合能源系统（非实测线路潮流）,特征化合成数据,粮食加工、仓储与冷链集中生产,18.0,0.25,17.80626793562408,11.198905185499036,13.623540579102446,6.151514362137339,14.843083816729632,0.0,34.61813875796942,6.007575894357533,26.603684351183354,11.690803666743705,0.580508082533798,0.3911696028194936,0.15843744412450295,0.0,0.2553553390593274,1.3979515292932543,0.8621778226788885,65.43206776135527,30.45331225271923,16.19115369025909,0.7,0.72,0.62,45.686059185122296,21.926384821957843,10.038515287960635,1.0,4.66070476091047,7.19752745374908,0.4087062173730734,0.02907959468218144,0.2730703142817559,132.0,19.8,132.0,42.5,45.0,90.0
3,autumn_processing,秋季农产品加工日,60.0,县级区域特征化县域综合能源系统（非实测线路潮流）,特征化合成数据,粮食加工、仓储与冷链集中生产,18.25,0.25,18.25102942665987,11.073142848277968,13.497423201735861,6.090560396487061,14.591574720022926,0.0,34.17955831824585,5.926138093981018,26.27180583674935,11.696976984058068,0.5542935604533574,0.37327107404522153,0.15139210845489745,0.0,0.25296729075500346,1.346318924219099,0.8318643218169911,65.16441408472477,30.654459652624915,15.754397081526353,0.7,0.72,0.62,45.50453093417096,22.071210949889938,9.76772619054634,1.0,4.625470454154429,7.168085549319724,0.4049226960520758,0.013219604038103181,0.2603900334545159,132.0,19.8,132.0,42.5,45.0,90.25
3,autumn_processing,秋季农产品加工日,60.0,县级区域特征化县域综合能源系统（非实测线路潮流）,特征化合成数据,粮食加工、仓储与冷链集中生产,18.5,0.25,18.623633462480015,10.917662619097412,13.369688467813436,6.030064545566906,14.312517391282487,0.0,33.71227040466283,5.838528060421803,25.919225035805407,11.70396225055628,0.5235836861312604,0.354244085407101,0.1448833975799133,0.0,0.25043807145043606,1.2858388296732086,0.7995363756307481,64.9688825244378,30.876085558857422,15.32263452962408,0.7,0.72,0.62,45.377666961965964,22.230781602377345,9.50003340836693,1.0,4.581354232648184,7.146577077688158,0.4010906540344031,0.0034663237288553653,0.23516510031569224,132.0,19.8,132.0,42.5,45.0,90.5
3,autumn_processing,秋季农产品加工日,60.0,县级区域特征化县域综合能源系统（非实测线路潮流）,特征化合成数据,粮食加工、仓储与冷链集中生产,18.75,0.25,18.90733686283784,10.733181886013655,13.241531824429998,5.970452657385938,14.009050636577143,0.0,33.221035118393075,5.74565643730804,25.54950056674285,11.73204880336097,0.48989001434487245,0.33490320327283973,0.13892773002937972,0.0,0.24777851165098014,1.2327372776753642,0.766318290406566,64.32557612827618,31.188512414950743,14.923428621336459,0.7,0.72,0.62,44.93130548582714,22.455728938764533,9.252525745228604,1.0,4.528189662850573,7.07581337411038,0.3972459547328999,0.0,0.24127509206308465,132.0,19.8,132.0,42.5,45.0,90.75
3,autumn_processing,秋季农产品加工日,60.0,县级区域特征化县域综合能源系统（非实测线路潮流）,特征化合成数据,粮食加工、仓储与冷链集中生产,19.0,0.25,19.088376119107036,10.521367686577218,13.114124176439542,5.912111712452298,13.684953258653099,0.0,32.71118914754494,5.64856472631784,25.166599276562053,11.676845494034604,0.4547433062383259,0.3159801470724613,0.13352868346558616,0.0,0.245,1.1746135942260716,0.7332720752531645,63.51309975272065,31.216374894574503,14.524777800568474,0.7,0.72,0.62,44.37021238619936,22.475789924093643,9.005362236352454,1.0,4.466077681586255,6.986440972799271,0.39342372529318625,0.0,0.2542478366435025,132.0,19.8,132.0,42.5,45.0,91.0
3,autumn_processing,秋季农产品加工日,60.0,县级区域特征化县域综合能源系统（非实测线路潮流）,特征化合成数据,粮食加工、仓储与冷链集中生产,19.25,0.25,19.156904495555082,10.284756910331824,12.988584496630478,5.855386713589334,13.344482633477131,0.0,32.18845384369695,5.548385927406706,24.774755977162137,11.662510009942617,0.4195811110469304,0.29808267226606755,0.12867860273305876,0.0,0.24211443451095008,1.0815356967977825,0.7013307146978284,62.7256586137287,31.400257852962802,14.069198720285618,0.7,0.72,0.62,43.85221675654947,22.608185654133216,8.722903206577083,1.0,4.39540166007876,6.899822447510156,0.38965753489891436,0.0,0.2552393225610983,132.0,19.8,132.0,42.5,45.0,91.25
3,autumn_processing,秋季农产品加工日,60.0,县级区域特征化县域综合能源系统（非实测线路潮流）,特征化合成数据,粮食加工、仓储与冷链集中生产,19.5,0.25,19.107684840650716,10.026637592105136,12.865955324682458,5.800578585294906,12.99220515314225,0.0,31.65873906311961,5.446303918006273,24.378330446868354,11.587330123217814,0.3856563158022558,0.2816700674925515,0.1243603509825903,0.0,0.2391341716182545,1.0183379132463364,0.6712505366972487,61.861507600759985,31.37388181724506,13.657317508973733,0.7,0.72,0.62,43.2614693179568,22.58919490841644,8.467536855563715,1.0,4.316828834913906,6.8047658360835985,0.38597865974047374,0.0,0.2610161506479332,132.0,19.8,132.0,42.5,45.0,91.5
3,autumn_processing,秋季农产品加工日,60.0,县级区域特征化县域综合能源系统（非实测线路潮流）,特征化合成数据,粮食加工、仓储与冷链集中生产,19.75,0.25,18.940471802114686,9.750899397517895,12.74718192055484,5.747943055948842,12.632826768908181,0.0,31.127951745411863,5.343513469697172,23.981668199762673,11.562327402909833,0.3539738484097968,0.26704539826476054,0.12054911680174364,0.0,0.23607197326515808,0.9727751187679876,0.6435852054522306,60.64766970796518,31.530654071537338,13.263948490285848,0.7,0.72,0.62,42.41601141789027,22.70207093150688,8.223648063977226,1.0,4.231296383404898,6.67124366787617,0.3824154576166452,0.0,0.2965827311932546,132.0,19.8,132.0,42.5,45.0,91.75
3,autumn_processing,秋季农产品加工日,60.0,县级区域特征化县域综合能源系统（非实测线路潮流）,特征化合成数据,粮食加工、仓储与冷链集中生产,20.0,0.25,18.660046250930094,9.4618628661314,12.633095626576477,5.6976904724469435,12.271031134891508,0.0,30.60181723391493,5.241182609905758,23.588970812155907,11.509540593351797,0.32525833999381004,0.2543625766798758,0.11721420006985696,0.0,0.23294095225512607,0.9201496344278788,0.6186809073789876,59.62991073246618,31.58907054026989,12.86609432426906,0.7,0.72,0.62,41.71551367600579,22.74413078899432,7.976978481046817,1.0,4.139981730114955,6.5592901805712795,0.37899286879729427,0.0,0.317049786221812,132.0,19.8,132.0,42.5,45.0,92.0
3,autumn_processing,秋季农产品加工日,60.0,县级区域特征化县域综合能源系统（非实测线路潮流）,特征化合成数据,粮食加工、仓储与冷链集中生产,20.25,0.25,18.27589845033586,9.164097725451775,12.524401769393899,5.649986476440852,11.911331793925557,0.0,30.08572003976031,5.140418772750244,23.204180641492776,11.47619922015956,0.29995137422673773,0.2436448812700222,0.11432071156928099,0.0,0.2297545161008064,0.8521795194716651,0.5966898285764928,58.46993854306271,31.714859211206033,12.228935652958295,0.7,0.72,0.62,40.92912114509023,22.834698632068342,7.581940104834143,1.0,4.04425814896131,6.431693239736898,0.37573205308181695,0.0,0.3426017434637437,132.0,19.8,132.0,42.5,45.0,92.25
3,autumn_processing,秋季农产品加工日,60.0,县级区域特征化县域综合能源系统（非实测线路潮流）,特征化合成数据,粮食加工、仓储与冷链集中生产,20.5,0.25,17.80159066974146,8.862240603255247,12.421672211176835,5.604953454714412,11.557943551461126,0.0,29.58456921735237,5.0422398685112615,22.830883652824337,11.435317520796492,0.2782335984832168,0.23481081539252383,0.11183113515097548,0.0,0.2265263096110026,0.8138036083074164,0.577597346010223,57.2191420545481,31.80889787555834,11.726596636172863,0.7,0.72,0.62,40.0613342583787,22.902406470402003,7.270489914427174,1.0,3.945638179426481,6.294105626000291,0.37265016633530507,0.0,0.37814469276106366,132.0,19.8,132.0,42.5,45.0,92.5
3,autumn_processing,秋季农产品加工日,60.0,县级区域特征化县域综合能源系统（非实测线路潮流）,特征化合成数据,粮食加工、仓储与冷链集中生产,20.75,0.25,17.25386028850374,8.560821789621496,12.32534245100286,5.5626726635783195,11.21467674636287,0.0,29.10269186094405,4.947551057764272,22.47223285984085,11.290419197151895,0.2600648307077429,0.22770315489504442,0.10970671546551213,0.0,0.22327015646150716,0.777445853184017,0.5612575917316338,56.091016644913275,31.524155606143967,11.249495141754222,0.7,0.72,0.62,39.28075714594211,22.697392036423654,6.974686987887618,1.0,3.8457086118657577,6.17001183094046,0.36976027353008584,0.0,0.38729063336443625,132.0,19.8,132.0,42.5,45.0,92.75
3,autumn_processing,秋季农产品加工日,60.0,县级区域特征化县域综合能源系统（非实测线路潮流）,特征化合成数据,粮食加工、仓储与冷链集中生产,21.0,0.25,16.65154728656929,8.264109430262216,12.235712992234431,5.523186918596117,10.884856644005794,0.0,28.643756554836344,4.857127666096708,22.130893667619688,11.177578428473359,0.2452344816370877,0.22211756158180204,0.10790864805221334,0.0,0.22,0.7107317797250653,0.5474321449272341,54.60399372045727,31.344461710945094,10.916328614978724,0.7,0.72,0.62,38.27271550343978,22.568012431880465,6.768123741286809,1.0,3.7460616504468436,6.0064393092502995,0.3670713897670329,0.0,0.38180160787725315,132.0,19.8,132.0,42.5,45.0,93.0
3,autumn_processing,秋季农产品加工日,60.0,县级区域特征化县域综合能源系统（非实测线路潮流）,特征化合成数据,粮食加工、仓储与冷链集中生产,21.25,0.25,16.0144428229776,7.975977807219714,12.152954537727314,5.486503736387345,10.571268735731614,0.0,28.210727009846273,4.771604338937955,21.809011242447184,11.079401467834728,0.23341499392968873,0.21782802792703376,0.1063990612206606,0.0,0.21672984353849287,0.6976023223166827,0.5358273738844774,53.188942936723784,31.205902844614464,10.552489667504704,0.7,0.72,0.62,37.27976580396945,22.468250048122414,6.542543593852916,1.0,3.6482272222833294,5.8507837230396165,0.3645886361318194,0.0,0.41104858002170375,132.0,19.8,132.0,42.5,45.0,93.25
3,autumn_processing,秋季农产品加工日,60.0,县级区域特征化县域综合能源系统（非实测线路潮流）,特征化合成数据,粮食加工、仓储与冷链集中生产,21.5,0.25,15.362157267266147,7.699804346037144,12.077116457034323,5.452598814468941,10.276129406514727,0.0,27.80584467801799,4.691470230881768,21.508198989620663,10.908502501676546,0.22421227301478436,0.2146074550310612,0.10514179014121908,0.0,0.2134736903889974,0.7116313369852894,0.526127131073562,51.64886183760789,30.794968940522786,10.098229517157222,0.7,0.72,0.62,36.18218848150938,22.172377637176403,6.260902300637477,1.0,3.5536112281251366,5.681374802136868,0.36231349371102967,0.0,0.4152395978739106,132.0,19.8,132.0,42.5,45.0,93.5
3,autumn_processing,秋季农产品加工日,60.0,县级区域特征化县域综合能源系统（非实测线路潮流）,特征化合成数据,粮食加工、仓储与冷链集中生产,21.75,0.25,14.713097038148181,7.438397853978596,12.008137890887062,5.421419737755537,10.001080291245833,0.0,27.430637919888433,4.617069763776527,21.229546339058672,10.796276638438089,0.21720886170947123,0.21224266160323083,0.10410295255905022,0.0,0.21024548389919362,0.7200191313368232,0.5180188317279556,50.30864774837327,30.579887882119266,9.633926744782235,0.7,0.72,0.62,35.23005886365346,22.01751927512587,5.973034581764986,1.0,3.4634438586889145,5.533951252321059,0.3602441367266118,0.0,0.4120188166262963,132.0,19.8,132.0,42.5,45.0,93.75
3,autumn_processing,秋季农产品加工日,60.0,县级区域特征化县域综合能源系统（非实测线路潮流）,特征化合成数据,粮食加工、仓储与冷链集中生产,22.0,0.25,14.083621779353868,7.1939584092121684,11.945860818101217,5.392889806010945,9.74720372315027,0.0,27.08595434726243,4.548608282347175,20.973643351956557,10.633004434113484,0.21199751034570122,0.2105439424813734,0.10325134241556064,0.0,0.20705904774487396,0.7277446485587604,0.5112121918895917,48.97403948720031,30.168130640948426,9.526148233478052,0.7,0.72,0.62,34.28361857893867,21.721054061482867,5.906211904756392,1.0,3.378741032796886,5.387144343592034,0.3583758245430365,0.0,0.439606635497305,62.0,9.299999999999999,62.0,42.5,45.0,94.0
3,autumn_processing,秋季农产品加工日,60.0,县级区域特征化县域综合能源系统（非实测线路潮流）,特征化合成数据,粮食加工、仓储与冷链集中生产,22.25,0.25,13.487429647284715,6.968067432861792,11.890044406348059,5.366911884728261,9.515056010483105,0.0,26.77201230155943,4.486161790319137,20.740619185365627,10.456880582213433,0.20820450771334104,0.2093498703892413,0.10255866241721266,0.0,0.20392802673484192,0.7313817865178063,0.5054509085457295,47.873734158660724,29.695776962672184,9.297864565307533,0.7,0.72,0.62,33.50509756904577,21.38095941312397,5.76467603049067,1.0,3.3002806978377346,5.2661107574526795,0.35670133219044176,0.0,0.47036929215866724,62.0,9.299999999999999,62.0,42.5,45.0,94.25
3,autumn_processing,秋季农产品加工日,60.0,县级区域特征化县域综合能源系统（非实测线路潮流）,特征化合成数据,粮食加工、仓储与冷链集中生产,22.5,0.25,12.935192198292302,6.761704899897761,11.840379996809487,5.343372192075292,9.304714866400865,0.0,26.488467055285643,4.429689864798881,20.530191186504773,10.321416824307649,0.20550346651129045,0.2085283525950305,0.10199961937688362,0.0,0.20086582838174552,0.7152994785518353,0.5005182544973265,46.73665558466237,29.353922760676674,9.082852211218711,0.7,0.72,0.62,32.7154675287747,21.134824387687203,5.631368370955601,1.0,3.2285943408037383,5.1410321143128614,0.3552113999042846,0.0,0.46422855724717105,62.0,9.299999999999999,62.0,42.5,45.0,94.5
3,autumn_processing,秋季农产品加工日,60.0,县级区域特征化县域综合能源系统（非实测线路潮流）,特征化合成数据,粮食加工、仓储与冷链集中生产,22.75,0.25,12.434434919458196,6.575289458328243,11.796506128069264,5.322143946123236,9.115837151792075,0.0,26.234487225984576,4.379050819064751,20.341721322850304,10.169355089432976,0.20362111680990788,0.2079750471438282,0.10155190720389393,0.0,0.19788556548904992,0.70586447379161,0.4962379275822495,45.84503591565853,28.938331737216217,8.739657401672568,0.7,0.72,0.62,32.09365793688909,20.835598850795677,5.418587589036992,1.0,3.1639727559741564,5.042953950722438,0.3538951838420779,0.0,0.47718738244748893,62.0,9.299999999999999,62.0,42.5,45.0,94.75
3,autumn_processing,秋季农产品加工日,60.0,县级区域特征化县域综合能源系统（非实测线路潮流）,特征化合成数据,粮食加工、仓储与冷链集中生产,23.0,0.25,11.989637715158308,6.408736466058253,11.758023080334537,5.3030908090363456,8.947723147939667,0.0,26.00883703731055,4.334018207813413,20.174276764948758,10.090377380917214,0.20233706691196635,0.2076101689112183,0.10119610203089346,0.0,0.195,0.6975938534416662,0.4924715834848451,45.028141502459626,28.76978553416131,8.579095111332933,0.7,0.72,0.62,31.523854937797417,20.714245584596142,5.319038969026418,1.0,3.1064840419402215,4.953095565270559,0.3527406924100361,0.0,0.49315163995200156,62.0,9.299999999999999,62.0,42.5,45.0,95.0
3,autumn_processing,秋季农产品加工日,60.0,县级区域特征化县域综合能源系统（非实测线路潮流）,特征化合成数据,粮食加工、仓储与冷链集中生产,23.25,0.25,11.602513661027226,6.261528619486926,11.724506510547892,5.286070077726755,8.799383820755047,0.0,25.809960409029692,4.2942978358226735,20.026691696015998,9.959544988833448,0.2014795245123685,0.20737453891109545,0.1009154924615823,0.0,0.1922214883490199,0.6795534117024493,0.4891143679640887,44.41266152945475,28.402751053140708,8.381598759580289,0.7,0.72,0.62,31.102290050390696,20.449980758261308,5.196591230939779,1.0,3.056001050263841,4.885392768240023,0.35173519531643677,0.0,0.4747090792155719,62.0,9.299999999999999,62.0,42.5,45.0,95.25
3,autumn_processing,秋季农产品加工日,60.0,县级区域特征化县域综合能源系统（非实测线路潮流）,特征化合成数据,粮食加工、仓储与冷链集中生产,23.5,0.25,11.272415065056373,6.13279390240317,11.69551984559786,5.270935583206797,8.669607929738786,0.0,25.636063358543446,4.2595445309915,19.897627790536102,9.867662428482852,0.2009187462696719,0.2072255102138389,0.10069586562510512,0.0,0.18956192854956397,0.6983864935409406,0.48608952952875273,43.949885625305335,28.162350551690448,8.375606156118451,0.7,0.72,0.62,30.762138921763828,20.27689239721712,5.19287581679344,1.0,3.0122351224501056,4.834487418783587,0.35086559536793577,0.0,0.4665366326678203,62.0,9.299999999999999,62.0,42.5,45.0,95.5
3,autumn_processing,秋季农产品加工日,60.0,县级区域特征化县域综合能源系统（非实测线路潮流）,特征化合成数据,粮食加工、仓储与冷链集中生产,23.75,0.25,10.996813320099616,6.0213859672325425,11.670625198649649,5.257540273096758,8.557026328483346,0.0,25.485191800229753,4.22937806526171,19.785631246317948,9.79777943781239,0.200559617669453,0.20713318579146486,0.10052526693149218,0.0,0.18703270924499654,0.6991594202290425,0.48334291025942355,43.419191973515574,27.988969560134453,8.194011128866784,0.7,0.72,0.62,30.387365697559993,20.152058083296804,5.080286899897406,1.0,2.974772921819296,4.776111117086713,0.35011875595948944,0.0,0.46367024300712806,62.0,9.299999999999999,62.0,42.5,45.0,95.75
4,winter_heating,冬季采暖日,80.0,县级区域特征化县域综合能源系统（非实测线路潮流）,特征化合成数据,严寒地区采暖负荷高峰,0.0,0.25,11.80027194200923,5.949317972019548,10.991732042262308,4.14281748856022,1.5033616864879322,0.0,16.63791121731046,2.395454564039661,13.2187944473977,13.576797165036655,0.0,0.2430001050075079,0.14501045704261956,0.0,0.22157359312880712,0.6293598858143848,0.51110439831598,35.25530356230701,46.338452365657176,2.221182884414139,0.78,0.92,0.3,27.51934046598023,42.6313761764046,0.6663548653242417,1.0,1.5014840731378953,3.8780833918537714,0.3297519612678692,0.0,0.5060554013478763,52.0,7.8,52.0,46.0,45.0,96.0
4,winter_heating,冬季采暖日,80.0,县级区域特征化县域综合能源系统（非实测线路潮流）,特征化合成数据,严寒地区采暖负荷高峰,0.25,0.25,11.803036727364832,5.952300685875409,11.005108740818377,4.143499579371369,1.5041430289633455,0.0,16.652751349153093,2.3973544395569877,13.230377436951322,13.653963587517808,0.0,0.24300025756035315,0.14501516216930666,0.0,0.21888961155126135,0.6155439556533567,0.5085589572183215,35.31420965577262,46.613349556981056,2.3083780553326574,0.78,0.92,0.3,27.57351820331135,42.884281592422575,0.6925134165997971,1.0,1.5019587974796273,3.8845630621349883,0.3301532622245513,0.0,0.5241693813224122,52.0,7.8,52.0,46.0,45.0,96.25
4,winter_heating,冬季采暖日,80.0,县级区域特征化县域综合能源系统（非实测线路潮流）,特征化合成数据,严寒地区采暖负荷高峰,0.5,0.25,11.811031997786403,5.956139368567153,11.02054442941158,4.144329852196457,1.5050860692310126,0.0,16.669960350839048,2.3995636401555744,13.243810297676315,13.70934305201428,0.0,0.24300061443215631,0.14502183221862697,0.0,0.2163987995825259,0.6331451995912579,0.5061989387026733,35.34483334757414,46.81028989777492,2.3110991302417423,0.78,0.92,0.3,27.581315694129323,43.06546670595293,0.6933297390725227,1.0,1.5027604930238119,3.887931668233155,0.3306163328823474,0.0,0.5227720850683748,52.0,7.8,52.0,46.0,45.0,96.5
4,winter_heating,冬季采暖日,80.0,县级区域特征化县域综合能源系统（非实测线路潮流）,特征化合成数据,严寒地区采暖负荷高峰,0.75,0.25,11.82435696254321,5.961047137568058,11.03826747179009,4.145336221304789,1.5062194231045318,0.0,16.689823116199413,2.40212088953267,13.259315762953651,13.823728170255105,0.0,0.2430014256244181,0.14503121896261464,0.0,0.2141118232618473,0.5987258708541504,0.5040353271022007,35.494660495064274,47.217792058542514,2.4087124634762147,0.78,0.92,0.3,27.722864333986095,43.440368693859114,0.7226137390428644,1.0,1.503904944214511,3.90441265445707,0.3311480241537027,0.0,0.5388468773325295,52.0,7.8,52.0,46.0,45.0,96.75
4,winter_heating,冬季采暖日,80.0,县级区域特征化县域综合能源系统（非实测线路潮流）,特征化合成数据,严寒地区采暖负荷高峰,1.0,0.25,11.843168080171502,5.967280280597358,11.058514982387573,4.146550857169545,1.50757567744426,0.0,16.71264151700138,2.4050676012147636,13.277129911187982,13.898440355234763,0.0,0.2430032171593951,0.14504433259258254,0.0,0.21203847577293367,0.5893031803623838,0.5020787033291878,35.70630297515263,47.4834023740044,2.4755022974713126,0.78,0.92,0.3,27.89333854326558,43.684730184084046,0.7426506892413938,1.0,1.5054121848817732,3.9276933272667893,0.33175544947162716,0.0,0.5688801516846,52.0,7.8,52.0,46.0,45.0,97.0
4,winter_heating,冬季采暖日,80.0,县级区域特征化县域综合能源系统（非实测线路潮流）,特征化合成数据,严寒地区采暖负荷高峰,1.25,0.25,11.867717127333288,5.975144221339654,11.081529986364508,4.148010616958637,1.5091917114992284,0.0,16.73873231482237,2.408447685946126,13.297500552228188,13.982800190635674,0.0,0.24300706116396786,0.14506251897625563,0.0,0.2101876355080387,0.5795583084479164,0.5003394636260443,35.593630530881086,47.783231547175426,2.5623098666883393,0.78,0.92,0.3,27.811315797123918,43.960573023401395,0.7686929600065018,1.0,1.5073084996283295,3.9152993583969193,0.33244589959093523,0.0,0.591530420528454,52.0,7.8,52.0,46.0,45.0,97.25
4,winter_heating,冬季采暖日,80.0,县级区域特征化县域综合能源系统（非实测线路潮流）,特征化合成数据,严寒地区采暖负荷高峰,1.5,0.25,11.898401780500912,5.984999565983458,11.107557969587834,4.149757472548207,1.5111089965382423,0.0,16.76842443867428,2.4123072806476307,13.320685120177503,14.031821535802377,0.0,0.2430150735754287,0.14508755574588256,0.0,0.2085672280493228,0.5858598343579312,0.49882821832095103,35.68320226072845,47.95657613793442,2.6956063267810078,0.78,0.92,0.3,27.874755310889956,44.12005004689967,0.8086818980343023,1.0,1.5096290419465719,3.9251522486801296,0.333226739087635,0.0,0.5881415006927855,52.0,7.8,52.0,46.0,45.0,97.5
4,winter_heating,冬季采暖日,80.0,县级区域特征化县域综合能源系统（非实测线路潮流）,特征化合成数据,严寒地区采暖负荷高峰,1.75,0.25,11.935829464657784,5.997268003487311,11.136842816731102,4.151838924411007,1.5133738613170247,0.0,16.802055602459134,2.4166943938914587,13.346948052191983,14.177331911972495,0.0,0.2430312962660462,0.14512177033826498,0.0,0.20718419223029366,0.5496029077591341,0.4975564833094498,35.78372358535162,48.474205367794816,2.6842008668633537,0.78,0.92,0.3,27.98017061183159,44.59626893837123,0.8052602600590061,1.0,1.512421102832762,3.9362095943886786,0.33410528450193305,0.0,0.622221781059532,52.0,7.8,52.0,46.0,45.0,97.75
4,winter_heating,冬季采暖日,80.0,县级区域特征化县域综合能源系统（非实测线路潮流）,特征化合成数据,严寒地区采暖负荷高峰,2.0,0.25,11.980893187737404,6.012437773514979,11.169622156628202,4.154308387541256,1.5160377092753505,0.0,16.83996825344481,2.4216584645933876,13.376557646133731,14.309568962035604,0.0,0.2430631982475773,0.14516818313316843,0.0,0.20604445042265587,0.5605220827998457,0.4965378314946788,35.75918371864463,48.944062512009786,2.531339917035826,0.78,0.92,0.3,27.95149390745361,45.028537511049,0.7594019751107478,1.0,1.515747961436987,3.933510209050909,0.3350886646988461,0.0,0.5964653373151516,52.0,7.8,52.0,46.0,45.0,98.0
4,winter_heating,冬季采暖日,80.0,县级区域特征化县域综合能源系统（非实测线路潮流）,特征化合成数据,严寒地区采暖负荷高峰,2.25,0.25,12.034854888068281,6.031068355876284,11.206122157912276,4.157225533376328,1.519157171837129,0.0,16.88250486312573,2.4272498327613805,13.409782405597952,14.45501432642684,0.0,0.24312412344226597,0.14523067866611006,0.0,0.20515288317580616,0.5874494680103703,0.49578973622610106,36.10863594110014,49.460671402950176,2.56519120397064,0.78,0.92,0.3,28.202315185236124,45.503817690714165,0.769557361191192,1.0,1.5196930893049396,3.9719499535210154,0.33618366473736827,0.0,0.5814632453906599,52.0,7.8,52.0,46.0,45.0,98.25
4,winter_heating,冬季采暖日,80.0,县级区域特征化县域综合能源系统（非实测线路潮流）,特征化合成数据,严寒地区采暖负荷高峰,2.5,0.25,12.099427468518607,6.053793977474161,11.246551844290934,4.160656569546652,1.5227941808836123,0.0,16.9300025947212,2.4335191236277045,13.446886898593252,14.641635643312261,0.0,0.2432371039837226,0.14531420745865017,0.0,0.2045133083175714,0.5649272759490261,0.4953364024030838,36.055688156747244,50.123857732819566,2.5702581761597565,0.78,0.92,0.3,28.178129889425694,46.113949114194,0.771077452847927,1.0,1.5243642617482411,3.9661256972421968,0.33739655532872803,0.0,0.5541416142575326,52.0,7.8,52.0,46.0,45.0,98.5
4,winter_heating,冬季采暖日,80.0,县级区域特征化县域综合能源系统（非实测线路潮流）,特征化合成数据,严寒地区采暖负荷高峰,2.75,0.25,12.176841481288626,6.081325481399429,11.291097026811965,4.164674437326223,1.5270159424802652,0.0,16.982787406618453,2.440516549281814,13.488127175599676,14.832568868512867,0.0,0.24344051444594048,0.14542502024259096,0.0,0.20412846460568376,0.5547696484503915,0.49521291970588976,35.81439031407422,50.801900156715426,2.669839980071661,0.78,0.92,0.3,27.997717038892475,46.73774814417819,0.8009519940214982,1.0,1.5298968691469348,3.939582934548164,0.3387329108043589,0.0,0.5595051293606187,52.0,7.8,52.0,46.0,45.0,98.75
4,winter_heating,冬季采暖日,80.0,县级区域特征化县域综合能源系统（非实测线路潮流）,特征化合成数据,严寒地区采暖负荷高峰,3.0,0.25,12.269877091397662,6.114450062848668,11.339913979209037,4.169358904978092,1.5318947933621572,0.0,17.041167677549286,2.448291134940815,13.53374581328496,15.007558014438823,0.0,0.24379600853324507,0.14557093518184575,0.0,0.204,0.5588700815212745,0.49547104763693267,36.03584602820735,51.4223865686978,2.6930090522045256,0.78,0.92,0.3,28.167512286052073,47.30859564320198,0.8079027156613576,1.0,1.5364554540688915,3.9639430631028088,0.34019741937627107,0.0,0.5154989222621568,52.0,7.8,52.0,46.0,45.0,99.0
4,winter_heating,冬季采暖日,80.0,县级区域特征化县域综合能源系统（非实测线路潮流）,特征化合成数据,严寒地区采暖负荷高峰,3.25,0.25,12.381837685767072,6.1540283534154545,11.393123010732625,4.174796533914582,1.5375079216242937,0.0,17.1054274662715,2.456889880149884,13.58396667110748,15.276749407466632,0.0,0.24439898016260686,0.14576163705066364,0.0,0.20412846460568376,0.5817475049430468,0.4961868008348216,35.76804335715052,52.37862235307533,2.705959090746179,0.78,0.92,0.3,27.94149756555665,48.1883325648293,0.8117877272238537,1.0,1.5442322870594691,3.934484769286557,0.3417936903219787,0.0,0.5148748741336496,52.0,7.8,52.0,46.0,45.0,99.25
4,winter_heating,冬季采暖日,80.0,县级区域特征化县域综合能源系统（非实测线路潮流）,特征化合成数据,严寒地区采暖负荷高峰,3.5,0.25,12.516439905905806,6.2009883347360875,11.450802117436693,4.181080493850458,1.5439369336234074,0.0,17.175819544910556,2.4663568683826353,13.638989468520867,15.562000618280042,0.0,0.24539134179058322,0.14600900515640242,0.0,0.2045133083175714,0.5693070534846527,0.4974696867958633,36.07876321588515,53.39144832399925,2.583385581082893,0.78,0.92,0.3,28.19484549346825,49.12013245807931,0.775015674324868,1.0,1.5534417147125168,3.9686639537473662,0.3435240635231008,0.0,0.5139113070150726,52.0,7.8,52.0,46.0,45.0,99.5
4,winter_heating,冬季采暖日,80.0,县级区域特征化县域综合能源系统（非实测线路潮流）,特征化合成数据,严寒地区采暖负荷高峰,3.75,0.25,12.67759771938531,6.256315590086826,11.512980916235565,4.18831020305209,1.5512672503706577,0.0,17.252558369658313,2.476732341579188,13.698984309555412,15.881571305334987,0.0,0.24697564882220624,0.1463274640692943,0.0,0.20515288317580616,0.5744729827871389,0.49947291085492507,36.506000524973835,54.5259942286575,2.557616067893291,0.78,0.92,0.3,28.526064393760553,50.163914690364905,0.7672848203679873,1.0,1.564309155896986,4.015660057747122,0.3453894274870669,0.0,0.5015933635490436,52.0,7.8,52.0,46.0,45.0,99.75
4,winter_heating,冬季采暖日,80.0,县级区域特征化县域综合能源系统（非实测线路潮流）,特征化合成数据,严寒地区采暖负荷高峰,4.0,0.25,12.869086902678674,6.321039463439713,11.579635084607881,4.196590770506949,1.5595873187619862,0.0,17.335813173876815,2.4880517589718334,13.764086298138755,16.1488484279312,0.0,0.2494285146999988,0.1467343479447955,0.0,0.20604445042265587,0.6000339208340633,0.5024031013418382,36.678409847033365,55.47284088897673,2.6108609877943416,0.78,0.92,0.3,28.64353632377729,51.03501361785859,0.7832582963383025,1.0,1.5770540605102352,4.03462508317367,0.34738905253823643,0.0,0.48122531382893197,52.0,7.8,52.0,46.0,45.0,100.0
4,winter_heating,冬季采暖日,80.0,县级区域特征化县域综合能源系统（非实测线路潮流）,特征化合成数据,严寒地区采暖负荷高峰,4.25,0.25,13.09409167615053,6.396214793782231,11.650681541021164,4.206032218477407,1.5689876259172395,0.0,17.42570138541581,2.500344861950266,13.834390400547491,16.500751117505494,0.0,0.25310996220161347,0.14725026544564618,0.0,0.20718419223029366,0.6180778224579447,0.50652719506099,37.192040165925235,56.72089559772213,2.5947950024658244,0.78,0.92,0.3,29.03421782296548,52.18322394990436,0.7784385007397473,1.0,1.5918669144069344,4.091124418251776,0.34952044623063494,0.0,0.5032705050244384,52.0,7.8,52.0,46.0,45.0,100.25
4,winter_heating,冬季采暖日,80.0,县级区域特征化县域综合能源系统（非实测线路潮流）,特征化合成数据,严寒地区采暖负荷高峰,4.5,0.25,13.35465654349753,6.4828990307420495,11.725974605450592,4.216748466565439,1.5795595087182277,0.0,17.522282580734256,2.5136347685538603,13.909946719774863,16.81535237437126,0.0,0.2584641013348443,0.14789944809648126,0.0,0.2085672280493228,0.5809171205748764,0.5121732408680808,37.80370102558888,57.83461351955978,2.4991455256652855,0.78,0.92,0.3,29.545944686779006,53.207844437995,0.7497436576995856,1.0,1.6088814408452419,4.158407112814777,0.35177923816351775,0.0,0.4777374032901282,52.0,7.8,52.0,46.0,45.0,100.5
4,winter_heating,冬季采暖日,80.0,县级区域特征化县域综合能源系统（非实测线路潮流）,特征化合成数据,严寒地区采暖负荷高峰,4.75,0.25,13.651091226853284,6.582124716211198,11.805303374379491,4.228856062181404,1.5913937553560473,0.0,17.625553191916943,2.527937122296522,13.990756349348366,17.17522416211413,0.0,0.2660057346617361,0.14871006050495836,0.0,0.2101876355080387,0.5881203027619903,0.5197213224503145,38.22204873936158,59.10880286134117,2.368167775051888,0.78,0.92,0.3,29.874185502997996,54.38009863243388,0.7104503325155664,1.0,1.6281443921063126,4.204425361329774,0.3541591012313847,0.0,0.46043624877220235,52.0,7.8,52.0,46.0,45.0,100.75
4,winter_heating,冬季采暖日,80.0,县级区域特征化县域综合能源系统（非实测线路潮流）,特征化合成数据,严寒地区采暖负荷高峰,5.0,0.25,13.981400759265638,6.6948675336662316,11.888390529242258,4.242472647229077,1.6045790012890015,0.0,17.735442177760337,2.543259320293885,14.076767970354048,17.50097273371788,0.0,0.2762877001541252,0.1497144465025629,0.0,0.21203847577293367,0.611252929494178,0.5295809439444812,39.17442175305361,60.25982393466976,2.2761362788853563,0.78,0.92,0.3,30.608852626320836,55.43903801989618,0.6828408836656069,1.0,1.6495865350804246,4.309186392835897,0.35665171587726774,0.0,0.4622846882067478,52.0,7.8,52.0,46.0,45.0,101.0
4,winter_heating,冬季采暖日,80.0,县级区域特征化县域综合能源系统（非实测线路潮流）,特征化合成数据,严寒地区采暖负荷高峰,5.25,0.25,14.340830799785364,6.822010377238499,11.974892770582164,4.257715156898589,1.6191999284026473,0.0,17.8518078558834,2.559599844960188,14.167875344436782,17.854924783933054,0.0,0.2898454850406355,0.15094928121062282,0.0,0.2141118232618473,0.6123646855600788,0.5421524247167603,39.626101205345414,61.51018422953103,2.2206816089743553,0.78,0.92,0.3,30.97286691014932,56.58936949116855,0.6662044826923066,1.0,1.6729993366271867,4.358871132587995,0.3592467831174649,0.0,0.4567140776156112,52.0,7.8,52.0,46.0,45.0,101.25
4,winter_heating,冬季采暖日,80.0,县级区域特征化县域综合能源系统（非实测线路潮流）,特征化合成数据,严寒地区采暖负荷高峰,5.5,0.25,14.721624291661577,6.964304168152685,12.064403031854226,4.274697753660234,1.6353352832366128,0.0,17.974436068751075,2.5769477217934043,14.26391583692446,18.14990219552743,0.0,0.3071191792503719,0.15245559570476766,0.0,0.2163987995825259,0.6407485950366367,0.5577723212129508,40.45158370746353,62.54845008661435,2.2919057456417913,0.78,0.92,0.3,31.61022370890593,57.544574079685205,0.6875717236925374,1.0,1.6980221593125016,4.449674207820988,0.3619320909556268,0.0,0.4556470998114923,52.0,7.8,52.0,46.0,45.0,101.5
4,winter_heating,冬季采暖日,80.0,县级区域特征化县域综合能源系统（非实测线路潮流）,特征化合成数据,严寒地区采暖负荷高峰,5.75,0.25,15.113075053761536,7.122326435586738,12.15645457693127,4.29352950778261,1.6530557377363582,0.0,18.103039822450242,2.595282122934621,14.364670077869613,18.412301392191843,0.0,0.32835804021200626,0.15427863876995787,0.0,0.21888961155126135,0.6762947701111782,0.5766465340150647,41.3787722562968,63.468817852773896,2.134953766350596,0.78,0.92,0.3,32.32457897323985,58.391312424551984,0.6404861299051788,1.0,1.7241442537906118,4.551664948192648,0.36469363730793813,0.0,0.4747477936930021,52.0,7.8,52.0,46.0,45.0,101.75
4,winter_heating,冬季采暖日,80.0,县级区域特征化县域综合能源系统（非实测线路潮流）,特征化合成数据,严寒地区采暖负荷高峰,6.0,0.25,15.501934805405533,7.296438967990432,12.250527024684587,4.314311844808757,1.6724216238937528,0.0,18.237260493387097,2.6145721322843523,14.469862834993013,18.679750788664176,0.0,0.35351906029539043,0.15646753967570934,0.0,0.22157359312880712,0.7182482993272913,0.5987790413872784,42.1597387369157,64.40560695992357,2.08694399277572,0.78,0.92,0.3,32.923141582706236,59.25315840312969,0.626083197832716,1.0,1.7507243818852642,4.637571261060727,0.3675158107405376,0.0,0.47617312549946733,52.0,7.8,52.0,46.0,45.0,102.0
4,winter_heating,冬季采暖日,80.0,县级区域特征化县域综合能源系统（非实测线路潮流）,特征化合成数据,严寒地区采暖负荷高峰,6.25,0.25,15.873184341470656,7.486746112586193,12.346054273868399,4.33713579020443,1.6934805816070466,0.0,18.376670645679877,2.634776683054555,14.579165131950234,18.892479016066627,0.0,0.38217659343128874,0.15907473742499256,0.0,0.22443925109399585,0.7534483344295324,0.6239081676236914,42.99975392744615,65.145291600575,2.221516131833329,0.78,0.92,0.3,33.57602653017665,59.93366827252901,0.6664548395499986,1.0,1.777028617570606,4.729972932019076,0.370381628216052,0.0,0.5020711449718603,52.0,7.8,52.0,46.0,45.0,102.25
4,winter_heating,冬季采暖日,80.0,县级区域特征化县域综合能源系统（非实测线路潮流）,特征化合成数据,严寒地区采暖负荷高峰,6.5,0.25,16.211123198321882,7.6930555365119675,12.442434223970382,4.3620790515751535,1.7162651668298874,0.0,18.520778442375423,2.655844672862549,14.692197599169049,19.027103503891244,0.0,0.4134635373137723,0.16215514596891445,0.0,0.22747431425947676,0.7900932029878405,0.6514647060381664,43.79320403731152,65.60431946334232,2.4277778341675065,0.78,0.92,0.3,34.193891156810636,60.35597390627494,0.7283333502502519,1.0,1.8022840565062452,4.817252444104267,0.37327302671911144,0.0,0.5377404853827111,52.0,7.8,52.0,46.0,45.0,102.5
4,winter_heating,冬季采暖日,80.0,县级区域特征化县域综合能源系统（非实测线路潮流）,特征化合成数据,严寒地区采暖负荷高峰,6.75,0.25,16.500674835530376,7.914843443360571,12.539040105393347,4.389202989109877,1.7407904742722486,0.0,18.669033568775472,2.6777152550268744,14.808534994317325,19.150786358244286,0.0,0.4460640648721585,0.16576503177545743,0.0,0.23066578601882387,0.8142621166832456,0.6805658707263054,44.152815082327464,66.02252797766603,2.5645471986166344,0.78,0.92,0.3,34.4846371839288,60.74072573945275,0.7693641595849903,1.0,1.8257433011403212,4.8568096590560215,0.3761712031618004,0.0,0.5390771058040775,52.0,7.8,52.0,46.0,45.0,102.75
4,winter_heating,冬季采暖日,80.0,县级区域特征化县域综合能源系统（非实测线路潮流）,特征化合成数据,严寒地区采暖负荷高峰,7.0,0.25,16.728757539713456,8.151226344559491,12.635233148620934,4.418549534876894,1.7670518352263433,0.0,18.820834518724173,2.7003182978621485,14.927711777281424,19.13705642232952,0.0,0.4782723867967862,0.16996059010129258,0.0,0.23399999999999999,0.8869276934135818,0.7100552018489136,44.7295899359731,65.94822546142366,2.7574025086043563,0.78,0.92,0.3,34.90733175104534,60.67236742450977,0.8272207525813069,1.0,1.8467522493833708,4.9202548929570415,0.379056994458628,0.0,0.5467019833166374,93.28,13.991999999999999,93.28,46.0,45.0,103.0
4,winter_heating,冬季采暖日,80.0,县级区域特征化县域综合能源系统（非实测线路潮流）,特征化合成数据,严寒地区采暖负荷高峰,7.25,0.25,16.885545618962553,8.400941498590528,12.730376240739366,4.450138130862656,1.795022656174443,0.0,18.975537027776465,2.7235749968023795,15.04922857276419,19.1108065409266,0.0,0.5081216417934481,0.1747962193625283,0.0,0.23746267858685993,0.9370005766021797,0.7385912913392061,45.20167927370281,65.82746932980781,2.8153324235594828,0.78,0.92,0.3,35.26504067507769,60.56127178342319,0.8445997270678448,1.0,1.864812434571189,4.972184720107309,0.381911287222181,0.005240741700817061,0.5534591807365885,93.28,13.991999999999999,93.28,46.0,45.0,103.25
4,winter_heating,冬季采暖日,80.0,县级区域特征化县域综合能源系统（非实测线路潮流）,特征化合成数据,严寒地区采暖负荷高峰,7.5,0.25,16.965448245462177,8.66233803793697,12.823848143084806,4.4839627637715305,1.8246524673583497,0.0,19.132463374214687,2.7473986174678893,15.172559304947677,19.013232496645294,0.0,0.533573370617614,0.18032250892475593,0.0,0.24103899405809462,0.9752940460798297,0.7647786618198,45.65797956941416,65.45027868363952,2.876786180868667,0.78,0.92,0.3,35.61727337002058,60.214256388948364,0.8630358542606001,1.0,1.8796293050982689,5.022377752635558,0.3847154442925442,0.02963284630406935,0.5367724439411367,93.28,13.991999999999999,93.28,46.0,45.0,103.5
4,winter_heating,冬季采暖日,80.0,县级区域特征化县域综合能源系统（非实测线路潮流）,特征化合成数据,严寒地区采暖负荷高峰,7.75,0.25,16.96766623875921,8.933380593651512,12.915057780333491,4.519989181152683,1.8558652521421384,0.0,19.29091221362831,2.7716953417187717,15.297158745993771,18.85630102353421,0.0,0.5527440594937038,0.1865839739629352,0.0,0.2447136320818103,0.9972660131046839,0.787324368689954,46.07055484138256,64.85945051305862,2.9155226977622988,0.78,0.92,0.3,35.9444896547467,59.670694472013935,0.8746568093286896,1.0,1.8911394795649938,5.067761032552082,0.3874517334100047,0.054986529819441105,0.5142036868514602,93.28,13.991999999999999,93.28,46.0,45.0,103.75
4,winter_heating,冬季采暖日,80.0,县级区域特征化县域综合能源系统（非实测线路潮流）,特征化合成数据,严寒地区采暖负荷高峰,8.0,0.25,16.896245507879964,9.211666895843113,13.003458063527212,4.558152377957555,1.8885581275123642,0.0,19.45016856899713,2.796365183708345,15.422470186403624,18.639197579153873,0.0,0.5641345050748691,0.19361659102509993,0.0,0.24847085729384874,1.0211440797959779,0.8051963999041546,46.34764811340974,64.05216044987515,2.8921385579132513,0.78,0.92,0.3,36.159869546122884,58.927987613885136,0.8676415673739754,1.0,1.899512934723631,5.0982412924750715,0.39010374190581637,0.09227248690469508,0.5263935632923813,93.28,13.991999999999999,93.28,46.0,45.0,104.0
4,winter_heating,冬季采暖日,80.0,县级区域特征化县域综合能源系统（非实测线路潮流）,特征化合成数据,严寒地区采暖负荷高峰,8.25,0.25,16.75961949054026,9.494460376908522,13.088558681564926,4.5983544447590745,1.922600443223189,0.0,19.60951356954719,2.821302939353526,15.547932913234144,18.339355618570004,0.0,0.5668234539091398,0.2014452085426006,0.0,0.2522945806790323,1.0064072817557104,0.817756957069819,46.501086395299325,62.94792565431822,2.974171966670183,0.78,0.92,0.3,36.303606665633836,57.91209160197276,0.8922515900010549,1.0,1.9051297640394873,5.1151195034829255,0.39265676044694775,0.13286865372350093,0.5400774855203081,93.28,13.991999999999999,93.28,46.0,45.0,104.25
4,winter_heating,冬季采暖日,80.0,县级区域特征化县域综合能源系统（非实测线路潮流）,特征化合成数据,严寒地区采暖负荷高峰,8.5,0.25,16.56970800093928,9.778738241769414,13.169937291307198,4.640462868235925,1.9578333617716144,0.0,19.768233521314734,2.8463991308290852,15.672989174378072,18.034211915942706,0.0,0.5605908909991908,0.2100809264908743,0.0,0.2561684284667969,1.0043010408735205,0.8248464645846775,46.813064989863875,61.82344600487478,2.9532027626231674,0.78,0.92,0.3,36.555682344797155,56.8775703244848,0.8859608287869501,1.0,1.9085348972039107,5.149437148885026,0.3950981187392159,0.18136496814146738,0.5533147211854735,93.28,13.991999999999999,93.28,46.0,45.0,104.5
4,winter_heating,冬季采暖日,80.0,县级区域特征化县域综合能源系统（非实测线路潮流）,特征化合成数据,严寒地区采暖负荷高峰,8.75,0.25,16.340702352535956,10.061254811806684,13.247248558544662,4.684309370871468,1.9940699735316383,0.0,19.925627902947767,2.871540907959184,15.797090315557078,17.699915894370445,0.0,0.5459481719124154,0.2195185572596013,0.0,0.2600758122461914,1.005005004073358,0.8268024435062138,46.92907169479802,60.59370910523226,3.1505978453299073,0.78,0.92,0.3,36.64757446227145,55.74621237681368,0.9451793535989721,1.0,1.9103772918446198,5.162197886427782,0.3974174567563398,0.22391752720414831,0.5685349096766709,93.28,13.991999999999999,93.28,46.0,45.0,104.75
4,winter_heating,冬季采暖日,80.0,县级区域特征化县域综合能源系统（非实测线路潮流）,特征化合成数据,严寒地区采暖负荷高峰,9.0,0.25,16.087705259780503,10.33861921982056,13.320230552502023,4.729689369961839,2.031095991035345,0.0,20.081015913499208,2.89661287092115,15.919701802664209,17.282377937112816,0.0,0.5240694103651771,0.22973429398052927,0.0,0.264,1.0198229675589425,0.8244094518381003,47.06493496436403,59.065733961176804,3.253891224472131,0.78,0.92,0.3,36.73959680934607,54.340475244282665,0.9761673673416392,1.0,1.9113420380260768,5.177142846080043,0.3996069165750607,0.2783378096415969,0.5626002611856757,93.28,13.991999999999999,93.28,46.0,45.0,105.0
4,winter_heating,冬季采暖日,80.0,县级区域特征化县域综合能源系统（非实测线路潮流）,特征化合成数据,严寒地区采暖负荷高峰,9.25,0.25,15.825402952901179,10.607385761923187,13.38870807577705,4.776362125908751,2.068671053718672,0.0,20.23374125540447,2.921497783574929,16.040306886065068,16.884247275461227,0.0,0.49663710357661295,0.24068372153622888,0.0,0.2679241877538086,1.0172322428416722,0.8187893002523532,47.32937683138222,57.606348270425585,3.3150722337120238,0.78,0.92,0.3,36.942262079313984,52.99784040879154,0.994521670113607,1.0,1.9120842594379657,5.2062314514520445,0.40166124227331146,0.3281419599028805,0.5492395074139043,93.28,13.991999999999999,93.28,46.0,45.0,105.25
4,winter_heating,冬季采暖日,80.0,县级区域特征化县域综合能源系统（非实测线路潮流）,特征化合成数据,严寒地区采暖负荷高峰,9.5,0.25,15.566926630000802,10.86415443404802,13.45259261860132,4.824051636453525,2.106530659712633,0.0,20.38317491476748,2.946077153930572,16.158408724852155,16.494759841279055,0.0,0.4656304634963924,0.25230030782237595,0.0,0.2718315715332031,1.0168826754194669,0.8112515944441561,47.33179146198865,56.177357827194626,3.457416568155401,0.78,0.92,0.3,36.93688044796812,51.683169201019055,1.0372249704466203,1.0,1.9131726758585716,5.2064970608187515,0.4035777785580396,0.37238148492308054,0.5418849587859013,93.28,13.991999999999999,93.28,46.0,45.0,105.5
4,winter_heating,冬季采暖日,80.0,县级区域特征化县域综合能源系统（非实测线路潮流）,特征化合成数据,严寒地区采暖负荷高峰,9.75,0.25,15.323017101426428,11.105678435166043,13.511878758332314,4.872448317189649,2.144388724825195,0.0,20.528715800347157,2.9702316675555576,16.27353086615644,16.10005087539146,0.0,0.43309377744406485,0.2644945074223913,0.0,0.2757054193209677,0.9921735980188151,0.8031308492459168,47.42284029776081,54.72951799838483,3.636624336620945,0.78,0.92,0.3,37.01905087504467,50.35115655851404,1.0909873009862836,1.0,1.9150485236559478,5.216512432753689,0.4053563627499694,0.4168476475082928,0.5170435629973834,93.28,13.991999999999999,93.28,46.0,45.0,105.75
4,winter_heating,冬季采暖日,80.0,县级区域特征化县域综合能源系统（非实测线路潮流）,特征化合成数据,严寒地区采暖负荷高峰,10.0,0.25,15.101550459418487,11.328974748290202,13.566636977699005,4.921211489709872,2.181940751190348,0.0,20.669789218599227,2.993841470733534,16.385216064612763,15.726685453506324,0.0,0.40092267433773465,0.27715359594515426,0.0,0.27952914270615126,0.9549786112661952,0.7956367939578968,47.68479266024926,53.357997139697396,3.6849191788669833,0.78,0.92,0.3,37.24489175216469,49.089357368521604,1.105475753660095,1.0,1.9180027251943836,5.2453271926274185,0.40699910933097017,0.47250173091966646,0.4961006711172512,88.0,13.2,88.0,46.0,45.0,106.0
4,winter_heating,冬季采暖日,80.0,县级区域特征化县域综合能源系统（非实测线路潮流）,特征化合成数据,严寒地区采暖负荷高峰,10.25,0.25,14.907425336930803,11.53143335654408,13.617003042418625,4.969972677574852,2.2188675697091758,0.0,20.80584328970265,3.0167863123897267,16.493023525991507,15.413374975163908,0.0,0.37069898410613417,0.2901423306648075,0.0,0.2832863679181897,0.9099429944029634,0.7897394359949008,48.07760229467804,52.20136070860809,3.8229658109578706,0.78,0.92,0.3,37.580513690209465,48.02525185191945,1.146889743287361,1.0,1.9221713294465577,5.288536252414584,0.4085100912725588,0.5117601565686887,0.48194280686868707,88.0,13.2,88.0,46.0,45.0,106.25
4,winter_heating,冬季采暖日,80.0,县级区域特征化县域综合能源系统（非实测线路潮流）,特征化合成数据,严寒地区采暖负荷高峰,10.5,0.25,14.742763983981526,11.71092025622717,13.663164252787977,5.018339687533169,2.2548396019890076,0.0,20.936343542310155,3.038945566528109,16.596524761885235,15.12414985463304,0.0,0.34359240004257385,0.30330450218499727,0.0,0.2869610059419054,0.8784909889392488,0.7861016876411093,48.410290325876325,51.13146982597273,3.841627065679696,0.78,0.92,0.3,37.86090517045203,47.040952239894914,1.1524881197039087,1.0,1.9275468240527647,5.325131935846396,0.4098949275836393,0.5373824531356338,0.4294281205089915,88.0,13.2,88.0,46.0,45.0,106.5
4,winter_heating,冬季采暖日,80.0,县级区域特征化县域综合能源系统（非实测线路潮流）,特征化合成数据,严寒地区采暖负荷高峰,10.75,0.25,14.607346880872484,11.865869229701802,13.705343055950921,5.065901429785418,2.289521569660788,0.0,21.060766055397128,3.0601981694008593,16.695298343412947,14.84281931678406,0.0,0.3203328517048422,0.31646540367845905,0.0,0.29053732141314004,0.8654092935910124,0.7850623148464857,48.714453557000205,50.090833285222445,4.197793985985609,0.78,0.92,0.3,38.10731684030566,46.08356662240465,1.2593381957956826,1.0,1.9340012883208677,5.3585898912700225,0.41116029167852763,0.5631470901023933,0.40833480867375305,88.0,13.2,88.0,46.0,45.0,106.75
4,winter_heating,冬季采暖日,80.0,县级区域特征化县域综合能源系统（非实测线路潮流）,特征化合成数据,严寒地区采暖负荷高峰,11.0,0.25,14.499186618362078,11.995357370174574,13.743778666204287,5.112233407361841,2.3225775623986644,0.0,21.17858963596479,3.080422516997352,16.788923934897568,14.560412297928963,0.0,0.3012447755813332,0.3294352005208639,0.0,0.294,0.8557218681039138,0.7866630233757107,48.59151542674832,49.04774880038662,4.496414766406469,0.78,0.92,0.3,38.02058199911835,45.12392889635569,1.3489244299219405,1.0,1.9413166520531255,5.3450666969423155,0.4123133599861286,0.5783201894859933,0.3818099015684836,70.0,10.5,70.0,46.0,45.0,107.0
4,winter_heating,冬季采暖日,80.0,县级区域特征化县域综合能源系统（非实测线路潮流）,特征化合成数据,严寒地区采暖负荷高峰,11.25,0.25,14.415149990798652,12.099159632324577,13.778707480124346,5.156903781723095,2.3536763613451477,0.0,21.28928762319259,3.099496377821011,16.87697606694736,14.316535628631307,0.0,0.2863257791601849,0.3420131361191309,0.0,0.2973342139811761,0.8809857576916259,0.7907073712014645,48.763767164869996,48.1440056466119,4.732857723536569,0.78,0.92,0.3,38.13927686880059,44.29248519488295,1.4198573170609707,1.0,1.9492174810580913,5.3640143881357,0.41336122440373035,0.5739680112388978,0.36373195623079835,70.0,10.5,70.0,46.0,45.0,107.25
4,winter_heating,冬季采暖日,80.0,县级区域特征化县域综合能源系统（非实测线路潮流）,特征化合成数据,严寒地区采暖负荷高峰,11.5,0.25,14.351553396785064,12.17777823152108,13.81034318201178,5.1994799003694805,2.3824969025845952,0.0,21.392319984965855,3.117296882476531,16.95901816614785,14.154655639249297,0.0,0.27534854681264437,0.3539924621612869,0.0,0.30052568574052324,0.9009904377650371,0.7968366001675063,48.814044229517954,47.535170731266106,4.931176470394881,0.78,0.92,0.3,38.16901855773479,43.73235707276482,1.4793529411184643,1.0,1.95740251329741,5.369544865246975,0.41431029546035336,0.5709306931888416,0.35615805611168905,70.0,10.5,70.0,46.0,45.0,107.5
4,winter_heating,冬季采暖日,80.0,县级区域特征化县域综合能源系统（非实测线路潮流）,特征化合成数据,严寒地区采暖负荷高峰,11.75,0.25,14.304679979357742,12.232443532298307,13.8388575046795,5.23953515341255,2.40873375636107,0.0,21.48712641445312,3.133700654575234,17.034597390164773,14.000869309966829,0.0,0.2679658439024569,0.36516593640576517,0.0,0.30356074890600415,0.9219224478027082,0.8046081449576125,49.07900669519257,46.957622934102965,5.187634174876703,0.78,0.92,0.3,38.36713385792171,43.20101309937473,1.556290252463011,1.0,1.9655723327968997,5.398690736471183,0.415165725140385,0.5963239549004722,0.3722296398594996,70.0,10.5,70.0,46.0,45.0,107.75
4,winter_heating,冬季采暖日,80.0,县级区域特征化县域综合能源系统（非实测线路潮流）,特征化合成数据,严寒地区采暖负荷高峰,12.0,0.25,14.27119172624174,12.265084142106826,13.864362634075484,5.276656010528959,2.432102492359528,0.0,21.57312113696397,3.148584146303367,17.10324081813264,13.843175732190854,0.0,0.26380276436705746,0.3753316915745794,0.0,0.3064264068711929,0.940026461231774,0.8135655440016949,49.29896689180379,46.36880286687079,5.43752595197697,0.78,0.92,0.3,38.53353907984788,42.659298637521125,1.631257785593091,1.0,1.9734518049784793,5.422886358098418,0.4159308790222645,0.6100657273203487,0.3544111223275506,70.0,10.5,70.0,46.0,45.0,108.0
4,winter_heating,冬季采暖日,80.0,县级区域特征化县域综合能源系统（非实测线路潮流）,特征化合成数据,严寒地区采暖负荷高峰,12.25,0.25,14.248431383513205,12.278265231955434,13.886896218979976,5.3104490781930584,2.4523447998951764,0.0,21.64969009706821,3.161824236329286,17.16445351397494,13.722678562086312,0.0,0.2625261764360009,0.38429924784605957,0.0,0.3091103884487386,0.9648198163170042,0.8232925155929559,49.31697616906983,45.915787756606186,5.529284869717188,0.78,0.92,0.3,38.53797447074016,42.24252473607769,1.6587854609151562,1.0,1.980806976719716,5.424867378597682,0.41660688656939926,0.6309688102836162,0.34881889830704177,70.0,10.5,70.0,46.0,45.0,108.25
4,winter_heating,冬季采暖日,80.0,县级区域特征化县域综合能源系统（非实测线路潮流）,特征化合成数据,严寒地区采暖负荷高峰,12.5,0.25,14.234624637070144,12.275095597709578,13.906409867083463,5.340548010159072,2.469233234476344,0.0,21.71619111171888,3.1732991374634443,17.21771891388487,13.603157886272855,0.0,0.2638870616115568,0.39189542138466577,0.0,0.31160120041747413,0.9544164912672009,0.8334479627708893,49.08491340666564,45.46947165447996,5.504994709281415,0.78,0.92,0.3,38.375235556781675,41.831913922121565,1.6514984127844243,1.0,1.9874569235261443,5.39934047473322,0.41719229601250385,0.6378390501756288,0.3291754497307475,70.0,10.5,70.0,46.0,45.0,108.5
4,winter_heating,冬季采暖日,80.0,县级区域特征化县域综合能源系统（非实测线路潮流）,特征化合成数据,严寒地区采暖负荷高峰,12.75,0.25,14.229001521010623,12.259105594074185,13.922761877232205,5.366620102264988,2.4825754689579003,0.0,21.771957448455094,3.1828896468463004,17.262501889838695,13.50618624773227,0.0,0.2677360533072474,0.39796987419832575,0.0,0.31388817673815267,0.9750924342887858,0.8437818919948115,49.26787601804776,45.1071180540666,5.629769039081866,0.78,0.92,0.3,38.51215308732681,41.49854860974128,1.6889307117245598,1.0,1.99328145154553,5.419466361985253,0.4176828563169661,0.637111397731687,0.3384077676133441,70.0,10.5,70.0,46.0,45.0,108.75
4,winter_heating,冬季采暖日,80.0,县级区域特征化县域综合能源系统（非实测线路潮流）,特征化合成数据,严寒地区采暖负荷高峰,13.0,0.25,14.231857858781515,12.234099741225378,13.935714778836111,5.388372406005531,2.4922179382602434,0.0,21.816305123101884,3.1904807529585826,17.298254712204297,13.450802075037076,0.0,0.27401554061929057,0.40240005747016216,0.0,0.3159615242270663,0.9878793899390114,0.8541343781723623,49.208274265843464,44.89690376310639,5.717569292955376,0.78,0.92,0.3,38.46604238137784,41.30515146205788,1.7152707878866127,1.0,1.9982256557240983,5.412910169242781,0.41807144336508334,0.6156229443921559,0.33267495616391346,70.0,10.5,70.0,46.0,45.0,109.0
4,winter_heating,冬季采暖日,80.0,县级区域特征化县域综合能源系统（非实测线路潮流）,特征化合成数据,严寒地区采暖负荷高峰,13.25,0.25,14.244574165845629,12.203989431320643,13.944938030855974,5.405557204017775,2.4980487811074754,0.0,21.848544015981222,3.195963592269561,17.32442598192033,13.450500826979326,0.0,0.2827333201806624,0.4050953215312663,0.0,0.3178123644919613,1.0083803341150095,0.8644208597719666,49.32355068344466,44.88716953592342,5.766809152235518,0.78,0.92,0.3,38.5502537322491,41.29619597304955,1.7300427456706553,1.0,2.0023021689099334,5.425590575178912,0.41834814092567923,0.5891101662110062,0.333930063678751,70.0,10.5,70.0,46.0,45.0,109.25
4,winter_heating,冬季采暖日,80.0,县级区域特征化县域综合能源系统（非实测线路潮流）,特征化合成数据,严寒地区采暖负荷高峰,13.5,0.25,14.269602743042855,12.172612648045469,13.95001598480745,5.4179767044791936,2.5,0.0,21.867992689286645,3.1992377249831483,17.34047243400192,13.478767188382587,0.0,0.2939233760505342,0.406,0.0,0.31943277195067715,1.0232309330057454,0.8746074965885172,49.47741586192031,44.98331804294376,5.662920427126808,0.78,0.92,0.3,38.668871741141885,41.38465259950826,1.6988761281380425,1.0,2.0055916051886347,5.442515744811234,0.4185004795442235,0.5457207428749273,0.3560154395952799,70.0,10.5,70.0,46.0,45.0,109.5
4,winter_heating,冬季采暖日,80.0,县级区域特征化县域综合能源系统（非实测线路潮流）,特征化合成数据,严寒地区采暖负荷高峰,13.75,0.25,14.31042561129623,12.14354885117443,13.950460951615469,5.425486830066429,2.4980487811074754,0.0,21.873996562789372,3.200213675449458,17.34587333851458,13.431000018611151,0.0,0.3075994335710211,0.4050953215312663,0.0,0.3208158077697063,1.042890404805439,0.8846804102590755,49.28968296893673,44.811829612880324,5.789904347444621,0.78,0.92,0.3,38.51717861028148,41.2268832438499,1.736971304233386,1.0,2.0082413012990963,5.42186512658304,0.41851382854846403,0.5128101204413046,0.37129262832017207,70.0,10.5,70.0,46.0,45.0,109.75
4,winter_heating,冬季采暖日,80.0,县级区域特征化县域综合能源系统（非实测线路潮流）,特征化合成数据,严寒地区采暖负荷高峰,14.0,0.25,14.37147819721897,12.119938065722211,13.945730945389748,5.428000000000001,2.4922179382602434,0.0,21.865948883649992,3.198815659864023,17.340147052951377,13.44227735438629,0.0,0.3237068397106095,0.40240005747016216,0.0,0.3219555495773441,1.0707867186060032,0.8946126116190496,49.164780967288685,44.85513616249801,5.936417146849104,0.78,0.92,0.3,38.407928125591546,41.266725269498174,1.7809251440547311,1.0,2.010462078339634,5.4081259064017555,0.4183719283616924,0.4784331406733668,0.36398907063078273,70.0,10.5,70.0,46.0,45.0,110.0
4,winter_heating,冬季采暖日,80.0,县级区域特征化县域综合能源系统（非实测线路潮流）,特征化合成数据,严寒地区采暖负荷高峰,14.25,0.25,14.458027643056239,12.104313657227763,13.935251423550422,5.425486830066429,2.4825754689579003,0.0,21.843313722574752,3.194984403408746,17.322869121876145,13.450364070341466,0.0,0.34207822987177744,0.39796987419832575,0.0,0.3228471168241938,1.0774332371680786,0.9043324086717215,49.332703390598425,44.89093406972761,5.910370007796833,0.78,0.92,0.3,38.54344312834739,41.2996593441494,1.7731110023390497,1.0,2.01252245037773,5.426597372965827,0.41805754270651263,0.4340434468375276,0.3758687081152325,70.0,10.5,70.0,46.0,45.0,110.25
4,winter_heating,冬季采暖日,80.0,县级区域特征化县域综合能源系统（非实测线路潮流）,特征化合成数据,严寒地区采暖负荷高峰,14.5,0.25,14.575991280780174,12.098458195162872,13.91844011732816,5.4179767044791936,2.469233234476344,0.0,21.8056500562837,3.1886799324704294,17.29369118619104,13.459903495714878,0.0,0.3623982979241525,0.39189542138466577,0.0,0.32348669168242866,1.0757512914657974,0.913697044891413,49.444298132853085,44.935726346967144,5.965738073120631,0.78,0.92,0.3,38.6411635811735,41.340868239209776,1.7897214219361894,1.0,2.0147395467304796,5.4388727946138395,0.41755320351984476,0.38666174556590294,0.3808807308211852,70.0,10.5,70.0,46.0,45.0,110.5
4,winter_heating,冬季采暖日,80.0,县级区域特征化县域综合能源系统（非实测线路潮流）,特征化合成数据,严寒地区采暖负荷高峰,14.75,0.25,14.73168082750357,12.103291156854324,13.89473386343122,5.405557204017775,2.4523447998951764,0.0,21.75263586734417,3.1798842163118843,17.252359864856167,13.505990337992392,0.0,0.3841825982839856,0.38429924784605957,0.0,0.3238715353943162,1.067433076415718,0.9224751004848439,49.73578381698221,45.11472749174941,6.057798955183352,0.78,0.92,0.3,38.88378867812671,41.50554929240946,1.8173396865550056,1.0,2.017466022817156,5.470936219868044,0.41684201590293657,0.3434085540975777,0.3789203401086099,70.0,10.5,70.0,46.0,45.0,110.75
4,winter_heating,冬季采暖日,80.0,县级区域特征化县域综合能源系统（非实测线路潮流）,特征化合成数据,严寒地区采暖负荷高峰,15.0,0.25,14.931461542030378,12.118795991430483,13.863616218387232,5.388372406005531,2.432102492359528,0.0,21.684091116752292,3.16860352760656,17.19873471400566,13.576569203399613,0.0,0.4067744449017393,0.3753316915745794,0.0,0.324,1.0810243607821217,0.9303406338483391,49.76371523391301,45.38471772248019,6.015719484370675,0.78,0.92,0.3,38.90283951489043,41.75394030468178,1.8047158453112024,1.0,2.0210724261032915,5.474008675730431,0.41590848655161694,0.29379304032600234,0.40184712845912546,70.0,10.5,70.0,46.0,45.0,111.0
4,winter_heating,冬季采暖日,80.0,县级区域特征化县域综合能源系统（非实测线路潮流）,特征化合成数据,严寒地区采暖负荷高峰,15.25,0.25,15.181322894764628,12.143992275260304,13.824644570482901,5.366620102264988,2.40873375636107,0.0,21.599998429108958,3.1548703932650817,17.132804357504522,13.646160254926636,0.0,0.42936247089040236,0.36516593640576517,0.0,0.3238715353943162,1.056797022282423,0.9368810310130706,49.53243794970358,45.654494895001584,6.129871608657463,0.78,0.92,0.3,38.74788095440157,42.00213530340146,1.8389614825972387,1.0,2.0259248567509274,5.448568174467393,0.414739337114487,0.25249637713262046,0.405932224957778,70.0,10.5,70.0,46.0,45.0,111.25
4,winter_heating,冬季采暖日,80.0,县级区域特征化县域综合能源系统（非实测线路潮流）,特征化合成数据,严寒地区采暖负荷高峰,15.5,0.25,15.486367815034015,12.176956419726508,13.777475465397073,5.340548010159072,2.3824969025845952,0.0,21.500520378140738,3.1387450162448927,17.054699921607426,13.750622167175868,0.0,0.4510192649543763,0.3539924621612869,0.0,0.32348669168242866,1.0972968221355546,0.9416190585115287,50.070096147778806,46.05188887106398,6.1215116076474345,0.78,0.92,0.3,39.140402532513264,42.36773776137886,1.8364534822942302,1.0,2.03235829541071,5.507710576255668,0.4133242639619122,0.20985469405067358,0.41906804772008327,70.0,10.5,70.0,46.0,45.0,111.5
4,winter_heating,冬季采暖日,80.0,县级区域特征化县域综合能源系统（非实测线路潮流）,特征化合成数据,严寒地区采暖负荷高峰,15.75,0.25,15.850240415715666,12.214891755412486,13.721886931484319,5.3104490781930584,2.3536763613451477,0.0,21.386012371022524,3.1203160653488013,16.964704993972305,13.894017271096654,0.0,0.47075888675187594,0.3420131361191309,0.0,0.3228471168241938,1.0968179213209157,0.944047804216515,50.6492033972168,46.59114142785386,6.041320780223284,0.78,0.92,0.3,39.59490847541531,42.86385011362555,1.812396234066985,1.0,2.040646619132005,5.571412373693848,0.4116566079445295,0.17131218349044414,0.41475325260832696,70.0,10.5,70.0,46.0,45.0,111.75
4,winter_heating,冬季采暖日,80.0,县级区域特征化县域综合能源系统（非实测线路潮流）,特征化合成数据,严寒地区采暖负荷高峰,16.0,0.25,16.274525914473486,12.254245969346934,13.657796725889458,5.276656010528959,2.3225775623986644,0.0,21.25703029881708,3.0997007527296536,16.86326146017572,14.029688817748939,0.0,0.48760833699474554,0.3294352005208639,0.0,0.3219555495773441,1.133469824781353,0.9436752884635764,51.086552731531455,47.10532991312451,6.110469177218224,0.78,0.92,0.3,39.907079955728655,43.33690352007455,1.833140753165467,1.0,2.0509710233826883,5.61952080046846,0.40973390177668373,0.1340073825392658,0.40796176084321484,132.0,19.8,132.0,46.0,45.0,112.0
4,winter_heating,冬季采暖日,80.0,县级区域特征化县域综合能源系统（非实测线路潮流）,特征化合成数据,严寒地区采暖负荷高峰,16.25,0.25,16.758169515770103,12.29087099911968,13.585275615833067,5.23953515341255,2.289521569660788,0.0,21.114332338906404,3.0770441468396004,16.750970742440355,14.140773818947102,0.0,0.5006856833634471,0.31646540367845905,0.0,0.3208158077697063,1.123842800833882,0.940073859046247,51.21598504169662,47.533918300482696,6.093179943593974,0.78,0.92,0.3,40.01194480691918,43.731204836444086,1.8279539830781921,1.0,2.063389225547329,5.633758354586628,0.407558268474992,0.09919197178225712,0.4102717170956199,132.0,19.8,132.0,46.0,45.0,112.25
4,winter_heating,冬季采暖日,80.0,县级区域特征化县域综合能源系统（非实测线路潮流）,特征化合成数据,严寒地区采暖负荷高峰,16.5,0.25,17.29697125220521,12.320217791426698,13.504555049450122,5.1994799003694805,2.2548396019890076,0.0,20.95887455180861,3.052517700438103,16.628590166320933,14.340469106649635,0.0,0.5092759942953258,0.30330450218499727,0.0,0.31943277195067715,1.123630964177572,0.9329283813263688,51.67992444494474,48.28085566522162,5.924632875156874,0.78,0.92,0.3,40.36683729632476,44.41838721200389,1.777389862547062,1.0,2.0778083410389057,5.684791688943921,0.40513665148350364,0.06033931683601668,0.41394488509147837,132.0,19.8,132.0,46.0,45.0,112.5
4,winter_heating,冬季采暖日,80.0,县级区域特征化县域综合能源系统（非实测线路潮流）,特征化合成数据,严寒地区采暖负荷高峰,16.75,0.25,17.88321913240925,12.337556015467749,13.416028843533379,5.156903781723095,2.2188675697091758,0.0,20.79180019496565,3.026317007270181,16.497024400428508,14.510113356705075,0.0,0.5128958819631286,0.2901423306648075,0.0,0.3178123644919613,1.0939490529187261,0.9220769612398799,52.063807131626696,48.92201747006991,6.008567063532839,0.78,0.92,0.3,40.6785662626321,45.00825607246432,1.8025701190598515,1.0,2.0939645934110964,5.727018784478936,0.40248086530600136,0.027369795112027997,0.3832150297468541,132.0,19.8,132.0,46.0,45.0,112.75
4,winter_heating,冬季采暖日,80.0,县级区域特征化县域综合能源系统（非实测线路潮流）,特征化合成数据,严寒地区采暖负荷高峰,17.0,0.25,18.50552160811043,12.338207069034446,13.320248805518894,5.112233407361841,2.181940751190348,0.0,20.614422964071082,2.9986588352492753,16.357312139492972,14.68191966682065,0.0,0.511338477682916,0.27715359594515426,0.0,0.3159615242270663,1.0978139345246032,0.907538618744393,52.96030870163693,49.57211306791943,5.934303678375473,0.78,0.92,0.3,41.36028453709201,45.60634402248588,1.7802911035126419,1.0,2.111412954618162,5.825633957180063,0.3996074641655668,0.006434280890395006,0.3814375751898173,139.92000000000002,20.988000000000003,139.92000000000002,46.0,45.0,113.0
4,winter_heating,冬季采暖日,80.0,县级区域特征化县域综合能源系统（非实测线路潮流）,特征化合成数据,严寒地区采暖负荷高峰,17.25,0.25,19.14889118581058,12.317777677878714,13.217914497264278,5.065901429785418,2.144388724825195,0.0,20.42820465187489,2.9697775164946316,16.210608419355736,14.864406714476335,0.0,0.5046929773464071,0.2644945074223913,0.0,0.31388817673815267,1.0684340819888805,0.8895239087238822,53.09665033499947,50.26123082008916,5.782366544801959,0.78,0.92,0.3,41.471532586072136,46.24033235448203,1.7347099634405876,1.0,2.1295293523229923,5.8406315368499415,0.3965374349179283,0.0,0.38372060537706143,139.92000000000002,20.988000000000003,139.92000000000002,46.0,45.0,113.25
4,winter_heating,冬季采暖日,80.0,县级区域特征化县域综合能源系统（非实测线路潮流）,特征化合成数据,严寒地区采暖负荷高峰,17.5,0.25,19.79511374774061,12.272381167739177,13.109857622080646,5.018339687533169,2.106530659712633,0.0,20.23472796932645,2.9399208035424267,16.058163151494526,15.035854499740362,0.0,0.4933361665647507,0.25230030782237595,0.0,0.31160120041747413,1.0735382968884541,0.8684267340320643,53.37928799193048,50.91147073567654,5.6893130780716525,0.78,0.92,0.3,41.66691149616485,46.838553076822414,1.7067939234214957,1.0,2.1475272168518305,5.871721679112353,0.39329572866241935,0.0,0.34678974823191405,139.92000000000002,20.988000000000003,139.92000000000002,46.0,45.0,113.5
4,winter_heating,冬季采暖日,80.0,县级区域特征化县域综合能源系统（非实测线路潮流）,特征化合成数据,严寒地区采暖负荷高峰,17.75,0.25,20.423413757039597,12.198834122274446,12.997021758913895,4.969972677574852,2.068671053718672,0.0,20.035665490207418,2.9093453248512486,15.901296633344655,15.176597238531773,0.0,0.47789703514657184,0.24068372153622888,0.0,0.3091103884487386,1.0642237235078589,0.8447981430115079,53.75156761035374,51.452280838058655,5.490264032349716,0.78,0.92,0.3,41.9409263747513,47.33609837101397,1.6470792097049147,1.0,2.164488918321398,5.912672437138911,0.3899106527674169,0.0,0.32807598006448996,139.92000000000002,20.988000000000003,139.92000000000002,46.0,45.0,113.75
4,winter_heating,冬季采暖日,80.0,县级区域特征化县域综合能源系统（非实测线路潮流）,特征化合成数据,严寒地区采暖负荷高峰,18.0,0.25,21.011396164036416,12.09481760033896,12.880438365696858,4.921211489709872,2.031095991035345,0.0,19.832745846442073,2.878311790059176,15.741372919939487,15.288915654831078,0.0,0.4591990989620143,0.22973429398052927,0.0,0.3064264068711929,1.0329396459361981,0.8193053203835196,54.044723102444635,51.8915052045283,5.430408523216555,0.78,0.92,0.3,42.1684964164601,47.74018478816604,1.6291225569649666,1.0,2.179411172756918,5.94491954126891,0.3864131509709057,0.0,0.32995161172450055,139.92000000000002,20.988000000000003,139.92000000000002,46.0,45.0,114.0
4,winter_heating,冬季采暖日,80.0,县级区域特征化县域综合能源系统（非实测线路潮流）,特征化合成数据,严寒地区采暖负荷高峰,18.25,0.25,21.536214723458645,11.958994276140206,12.761200118004814,4.872448317189649,1.9940699735316383,0.0,19.6277184087261,2.847080105431675,15.579772025769632,15.449010412979804,0.0,0.4381877825748253,0.2195185572596013,0.0,0.30356074890600415,0.9917130122430574,0.7926808607967228,54.124643439028695,52.501006972746204,5.21228044171843,0.78,0.92,0.3,42.23636659368952,48.30092641492651,1.5636841325155288,1.0,2.191261935797286,5.953710778293156,0.3828360035401444,0.0,0.32101292892425976,139.92000000000002,20.988000000000003,139.92000000000002,46.0,45.0,114.25
4,winter_heating,冬季采暖日,80.0,县级区域特征化县域综合能源系统（非实测线路潮流）,特征化合成数据,严寒地区采暖负荷高峰,18.5,0.25,21.975887485726417,11.791075628625205,12.64043273320543,4.824051636453525,1.9578333617716144,0.0,19.422317731430567,2.8159045621360415,15.417861959725828,15.602607478408327,0.0,0.415851752434423,0.2100809264908743,0.0,0.30052568574052324,0.9581481365341086,0.76566846199938,54.45811460808443,53.08669050847555,4.974254934555919,0.78,0.92,0.3,42.49564230980864,48.83975526779751,1.4922764803667756,1.0,2.199044849507797,5.990392606889287,0.3792129819961629,0.0,0.3064734200256791,139.92000000000002,20.988000000000003,139.92000000000002,46.0,45.0,114.5
4,winter_heating,冬季采暖日,80.0,县级区域特征化县域综合能源系统（非实测线路潮流）,特征化合成数据,严寒地区采暖负荷高峰,18.75,0.25,22.31065749814865,11.591836436894749,12.519266452188361,4.776362125908751,1.922600443223189,0.0,19.2182290213203,2.7850292544352797,15.256971580109143,15.748715946089805,0.0,0.393147238624638,0.2014452085426006,0.0,0.29733421398117615,0.9027464398708313,0.7389712580077045,54.06917313935657,53.64478177227475,4.720583014941524,0.78,0.92,0.3,42.20878408360658,49.35319923049277,1.4161749044824572,1.0,2.201866165062773,5.947609045329223,0.3755779935656508,0.0,0.32255595295450784,139.92000000000002,20.988000000000003,139.92000000000002,46.0,45.0,114.75
4,winter_heating,冬季采暖日,80.0,县级区域特征化县域综合能源系统（非实测线路潮流）,特征化合成数据,严寒地区采暖负荷高峰,19.0,0.25,22.5242838205463,11.363077101503396,12.398808312270113,4.729689369961839,1.8885581275123642,0.0,19.017055809744317,2.7546838721182647,15.09836519354677,15.900322679337782,0.0,0.3709332161285416,0.19361659102509993,0.0,0.294,0.8798987527917842,0.713208183212569,54.047351874608985,54.221453809959314,4.5026376087243865,0.78,0.92,0.3,42.18382161822999,49.88373750516257,1.3507912826173158,1.0,2.1989984107020573,5.945208706206988,0.37196424936810335,0.0,0.3271688597018817,139.92000000000002,20.988000000000003,139.92000000000002,46.0,45.0,115.0
4,winter_heating,冬季采暖日,80.0,县级区域特征化县域综合能源系统（非实测线路潮流）,特征化合成数据,严寒地区采暖负荷高峰,19.25,0.25,22.605147304754997,11.107537463158371,12.280116251359724,4.684309370871468,1.8558652521421384,0.0,18.820290874373327,2.7250799923913016,14.943219716552388,16.00531834153577,0.0,0.3499231370079924,0.1865839739629352,0.0,0.2905373214131401,0.8340134165622614,0.6888822278147194,53.64136488903271,54.63042088028738,4.288627679754855,0.78,0.92,0.3,41.87861637634166,50.25998720986439,1.2865883039264565,1.0,2.189935034671389,5.900550137793598,0.3684034875407917,0.0,0.3337525218783476,139.92000000000002,20.988000000000003,139.92000000000002,46.0,45.0,115.25
4,winter_heating,冬季采暖日,80.0,县级区域特征化县域综合能源系统（非实测线路潮流）,特征化合成数据,严寒地区采暖负荷高峰,19.5,0.25,22.547068111967842,10.828768599473547,12.164175943336142,4.640462868235925,1.8246524673583497,0.0,18.629291278930417,2.6964079723016403,14.7926050789831,16.100568614441706,0.0,0.3306561661869084,0.18032250892475593,0.0,0.2869610059419054,0.805805058865482,0.6663625300079263,52.942971061445235,55.00319336020831,4.298246467496602,0.78,0.92,0.3,41.333352012020136,50.60293789139165,1.2894739402489805,1.0,2.174430872249305,5.823726816758976,0.36492527830008425,0.0,0.36485982548336726,139.92000000000002,20.988000000000003,139.92000000000002,46.0,45.0,115.5
4,winter_heating,冬季采暖日,80.0,县级区域特征化县域综合能源系统（非实测线路潮流）,特征化合成数据,严寒地区采暖负荷高峰,19.75,0.25,22.34975672649533,10.530971349319326,12.051881088524576,4.5983544447590745,1.795022656174443,0.0,18.44525818945809,2.6688345150379598,14.647468383987572,16.143703262190122,0.0,0.3134880762238494,0.1747962193625283,0.0,0.2832863679181897,0.7604477774013697,0.6458803003052502,52.24705875690209,55.18832438749284,4.047252140754068,0.78,0.92,0.3,40.805436864315816,50.773258436493414,1.2141756422262204,1.0,2.1525245187095328,5.747176463259231,0.3615564326557373,0.0,0.37285816957529644,139.92000000000002,20.988000000000003,139.92000000000002,46.0,45.0,115.75
4,winter_heating,冬季采暖日,80.0,县级区域特征化县域综合能源系统（非实测线路潮流）,特征化合成数据,严寒地区采暖负荷高峰,20.0,0.25,22.01885457609751,10.218811895421911,11.944017683308669,4.558152377957555,1.7670518352263433,0.0,18.269221896492567,2.6425009537791952,14.508622159387226,16.145272921886267,0.0,0.2985995465372455,0.16996059010129258,0.0,0.27952914270615126,0.7354609762892382,0.6275368992380788,51.41815436740751,55.223397861817574,3.8623771673194947,0.78,0.92,0.3,40.16003774431033,50.80552603287217,1.1587131501958483,1.0,2.124540401727276,5.655996980414826,0.35832053049926005,0.0,0.36904694578073116,139.92000000000002,20.988000000000003,139.92000000000002,46.0,45.0,116.0
4,winter_heating,冬季采暖日,80.0,县级区域特征化县域综合能源系统（非实测线路潮流）,特征化合成数据,严寒地区采暖负荷高峰,20.25,0.25,21.565560171396314,9.897225543487918,11.841252581972414,4.519989181152683,1.7407904742722486,0.0,18.102032237397346,2.6175222667840674,14.376736851205811,16.152910072981904,0.0,0.2860179040995913,0.16576503177545743,0.0,0.2757054193209677,0.7185777254175358,0.6113212098225449,50.469534560262154,55.27845947543101,3.7375907465850697,0.78,0.92,0.3,39.417067541001344,50.856182717396536,1.1212772239755209,1.0,2.0910703316841865,5.551648801628837,0.3552375774591724,0.0,0.3906125424602729,139.92000000000002,20.988000000000003,139.92000000000002,46.0,45.0,116.25
4,winter_heating,冬季采暖日,80.0,县级区域特征化县域综合能源系统（非实测线路潮流）,特征化合成数据,严寒地区采暖负荷高峰,20.5,0.25,21.005876990294922,9.571219851515666,11.744126454203553,4.4839627637715305,1.7162651668298874,0.0,17.94435438480497,2.593986808685877,14.252337531239807,16.124351074739245,0.0,0.27564747893904973,0.16215514596891445,0.0,0.2718315715332031,0.7155808359383361,0.5971328595859007,49.24314921254652,55.20252258431479,3.726520061171183,0.78,0.92,0.3,38.448636193340285,50.786320777569614,1.1179560183513548,1.0,2.0529363197178623,5.4167464133801175,0.35232379362610655,0.0,0.40323901051100075,139.92000000000002,20.988000000000003,139.92000000000002,46.0,45.0,116.5
4,winter_heating,冬季采暖日,80.0,县级区域特征化县域综合能源系统（非实测线路潮流）,特征化合成数据,严寒地区采暖负荷高峰,20.75,0.25,20.359555140434413,9.245687532791216,11.653051044584522,4.450138130862656,1.6934805816070466,0.0,17.796669757054225,2.571956716858971,14.135804626074885,16.099673392381447,0.0,0.2673037035724435,0.15907473742499256,0.0,0.2679241877538086,0.7058224828593842,0.584807834549322,48.02412355981341,55.13869941865416,3.6180347249964986,0.78,0.92,0.3,37.493082674573465,50.727603465161835,1.0854104174989496,1.0,2.011138240426046,5.282653591579475,0.3495915313375357,0.0,0.3995256393890101,139.92000000000002,20.988000000000003,139.92000000000002,46.0,45.0,116.75
4,winter_heating,冬季采暖日,80.0,县级区域特征化县域综合能源系统（非实测线路潮流）,特征化合成数据,严寒地区采暖负荷高峰,21.0,0.25,19.648825798151762,8.925238184683195,11.568310465385279,4.418549534876894,1.6724216238937528,0.0,17.659281624155927,2.5514689293807,14.02737833219815,15.958030568784555,0.0,0.26074670272646333,0.15646753967570934,0.0,0.264,0.6939000351418828,0.5741434776166627,46.84180210045749,54.65539540604831,3.4990330104168543,0.78,0.92,0.3,36.569507088562844,50.28296377356445,1.0497099031250563,1.0,1.966791262156533,5.152598231050324,0.34704931396155836,0.0,0.41496383491112354,139.92000000000002,20.988000000000003,139.92000000000002,46.0,45.0,117.0
4,winter_heating,冬季采暖日,80.0,县级区域特征化县域综合能源系统（非实测线路潮流）,特征化合成数据,严寒地区采暖负荷高峰,21.25,0.25,18.897042531113566,8.614056031797292,11.490066108396734,4.389202989109877,1.6530557377363582,0.0,17.53232483524297,2.5325367333493842,13.927166266354124,15.826765914352958,0.0,0.25571116321869186,0.15427863876995787,0.0,0.2600758122461914,0.6564685859229903,0.5649206107799282,45.6169813681411,54.20742729439865,3.37121007254056,0.78,0.92,0.3,35.63412058091006,49.87083311084676,1.0113630217621679,1.0,1.9210587220423712,5.01786795049552,0.344701983251902,0.0,0.453099604225184,139.92000000000002,20.988000000000003,139.92000000000002,46.0,45.0,117.25
4,winter_heating,冬季采暖日,80.0,县级区域特征化县域综合能源系统（非实测线路潮流）,特征化合成数据,严寒地区采暖负荷高峰,21.5,0.25,18.12734557537405,8.315788693720116,11.418364650286996,4.3620790515751535,1.6353352832366128,0.0,17.415778985098765,2.515151749630022,13.835153815508852,15.700329219855627,0.0,0.2519304906886371,0.15245559570476766,0.0,0.2561684284667969,0.6406504443129104,0.5569213866597938,44.395760605906545,53.77500908838223,3.1419208418448603,0.78,0.92,0.3,34.68590731270283,49.47300836131165,0.942576252553458,1.0,1.8750862209181127,4.88353366664972,0.3425509395086099,0.0,0.46778430346444666,139.92000000000002,20.988000000000003,139.92000000000002,46.0,45.0,117.5
4,winter_heating,冬季采暖日,80.0,县级区域特征化县域综合能源系统（非实测线路潮流）,特征化合成数据,严寒地区采暖负荷高峰,21.75,0.25,17.36145450501485,8.033469682296884,11.35314855138413,4.33713579020443,1.6191999284026473,0.0,17.30948426999121,2.4992862526514754,13.751216598105339,15.546146464821915,0.0,0.24915442883857536,0.15094928121062282,0.0,0.2522945806790323,0.6282541251439887,0.549942304921644,43.178048328779894,53.241855766046726,3.146062438714218,0.78,0.92,0.3,33.73878178375765,48.98250730476299,0.9438187316142653,1.0,1.8299421823468394,4.749585316165788,0.34059445654152387,0.0,0.49893173130315377,139.92000000000002,20.988000000000003,139.92000000000002,46.0,45.0,117.75
4,winter_heating,冬季采暖日,80.0,县级区域特征化县域综合能源系统（非实测线路潮流）,特征化合成数据,严寒地区采暖负荷高峰,22.0,0.25,16.61867369963756,7.7694750819491425,11.29426840984115,4.314311844808757,1.6045790012890015,0.0,17.21315925593891,2.4848957215300946,13.67513442713971,15.393623290726314,0.0,0.247160280304221,0.1497144465025629,0.0,0.24847085729384874,0.5892908407218072,0.5438025124944176,42.01369662890231,52.713050438962824,3.069763982605852,0.78,0.92,0.3,32.854839027275204,48.4960064038458,0.9209291947817555,1.0,1.7865690698827548,4.621506629179254,0.3388280522952345,0.0,0.5205854080667864,62.0,9.299999999999999,62.0,46.0,45.0,118.0
4,winter_heating,冬季采暖日,80.0,县级区域特征化县域综合能源系统（非实测线路潮流）,特征化合成数据,严寒地区采暖负荷高峰,22.25,0.25,15.915166983795963,7.525512827490736,11.241496529638164,4.29352950778261,1.5913937553560473,0.0,17.126419792776822,2.47192152113578,13.606606173667167,15.294567168736176,0.0,0.24575854350041373,0.14871006050495836,0.0,0.2447136320818103,0.5974760188797967,0.538347985382472,41.06880263906872,52.37369261481956,2.9047576496032055,0.78,0.92,0.3,32.105982749129836,48.183797205634,0.8714272948809616,1.0,1.7457480573559465,4.517568290297559,0.3372448958891449,0.0,0.520358186474807,62.0,9.299999999999999,62.0,46.0,45.0,118.25
4,winter_heating,冬季采暖日,80.0,县级区域特征化县域综合能源系统（非实测线路潮流）,特征化合成数据,严寒地区采暖负荷高峰,22.5,0.25,15.263526793984916,7.302641291889582,11.194541087892606,4.274697753660234,1.5795595087182277,0.0,17.048798350271067,2.460293618123965,13.54526496298116,15.11158563152135,0.0,0.2447941530463402,0.14789944809648126,0.0,0.24103899405809462,0.6363988394707224,0.5334524547744611,39.96757025000506,51.733175355925894,2.8717453826566572,0.78,0.92,0.3,31.211766154991246,47.59452132745182,0.8615236147969971,1.0,1.7080783987951929,4.396432727500557,0.3358362326367782,0.0,0.5197805506010361,62.0,9.299999999999999,62.0,46.0,45.0,118.5
4,winter_heating,冬季采暖日,80.0,县级区域特征化县域综合能源系统（非实测线路潮流）,特征化合成数据,严寒地区采暖负荷高峰,22.75,0.25,14.67263320496067,7.1013126149945025,11.153060339265485,4.257715156898589,1.5689876259172395,0.0,16.979763122081312,2.449933246655397,13.490693190220277,15.018571668484515,0.0,0.24414462056014619,0.14725026544564618,0.0,0.2374626785868599,0.6322110335217617,0.5290160179507007,39.29599070651184,51.41263101166973,2.7642806135650337,0.78,0.92,0.3,30.68676416288296,47.299620530736156,0.8292841840695101,1.0,1.6739712465402912,4.3225589777163025,0.3345918101779645,0.0,0.5420571867705435,62.0,9.299999999999999,62.0,46.0,45.0,118.75
4,winter_heating,冬季采暖日,80.0,县级区域特征化县域综合能源系统（非实测线路潮流）,特征化合成数据,严寒地区采暖负荷高峰,23.0,0.25,14.147772503886802,6.921435383342914,11.116676366861743,4.242472647229077,1.5595873187619862,0.0,16.918736332852806,2.44075545065228,13.442436912277795,14.891067435399808,0.0,0.24371628524360414,0.1467343479447955,0.0,0.23399999999999999,0.6257815166752551,0.5249623128208388,38.46549317551717,50.96765680801544,2.549756998098103,0.78,0.92,0.3,30.039937406717534,46.89024426337421,0.7649270994294309,1.0,1.6436563872781238,4.231204249306889,0.33350029100585227,0.0,0.5565738178144221,62.0,9.299999999999999,62.0,46.0,45.0,119.0
4,winter_heating,冬季采暖日,80.0,县级区域特征化县域综合能源系统（非实测线路潮流）,特征化合成数据,严寒地区采暖负荷高峰,23.25,0.25,13.690966120012126,6.762450909045881,11.084987973608916,4.228856062181404,1.5512672503706577,0.0,16.865111286160978,2.4326714431072674,13.400019253157836,14.7954020127581,0.0,0.24343967611302514,0.1463274640692943,0.0,0.23066578601882387,0.6269217470895153,0.5212349876593652,37.83013193761159,50.635233652560245,2.58712933437329,0.78,0.92,0.3,29.53973893626658,46.584414960355424,0.776138800311987,1.0,1.6171994251155293,4.161314513137275,0.33254963920826747,0.0,0.5420769609220619,62.0,9.299999999999999,62.0,46.0,45.0,119.25
4,winter_heating,冬季采暖日,80.0,县级区域特征化县域综合能源系统（非实测线路潮流）,特征化合成数据,严寒地区采暖负荷高峰,23.5,0.25,13.30144977676652,6.6234174145954245,11.05758239947434,4.216748466565439,1.5439369336234074,0.0,16.818267799663186,2.4255907373158494,13.362952545045115,14.702672998087104,0.0,0.2432647293814631,0.14600900515640242,0.0,0.22747431425947676,0.6165744254265673,0.5177940137542892,37.23494987844804,50.31223025967734,2.529483609919074,0.78,0.92,0.3,29.08012686711104,46.28725183890316,0.7588450829757222,1.0,1.5945263971173431,4.095844486629285,0.3317274719842302,0.0,0.5613653846646557,62.0,9.299999999999999,62.0,46.0,45.0,119.5
4,winter_heating,冬季采暖日,80.0,县级区域特征化县域综合能源系统（非实测线路潮流）,特征化合成数据,严寒地区采暖负荷高峰,23.75,0.25,12.976239717717545,6.503096844611147,11.034045642359668,4.206032218477407,1.5375079216242937,0.0,16.77758578246137,2.419423019166438,13.330749012500604,14.601427188147028,0.0,0.24315634853780663,0.14576163705066364,0.0,0.22443925109399585,0.6050441985276352,0.5146122058613579,36.66484247586565,49.95783280277307,2.434097325462325,0.78,0.92,0.3,28.641254862185008,45.96120617855122,0.7302291976386975,1.0,1.5754526591455251,4.033132672345221,0.33102136927079007,0.0,0.5579312216616852,62.0,9.299999999999999,62.0,46.0,45.0,119.75
5,holiday_return,春节返乡日,30.0,县级区域特征化县域综合能源系统（非实测线路潮流）,特征化合成数据,春节返乡居民晚峰,0.0,0.25,14.200327252248394,6.169663082094346,7.609660644643136,4.503062487565456,1.1275212648659492,0.0,13.240244397074543,1.9717652033894673,10.619984352831423,10.28003320878568,0.0,0.18000007778333918,0.12500901469191342,0.0,0.21234136008177348,0.5019976851363728,0.4402324597487443,34.36564543454299,34.702979936087765,3.4720535789939304,0.72,0.88,0.35,24.82205883932151,30.538622343757233,1.2152187526478755,1.0,1.5716436009995132,3.780220997799729,0.22828981933929407,0.0,0.469779014579191,52.0,7.8,52.0,45.0,45.0,120.0
5,holiday_return,春节返乡日,30.0,县级区域特征化县域综合能源系统（非实测线路潮流）,特征化合成数据,春节返乡居民晚峰,0.25,0.25,14.203654366828866,6.172756266833757,7.618921435951184,4.503803890621053,1.1281072717225091,0.0,13.250832598294746,1.9731388724048837,10.628267301616237,10.34671264360992,0.0,0.18000019078544677,0.1250130708356092,0.0,0.2097692110699588,0.5193424001173369,0.43779264781832183,34.1581611111117,34.94053222660779,3.414775164246354,0.72,0.88,0.35,24.657742119734266,30.74766835941486,1.1951713074862238,1.0,1.5720868264703143,3.7573977222222874,0.2285676430785355,0.0,0.4800491777826324,52.0,7.8,52.0,45.0,45.0,120.25
5,holiday_return,春节返乡日,30.0,县级区域特征化县域综合能源系统（非实测线路潮流）,特征化合成数据,春节返乡居民晚峰,0.5,0.25,14.213275793946348,6.17673712295853,7.629607681900323,4.504706361083105,1.1288145519232595,0.0,13.263128594906687,1.974739268246115,10.63788793979847,10.395513821293186,0.0,0.1800004551349306,0.12501882087812669,0.0,0.20738218293325397,0.5192706883171415,0.4355303311713567,34.08742382018034,35.114109618072675,3.2450607601756847,0.72,0.88,0.35,24.60460058611286,30.900416463903955,1.1357712660614896,1.0,1.5728995284682437,3.7496166202198373,0.22888823045700968,0.0,0.5193582065035361,52.0,7.8,52.0,45.0,45.0,120.5
5,holiday_return,春节返乡日,30.0,县级区域特征化县域综合能源系统（非实测线路潮流）,特征化合成数据,春节返乡居民晚峰,0.75,0.25,14.229310921026574,6.18182666118169,7.641877480470062,4.505800240548684,1.129664567328399,0.0,13.277342288347144,1.9765955457674182,10.649011130114966,10.45491329978432,0.0,0.18000105601808747,0.12502691289880574,0.0,0.20519049729260364,0.514743968705963,0.43345593324955983,34.02714243463909,35.32539163721898,3.3635622966442176,0.72,0.88,0.35,24.56238282872141,31.0863446407527,1.177246803825476,1.0,1.5740969297823275,3.7429856678103,0.22925632441410185,0.0,0.5311707277814863,52.0,7.8,52.0,45.0,45.0,120.75
5,holiday_return,春节返乡日,30.0,县级区域特征化县域综合能源系统（非实测线路潮流）,特征化合成数据,春节返乡居民晚峰,1.0,0.25,14.25194802868096,6.188290661360224,7.655894987806781,4.5071204969234175,1.130681758083195,0.0,13.293697242813394,1.9787390747613318,10.661812583663327,10.507512987165434,0.0,0.1800023830810334,0.12503821775222632,0.0,0.20320353928239474,0.4841754014573578,0.43157942645200204,34.07288760261142,35.51221653913066,3.408825253526362,0.72,0.88,0.35,24.615452211282925,31.250750554434983,1.1930888387342267,1.0,1.5756989220055133,3.7480176362872557,0.22967684963420343,0.0,0.5350708865666248,52.0,7.8,52.0,45.0,45.0,121.0
5,holiday_return,春节返乡日,30.0,县级区域特征化县域综合能源系统（非实测线路潮流）,特征化合成数据,春节返乡居民晚峰,1.25,0.25,14.281490102384126,6.196445859167049,7.671828452098505,4.508707192346344,1.1318937836244212,0.0,13.312429428069269,1.981203341271535,10.676477902264272,10.58814129567305,0.0,0.18000523049182804,0.1250538956691859,0.0,0.2014298173618704,0.5145264251859099,0.4299104939403238,33.94356639655971,35.79894228297481,3.389080477454121,0.72,0.88,0.35,24.498819273329456,31.50306920901783,1.1861781671089422,1.0,1.5777324497294556,3.733792303621568,0.23015485356295515,0.0,0.5373468175624752,52.0,7.8,52.0,45.0,45.0,121.25
5,holiday_return,春节返乡日,30.0,县级区域特征化县域综合能源系统（非实测线路潮流）,特征化合成数据,春节返乡居民晚峰,1.5,0.25,14.318415701958726,6.206666216575438,7.689847825099269,4.510605948421964,1.1333317474036817,0.0,13.333785520924915,1.9840237941566756,10.69320127735097,10.64033576399166,0.0,0.18001116561142866,0.12507547909127806,0.0,0.199876926880601,0.4995283477883254,0.4284588276467213,33.855130023368126,35.98388419137586,3.4134190527129404,0.72,0.88,0.35,24.444492034064176,31.665818088410756,1.194696668449529,1.0,1.5802346410906352,3.724064302570494,0.23069543475297807,0.0,0.5356825538954705,52.0,7.8,52.0,45.0,45.0,121.5
5,holiday_return,春节返乡日,30.0,县级区域特征化县域综合能源系统（非实测线路潮流）,特征化合成数据,春节返乡居民晚峰,1.75,0.25,14.363455796452588,6.219389040653508,7.710121950044608,4.51286839609892,1.1350303959877686,0.0,13.358020742131298,1.9872376324204675,10.712183826791058,10.722996573482657,0.0,0.18002318241929346,0.1251049744295388,0.0,0.19855151755403141,0.5019258891105702,0.42723464635642017,33.96124618272164,36.27736296613194,3.5105809067846465,0.72,0.88,0.35,24.517945257756388,31.924079410196107,1.2287033173746262,1.0,1.5832567265775261,3.7357370800993803,0.23130365850133824,0.0,0.49803818025914465,52.0,7.8,52.0,45.0,45.0,121.75
5,holiday_return,春节返乡日,30.0,县级区域特征化县域综合能源系统（非实测线路潮流）,特征化合成数据,春节返乡居民晚峰,2.0,0.25,14.417685022531453,6.235120654015534,7.732815339204139,4.515552595153539,1.137028281956513,0.0,13.38539621631419,1.9908835298625667,10.733631559419962,10.794981864274996,0.0,0.1800468135167239,0.12514498545962793,0.0,0.19745926498837854,0.5179823462561978,0.4262495581143315,34.307395912275204,36.53240202110907,3.5672462698933454,0.72,0.88,0.35,24.754627325648016,32.14851377857598,1.2485361944626707,1.0,1.5868686650889237,3.7738135503502725,0.23198446017612417,0.0,0.5236894638147849,52.0,7.8,52.0,45.0,45.0,122.0
5,holiday_return,春节返乡日,30.0,县级区域特征化县域综合能源系统（非实测线路潮流）,特征化合成数据,春节返乡居民晚峰,2.25,0.25,14.482621983946576,6.254441257945776,7.758084570862344,4.518723405843835,1.1393678788778467,0.0,13.416175855584026,1.9950012949084976,10.757752967090376,10.938746662846508,0.0,0.18009194329056738,0.1251988609190604,0.0,0.19660484637681422,0.521759321933998,0.425517939188525,34.59811905930396,37.04343775778925,3.8049880957122695,0.72,0.88,0.35,24.960496950094896,32.59822522685454,1.3317458334992942,1.0,1.5911642037911111,3.805793096523436,0.2327425371258703,0.0,0.5339820475686804,52.0,7.8,52.0,45.0,45.0,122.25
5,holiday_return,春节返乡日,30.0,县级区域特征化县域综合能源系统（非实测线路潮流）,特征化合成数据,春节返乡居民晚峰,2.5,0.25,14.560327970590187,6.278008569232464,7.7860743537398776,4.522452792985491,1.1420956356627092,0.0,13.450622782388077,1.9996314650319695,10.784756255561778,11.02388414157103,0.0,0.18017563258053526,0.12527086849883634,0.0,0.1959919204710059,0.5300185297211136,0.425059048902783,34.679197980391535,37.344681084688936,3.607310598885315,0.72,0.88,0.35,25.012468253385485,32.86331935452626,1.2625587096098603,1.0,1.5962658360089743,3.814711777843069,0.23358223061219632,0.0,0.542182906358176,52.0,7.8,52.0,45.0,45.0,122.5
5,holiday_return,春节返乡日,30.0,县级区域特征化县域综合能源系统（非实测线路潮流）,特征化合成数据,春节返乡居民晚峰,2.75,0.25,14.653487206296482,6.306559758488298,7.816913326254436,4.526820040571981,1.145261956860199,0.0,13.488995323686616,2.0048148369627325,10.814846238309707,11.17370481529973,0.0,0.18032630699699292,0.1253663967608543,0.0,0.19562311191378026,0.531723664379685,0.4249001283007552,34.798066183027025,37.87647164221119,3.7692449683335933,0.72,0.88,0.35,25.096666741726843,33.33129504514585,1.3192357389167575,1.0,1.6023288076360616,3.8277872801329726,0.23450739978763308,0.0,0.5512263163368746,52.0,7.8,52.0,45.0,45.0,122.75
5,holiday_return,春节返乡日,30.0,县级区域特征化县域综合能源系统（非实测线路潮流）,特征化合成数据,春节返乡居民晚峰,3.0,0.25,14.765445313376848,6.340911176287508,7.850709677913948,4.531911853237057,1.1489210950216178,0.0,13.531542626172623,2.0105919358371,10.848220930972312,11.349453699152889,0.0,0.18058963595055189,0.12549218550159116,0.0,0.19549999999999998,0.5259939159756692,0.4250807121168183,34.85205589255267,38.50033912067869,3.8321159497198267,0.72,0.88,0.35,25.13984533525226,33.88029842619725,1.3412405824019393,1.0,1.6095430013114065,3.833726148180794,0.23552129033741845,0.0,0.5433350101265404,52.0,7.8,52.0,45.0,45.0,123.0
5,holiday_return,春节返乡日,30.0,县级区域特征化县域综合能源系统（非实测线路潮流）,特征化合成数据,春节返乡居民晚峰,3.25,0.25,14.900177554058681,6.381955329467879,7.88754669973797,4.5378223194723715,1.1531309412182202,0.0,13.578499960428562,2.0170024285415917,10.885067898218974,11.541343709576907,0.0,0.181036281601931,0.12565658366436522,0.0,0.19562311191378026,0.49687071505635355,0.42565827873737166,34.980179560655195,39.18126555214227,3.78505914558118,0.72,0.88,0.35,25.253640647568538,34.4795136858852,1.3247707009534129,1.0,1.6181312711713938,3.8478197516720716,0.2366264009921391,0.0,0.517566486830374,52.0,7.8,52.0,45.0,45.0,123.25
5,holiday_return,春节返乡日,30.0,县级区域特征化县域综合能源系统（非实测线路潮流）,特征化合成数据,春节返乡居民晚峰,3.5,0.25,15.062156496937494,6.4306545693559425,7.927478388994633,4.54465271070702,1.1579527002175556,0.0,13.630083799919207,2.0240844886544815,10.92556041878049,11.762661217322764,0.0,0.1817713642893209,0.12586983203138138,0.0,0.1959919204710059,0.4921088636662068,0.42671512827822344,35.48214251154512,39.96663398009658,3.8311925715048853,0.72,0.88,0.35,25.619539354751044,35.17063790248499,1.34091740002671,1.0,1.6283427054901458,3.903035676269963,0.23782435166983898,0.0,0.5152864862601326,52.0,7.8,52.0,45.0,45.0,123.5
5,holiday_return,春节返乡日,30.0,县级区域特征化县域综合能源系统（非实测线路潮流）,特征化合成数据,春节返乡居民晚峰,3.75,0.25,15.256092170785712,6.488030982312265,7.970525249701544,4.552511090274011,1.1634504377779933,0.0,13.686486777753547,2.0318741225246657,10.96985354760301,11.997085291743085,0.0,0.18294492505348608,0.12614436557697786,0.0,0.19660484637681422,0.507068968454845,0.42836598061469383,35.4699398900809,40.79808330614687,3.847593339809337,0.72,0.88,0.35,25.60163304418545,35.902313309409244,1.3466576689332679,1.0,1.6404394655236858,3.901693387908899,0.23911575749104633,0.0,0.5034681164932348,52.0,7.8,52.0,45.0,45.0,123.75
5,holiday_return,春节返乡日,30.0,县级区域特征化县域综合能源系统（非实测线路潮流）,特征化合成数据,春节返乡居民晚峰,4.0,0.25,15.486528306613321,6.555152036159702,8.01667044319007,4.56151170707277,1.1696904890714896,0.0,13.74787263933433,2.040404468051635,11.018080165902312,12.230786832972324,0.0,0.18476186274073983,0.12649512753861683,0.0,0.19745926498837854,0.5049671839482214,0.43076522044223264,35.963304038668554,41.62614860133441,3.7282927926322977,0.72,0.88,0.35,25.96076775584087,36.63101076917428,1.304902477421304,1.0,1.6546763762953647,3.9559634442535407,0.24050011329570212,0.0,0.4988667371453516,52.0,7.8,52.0,45.0,45.0,124.0
5,holiday_return,春节返乡日,30.0,县级区域特征化县域综合能源系统（非实测线路潮流）,特征化合成数据,春节返乡居民晚峰,4.25,0.25,15.757296762825213,6.633111637996388,8.06585645147619,4.57177415051892,1.1767407194379296,0.0,13.81437132143304,2.049705079546893,11.07034711959301,12.487890642338767,0.0,0.18748886089008404,0.12693988400486741,0.0,0.19855151755403141,0.5194407990303841,0.43411203990376934,36.21817567639274,42.53691207428009,3.816625497543949,0.72,0.88,0.35,26.137201151604664,37.432482625366475,1.335818924140382,1.0,1.671273370475172,3.9839993244032015,0.2419756935442857,0.0,0.5067442837975698,52.0,7.8,52.0,45.0,45.0,124.25
5,holiday_return,春节返乡日,30.0,县级区域特征化县域综合能源系统（非实测线路潮流）,特征化合成数据,春节返乡居民晚峰,4.5,0.25,16.070857874378383,6.7230064022510145,8.117982419158102,4.583422246266781,1.1846696315386707,0.0,13.886074296963553,2.0598012135655,11.126731553440594,12.733044406253299,0.0,0.19145488987766246,0.12749952422110453,0.0,0.199876926880601,0.5540124830144036,0.43865107524992875,36.466724469287435,43.404036045982124,3.656355632574625,0.72,0.88,0.35,26.29580370536651,38.19555172046427,1.2797244714011187,1.0,1.6903821697618238,4.011339691621618,0.24353947257474304,0.0,0.5069634172380743,52.0,7.8,52.0,45.0,45.0,124.5
5,holiday_return,春节返乡日,30.0,县级区域特征化县域综合能源系统（非实测线路潮流）,特征化合成数据,春节返乡居民晚峰,4.75,0.25,16.4275843577387,6.825907113107909,8.172902336108878,4.596582676284135,1.1935453165170355,0.0,13.963030328910047,2.0707131316979575,11.187277551661547,13.03224045258375,0.0,0.1970412849346193,0.12819832802151582,0.0,0.2014298173618704,0.5649180152002661,0.44466572116737463,37.205047057938856,44.46312743395697,3.6691510615720846,0.72,0.88,0.35,26.82555863193916,39.127552141882134,1.2842028715502296,1.0,1.7120500839159751,4.092555176373274,0.24518707008326635,0.0,0.4870301671797327,52.0,7.8,52.0,45.0,45.0,124.75
5,holiday_return,春节返乡日,30.0,县级区域特征化县域综合能源系统（非实测线路潮流）,特征化合成数据,春节返乡居民晚峰,5.0,0.25,16.825075489963734,6.9428255904686855,8.230424212552332,4.611383312205518,1.203434250966751,0.0,14.045241775724602,2.0824554369159585,11.251993194983626,13.285692098858215,0.0,0.20465755566972235,0.1290641780194508,0.0,0.20320353928239474,0.5551200751634443,0.4524614115045863,37.76727001286552,45.35772595967056,3.5994097125252638,0.72,0.88,0.35,27.245209366650077,39.914798844510095,1.2597933993838422,1.0,1.7361852633518216,4.1543997014152065,0.24691272637656997,0.0,0.48373781211873573,52.0,7.8,52.0,45.0,45.0,125.0
5,holiday_return,春节返乡日,30.0,县级区域特征化县域综合能源系统（非实测线路潮流）,特征化合成数据,春节返乡居民晚峰,5.25,0.25,17.25760994550442,7.074677428247333,8.290310379633805,4.6279512574984665,1.2143999463019854,0.0,14.132661583434256,2.095036460092217,11.320848138900478,13.512831364587369,0.0,0.21470035928935963,0.13012869069881278,0.0,0.20519049729260364,0.5899687919399297,0.46233704555945665,38.42898607870786,46.15715454876119,3.7011467990290963,0.72,0.88,0.35,27.706429492032363,40.61829600290985,1.2954013796601835,1.0,1.7625288261149274,4.2271884686578645,0.24870931138901414,0.0,0.47825024736596305,52.0,7.8,52.0,45.0,45.0,125.25
5,holiday_return,春节返乡日,30.0,县级区域特征化县域综合能源系统（非实测线路潮流）,特征化合成数据,春节返乡居民晚峰,5.5,0.25,17.715852961152066,7.222241359565747,8.352279022052926,4.646410601804602,1.2265014624274597,0.0,14.225191086284987,2.1084577127052206,11.393771807701011,13.754828460366468,0.0,0.2274956883336088,0.13142723767652384,0.0,0.20738218293325397,0.6013800109783433,0.4745445695289889,39.36979589127329,47.008376246375555,3.6654869016832334,0.72,0.88,0.35,28.387804003341348,41.36737109681049,1.2829204155891316,1.0,1.7906396462734118,4.330677548040062,0.25056837066158777,0.0,0.4647865468746159,52.0,7.8,52.0,45.0,45.0,125.5
5,holiday_return,春节返乡日,30.0,县级区域特征化县域综合能源系统（非实测线路潮流）,特征化合成数据,春节返乡居民晚峰,5.75,0.25,18.18692082740795,7.386116303571432,8.416007014798572,4.666879899763706,1.2397918033022686,0.0,14.322678717864544,2.1227134204597946,11.470652283717307,13.957314152764596,0.0,0.24322817793481943,0.13299882652582576,0.0,0.2097692110699588,0.6160622653802115,0.48923941894407763,39.80173593635767,47.71714727210389,3.7401502674468206,0.72,0.88,0.35,28.70292446204785,41.99108959945142,1.309052593606387,1.0,1.8198969591640384,4.378190952999344,0.25248021044395713,0.0,0.4402296743385051,52.0,7.8,52.0,45.0,45.0,125.75
5,holiday_return,春节返乡日,30.0,县级区域特征化县域综合能源系统（非实测线路潮流）,特征化合成数据,春节返乡居民晚峰,6.0,0.25,18.654870698030386,7.566677448286375,8.481134094012406,4.6894693965312575,1.2543162179203147,0.0,14.424919708463976,2.137790150599584,11.551335951249184,14.160789387279232,0.0,0.2618659705891781,0.13488581006526668,0.0,0.21234136008177348,0.6266551067887378,0.5064277005488494,40.7109506747761,48.428053272610974,3.787038924748729,0.72,0.88,0.35,29.367120509499745,42.61668687989766,1.3254636236620552,1.0,1.849524190746902,4.478204574225371,0.25443402282037214,0.0,0.466888844367699,52.0,7.8,52.0,45.0,45.0,126.0
5,holiday_return,春节返乡日,30.0,县级区域特征化县域综合能源系统（非实测线路潮流）,特征化合成数据,春节返乡居民晚峰,6.25,0.25,19.101628614312148,7.764033005644941,8.547268343447353,4.714278032830902,1.270110436205285,0.0,14.53165681248354,2.1536665430884074,11.635627930191317,14.317918057582334,0.0,0.2830937729120657,0.13713339433189015,0.0,0.215087615631746,0.6534073629909871,0.5259189307873058,41.610256279806464,48.97198548728181,3.829900241944475,0.72,0.88,0.35,30.014850150894446,43.095347228807995,1.3404650846805661,1.0,1.8786346657575714,4.577128190778711,0.2564180503034206,0.0,0.4723661445074029,52.0,7.8,52.0,45.0,45.0,126.25
5,holiday_return,春节返乡日,30.0,县级区域特征化县域综合能源系统（非实测线路潮流）,特征化合成数据,春节返乡居民晚峰,6.5,0.25,19.508300797980567,7.977983519345744,8.613992924287187,4.741390273451254,1.2871988751224155,0.0,14.642582072860856,2.1703131526626196,11.723293306200224,14.446075144143341,0.0,0.30626928689909055,0.13978891893871936,0.0,0.21799621783199855,0.6625580904315447,0.5472949348146094,42.4120930800947,49.41095758837573,3.844442167751026,0.72,0.88,0.35,30.60696012737208,43.481642677770644,1.345554758712859,1.0,1.9062964593949707,4.665330238810417,0.2584197877286156,0.0,0.46691506784275105,52.0,7.8,52.0,45.0,45.0,126.5
5,holiday_return,春节返乡日,30.0,县级区域特征化县域综合能源系统（非实测线路潮流）,特征化合成数据,春节返乡居民晚峰,6.75,0.25,19.85674429360435,8.207985793114666,8.68087391911847,4.7708728142498655,1.3055928557041865,0.0,14.757339589072522,2.187692405114113,11.814059133274306,14.502774394925718,0.0,0.3304178258312285,0.14290088946160123,0.0,0.22105471160137286,0.6715892599979947,0.5699052546186052,43.09166754468446,49.59320662771062,3.91968522761934,0.72,0.88,0.35,31.11236161959286,43.642021832385346,1.371889829666769,1.0,1.9316102107238018,4.740083429915291,0.2604262175735541,0.0,0.4829498548120828,52.0,7.8,52.0,45.0,45.0,126.75
5,holiday_return,春节返乡日,30.0,县级区域特征化县域综合能源系统（非实测线路潮流）,特征化合成数据,春节返乡居民晚峰,7.0,0.25,20.13121670033314,8.453123616580214,8.747469102891415,4.802771233561842,1.3252888764197575,0.0,14.875529212873014,2.2057586672004477,11.907617152140713,14.524455035901624,0.0,0.35427584207169344,0.1465177500873212,0.0,0.22424999999999998,0.6885358968978477,0.5928965645287745,43.678178468172156,49.64886192664685,3.834365635596886,0.72,0.88,0.35,31.545439215846276,43.69099849544923,1.34202797245891,1.0,1.9537909008316612,4.804599631498937,0.2624240730867424,0.015057038381526285,0.4944906716091626,88.0,13.2,88.0,45.0,45.0,127.0
5,holiday_return,春节返乡日,30.0,县级区域特征化县域综合能源系统（非实测线路潮流）,特征化合成数据,春节返乡居民晚峰,7.25,0.25,20.319893880446465,8.712087480019807,8.813337397434944,4.837106663981148,1.3462669921308321,0.0,14.996711053546925,2.2244584254775828,12.003627135357243,14.508812101313929,0.0,0.37638640132848006,0.15068639600217956,0.0,0.22756840031240744,0.7312942871039309,0.6152782176286846,44.51099028761354,49.56969824861388,3.9560970569612928,0.72,0.88,0.35,32.1366593379956,43.62133445878022,1.3846339699364525,1.0,1.9722430578122656,4.8962089316374895,0.2644001219230483,0.04691718806875899,0.483805555292059,88.0,13.2,88.0,45.0,45.0,127.25
5,holiday_return,春节返乡日,30.0,县级区域特征化县域综合能源系统（非实测线路潮流）,特征化合成数据,春节返乡居民晚峰,7.5,0.25,20.41604788860703,8.983165372675376,8.878048714443327,4.87387256931688,1.3684893505187623,0.0,15.12041063427897,2.2437305653243653,12.101720739251821,14.448435390214279,0.0,0.39523953379082516,0.15545043872823788,0.0,0.23099570263900734,0.7622390882602577,0.6360189860160487,45.11033261738063,49.32927679134124,3.918327549861244,0.72,0.88,0.35,32.56664632698271,43.40976357638029,1.3714146424514353,1.0,1.9866190197612161,4.9621365879118695,0.2663414614332998,0.08084054771813251,0.4860301849735097,88.0,13.2,88.0,45.0,45.0,127.5
5,holiday_return,春节返乡日,30.0,县级区域特征化县域综合能源系统（非实测线路潮流）,特征化合成数据,春节返乡居民晚峰,7.75,0.25,20.418716999184813,9.26424654156453,8.941193847923186,4.91303171864422,1.391898939106604,0.0,15.24612450567401,2.2635067377101947,12.20150571557087,14.290195730316043,0.0,0.40944004406941015,0.16084825341632344,0.0,0.2345172307450682,0.7631700507866168,0.6541628281310929,45.60888562711808,48.73789779923327,4.099470709381006,0.72,0.88,0.35,32.94307804308974,42.889350063325274,1.434814748283352,1.0,1.9968518694983475,5.0169774189829885,0.2682358154376956,0.11938215550067316,0.5164616818187479,88.0,13.2,88.0,45.0,45.0,127.75
5,holiday_return,春节返乡日,30.0,县级区域特征化县域综合能源系统（非实测线路潮流）,特征化合成数据,春节返乡居民晚峰,8.0,0.25,20.332770017957245,9.552839743837302,9.002394043980377,4.95451345430169,1.4164185956342732,0.0,15.37332609391634,2.2837117980914896,12.302570313860825,14.113977323711879,0.0,0.4178774111665697,0.16691085433198272,0.0,0.23811790490660503,0.7977773607991396,0.6689459663766579,46.26596432271307,48.08093178626276,4.252616896942698,0.72,0.88,0.35,33.40604057895469,42.31121997191123,1.488415913929944,1.0,2.0031581705137236,5.0892560754984375,0.2700718213194113,0.16398139459682562,0.5478757046485275,88.0,13.2,88.0,45.0,45.0,128.0
5,holiday_return,春节返乡日,30.0,县级区域特征化县域综合能源系统（非实测线路潮流）,特征化合成数据,春节返乡居民晚峰,8.25,0.25,20.168355658107767,9.846107057534763,9.061309856468025,4.998211352998994,1.4419503324173917,0.0,15.50147154188441,2.304264299447808,12.404487690964718,13.899322328164878,0.0,0.41986922511788133,0.17365966253672466,0.0,0.24178230648407262,0.8265697272750641,0.6798953450254381,46.4368845621014,47.28540842889223,4.299407997132538,0.72,0.88,0.35,33.5193220261004,41.611159417425164,1.504792798996388,1.0,2.006010063067267,5.1080573018311535,0.27183929569404075,0.2090070030326698,0.5648030955097924,88.0,13.2,88.0,45.0,45.0,128.25
5,holiday_return,春节返乡日,30.0,县级区域特征化县域综合能源系统（非实测线路潮流）,特征化合成数据,春节返乡居民晚峰,8.5,0.25,19.93981810282523,10.140913732205318,9.117648893981904,5.0439813785173095,1.4683750213287108,0.0,15.630005293827924,2.3250770201032607,12.506820138187443,13.65706285670533,0.0,0.4152525118512524,0.18110424697489164,0.0,0.245494743947347,0.8343387721528722,0.6868905873232588,46.77311372651547,46.39013158065991,4.57291784154819,0.72,0.88,0.35,33.76280855446433,40.82331579098072,1.6005212445418664,1.0,2.0060807956087023,5.145042509916702,0.2735294668194571,0.24873775894406053,0.5598354147365775,88.0,13.2,88.0,45.0,45.0,128.5
5,holiday_return,春节返乡日,30.0,县级区域特征化县域综合能源系统（非实测线路潮流）,特征化合成数据,春节返乡居民晚峰,8.75,0.25,19.664235034407675,10.433893878910636,9.171172078992457,5.0916406205124645,1.4955524801487288,0.0,15.758365179653651,2.346057506804059,12.60912294096192,13.384944830623118,0.0,0.40440605326845586,0.18924013556862182,0.0,0.24923932006926675,0.8413269453281539,0.6901777133654821,46.714028466035856,45.387193337697674,4.7008274529998015,0.72,0.88,0.35,33.71852280827502,39.94073013717395,1.6452896085499304,1.0,2.004171523016894,5.138543131263944,0.2751351623697737,0.2918717607063468,0.5550414181439196,88.0,13.2,88.0,45.0,45.0,128.75
5,holiday_return,春节返乡日,30.0,县级区域特征化县域综合能源系统（非实测线路潮流）,特征化合成数据,春节返乡居民晚峰,9.0,0.25,19.359780905837553,10.721531042776878,9.221698074809092,5.14096670648026,1.5233219932765087,0.0,15.885986774565861,2.3671086146643696,12.710947701083201,13.087691616640129,0.0,0.38819956323346444,0.19804680515562867,0.0,0.253,0.8598353234910366,0.6903318189034908,46.89452271787283,44.29362971904263,4.699248352923433,0.72,0.88,0.35,33.83530674285838,38.97839415275751,1.6447369235232012,1.0,2.0011295257391426,5.1583974989660115,0.2766509422442728,0.344080751287728,0.525035145571579,88.0,13.2,88.0,45.0,45.0,129.0
5,holiday_return,春节返乡日,30.0,县级区域特征化县域综合能源系统（非实测线路潮流）,特征化合成数据,春节返乡居民晚峰,9.25,0.25,19.044128977220062,11.000251901253675,9.269105590922573,5.191697962944294,1.5515032902890038,0.0,16.012306844155873,2.388129028104262,12.811844978059783,12.782083887961075,0.0,0.36787933598267625,0.2074859668415766,0.0,0.2567606799307332,0.8546681480536297,0.6881755512794888,47.02421815313639,43.16956235240539,4.981209780797655,0.72,0.88,0.35,33.930251554939076,37.98921487011675,1.743423423279179,1.0,1.9977685383525947,5.172663996845003,0.27807316772767715,0.39015755571804395,0.49184556044836214,88.0,13.2,88.0,45.0,45.0,129.25
5,holiday_return,春节返乡日,30.0,县级区域特征化县域综合能源系统（非实测线路潮流）,特征化合成数据,春节返乡居民晚峰,9.5,0.25,18.733081198814524,11.266530524197947,9.313333351339375,5.2435343874494835,1.579897994784475,0.0,16.136765733573334,2.4090137507542164,12.91136614349609,12.462743688198195,0.0,0.3449114544417721,0.2175002653641172,0.0,0.26050525605265296,0.8535187683165317,0.6846682501869663,47.266005204479875,41.99599749336082,5.198651095393566,0.72,0.88,0.35,34.10165848422457,36.95647779415752,1.819527883387748,1.0,1.9948006505411227,5.199260572492786,0.27940000054018127,0.4381090016330508,0.46549386996521647,88.0,13.2,88.0,45.0,45.0,129.5
5,holiday_return,春节返乡日,30.0,县级区域特征化县域综合能源系统（非实测线路潮流）,特征化合成数据,春节返乡居民晚峰,9.75,0.25,18.439562952564007,11.516999858690712,9.35437760192237,5.29613947520614,1.6082915436188965,0.0,16.258808620747406,2.4296545573639468,13.009064389582335,12.134539976120898,0.0,0.3208102055141221,0.2280125063986132,0.0,0.26421769351592733,0.8624115846356967,0.6807852084587682,47.07580589174937,40.79055835804644,5.289349766071947,0.72,0.88,0.35,33.95442910958061,35.895691355080864,1.8512724181251812,1.0,1.9927866359461754,5.1783386480924305,0.28063132805767105,0.4889484844881366,0.460127824992192,88.0,13.2,88.0,45.0,45.0,129.75
5,holiday_return,春节返乡日,30.0,县级区域特征化县域综合能源系统（非实测线路潮流）,特征化合成数据,春节返乡居民晚峰,10.0,0.25,18.17305224777479,11.748566405634284,9.392287138407003,5.349142923597687,1.636455563392761,0.0,16.37788562539745,2.449940406802831,13.10449488789426,11.87540802669364,0.0,0.2969797587686923,0.23892551374582263,0.0,0.26788209509339495,0.8475052925668467,0.6774067838480502,47.23317056036095,39.83183782641117,5.595912934008723,0.72,0.88,0.35,34.075085776659805,35.052017287241824,1.958569526903053,1.0,1.992108189039329,5.195648761639705,0.28176861415221005,0.5348735431099689,0.43859520898932997,88.0,13.2,88.0,45.0,45.0,130.0
5,holiday_return,春节返乡日,30.0,县级区域特征化县域综合能源系统（非实测线路潮流）,特征化合成数据,春节返乡居民晚峰,10.25,0.25,17.939444049526898,11.958523480860528,9.427155952443664,5.402144214755273,1.664150677281882,0.0,16.49345084448082,2.469757821951203,13.197214155238548,11.612813091599392,0.0,0.27459184007861787,0.250122698848972,0.0,0.27148276925493176,0.8284973118657348,0.6752333478112924,47.28515817737301,38.86105154467226,5.64715497178658,0.72,0.88,0.35,34.124029170976534,34.19772535931158,1.9765042401253028,1.0,1.9929620994747885,5.201367399511032,0.28281467857330994,0.5707971889324345,0.4287187551226493,88.0,13.2,88.0,45.0,45.0,130.25
5,holiday_return,春节返乡日,30.0,县级区域特征化县域综合能源系统（非实测线路潮流）,特征化合成数据,春节返乡居民晚峰,10.5,0.25,17.74129225190997,12.144658043494845,9.459113713468598,5.454717051666488,1.6911297014917557,0.0,16.604960466626842,2.4889912492443855,13.28677874601275,11.40593443142372,0.0,0.25451288892042506,0.2614693984353425,0.0,0.27500429736099263,0.8283628897994189,0.6747355633290488,47.51769577379562,38.0898347179353,5.940618588133989,0.72,0.88,0.35,34.29105523980631,33.519054551783064,2.079216505846896,1.0,1.9953734800186562,5.226946535117518,0.28377341140405793,0.6075775240865193,0.41204020121604157,88.0,13.2,88.0,45.0,45.0,130.5
5,holiday_return,春节返乡日,30.0,县级区域特征化县域综合能源系统（非实测线路潮流）,特征化合成数据,春节返乡居民晚峰,10.75,0.25,17.578332687151633,12.305345867838907,9.488314423350637,5.506414597592846,1.717141177245591,0.0,16.711870198189075,2.507523417362819,13.37274345176017,11.17304928024253,0.0,0.23728359385543868,0.2728150031710854,0.0,0.2784315996875925,0.7992130155006041,0.6761420382559968,47.528254590054054,37.2266096447532,6.408488087924318,0.72,0.88,0.35,34.32105197193448,32.759416487382815,2.242970830773511,1.0,1.9992232030146986,5.228108004905946,0.2846494327005191,0.6309579321270752,0.39855494756626303,88.0,13.2,88.0,45.0,45.0,130.75
5,holiday_return,春节返乡日,30.0,县级区域特征化县域综合能源系统（非实测线路潮流）,特征化合成数据,春节返乡居民晚峰,11.0,0.25,17.448173727181484,12.439629865366225,9.514923691987583,5.55677544278461,1.7419331717989983,0.0,16.81363230657119,2.525235720535519,13.454659244240359,10.977315292066518,0.0,0.22314427820839497,0.28399586251798614,0.0,0.28175,0.7662464567862675,0.679459771012064,47.62427879881752,36.49723316328546,6.813931052915554,0.72,0.88,0.35,34.41724305727456,32.117565183691205,2.3848758685204436,1.0,2.004283853649178,5.238670667869927,0.2854477107596275,0.6389537708974277,0.3712527147210856,70.0,10.5,70.0,45.0,45.0,131.0
5,holiday_return,春节返乡日,30.0,县级区域特征化县域综合能源系统（非实测线路潮流）,特征化合成数据,春节返乡居民晚峰,11.25,0.25,17.34704490418143,12.547276655744007,9.539105178547624,5.605330197525103,1.7652572710088608,0.0,16.909692647081588,2.542008656602183,13.532071244265117,10.872435856603227,0.0,0.21209316974828513,0.29483891044752664,0.0,0.2849452883986271,0.7617633247313083,0.6845182622052692,47.6025213080628,36.09379690007008,6.808285811077181,0.72,0.88,0.35,34.40986401020394,31.76254127206167,2.3829000338770134,1.0,2.0102586970898098,5.236277343886908,0.28617315535642873,0.6502662333056065,0.3560132123750848,70.0,10.5,70.0,45.0,45.0,131.25
5,holiday_return,春节返乡日,30.0,县级区域特征化县域综合能源系统（非实测线路潮流）,特征化合成数据,春节返乡居民晚峰,11.5,0.25,17.2705134096905,12.62880705491075,9.561006818315848,5.6516085873581305,1.7868726769384464,0.0,16.999488082612427,2.5577223528488235,13.604517030810037,10.696160281368435,0.0,0.2039618865278847,0.3051659156562818,0.0,0.28800378216800143,0.791972503142605,0.6910262377197742,47.67761839985564,35.4371232590388,6.983755916547578,0.72,0.88,0.35,34.44869128335316,31.184668467954143,2.444314570791652,1.0,2.0168191239873505,5.24453802398412,0.28683020454947544,0.6553565545488825,0.3122418099263487,70.0,10.5,70.0,45.0,45.0,131.5
5,holiday_return,春节返乡日,30.0,县级区域特征化县域综合能源系统（非实测线路潮流）,特征化合成数据,春节返乡居民晚峰,11.75,0.25,17.214106415837282,12.685496996457504,9.580747503239655,5.695146905883207,1.8065503172708026,0.0,17.082444726393664,2.5722572132473123,13.671525620021466,10.557659635442498,0.0,0.19849321770552364,0.31479822103945276,0.0,0.29091238436825395,0.7973654090371979,0.6986304164792153,47.58796528708504,34.91738866379677,7.1967977744160425,0.72,0.88,0.35,34.38786232867366,30.72730202414116,2.518879221045615,1.0,2.023637439401432,5.2346761815793545,0.2874224250971896,0.6627754149333756,0.30213045799477245,70.0,10.5,70.0,45.0,45.0,131.75
5,holiday_return,春节返乡日,30.0,县级区域特征化县域综合能源系统（非实测线路潮流）,特征化合成数据,春节返乡居民晚峰,12.0,0.25,17.173806992595992,12.719346517740412,9.598404900513795,5.735495663618433,1.8240768692696459,0.0,17.157977433401875,2.585494718752295,13.73261743898676,10.489948446994614,0.0,0.19540945508670923,0.323561803081534,0.0,0.2936586399182265,0.781653986971823,0.7069679492563922,47.71034960917772,34.65276770513072,7.338072999490787,0.72,0.88,0.35,34.495628797244635,30.494435580515034,2.5683255498217754,1.0,2.0304133488576857,5.248138457009549,0.28795214701541383,0.6803685297571689,0.2791284741703989,70.0,10.5,70.0,45.0,45.0,132.0
5,holiday_return,春节返乡日,30.0,县级区域特征化县域综合能源系统（非实测线路潮流）,特征化合成数据,春节返乡居民晚峰,12.25,0.25,17.146417427617585,12.733015796101931,9.614005074678444,5.772227258905498,1.8392585999213824,0.0,17.225490933505323,2.5973184075471067,13.78730559285131,10.386083964348302,0.0,0.1944638343970377,0.3312924550397065,0.0,0.2962307889300412,0.7886178317188904,0.7157071430972013,47.676825065709345,34.26156869875005,7.355368834399051,0.72,0.88,0.35,34.475216351570324,30.150180454900042,2.5743790920396674,1.0,2.0368937948882144,5.244450757228028,0.2884201522403533,0.7091192609499295,0.26660523236132483,70.0,10.5,70.0,45.0,45.0,132.25
5,holiday_return,春节返乡日,30.0,县级区域特征化县域综合能源系统（非实测线路潮流）,特征化合成数据,春节返乡居民晚峰,12.5,0.25,17.129802529355597,12.729728767995118,9.627514523365473,5.804943489303339,1.851924925857258,0.0,17.284382938526072,2.6076150545670544,13.835098675643165,10.3288035534208,0.0,0.19547189749004207,0.3378408805040222,0.0,0.298617817066746,0.7884389610301148,0.7245740469100581,47.685911164757954,34.03950567007937,7.429339424441118,0.72,0.88,0.35,34.4907540335941,29.954764989669847,2.6002687985543913,1.0,2.04288673511251,5.245450228123375,0.2888254357009642,0.7232047716049868,0.27019538416461075,70.0,10.5,70.0,45.0,45.0,132.5
5,holiday_return,春节返乡日,30.0,县级区域特征化县域综合能源系统（非实测线路潮流）,特征化合成数据,春节返乡居民晚峰,12.75,0.25,17.123035728673802,12.713146542002859,9.638835145776142,5.833282719853247,1.861931601718425,0.0,17.334049467347814,2.6162760594447745,13.87550530601645,10.24745688620837,0.0,0.19832300244981288,0.3430774777571774,0.0,0.3008095027073963,0.7774509234656305,0.7333648592683552,47.738023516032186,33.73445207253855,7.476677463704345,0.72,0.88,0.35,34.544977125916276,29.686317823833924,2.6168371122965204,1.0,2.0482699646920826,5.251182586763541,0.2891650543732842,0.7258625936359365,0.28011264985623147,70.0,10.5,70.0,45.0,45.0,132.75
5,holiday_return,春节返乡日,30.0,县级区域特征化县域综合能源系统（非实测线路潮流）,特征化合成数据,春节返乡居民晚峰,13.0,0.25,17.12647301649979,12.68721454645595,9.64780253919423,5.856926528266881,1.8691634536951827,0.0,17.373892521156293,2.623199039604286,13.908040481541548,10.179437483802916,0.0,0.2029744745328078,0.3468966012673812,0.0,0.30279646071760524,0.7677139570897968,0.7419457109953335,47.855965936042224,33.4801212138444,7.8478450517722385,0.72,0.88,0.35,34.64548713584108,29.46250666818307,2.746745768120283,1.0,2.0529961982584055,5.264156252964645,0.2894340761758269,0.7162607751004939,0.27585841343663514,70.0,10.5,70.0,45.0,45.0,133.0
5,holiday_return,春节返乡日,30.0,县级区域特征化县域综合能源系统（非实测线路潮流）,特征化合成数据,春节返乡居民晚峰,13.25,0.25,17.141775691102367,12.655989039888075,9.654187867515674,5.87560565654106,1.8735365858306066,0.0,17.40333010988734,2.628289611162005,13.932233743085575,10.157312893792193,0.0,0.20943208902271285,0.34922010476833304,0.0,0.30457018263812957,0.7962885502490106,0.7502422301136218,48.06560213342379,33.392956627926424,8.169994404091963,0.72,0.88,0.35,34.78414800999946,29.385801832575254,2.859498041432187,1.0,2.0570954254592753,5.287216234676617,0.2896256360254702,0.6935298149281529,0.2902569188733549,70.0,10.5,70.0,45.0,45.0,133.25
5,holiday_return,春节返乡日,30.0,县级区域特征化县域综合能源系统（非实测线路潮流）,特征化合成数据,春节返乡居民晚峰,13.5,0.25,17.171894826373606,12.623450153528635,9.657703374097466,5.889105113564341,1.875,0.0,17.421808487661806,2.6314633253332773,13.947639029461355,10.06521478072559,0.0,0.217721019296692,0.35000000000000003,0.0,0.30612307311939896,0.8399705509796277,0.7582216329711134,48.06501421589608,33.059237041573006,8.256171932679544,0.72,0.88,0.35,34.760253071710956,29.092128596584246,2.8896601764378405,1.0,2.0606751544663977,5.287151563748568,0.28973110122292395,0.6554404137508657,0.3084062864653852,70.0,10.5,70.0,45.0,45.0,133.5
5,holiday_return,春节返乡日,30.0,县级区域特征化县域综合能源系统（非实测线路潮流）,特征化合成数据,春节返乡居民晚峰,13.75,0.25,17.221020650881904,12.593309919736447,9.658011428041478,5.897268293550466,1.8735365858306066,0.0,17.42881630742255,2.6326477130867945,13.953845988123792,10.103848158019227,0.0,0.22785143227483043,0.34922010476833304,0.0,0.30744848244596856,0.8804273464420294,0.7658701552075511,48.1295099306083,33.19582181816314,8.613002395390373,0.72,0.88,0.35,34.78520961580727,29.21232319998356,3.01455083838663,1.0,2.063918676004868,5.2942460923669135,0.28974034284124434,0.6152303832636065,0.31178051430636683,70.0,10.5,70.0,45.0,45.0,133.75
5,holiday_return,春节返乡日,30.0,县级区域特征化县域综合能源系统（非实测线路潮流）,特征化合成数据,春节返乡居民晚峰,14.0,0.25,17.294490711907574,12.56882466074896,9.654736808346748,5.9,1.8691634536951827,0.0,17.42390026204193,2.63178437681455,13.950492397170995,10.139848218395384,0.0,0.2397828442300811,0.3468966012673812,0.0,0.30854073501162144,0.9090529689986893,0.7731686303627401,48.165260555190294,33.32642427403661,8.751228054039865,0.72,0.88,0.35,34.7976380924207,29.32725336115222,3.0629298189139527,1.0,2.0670810198693843,5.298178661070932,0.28964210425040243,0.5818735535940565,0.33742207373535105,70.0,10.5,70.0,45.0,45.0,134.0
5,holiday_return,春节返乡日,30.0,县级区域特征化县域综合能源系统（非实测线路潮流）,特征化合成数据,春节返乡居民晚峰,14.25,0.25,17.398643434864287,12.552621570458422,9.647481754765677,5.897268293550466,1.861931601718425,0.0,17.406681650034567,2.6288310557890187,13.937277254407896,10.101883011537645,0.0,0.2533912813865018,0.3430774777571774,0.0,0.30939515362318576,0.9243078880284364,0.7800690228940375,48.11705697188808,33.19626378480104,8.890259003356206,0.72,0.88,0.35,34.75884836327298,29.212712130624915,3.111590651174672,1.0,2.0704819186259282,5.292876266907689,0.2894244526429703,0.5437102998380496,0.34861188336222076,70.0,10.5,70.0,45.0,45.0,134.25
5,holiday_return,春节返乡日,30.0,县级区域特征化县域综合能源系统（非实测线路潮流）,特征化合成数据,春节返乡居民晚峰,14.5,0.25,17.540599676871057,12.546549239428163,9.635843158150264,5.889105113564341,1.851924925857258,0.0,17.376873197571864,2.6237635831082096,13.913974007639764,10.157664379905455,0.0,0.26844318364752034,0.3378408805040222,0.0,0.3100080795289941,0.9559279088223301,0.7864746965594287,48.1045760293589,33.404248157735715,8.845841191004064,0.72,0.88,0.35,34.73350134334576,29.39573837880743,3.0960444168514223,1.0,2.074494899112073,5.291503363229479,0.2890752947445079,0.5009741273454743,0.36313640971609956,70.0,10.5,70.0,45.0,45.0,134.5
5,holiday_return,春节返乡日,30.0,县级区域特征化县域综合能源系统（非实测线路潮流）,特征化合成数据,春节返乡居民晚峰,14.75,0.25,17.72795489411447,12.55156119970078,9.619431136221614,5.87560565654106,1.8392585999213824,0.0,17.334295392684055,2.6165776465066886,13.880443342821566,10.211557368006178,0.0,0.2845797024325819,0.3312924550397065,0.0,0.31037688808621966,0.968523431462295,0.7922270449204518,48.14059058771688,33.608722741060866,8.598877439023804,0.72,0.88,0.35,34.75611539742375,29.575676012133563,3.009607103658331,1.0,2.0795316302669007,5.295464964648857,0.2885829340866484,0.46605382569433057,0.3808289363888492,70.0,10.5,70.0,45.0,45.0,134.75
5,holiday_return,春节返乡日,30.0,县级区域特征化县域综合能源系统（非实测线路潮流）,特征化合成数据,春节返乡居民晚峰,15.0,0.25,17.968368974307744,12.56764028740939,9.59788815119116,5.856926528266881,1.8240768692696459,0.0,17.27889154872769,2.6072902644703,13.83664491811277,10.30107777808353,0.0,0.301314403630918,0.323561803081534,0.0,0.3105,0.986269629896548,0.7971007053150232,48.40053911728201,33.94353506912015,8.53833271534704,0.72,0.88,0.35,34.93537473623255,29.870310860825732,2.988416450371464,1.0,2.0860208844441672,5.324059302901021,0.2879366445357348,0.42553897993795203,0.3668090656148108,70.0,10.5,70.0,45.0,45.0,135.0
5,holiday_return,春节返乡日,30.0,县级区域特征化县域综合能源系统（非实测线路潮流）,特征化合成数据,春节返乡居民晚峰,15.25,0.25,18.269049585225233,12.593769766936612,9.570907779565085,5.833282719853247,1.8065503172708026,0.0,17.210740816689132,2.5959408929209706,13.782647435569535,10.407385001151807,0.0,0.31804627473363134,0.31479822103945276,0.0,0.31037688808621966,0.9855653496667773,0.8008088349309581,48.788616463813675,34.34122616591001,8.572816427183154,0.72,0.88,0.35,35.21900563711672,30.220279026000807,3.000485749514104,1.0,2.094381916327654,5.366747811019504,0.2871272333869525,0.3712772800214474,0.37679688409765605,70.0,10.5,70.0,45.0,45.0,135.25
5,holiday_return,春节返乡日,30.0,县级区域特征化县域综合能源系统（非实测线路潮流）,特征化合成数据,春节返乡居民晚峰,15.5,0.25,18.636137540125677,12.627954805642304,9.538252245274895,5.804943489303339,1.7868726769384464,0.0,17.13006841151668,2.5825920864340466,13.718636479510971,10.47794609447565,0.0,0.33408834441064905,0.3051659156562818,0.0,0.3100080795289941,1.004558767534345,0.8030188407306523,48.94092381025665,34.61397690529451,8.305701593531962,0.72,0.88,0.35,35.31720167149071,30.460299676659165,2.906995557736187,1.0,2.104992702757648,5.383501619128231,0.28614756735824687,0.3198963000027265,0.3892677969311136,70.0,10.5,70.0,45.0,45.0,135.5
5,holiday_return,春节返乡日,30.0,县级区域特征化县域综合能源系统（非实测线路潮流）,特征化合成数据,春节返乡居民晚峰,15.75,0.25,19.07401812738665,12.667295153761096,9.49976787564299,5.772227258905498,1.7652572710088608,0.0,17.037252405557346,2.5673296513020976,13.64491962078664,10.558113907033238,0.0,0.34871028648287106,0.29483891044752664,0.0,0.30939515362318576,0.992484869016141,0.8033776158828101,49.486092058156395,34.92353363406858,8.27983642400097,0.72,0.88,0.35,35.71877479206379,30.732709597980353,2.8979427484003395,1.0,2.1181542652977132,5.443470126397203,0.2849930362692897,0.2755291847905121,0.3857683343348248,70.0,10.5,70.0,45.0,45.0,135.75
5,holiday_return,春节返乡日,30.0,县级区域特征化县域综合能源系统（非实测线路潮流）,特征化合成数据,春节返乡居民晚峰,16.0,0.25,19.584598981824026,12.7081069311746,9.455397733308086,5.735495663618433,1.7419331717989983,0.0,16.932826568725517,2.5502622452440677,13.561928386387438,10.600518887992273,0.0,0.36119136073684854,0.28399586251798614,0.0,0.30854073501162144,0.9706668817472944,0.8015439270430218,50.172807715435084,35.10046879992492,8.282359811977418,0.72,0.88,0.35,36.22708532729823,30.888412543933928,2.898825934192096,1.0,2.134053134363877,5.519008848697859,0.28366193199924256,0.22698323873095147,0.3909725172184439,132.0,19.8,132.0,45.0,45.0,136.0
5,holiday_return,春节返乡日,30.0,县级区域特征化县域综合能源系统（非实测线路潮流）,特征化合成数据,春节返乡居民晚峰,16.25,0.25,20.16661077321487,12.746088443531521,9.405190810961354,5.695146905883207,1.717141177245591,0.0,16.81747889409015,2.53152039936837,13.47021681922624,10.73446768685855,0.0,0.3708782839729238,0.2728150031710854,0.0,0.30744848244596856,0.9585194927397677,0.7972243599586937,50.623725389081365,35.60632329458459,8.268089830804636,0.72,0.88,0.35,36.55617260532464,31.33356449923444,2.8938314407816224,1.0,2.1527248032330366,5.56860979279895,0.2821557243288406,0.17915237272700227,0.40617233376041034,132.0,19.8,132.0,45.0,45.0,136.25
5,holiday_return,春节返乡日,30.0,县级区域特征化县域综合能源系统（非实测线路潮流）,特征化合成数据,春节返乡居民晚峰,16.5,0.25,20.814999303501185,12.776522154072131,9.349307341927007,5.6516085873581305,1.6911297014917557,0.0,16.692045630776896,2.5112549610838903,13.37045649690512,10.907797090492966,0.0,0.3772414772557969,0.2614693984353425,0.0,0.30612307311939896,0.9346728219054984,0.790208412134295,51.22793690082935,36.25451806155642,8.446084770193778,0.72,0.88,0.35,37.001358548959466,31.903975894169648,2.9561296695678223,1.0,2.1740216395915843,5.635073059091228,0.2804792202578102,0.14353674930986063,0.41881287738057915,132.0,19.8,132.0,45.0,45.0,136.5
5,holiday_return,春节返乡日,30.0,县级区域特征化县域综合能源系统（非实测线路潮流）,特征化合成数据,春节返乡居民晚峰,16.75,0.25,21.520484040695877,12.794502534559147,9.28801996860003,5.605330197525103,1.664150677281882,0.0,16.557500843407016,2.4896349807885367,13.263428033022567,10.99650399069096,0.0,0.37992287552824344,0.250122698848972,0.0,0.30457018263812957,0.9287428719103826,0.7803981153400683,51.702611973888274,36.60189447492219,8.248031541429112,0.72,0.88,0.35,37.33758386876415,32.209667137931525,2.886811039500189,1.0,2.197589046495857,5.68728731712771,0.2786405990580009,0.10241521394544155,0.4046090222803681,132.0,19.8,132.0,45.0,45.0,136.75
5,holiday_return,春节返乡日,30.0,县级区域特征化县域综合能源系统（非实测线路潮流）,特征化合成数据,春节返乡居民晚峰,17.0,0.25,22.269356511454923,12.795177701220908,9.22171071151308,5.55677544278461,1.636455563392761,0.0,16.41494171769045,2.4668450890292064,13.150009241417754,11.099328775603457,0.0,0.3787692427280859,0.23892551374582263,0.0,0.30279646071760524,0.9144785970948307,0.7678280699626254,52.461491818231586,37.00080263846425,8.081646318051892,0.72,0.88,0.35,37.88167758918109,32.56070632184854,2.828576211318162,1.0,2.2228535854593487,5.770764100005475,0.2766513213453924,0.06320200182471844,0.40848397909988976,132.0,19.8,132.0,45.0,45.0,137.0
5,holiday_return,春节返乡日,30.0,县级区域特征化县域综合能源系统（非实测线路潮流）,特征化合成数据,春节返乡居民晚峰,17.25,0.25,23.04358091851782,12.773991665948296,9.150863882721422,5.506414597592846,1.6082915436188965,0.0,16.265570023933165,2.4430824330894403,13.03116029385816,11.179543559501928,0.0,0.3738466498862274,0.2280125063986132,0.0,0.3008095027073963,0.8924813970946557,0.7526729382511375,53.16568482634009,37.31977826372535,8.26954280000052,0.72,0.88,0.35,38.38937940730785,32.84140487207831,2.894339980000182,1.0,2.2490262214738004,5.84822533089741,0.27452591648164265,0.03360299566193199,0.37805065681919675,132.0,19.8,132.0,45.0,45.0,137.25
5,holiday_return,春节返乡日,30.0,县级区域特征化县域综合能源系统（非实测线路潮流）,特征化合成数据,春节返乡居民晚峰,17.5,0.25,23.821238577789547,12.72691380358137,9.076055276825063,5.454717051666488,1.579897994784475,0.0,16.110670323276025,2.4185532613715597,12.90790633660155,11.350072653193362,0.0,0.36543419745537087,0.2175002653641172,0.0,0.298617817066746,0.8197306533108537,0.7352411032598738,53.53897945510638,37.96183446428156,8.041612843310602,0.72,0.88,0.35,38.693100240552646,33.40641432856777,2.8145644951587108,1.0,2.275122809832955,5.889287740061702,0.2722816583047519,0.01202801545909333,0.3723893996952784,132.0,19.8,132.0,45.0,45.0,137.5
5,holiday_return,春节返乡日,30.0,县级区域特征化县域综合能源系统（非实测线路潮流）,特征化合成数据,春节返乡居民晚峰,17.75,0.25,24.577328419488328,12.650642793469796,8.997938140786543,5.402144214755273,1.5515032902890038,0.0,15.95158564583082,2.393469259413915,12.78131814351112,11.551053566412914,0.0,0.3539978038122754,0.2074859668415766,0.0,0.2962307889300412,0.797562441597525,0.7159550823095508,53.62134774471094,38.71289798921597,7.762281875861406,0.72,0.88,0.35,38.7490805005512,34.06735023051005,2.716798656551492,1.0,2.3000024745619045,5.898348251918203,0.2699381442235963,0.0,0.3404439790103762,132.0,19.8,132.0,45.0,45.0,137.75
5,holiday_return,春节返乡日,30.0,县级区域特征化县域综合能源系统（非实测线路潮流）,特征化合成数据,春节返乡居民晚峰,18.0,0.25,25.284900468586194,12.542773807758921,8.917226560867054,5.349142923597687,1.5233219932765087,0.0,15.789691477741249,2.3680437520724618,12.6524914669294,11.68115632156479,0.0,0.34014748071260315,0.19804680515562867,0.0,0.2936586399182265,0.7535458132129249,0.6953210690612031,54.17419852561748,39.210810460311436,7.615909205132784,0.72,0.88,0.35,39.15819102199248,34.50551320507407,2.665568221796474,1.0,2.3224227581751515,5.9591618378179225,0.2675167968260116,0.0,0.3339033445981021,132.0,19.8,132.0,45.0,45.0,138.0
5,holiday_return,春节返乡日,30.0,县级区域特征化县域综合能源系统（非实测线路潮流）,特征化合成数据,春节返乡居民晚峰,18.25,0.25,25.916461785857013,12.401919990071326,8.834677004772564,5.29613947520614,1.4955524801487288,0.0,15.626368960127433,2.3424878917425334,12.522525798106965,11.84809393168377,0.0,0.32458354264801875,0.18924013556862182,0.0,0.29091238436825395,0.7287526566255337,0.673891367015214,54.2952606375748,39.840011883001814,7.4065508469457635,0.72,0.88,0.35,39.24177711329869,35.059210457041594,2.592292796431017,1.0,2.3411085462489107,5.972478670133228,0.2650403101431769,0.0,0.31403980165173717,132.0,19.8,132.0,45.0,45.0,138.25
5,holiday_return,春节返乡日,30.0,县级区域特征化县域综合能源系统（非实测线路潮流）,特征化合成数据,春节返乡居民晚峰,18.5,0.25,26.44555951672162,12.227782133389102,8.751068815296065,5.2435343874494835,1.4683750213287108,0.0,15.46297822407426,2.317006952268751,12.392503264494158,11.876039537569111,0.0,0.3080383351366096,0.18110424697489164,0.0,0.28800378216800143,0.7049886817956773,0.6522242499326305,54.54489645282691,39.97231886690708,7.272780669490663,0.72,0.88,0.35,39.41695784507512,35.17564060287823,2.5454732343217317,1.0,2.354830023305312,5.99993860981096,0.26253206445888194,0.0,0.30894076461794656,132.0,19.8,132.0,45.0,45.0,138.5
5,holiday_return,春节返乡日,30.0,县级区域特征化县域综合能源系统（非实测线路潮流）,特征化合成数据,春节返乡居民晚峰,18.75,0.25,26.84841834522973,12.021163712335294,8.667184466899634,5.191697962944294,1.4419503324173917,0.0,15.300832762261319,2.291796842489755,12.26346837165433,11.959686242542523,0.0,0.2912201767589911,0.17365966253672466,0.0,0.28494528839862715,0.7128356941686469,0.6308458439930418,54.633217736319516,40.30285480597088,7.196144489393546,0.72,0.88,0.35,39.45352091434167,35.46651222925438,2.5186505712877407,1.0,2.3624835431993176,6.009653950995147,0.260015534006989,0.0,0.30457168271175994,132.0,19.8,132.0,45.0,45.0,138.75
5,holiday_return,春节返乡日,30.0,县级区域特征化县域综合能源系统（非实测线路潮流）,特征化合成数据,春节返乡居民晚峰,19.0,0.25,27.10549408913199,11.783931808966486,8.583790370033155,5.14096670648026,1.4164185956342732,0.0,15.141175672147687,2.2670409426099654,12.13640924505556,12.095791340009294,0.0,0.27476534528040114,0.16691085433198272,0.0,0.28175,0.6800333775642611,0.6102180105950652,54.6647666745872,40.81985234384537,6.902710051707789,0.72,0.88,0.35,39.479225984451574,35.92147006258393,2.415948518097726,1.0,2.363168513004998,6.0131243342045915,0.25751371110099464,0.0,0.301385978064813,132.0,19.8,132.0,45.0,45.0,139.0
5,holiday_return,春节返乡日,30.0,县级区域特征化县域综合能源系统（非实测线路潮流）,特征化合成数据,春节返乡居民晚峰,19.25,0.25,27.202804383688214,11.518927739571645,8.501618943249039,5.0916406205124645,1.391898939106604,0.0,14.985158502868106,2.242907351485581,12.012240945531724,12.133002582169436,0.0,0.259202323709624,0.16084825341632344,0.0,0.27843159968759257,0.6607548094711886,0.5907150743746408,54.423296249148535,40.98260544103303,6.829868210589449,0.72,0.88,0.35,39.29974491094233,36.06469278810906,2.3904538737063072,1.0,2.35625334377423,5.986562587406339,0.25504856829747113,0.0,0.29747474659820705,132.0,19.8,132.0,45.0,45.0,139.25
5,holiday_return,春节返乡日,30.0,县级区域特征化县域综合能源系统（非实测线路潮流）,特征化合成数据,春节返乡居民晚峰,19.5,0.25,27.132912473724016,11.229834103157753,8.42135257615579,5.0439813785173095,1.3684893505187623,0.0,14.833823305191862,2.2195466143859384,11.891791327299911,12.180250756605675,0.0,0.24493049347178397,0.15545043872823788,0.0,0.2750042973609927,0.6614608277156439,0.5726108227786059,54.173882985914084,41.18001486868182,6.640697531014909,0.72,0.88,0.35,39.10155477668148,36.238413084440005,2.324244135855218,1.0,2.3414242690648113,5.959127128450549,0.2526405772846737,0.0,0.30876706011078336,132.0,19.8,132.0,45.0,45.0,139.5
5,holiday_return,春节返乡日,30.0,县级区域特征化县域综合能源系统（非实测线路潮流）,特征化合成数据,春节返乡居民晚峰,19.75,0.25,26.895469959002853,10.921007325220042,8.343609984363168,4.998211352998994,1.3462669921308321,0.0,14.688088329492995,2.1970899799321817,11.775789785716604,12.172501785281737,0.0,0.23221338979544398,0.15068639600217956,0.0,0.27148276925493176,0.6230991475098157,0.5560757600509576,53.42221638047197,41.179702923065236,6.541509680852896,0.72,0.88,0.35,38.57144016778371,36.23813857229741,2.2895283882985136,1.0,2.318712317689503,5.876443801851917,0.250308299530895,0.0,0.31617397263273034,132.0,19.8,132.0,45.0,45.0,139.75
5,holiday_return,春节返乡日,30.0,县级区域特征化县域综合能源系统（非实测线路潮流）,特征化合成数据,春节返乡居民晚峰,20.0,0.25,26.497265676320733,10.597286410067168,8.268935319213693,4.95451345430169,1.3252888764197575,0.0,14.54873764993514,2.175648212892294,11.664859110708358,12.121329475016815,0.0,0.22118484928684853,0.1465177500873212,0.0,0.26788209509339495,0.6057985133273256,0.5411833599181083,52.88293692434001,41.022915717561155,6.239228173261186,0.72,0.88,0.35,38.18072301584724,36.100165831453815,2.1837298606414146,1.0,2.2884957888613338,5.817123061677401,0.24806805957641076,0.0,0.31506770992924843,132.0,19.8,132.0,45.0,45.0,140.0
5,holiday_return,春节返乡日,30.0,县级区域特征化县域综合能源系统（非实测线路潮流）,特征化合成数据,春节返乡居民晚峰,20.25,0.25,25.95177579947692,10.26378945250599,8.197790249057824,4.91303171864422,1.3055928557041865,0.0,14.416414823406232,2.1553109674978197,11.559510528406147,12.151092587120074,0.0,0.21186511414784542,0.14290088946160123,0.0,0.26421769351592733,0.6079250699864519,0.5279231892590638,51.7892886958972,41.15372619857779,6.043361307584257,0.72,0.88,0.35,37.3785049999148,36.21527905474846,2.11517645765449,1.0,2.2514779682877752,5.696821756548692,0.24593370747173474,0.0,0.3117986019378427,132.0,19.8,132.0,45.0,45.0,140.25
5,holiday_return,春节返乡日,30.0,县级区域特征化县域综合能源系统（非实测线路潮流）,特征化合成数据,春节返乡居民晚峰,20.5,0.25,25.278258751032872,9.925709475645878,8.130549083679382,4.87387256931688,1.2871988751224155,0.0,14.291620528118678,2.136146705045496,11.460141884970573,12.115911605302522,0.0,0.20418331773262943,0.13978891893871936,0.0,0.26050525605265296,0.6134355369346506,0.5162183427077083,50.46517468632226,41.05109286512548,5.586662282316416,0.72,0.88,0.35,36.40947053026678,36.12496172131043,1.9553317988107455,1.0,2.208642245694434,5.551169215495448,0.24391647251038145,0.0,0.33255059678617704,132.0,19.8,132.0,45.0,45.0,140.5
5,holiday_return,春节返乡日,30.0,县级区域特征化县域综合能源系统（非实测线路潮流）,特征化合成数据,春节返乡居民晚峰,20.75,0.25,24.50048160967531,9.588120404376076,8.067496877020053,4.837106663981148,1.270110436205285,0.0,14.174713977206487,2.118203120724176,11.367038809167235,12.096171426604876,0.0,0.19800274338699517,0.13713339433189015,0.0,0.2567606799307332,0.6015670277695591,0.5059446212037942,48.739772135628215,41.0020821963194,5.1975965364712575,0.72,0.88,0.35,35.16545229886202,36.081832332761074,1.81915878776494,1.0,2.1611889459219054,5.3613749349191036,0.24202490631060158,0.0,0.34477671871219606,132.0,19.8,132.0,45.0,45.0,140.75
5,holiday_return,春节返乡日,30.0,县级区域特征化县域综合能源系统（非实测线路潮流）,特征化合成数据,春节返乡居民晚峰,21.0,0.25,23.64519714692839,9.255802561893683,8.008830322189809,4.802771233561842,1.2543162179203147,0.0,14.065917773671964,2.1015080286463776,11.28037858907386,12.037958189526666,0.0,0.19314570572330614,0.13488581006526668,0.0,0.253,0.6009268338846818,0.4969492230650543,47.4055790595343,40.81414132720022,4.877317328424978,0.72,0.88,0.35,34.19629882553277,35.916444367936194,1.707061064948742,1.0,2.11045980631828,5.214613696548772,0.24026490966569425,0.0,0.3599808962631585,132.0,19.8,132.0,45.0,45.0,141.0
5,holiday_return,春节返乡日,30.0,县级区域特征化县域综合能源系统（非实测线路潮流）,特征化合成数据,春节返乡居民晚峰,21.25,0.25,22.740508808628192,8.93309514408608,7.9546611519669685,4.7708728142498655,1.2397918033022686,0.0,13.9653257695191,2.086070641527511,11.200236417166753,11.956802115809738,0.0,0.18941567645829024,0.13299882652582576,0.0,0.24923932006926677,0.6177591408096297,0.48906727145984974,46.09078227949655,40.542749164554785,4.651080793567074,0.72,0.88,0.35,33.229643931314435,35.67761926480821,1.6278782777484757,1.0,2.0578569412274526,5.069986050744621,0.23863983455900906,0.0,0.40123401281732773,132.0,19.8,132.0,45.0,45.0,141.25
5,holiday_return,春节返乡日,30.0,县级区域特征化县域综合能源系统（非实测线路潮流）,特征化合成数据,春节返乡居民晚峰,21.5,0.25,21.814263319517927,8.623780867561603,7.90502168096792,4.741390273451254,1.2265014624274597,0.0,13.872913416846632,2.071883172671417,11.126593599270826,11.940658862834312,0.0,0.18661517828787932,0.13142723767652384,0.0,0.245494743947347,0.605459889024054,0.4821351454603666,44.71260163780954,40.50206206329024,4.216504664126831,0.72,0.88,0.35,32.23927720458592,35.64181461569541,1.4757766324443908,1.0,2.0047632523872743,4.918386180159049,0.2371506504290376,0.0,0.4136790380196638,132.0,19.8,132.0,45.0,45.0,141.5
5,holiday_return,春节返乡日,30.0,县级区域特征化县域综合能源系统（非实测线路潮流）,特征化合成数据,春节返乡居民晚峰,21.75,0.25,20.892597794170417,8.331005596456029,7.859872074035167,4.714278032830902,1.2143999463019854,0.0,13.788550053168052,2.058922682980219,11.059347287319435,11.915407825904738,0.0,0.18455883617672247,0.13012869069881278,0.0,0.24178230648407265,0.600372145142727,0.4760001981125062,43.342018529754526,40.42740568908538,4.029830089154431,0.72,0.88,0.35,31.249985595033,35.57611700639514,1.4104405312040507,1.0,1.9524706049613996,4.7676220382729975,0.23579616222105498,0.0,0.42862565213042475,132.0,19.8,132.0,45.0,45.0,141.75
5,holiday_return,春节返乡日,30.0,县级区域特征化县域综合能源系统（非实测线路潮流）,特征化合成数据,春节返乡居民晚峰,22.0,0.25,19.998742926682493,8.05723341831763,7.8191088991207955,4.6894693965312575,1.203434250966751,0.0,13.712012546618805,2.047153094482807,10.998321283027163,11.819888643257856,0.0,0.18308168911423775,0.1290641780194508,0.0,0.23811790490660503,0.5824671655218793,0.47052695225874697,42.21343746027148,40.10040330843336,3.816679299453356,0.72,0.88,0.35,30.44482556447846,35.28835491142136,1.3358377548086746,1.0,1.9021208247608592,4.6434781206298625,0.23457326697362385,0.0,0.4536706058991398,62.0,9.299999999999999,62.0,45.0,45.0,142.0
5,holiday_return,春节返乡日,30.0,县级区域特征化县域综合能源系统（非实测线路潮流）,特征化合成数据,春节返乡居民晚峰,22.25,0.25,19.152150099144293,7.804235524805208,7.782574520518729,4.666879899763706,1.1935453165170355,0.0,13.64299973679947,2.036527294053462,10.943277467693662,11.725045736445761,0.0,0.182043365555862,0.12819832802151582,0.0,0.2345172307450682,0.5923394143835816,0.4656002203162824,41.30869284350001,39.774489955327134,3.8867542296138864,0.72,0.88,0.35,29.781374689280113,35.001551160687875,1.3603639803648602,1.0,1.8546628875451336,4.543956212785002,0.23347723561556186,0.0,0.47097637135861725,62.0,9.299999999999999,62.0,45.0,45.0,142.25
5,holiday_return,春节返乡日,30.0,县级区域特征化县域综合能源系统（非实测线路潮流）,特征化合成数据,春节返乡居民晚峰,22.5,0.25,18.367972921575067,7.5731094878854925,7.750066907002573,4.646410601804602,1.1846696315386707,0.0,13.581147140345845,2.0269892561036444,10.893927439721807,11.61342989822444,0.0,0.18132900225654827,0.12749952422110453,0.0,0.23099570263900734,0.564807069662831,0.4611257908856349,40.320543302793816,39.38741613001111,3.7950398145113833,0.72,0.88,0.35,29.08525587873994,34.660926194409775,1.328263935078984,1.0,1.8108278073384851,4.43525976330732,0.2325020072100772,0.0,0.4669699962495037,62.0,9.299999999999999,62.0,45.0,45.0,142.5
5,holiday_return,春节返乡日,30.0,县级区域特征化县域综合能源系统（非实测线路潮流）,特征化合成数据,春节返乡居民晚峰,22.75,0.25,17.656897585630638,7.364324193327633,7.721349465645336,4.6279512574984665,1.1767407194379296,0.0,13.526041442581732,2.0184761205035087,10.849943982647352,11.510078075104976,0.0,0.18084786708158976,0.12693988400486741,0.0,0.2275684003124074,0.5369438280363167,0.45702938285828054,39.41740537480159,39.02867373216525,3.6647674990823638,0.72,0.88,0.35,28.450961696529276,34.345232884305425,1.2826686246788273,1.0,1.7711209269103858,4.335914591228175,0.23164048396936007,0.0,0.49826388268384714,62.0,9.299999999999999,62.0,45.0,45.0,142.75
5,holiday_return,春节返乡日,30.0,县级区域特征化县域综合能源系统（非实测线路潮流）,特征化合成数据,春节返乡居民晚峰,23.0,0.25,17.025285555524796,7.177784841985243,7.696160561673514,4.611383312205518,1.1696904890714896,0.0,13.477234362950522,2.0109201711935425,10.81097203873356,11.448896656769456,0.0,0.18053058166192898,0.12649512753861683,0.0,0.22424999999999998,0.5360473384639242,0.45325452194810534,38.54728526177161,38.819434656286234,3.5766952300687147,0.72,0.88,0.35,27.82134582672964,34.161102497531886,1.2518433305240502,1.0,1.7358297735453827,4.240201378794877,0.2308848168502054,0.0,0.4973694911851329,62.0,9.299999999999999,62.0,45.0,45.0,143.0
5,holiday_return,春节返乡日,30.0,县级区域特征化县域综合能源系统（非实测线路潮流）,特征化合成数据,春节返乡居民晚峰,23.25,0.25,16.47556939865866,7.0129120538253575,7.674222443267711,4.596582676284135,1.1634504377779933,0.0,13.434255557329838,2.004250671234428,10.776638922553326,11.365269422543069,0.0,0.18032568600964824,0.12614436557697786,0.0,0.22105471160137286,0.5454164277292587,0.44975988524733806,37.811473498190765,38.529006177286774,3.615990572739878,0.72,0.88,0.35,27.28132097597962,33.90552543601236,1.2655967004589572,1.0,1.7050445101611338,4.159262084800984,0.23022667329803131,0.0,0.5011295486729815,62.0,9.299999999999999,62.0,45.0,45.0,143.25
5,holiday_return,春节返乡日,30.0,县级区域特征化县域综合能源系统（非实测线路潮流）,特征化合成数据,春节返乡居民晚峰,23.5,0.25,16.006829392380048,6.868729170691552,7.655249353482235,4.583422246266781,1.1579527002175556,0.0,13.39662429996657,1.9983955207937507,10.746563571662215,11.272362277541895,0.0,0.1801960958381208,0.12586983203138138,0.0,0.21799621783199855,0.5377385149477935,0.4465165228553264,37.05293582785461,38.20448932786211,3.579162249152607,0.72,0.88,0.35,26.737458588148236,33.61995060851866,1.2527067872034123,1.0,1.678687356457801,4.075822941064008,0.22965748060446703,0.0,0.5034605246280376,62.0,9.299999999999999,62.0,45.0,45.0,143.5
5,holiday_return,春节返乡日,30.0,县级区域特征化县域综合能源系统（非实测线路潮流）,特征化合成数据,春节返乡居民晚峰,23.75,0.25,15.615474914541453,6.743952283300448,7.63895467547977,4.57177415051892,1.1531309412182202,0.0,13.36385976721691,1.9932827152189865,10.720364693997611,11.158785314706869,0.0,0.1801158137317086,0.12565658366436522,0.0,0.215087615631746,0.533881108310085,0.4435052297602834,36.39901259607921,37.80528504730741,3.581858276380303,0.72,0.88,0.35,26.266399900954053,33.26865084163052,1.253650396733106,1.0,1.6565471761217618,4.003891385568713,0.2291686402643931,0.0,0.5010811153788832,62.0,9.299999999999999,62.0,45.0,45.0,143.75
