day_id,day_type,day_name,day_weight,hour,dt,electric_load,heat_load,cooling_load,P_grid_buy,P_grid_sell,P_grid_net,P_PV,P_WT,P_PV_curt,P_WT_curt,G_CHP,P_CHP,H_CHP,P_HP,H_HP,P_EC,C_EC_out,G_GB,H_GB,P_ELZ,H_H2,P_BAT_ch,P_BAT_dis,SOC_BAT,H_TS_ch,H_TS_dis,SOC_TS,P_shift_in,P_shift_out,P_interrupt,P_unmet_e,H_unmet,C_unmet,residential_load,commercial_load,industrial_load,cold_storage_load,agro_processing_load,irrigation_load,electricity_buy_price,electricity_sell_price,gas_price,carbon_price,pv_cf,wt_cf,grid_import_availability,critical_electric_load,critical_heat_load,critical_cooling_load,low_altitude_agri_uav_load,low_altitude_patrol_uav_load,low_altitude_emergency_load,low_altitude_forest_fire_load,low_altitude_remote_comm_load,low_altitude_electric_load,low_altitude_critical_load,industrial_park_process_electric_load,industrial_park_flexible_electric_load,industrial_park_critical_electric_load,industrial_park_process_heat_load,electric_load_adjusted,renewable_available,renewable_used,renewable_curtailment,co2_emission_rate,co2_emission,co2_emission_annual,battery_simultaneous_overlap,thermal_storage_simultaneous_overlap,grid_import_export_overlap,flexible_load_overlap,electric_balance_error,heat_balance_error,cooling_balance_error,P_grid_net_ramp,P_CHP_ramp,H_HP_ramp,C_EC_out_ramp,H_GB_ramp
0,spring_irrigation,春季灌溉日,55.0,0.0,1.0,32.66340050469865,22.055226141345223,5.771579148116132,0.0,5.0,-5.0,-0.0,58.14305873865609,0.0,0.0,0.0,-0.0,-0.0,8.358991914958297,26.74877412786655,1.9238597160387105,5.771579148116132,0.0,0.0,0.0,0.0,10.19680660296043,0.0,32.5947126985778,4.693547986521328,0.0,22.049998560703596,0.0,0.0,0.0,0.0,0.0,0.0,9.800225850143258,5.233196364276454,10.568973117559912,4.503062487565456,1.7288659394611219,0.0,52.0,7.8,41.0,45.0,0.0,0.43938197343675595,1.0,22.170944086940324,16.541419606008915,2.5972106166522595,0.3500000000864639,0.18000007778333918,0.10000721175353074,0.0,0.1846446609406726,0.8148341605958511,0.5139189729504164,16.80090154458649,2.4591785285504186,13.361216247415033,6.846904187684901,32.66340050469865,58.14305873865609,58.14305873865609,0.0,0.0,0.0,0.0,0.0,0.0,0.0,0.0,0.0,0.0,0.0,-5.0,0.0,-5.423974571725093,-0.37501941824652096,0.0
0,spring_irrigation,春季灌溉日,55.0,1.0,1.0,32.84142884589362,22.543251112507527,5.743119839276065,0.0,5.0,-5.0,0.0,58.68266156518622,-0.0,9.235955078227349,0.0,-0.0,-0.0,8.358991914958297,26.74877412786655,1.9143732797586883,5.743119839276065,0.0,0.0,0.0,0.0,9.109471840779555,0.0,41.242192004778666,4.205523015359025,0.0,26.001145428173263,1.4583956837960699,0.0,0.0,0.0,0.0,0.0,9.83585145641362,5.248996543118046,10.633187483064974,4.5071204969234175,1.7337120290608987,0.0,52.0,7.8,41.0,45.0,0.0,0.5132550034564508,1.0,22.282188119796846,16.907438334380643,2.584403927674229,0.35000004708585053,0.1800023830810334,0.10003057420178106,0.0,0.17669872981077805,0.8182007208079823,0.5063929947386131,16.874020009049293,2.4686808338074098,13.418282525068667,6.984748116486943,34.29982452968969,67.91861664341357,58.68266156518622,9.235955078227349,0.0,0.0,0.0,0.0,0.0,0.0,0.0,0.0,0.0,0.0,0.0,0.0,0.0,-0.028459308840067088,0.0
0,spring_irrigation,春季灌溉日,55.0,2.0,1.0,33.144575605972705,23.25839486973957,5.760212024119746,0.0,5.0,-5.0,0.0,48.432320762375426,-0.0,23.77891980470727,0.0,-0.0,-0.0,8.358991914958297,26.74877412786655,1.920070674706582,5.760212024119746,0.0,0.0,0.0,0.0,0.008682566737847034,0.0,41.242192004778666,3.490379258126983,0.0,29.26500343253755,0.0,0.0,0.0,0.0,0.0,0.0,9.95023332540903,5.288718411888175,10.740021304450194,4.515552595153539,1.743443365666653,0.0,52.0,7.8,41.0,45.0,0.0,0.5456939843377508,1.0,22.50291629045018,17.443796152304678,2.592095410853886,0.35000943302909054,0.1800468135167239,0.10011598836770236,0.0,0.17170370868554657,0.7899325079637567,0.5017589838040898,16.999017265270385,2.4851595641083235,13.515871072583185,7.187414576959361,33.144575605972705,72.2112405670827,48.432320762375426,23.77891980470727,0.0,0.0,0.0,0.0,0.0,0.0,0.0,0.0,0.0,0.0,0.0,0.0,0.0,0.01709218484368158,0.0
0,spring_irrigation,春季灌溉日,55.0,3.0,1.0,33.91322636383167,24.447890813007536,5.8201503777594965,0.0,5.0,-5.0,0.0,52.95140587146913,-0.0,18.15580243753009,0.0,-0.0,-0.0,8.358991914958297,26.74877412786655,1.9400501259198322,5.8201503777594965,0.0,0.0,0.0,0.0,0.008682566737847034,0.0,41.242192004778666,2.300883314859015,0.0,31.39231257478854,3.7304549000214835,0.0,0.0,0.0,0.0,0.0,10.190236906415008,5.378451444172439,10.90376344154715,4.531911853237057,1.7616790123664805,0.0,52.0,7.8,41.0,45.0,0.0,0.5373509098105753,1.0,23.03809673709331,18.335918109755653,2.6190676699917734,0.35069521229793643,0.18058963595055189,0.10039374840127292,0.0,0.16999999999999998,0.7704524019750535,0.5010104430308097,17.19735430715069,2.5117651292889542,13.670788567094512,7.5250645981270425,37.64368126385315,71.10720830899922,52.95140587146913,18.15580243753009,0.0,0.0,0.0,0.0,0.0,0.0,0.0,0.0,0.0,0.0,0.0,0.0,0.0,0.0599383536397502,0.0
0,spring_irrigation,春季灌溉日,55.0,4.0,1.0,34.92605152063526,26.329871629632912,5.901322492763261,0.0,5.0,-5.0,0.0,54.10269916718904,-0.0,12.623845356271495,0.0,-0.0,-0.0,8.358991914958297,26.74877412786655,1.9671074975877536,5.901322492763261,0.0,0.0,0.0,0.0,0.008682566737847034,0.0,41.242192004778666,0.41890249823363934,0.0,31.727485322960923,3.8418656672698788,0.0,0.0,0.0,0.0,0.0,10.687885732733138,5.560173602099747,11.134264504430655,4.56151170707277,1.793525416576284,0.0,52.0,7.8,41.0,45.0,0.0,0.504246619447997,1.0,23.712017596258363,19.747403722224682,2.6555951217434672,0.36884904000715174,0.18476186274073983,0.10119610203089346,0.0,0.17170370868554657,0.8092984129025174,0.5126254830000944,17.48930162807971,2.5517594394515597,13.89896468147342,8.060119567846769,38.76791718790514,66.72654452346053,54.10269916718904,12.623845356271495,0.0,0.0,0.0,0.0,0.0,0.0,0.0,0.0,0.0,0.0,0.0,0.0,0.0,0.08117211500376431,0.0
0,spring_irrigation,春季灌溉日,55.0,5.0,1.0,36.741018651417434,28.745278760183,5.983914612589233,0.0,5.0,-5.0,0.0,52.3959220895609,-0.0,8.309255068407623,0.0,-0.0,-0.0,8.651582667209208,27.68506453506947,1.994638204196411,5.983914612589233,0.0,0.0,0.0,0.0,0.008682566737847034,0.0,41.242192004778666,0.0,1.0602142251135325,30.548015378511284,0.0,0.0,0.0,0.0,0.0,0.0,11.611671817017225,5.889003849058259,11.431144739656018,4.611383312205518,1.8452658514823517,0.0,52.0,7.8,41.0,45.0,0.0,0.458743676650827,1.0,24.90127712998821,21.558959070137252,2.692761575665155,0.538003764129434,0.20465755566972235,0.10325134241556064,0.0,0.17669872981077805,0.9925987660058803,0.5923516079083512,17.88779390334389,2.607744852281833,14.210673958495732,8.749736571094505,36.741018651417434,60.70517715796852,52.3959220895609,8.309255068407623,0.0,0.0,0.0,0.0,0.0,0.0,0.0,-7.105427357601002e-15,0.0,0.0,0.0,0.0,0.9362904072029181,0.08259211982597225,0.0
0,spring_irrigation,春季灌溉日,55.0,6.0,1.0,39.43401666807558,30.709675213604733,6.104344019236079,0.0,5.0,-5.0,0.0,55.129063241767994,0.04001062044155101,3.4110514483407997,0.0,-0.0,-0.0,8.651582667209208,27.68506453506947,2.0347813397453596,6.104344019236079,0.0,0.0,0.0,0.0,0.008682566737847034,0.0,41.242192004778666,0.0,3.0246106785352636,27.303118633506614,0.0,0.0,0.0,0.0,0.0,0.0,12.874488228218155,6.41816390702862,11.779352908350564,4.6894693965312575,1.9232848674778156,0.0,52.0,7.8,41.0,45.0,0.0011060989834273775,0.44238249028775734,1.0,26.57903558283037,23.03225641020355,2.7469548086562354,1.0398415852200065,0.2618659705891781,0.10790864805221334,0.0,0.1846446609406726,1.5527598482957097,0.8197809453800579,18.392107172359637,2.680749511222813,14.605604054114348,9.320057887677834,39.43401666807558,58.58012531055034,55.129063241767994,3.4510620687823508,0.0,0.0,0.0,0.0,0.0,0.0,0.0,0.0,0.0,0.0,0.0,0.0,0.0,0.12042940664684565,0.0
0,spring_irrigation,春季灌溉日,55.0,7.0,1.0,50.69385192655573,31.474244758600577,6.365695717428242,0.0,5.0,-5.0,3.824872192645329,60.239601326735865,0.0,0.0,0.0,-0.0,-0.0,8.651582667209208,27.68506453506947,2.1218985724760806,6.365695717428242,0.0,0.0,0.0,0.0,0.0,2.402859646859824,38.704617622314736,0.0,3.7891802235311074,23.25990163462791,0.0,0.0,0.0,0.0,0.0,0.0,13.893374905863718,7.170060210492144,12.149262642904743,4.802771233561842,2.0321096105102945,8.5,88.0,13.2,41.0,45.0,0.10573910620068956,0.45522536110380785,1.0,34.15381074936695,23.605683568950433,2.8645630728427087,1.2811887396414174,0.35427584207169344,0.11721420006985696,0.0,0.195,1.9193536604095702,0.9871519283875527,18.98414348697688,2.769474453501965,15.069927041896296,9.562789960984965,50.69385192655573,64.0644735193812,64.0644735193812,0.0,0.0,0.0,0.0,0.0,0.0,0.0,0.0,-7.105427357601002e-15,0.0,0.0,0.0,0.0,0.0,0.2613516981921631,0.0
0,spring_irrigation,春季灌溉日,55.0,8.0,1.0,52.1476358027415,30.250734853097093,6.944590027368503,0.0,5.0,-5.0,10.31015713974716,62.574019626620256,0.0,0.0,0.0,-0.0,-0.0,8.651582667209208,27.68506453506947,2.3148633424561678,6.944590027368503,0.0,0.0,0.0,0.0,2.679279269461462,0.0,41.242192004778666,0.0,2.5656703180276237,20.51267623343484,2.0908156844990824,0.0,0.0,0.0,0.0,0.0,14.032475082815562,8.102855139861996,12.503325061083856,4.95451345430169,2.1718418466392184,8.5,90.64,13.596,41.0,45.0,0.28502568081668,0.47286635457201265,1.0,35.287394725380686,22.688051139822818,3.1250655123158264,0.812414643161973,0.4178774111665697,0.13352868346558616,0.0,0.20705904774487396,1.5687335939463067,0.8937412233999471,19.629680362024764,2.870016635364995,15.5772012479251,9.257498367606381,54.23845148724058,72.88417676636742,72.88417676636742,0.0,0.0,0.0,0.0,0.0,0.0,0.0,0.0,-7.105427357601002e-15,0.0,0.0,0.0,0.0,0.0,0.578894309940261,0.0
0,spring_irrigation,春季灌溉日,55.0,9.0,1.0,52.69427937780092,27.98520037297533,7.731595171976355,0.0,5.0,-5.0,11.207043317716767,57.724699684689995,6.702007494460016,0.0,0.0,-0.0,-0.0,8.651582667209208,27.68506453506947,2.577198390658785,7.731595171976355,0.0,0.0,0.0,0.0,0.008682566737847034,0.0,41.242192004778666,0.0,0.30013583790586207,20.155718420014427,0.0,0.0,0.0,0.0,0.0,0.0,13.36097555473296,9.094155795212528,12.807913992790407,5.14096670648026,2.3357603896906465,8.5,90.64,13.596,41.0,45.0,0.4950981184217319,0.4362204709165154,1.0,35.78690908458294,20.9889002797315,3.47921782738936,0.43447553658645727,0.38819956323346444,0.15843744412450295,0.0,0.22,1.2067657707388684,0.7753998317807377,20.284641088961315,2.976190972033238,16.09315176252681,8.667570311095831,52.69427937780092,75.63375049686678,68.93174300240676,6.702007494460016,0.0,0.0,0.0,0.0,0.0,0.0,0.0,0.0,0.0,0.0,0.0,0.0,0.0,0.7870051446078525,0.0
0,spring_irrigation,春季灌溉日,55.0,10.0,1.0,52.88312934173186,25.400801277483623,8.92914295267061,0.0,5.0,-5.0,22.4602212404278,52.87669854706516,2.3899303816740414,0.0,0.0,-0.0,-0.0,8.651582667209208,27.68506453506947,2.9763809842235367,8.92914295267061,0.0,0.0,0.0,0.0,0.008682566737847034,0.0,41.242192004778666,2.284263257585846,0.0,22.285457077880952,5.8171442275905045,0.0,0.0,0.0,0.0,0.0,12.541965635788236,9.965301861921935,13.044843247787504,5.349142923597687,2.5092318638689,8.5,90.64,13.596,41.0,45.0,0.6869857838714765,0.39958455334898924,1.0,35.94707546763134,19.050600958112717,4.018114328701775,0.3556772217697184,0.2969797587686923,0.1911404109966581,0.0,0.23294095225512604,1.0869788500634965,0.7256931332968481,20.903218035254092,3.080257926033242,16.581887589553872,7.991817527079632,58.70027356932236,77.726850169167,75.33691978749296,2.3899303816740414,0.0,0.0,0.0,0.0,0.0,0.0,0.0,0.0,0.0,0.0,0.0,0.0,0.0,1.1975477806942543,0.0
0,spring_irrigation,春季灌溉日,55.0,11.0,1.0,53.44043068165294,23.392859463012385,10.366885721305167,0.0,5.0,-5.0,26.580505903009126,43.97581858635925,1.8188111767180501,0.0,0.0,-0.0,-0.0,8.651582667209208,27.68506453506947,3.4556285737683887,10.366885721305167,0.0,0.0,0.0,0.0,0.008682566737847034,0.0,41.242192004778666,4.292205072057084,0.0,26.318480982179423,0.0,0.0,0.0,0.0,0.0,0.0,12.041697361012574,10.551471760801707,13.2151717944272,5.55677544278461,2.670964196758464,8.5,72.10000000000001,10.815000000000001,41.0,45.0,0.7851029403007249,0.3323213875076898,1.0,36.328243770270554,17.54464459725929,4.665098574587325,0.35014036563891043,0.22314427820839497,0.2271966900143889,0.0,0.245,1.0694503485086637,0.7159771437324451,21.442911433970274,3.173652318319356,17.009755102114074,7.475316240482761,53.44043068165294,72.37513566608644,70.55632448936838,1.8188111767180501,0.0,0.0,0.0,0.0,0.0,0.0,0.0,-7.105427357601002e-15,0.0,0.0,0.0,0.0,0.0,1.437742768634557,0.0
0,spring_irrigation,春季灌溉日,55.0,12.0,1.0,45.58014150551774,22.191041020325205,11.82968498251917,0.0,5.0,-5.0,30.74985085220742,36.51750899364883,0.0,0.0,0.0,-0.0,-0.0,8.593501347642759,27.499204312456833,3.94322832750639,11.82968498251917,0.0,0.0,0.0,0.0,0.008682566737847034,0.0,41.242192004778666,5.308163292131628,0.0,31.308599147740114,4.14180609845152,0.0,0.0,0.0,0.0,0.0,11.852345670946532,10.788731421297669,13.33111791738027,5.735495663618433,2.7969178662134566,0.0,72.10000000000001,10.815000000000001,41.0,45.0,0.8500837625814036,0.2759595988705078,1.0,30.98172197904826,16.643280765243905,5.323358242133627,0.3500018425823887,0.19540945508670923,0.2588494424652272,0.0,0.2553553390593274,1.0994317330785295,0.734839333789598,21.86353144721216,3.247445300103911,17.344579109942153,7.175776354698955,49.721947603969255,67.26735984585625,67.26735984585625,0.0,0.0,0.0,0.0,0.0,0.0,0.0,0.0,0.0,0.0,0.0,0.0,0.0,-0.1858602226126358,1.4627992612140037,0.0
0,spring_irrigation,春季灌溉日,55.0,13.0,1.0,45.98180533025727,21.63403737877973,13.180182099166984,0.0,5.0,-5.0,27.48195472805798,34.71105282133164,4.61254737723371,0.0,0.0,-0.0,-0.0,6.809125619338846,21.789201981884307,4.393394033055661,13.180182099166984,0.0,0.0,0.0,0.0,0.008682566737847034,0.0,41.242192004778666,0.15516460310457703,0.0,31.393388322393985,0.0,0.0,0.0,0.0,0.0,0.0,11.819678560682954,10.761476624226027,13.399725748880876,5.856926528266881,2.8660506289992798,0.0,72.10000000000001,10.815000000000001,41.0,45.0,0.8872568273248906,0.26230836869551133,1.0,31.27543408844452,16.225528034084796,5.931081944625143,0.35003405977431595,0.2029744745328078,0.27751728101390494,0.0,0.26330127018922195,1.1127784541421748,0.7644958126862513,22.122702906147037,3.292745003333585,17.552299351316083,7.041973701539546,45.98180533025727,66.80555492662333,62.19300754938962,4.61254737723371,0.0,0.0,0.0,0.0,0.0,0.0,0.0,0.0,0.0,0.0,0.0,0.0,-5.710002330572525,1.350497116647814,0.0
0,spring_irrigation,春季灌溉日,55.0,14.0,1.0,52.57908667710942,21.37142958481933,14.035437460108769,0.0,3.096010522628693,-3.096010522628693,26.641093736034495,40.52160823641206,0.0,0.0,0.0,-0.0,-0.0,6.809125619338846,21.789201981884307,4.678479153369589,14.035437460108769,0.0,0.0,0.0,0.0,0.0,0.0,41.23394356637771,0.4177723970649758,0.0,31.727485322960923,0.0,0.0,0.0,0.0,0.0,0.0,11.935634434978466,10.661056631885277,13.409356678259373,5.9,2.8660506289992798,6.5,72.10000000000001,10.815000000000001,41.0,45.0,0.736496619488036,0.3062182241525012,1.0,35.76668156019197,16.028572188614497,6.315946857048946,0.3510232810008619,0.2397828442300811,0.27751728101390494,0.0,0.26829629131445343,1.150662572375068,0.7953531689726036,22.175407307258652,3.301653939770966,17.596854661921792,6.971889396969284,52.57908667710942,67.16270197244656,67.16270197244656,0.0,0.0,0.0,0.0,0.0,0.0,0.0,0.0,0.0,0.0,0.0,1.903989477371307,0.0,0.0,0.8552553609417846,0.0
0,spring_irrigation,春季灌溉日,55.0,15.0,1.0,52.68068765006756,21.722407275941233,14.328958230417626,0.0,1.6683793584019453,-1.6683793584019453,20.68805576390621,45.263819671003695,0.0,0.0,0.0,-0.0,-0.0,6.809125619338846,21.789201981884307,4.776319410139209,14.328958230417626,0.0,0.0,0.0,0.0,0.017363396962344114,0.0,41.242192004778666,0.06679470594307484,0.0,31.727485322960923,0.0,0.0,0.0,0.0,0.0,0.0,12.400705348465907,10.660052029499035,13.330400209987722,5.856926528266881,2.7969178662134566,6.5,72.10000000000001,10.815000000000001,41.0,45.0,0.571924084080974,0.34205469825254586,1.0,35.836988229836805,16.291805456955924,6.448031203687932,0.3653535614068165,0.301314403630918,0.2588494424652272,0.0,0.27,1.1972613227380458,0.8282583272527329,21.98424460446806,3.269216730853526,17.44844984177363,7.0542733754433185,52.68068765006756,65.95187543490991,65.95187543490991,0.0,0.0,0.0,0.0,0.0,0.0,0.0,0.0,7.105427357601002e-15,0.0,0.0,1.4276311642267476,0.0,0.0,0.2935207703088576,0.0
0,spring_irrigation,春季灌溉日,55.0,16.0,1.0,53.63521584416447,22.48674980008788,14.115648495621679,0.0,1.476485023699154,-1.476485023699154,14.110912574549221,48.90607600586197,0.0,0.0,0.0,-0.0,-0.0,7.047982658134672,22.553544506030953,4.705216165207227,14.115648495621679,0.0,-0.0,0.0,0.0,0.008682566737847034,0.0,41.242192004778666,0.06679470594307484,0.0,31.727485322960923,0.0,3.856593677532176,0.0,0.0,0.0,0.0,13.51613169168137,10.779197843407024,13.132496851816786,5.735495663618433,2.670964196758464,6.5,135.96,20.394000000000002,41.0,45.0,0.3900980760031535,0.3695789085519358,1.0,36.44897659618711,16.86506235006591,6.352041823029755,0.465034990751121,0.36119136073684854,0.2271966900143889,0.0,0.26829629131445343,1.3204777571839668,0.8749546970403671,21.538956712193684,3.1959009649561945,17.09896803679504,7.235903152530605,49.778622166632296,63.016988580411194,63.016988580411194,0.0,0.0,0.0,0.0,0.0,0.0,0.0,0.0,0.0,0.0,0.0,0.19189433470279127,0.0,0.7643425241466453,-0.2133097347959474,-0.0
0,spring_irrigation,春季灌溉日,55.0,17.0,1.0,55.298769117815674,23.736536267022824,13.396673122092963,0.0,0.0,0.0,6.6716179580744,50.59608709787454,0.0,0.0,4.995554034650306,1.748443912127607,2.247999315592638,5.494992497549829,17.583975992159452,4.465557707364321,13.396673122092963,0.0,-0.0,0.0,0.0,0.0,2.3508937974229474,38.75931851645882,0.0,3.9045609592707358,27.553966184661597,0.0,3.892276557230331,0.0,0.0,0.0,0.0,15.368992521990018,10.853052514428446,12.807931543768166,5.55677544278461,2.5092318638689,6.5,135.96,20.394000000000002,41.0,45.0,0.18443777576561532,0.38235017351197487,1.0,37.47142002096654,17.802402200267117,6.028502904941834,0.780385274150886,0.3787692427280859,0.1911404109966581,0.0,0.26330127018922195,1.6061453993931472,0.9604358924392233,20.873938850421677,3.0892023750045676,16.575660426919544,7.542433925685563,51.40649256058534,57.26770505594894,57.26770505594894,0.0,0.9991108069300613,0.9991108069300613,54.95109438115337,0.0,0.0,0.0,0.0,0.0,0.0,0.0,1.476485023699154,1.748443912127607,-4.969568513871501,-0.7189753735287159,0.0
0,spring_irrigation,春季灌溉日,55.0,18.0,1.0,56.79100133316668,24.933817122058237,12.490417131957612,0.0,0.0,0.0,1.0562641583889871,47.17322377309412,0.0,0.0,4.995554034650306,1.748443912127607,2.247999315592638,5.494992497549829,17.583975992159452,4.163472377319204,12.490417131957612,0.0,-0.0,0.0,0.0,0.0,12.538918168275941,25.55270542299138,0.0,5.101841814306148,22.128498447759483,0.0,3.932616196149061,0.0,0.0,0.0,0.0,17.4501425769116,10.638959926224084,12.385036890093131,5.349142923597687,2.3357603896906465,6.5,132.0,19.8,41.0,45.0,0.02920056472334831,0.3564838968648121,1.0,38.34720759787883,18.70036284154368,5.620687709380926,1.154065548570751,0.34014748071260315,0.15843744412450295,0.0,0.2553553390593274,1.9086481749875355,1.0272074503169988,20.069940203381464,2.9629174387907016,15.942339169143917,7.829837098208438,52.85838513701762,48.229487931483106,48.229487931483106,0.0,0.9991108069300613,0.9991108069300613,54.95109438115337,0.0,0.0,0.0,0.0,0.0,0.0,0.0,0.0,0.0,0.0,-0.9062559901353513,0.0
0,spring_irrigation,春季灌溉日,55.0,19.0,1.0,49.928236366567326,25.85801119316371,11.15363660046287,0.0,0.0,0.0,-0.0,43.5762225783131,0.0,0.0,4.995554034650307,1.7484439121276072,2.2479993155926383,5.494992497549829,17.583975992159452,3.7178788668209566,11.15363660046287,0.0,-0.0,0.0,0.0,0.0,11.703234616982513,13.228400548240991,0.0,6.026035885411616,15.741045782009623,0.0,2.113206623514891,0.0,0.0,0.0,0.0,18.706608596724895,9.995299302248357,11.921931069490492,5.14096670648026,2.1718418466392184,0.0,132.0,19.8,41.0,45.0,0.0,0.32930167567274915,1.0,33.69731055032545,19.393508394872782,5.0191364702082915,1.1001223671969056,0.27476534528040114,0.13352868346558616,0.0,0.245,1.7414625945214066,0.9303043853342252,19.234739622609972,2.833810941765934,15.284063731355845,8.042452002999319,47.815029743052435,43.5762225783131,43.5762225783131,0.0,0.9991108069300614,0.9991108069300614,54.951094381153375,0.0,0.0,0.0,0.0,0.0,-3.552713678800501e-15,0.0,0.0,2.220446049250313e-16,0.0,-1.3367805314947425,0.0
0,spring_irrigation,春季灌溉日,55.0,20.0,1.0,47.21890408205123,26.25810354485483,9.579854564741943,0.0,0.0,0.0,-0.0,43.91079817366141,0.0,0.0,4.995554034650307,1.7484439121276072,2.2479993155926383,5.494992497549829,17.583975992159452,3.193284854913981,9.579854564741943,0.0,-0.0,0.0,0.0,0.0,8.21025379266506,4.5833824547997,0.0,6.426128237102738,8.945218177705883,0.0,2.0376855560609615,0.0,0.0,0.0,0.0,18.286845325911493,8.988769722824829,11.484632387796797,4.95451345430169,2.0321096105102945,0.0,132.0,19.8,41.0,45.0,0.0,0.33183003397616573,1.0,31.96147082203783,19.69357765864112,4.310934554133874,0.6994454469311087,0.22118484928684853,0.11721420006985696,0.0,0.23294095225512607,1.2850087343954903,0.726421985631923,18.47125545260878,2.7170324226221845,14.682013752748368,8.114409798795341,45.18121852599027,43.91079817366141,43.91079817366141,0.0,0.9991108069300614,0.9991108069300614,54.951094381153375,0.0,0.0,0.0,0.0,-7.105427357601002e-15,-3.552713678800501e-15,0.0,0.0,0.0,0.0,-1.5737820357209262,0.0
0,spring_irrigation,春季灌溉日,55.0,21.0,1.0,43.09409340789273,25.970488134979952,8.111657568458371,0.0,0.0,0.0,-0.0,50.41422750514227,0.0,0.0,-0.0,-0.0,-0.0,6.512043475107149,20.83853912034288,2.7038858561527905,8.111657568458371,0.0,-0.0,0.0,0.0,0.0,0.0,4.58246577830874,0.0,5.1319490146370725,3.525276146995658,0.0,1.895795234010396,0.0,0.0,0.0,0.0,16.318516340837903,7.850903958749104,11.123375447485845,4.802771233561842,1.9232848674778156,0.0,132.0,19.8,41.0,45.0,0.0,0.3809758765885489,1.0,29.2474181529301,19.477866101234966,3.6502459058062673,0.43128927810765755,0.19314570572330614,0.10790864805221334,0.0,0.22,0.9541711603352143,0.5922710245909865,17.8494315485255,2.6224265465845527,14.191381214486169,8.002149652625342,41.198298173882336,50.41422750514227,50.41422750514227,0.0,0.0,0.0,0.0,0.0,0.0,0.0,0.0,0.0,0.0,0.0,0.0,-1.7484439121276072,3.2545631281834275,-1.468196996283572,0.0
0,spring_irrigation,春季灌溉日,55.0,22.0,1.0,39.087962209722036,25.17473141340352,6.898535524836576,0.0,0.0,0.0,-0.0,55.7166160792456,0.0,0.0,0.0,-0.0,-0.0,10.053983968622388,32.172748699591644,2.299511841612192,6.898535524836576,0.0,-0.0,0.0,0.0,6.013334575041191,0.0,10.29421713144221,6.998017286188121,0.0,10.166342016580382,0.0,1.73817651575221,0.0,0.0,0.0,0.0,13.801949343766792,6.83426048875156,10.859873471001105,4.6894693965312575,1.8452658514823517,0.0,62.0,9.299999999999999,41.0,45.0,0.0,0.4210455599894514,1.0,26.5418309863058,18.88104856005264,3.1043409861764593,0.3594426470575059,0.18308168911423775,0.10325134241556064,0.0,0.20705904774487396,0.8552613657160506,0.5435944123817283,17.394608719014716,2.553247795221876,13.832236401465037,7.75623020074231,37.34978569396983,55.7166160792456,55.7166160792456,0.0,0.0,0.0,0.0,0.0,0.0,0.0,0.0,-7.105427357601002e-15,0.0,0.0,0.0,0.0,11.334209579248764,-1.2131220436217953,0.0
0,spring_irrigation,春季灌溉日,55.0,23.0,1.0,35.93777589256418,24.298673539137884,6.146598566362653,0.0,0.0,0.0,-0.0,59.71088425757222,0.0,0.0,0.0,-0.0,-0.0,10.053983968622388,32.172748699591644,2.048866188787551,6.146598566362653,0.0,-0.0,0.0,0.0,13.284390108976611,0.0,22.9123288915437,7.874075160453759,0.0,17.62638073497829,0.0,1.6141319013785118,0.0,0.0,0.0,0.0,11.74984496085514,6.08829964275534,10.689111891213214,4.611383312205518,1.793525416576284,0.0,62.0,9.299999999999999,41.0,45.0,0.0,0.45122989278345316,1.0,24.397372020816448,18.224005154353414,2.7659693548631936,0.3505477228474833,0.18053058166192898,0.10119610203089346,0.0,0.195,0.8319193942867211,0.5253896019877735,17.094020619995018,2.507318014789361,13.594635223577978,7.495373830918781,34.32364399118567,59.71088425757222,59.71088425757222,0.0,0.0,0.0,0.0,0.0,0.0,0.0,0.0,0.0,0.0,0.0,0.0,0.0,0.0,-0.7519369584739231,0.0
1,spring_pv_high,春秋光伏大发日,65.0,0.0,1.0,30.476290267649553,19.23418649136922,5.161860703054736,0.0,5.0,-5.0,-0.0,52.99350719837457,0.0,0.0,0.0,-0.0,-0.0,7.402111221337347,23.686755908279512,1.7206202343515786,5.161860703054736,0.0,0.0,0.0,0.0,8.394485475036095,0.0,30.882507627049684,4.452569416910293,0.0,21.821068919573115,0.0,0.0,0.0,0.0,0.0,0.0,9.500218936363362,5.067937531720355,9.723455268155119,4.052756238808911,1.353025517839139,0.0,52.0,7.8,40.5,45.0,0.0,0.40046726603800525,1.0,17.80388834378821,13.463930543958453,2.0647442812218944,0.0,0.2016000871173399,0.10000721175353074,0.0,0.19941623381592644,0.5050551467827175,0.4205719736854457,15.12923702480317,2.1939763690888285,12.043843847380836,5.953337309899139,30.476290267649553,52.99350719837457,52.99350719837457,0.0,0.0,0.0,0.0,0.0,0.0,0.0,0.0,0.0,0.0,0.0,-0.7222394843359403,0.0,-2.978668547081366,-0.5349081955752251,0.0
1,spring_pv_high,春秋光伏大发日,65.0,1.0,1.0,30.652966580647583,19.58517811136992,5.247520988438256,0.0,5.0,-5.0,0.0,55.71568396927599,-0.0,5.1515755447437925,0.0,-0.0,-0.0,7.402111221337347,23.686755908279512,1.749173662812752,5.247520988438256,0.0,0.0,0.0,0.0,10.911432504478308,0.0,41.242192004778666,4.101577796909592,0.0,25.673925688798082,0.0,0.0,0.0,0.0,0.0,0.0,9.534753962849939,5.083238757545898,9.782532484419777,4.0564084472310755,1.356818109699834,0.0,52.0,7.8,40.5,45.0,0.0,0.45996851873870526,1.0,17.899745199857687,13.709624677958944,2.0990083953753027,0.0,0.2016026690507574,0.10003057420178106,0.0,0.19083462819564032,0.5024443083118963,0.4124422819029914,15.195759041350687,2.20255740276593,12.095795641450032,6.052589806708034,30.652966580647583,60.867259514019786,55.71568396927599,5.1515755447437925,0.0,0.0,0.0,0.0,0.0,0.0,0.0,3.552713678800501e-15,0.0,0.0,0.0,0.0,0.0,0.08566028538352022,0.0
1,spring_pv_high,春秋光伏大发日,65.0,2.0,1.0,30.917182330920763,20.29974999616831,5.28788153838774,0.0,5.0,-5.0,0.0,45.09060329845855,-0.0,20.040816727947345,0.0,-0.0,-0.0,7.402111221337347,23.686755908279512,1.76262717946258,5.28788153838774,0.0,0.0,0.0,0.0,0.008682566737847034,0.0,41.242192004778666,3.387005912111203,0.0,28.84023345392613,0.0,0.0,0.0,0.0,0.0,0.0,9.645634346059774,5.1217062515127605,9.880819600094178,4.063997335638185,1.3644339383478155,0.0,52.0,7.8,40.5,45.0,0.0,0.49219240412809995,1.0,18.062140267758114,14.209824997317815,2.1151526153550964,0.0,0.2016524311387308,0.10011598836770236,0.0,0.18544000538039032,0.4780251389919719,0.4074290964394145,15.309250874080178,2.2173933388626943,12.184469432332724,6.254647894680788,30.917182330920763,65.13142002640589,45.09060329845855,20.040816727947345,0.0,0.0,0.0,0.0,0.0,0.0,0.0,7.105427357601002e-15,0.0,0.0,0.0,0.0,0.0,0.040360549949483904,0.0
1,spring_pv_high,春秋光伏大发日,65.0,3.0,1.0,31.483305793062094,21.284765151027727,5.182053440301898,0.0,5.0,-5.0,0.0,45.62145072790459,-0.0,16.397787796347252,0.0,-0.0,-0.0,7.402111221337347,23.686755908279512,1.7273511467672993,5.182053440301898,0.0,0.0,0.0,0.0,0.008682566737847034,0.0,41.242192004778666,2.4019907572517845,0.0,31.064444206407472,0.0,0.0,0.0,0.0,0.0,0.0,9.87829087866761,5.20860560909331,10.031462366223378,4.078720667913352,1.3787053140259415,0.0,52.0,7.8,40.5,45.0,0.0,0.468673922648544,1.0,18.382695847069787,14.899335605719408,2.0728213761207592,0.0,0.20226039226461814,0.10039374840127292,0.0,0.18359999999999999,0.48961751905621853,0.4063566481463783,15.488888348162671,2.2412603732569156,12.324908246158397,6.534198852245502,31.483305793062094,62.01923852425184,45.62145072790459,16.397787796347252,0.0,0.0,0.0,0.0,0.0,0.0,0.0,0.0,0.0,0.0,0.0,0.0,0.0,-0.10582809808584237,0.0
1,spring_pv_high,春秋光伏大发日,65.0,4.0,1.0,32.393675024777394,22.9234190609466,5.162899639157301,0.0,5.0,-5.0,0.0,46.52543535923836,-0.0,9.886693053030122,0.0,-0.0,-0.0,7.402111221337347,23.686755908279512,1.7209665463857668,5.162899639157301,0.0,0.0,0.0,0.0,0.008682566737847034,0.0,41.242192004778666,0.7633368473329122,0.0,31.727485322960923,0.0,0.0,0.0,0.0,0.0,0.0,10.360705557241307,5.384589172559755,10.243523344076204,4.1053605363654935,1.4036285868857876,0.0,52.0,7.8,40.5,45.0,0.0,0.4263014854268592,1.0,18.922929254110556,16.04639334266262,2.0651598556629205,0.0,0.20693328626962862,0.10119610203089346,0.0,0.18544000538039032,0.4784483751521437,0.41209779732791496,15.752512467327485,2.2769859869498066,12.531170852211531,6.99963932561373,32.393675024777394,56.41212841226848,46.52543535923836,9.886693053030122,0.0,0.0,0.0,0.0,0.0,0.0,0.0,0.0,0.0,0.0,0.0,0.0,0.0,-0.019153801144597082,0.0
1,spring_pv_high,春秋光伏大发日,65.0,5.0,1.0,34.07495502660292,25.04025040109072,5.294195345801235,0.0,5.0,-5.0,0.0,48.6351002062526,-0.0,3.367298041850468,0.0,-0.0,-0.0,7.786730830978086,24.917538659129875,1.764731781933745,5.294195345801235,0.0,0.0,0.0,0.0,0.008682566737847034,0.0,41.242192004778666,0.0,0.12271174196084678,31.534860097619376,0.0,0.0,0.0,0.0,0.0,0.0,11.256212475679963,5.703035306456419,10.516653160483537,4.150244980984967,1.4441211011601014,0.0,52.0,7.8,40.5,45.0,0.0,0.39297754300127063,1.0,19.892586901906714,17.528175280763502,2.117678138320494,0.0,0.22921646235008905,0.10325134241556064,0.0,0.19083462819564032,0.526823520910186,0.43467062860492517,16.111019242628604,2.326749118090541,12.811967341659503,7.603231508993018,34.07495502660292,52.00239824810307,48.6351002062526,3.367298041850468,0.0,0.0,0.0,0.0,0.0,0.0,0.0,0.0,0.0,0.0,0.0,0.0,1.2307827508503628,0.1312957066439342,0.0
1,spring_pv_high,春秋光伏大发日,65.0,6.0,1.0,36.32465516703529,26.804247572740714,5.357354915115196,0.0,5.0,-5.0,0.0,50.905853536456284,0.5330250482314679,1.373219180206192,0.0,-0.0,-0.0,7.786730830978086,24.917538659129875,1.7857849717050653,5.357354915115196,0.0,0.0,0.0,0.0,0.008682566737847034,0.0,41.242192004778666,0.0,1.886708913610841,29.48578099467588,0.0,0.0,0.0,0.0,0.0,0.0,12.480371241640048,6.2154850468066645,10.83700467568252,4.220522456878132,1.5051794615043776,0.0,52.0,7.8,40.5,45.0,0.014735549148792467,0.3950683475896845,1.0,21.22059361598456,18.7629733009185,2.1429419660460787,0.0,0.2932898870598795,0.10790864805221334,0.0,0.19941623381592644,0.5854698400171443,0.49186612631403775,16.562706594065027,2.391274084850929,13.16624217223071,8.11376341998844,36.32465516703529,52.81209776489394,50.905853536456284,1.90624422843766,0.0,0.0,0.0,0.0,0.0,0.0,0.0,0.0,3.552713678800501e-15,0.0,0.0,0.0,0.0,0.06315956931396105,0.0
1,spring_pv_high,春秋光伏大发日,65.0,7.0,1.0,38.71392336982922,27.468839115040872,5.6602698649800125,0.0,5.0,-5.0,2.812927426213143,54.841697533673226,2.782843489059088,0.0,0.0,-0.0,-0.0,7.786730830978086,24.917538659129875,1.8867566216600042,5.6602698649800125,0.0,0.0,0.0,0.0,0.008682566737847034,0.0,41.242192004778666,0.0,2.5513004559109986,26.741230005411794,4.258531570681214,0.0,0.0,0.0,0.0,0.0,13.468067510786257,6.943637256476603,11.177321631472363,4.322494110205658,1.590346651703709,0.0,88.0,13.2,40.5,45.0,0.15469583956881938,0.41443387760655637,1.0,22.614760985745047,19.22818738052861,2.2641079459920053,0.0,0.39678894312029667,0.11721420006985696,0.0,0.2106,0.7286717396603051,0.5833150402470789,17.09016239338173,2.469203798988518,13.580705396551979,8.323336878334565,42.97245494051043,60.43746844894546,57.65462495988637,2.782843489059088,0.0,0.0,0.0,0.0,0.0,0.0,0.0,0.0,0.0,0.0,0.0,0.0,0.0,0.3029149498648165,0.0
1,spring_pv_high,春秋光伏大发日,65.0,8.0,1.0,40.35227580006286,26.484466475731846,6.27304718531994,0.0,5.0,-5.0,0.0,55.23870492621877,13.442761527477574,5.1624862745001465,0.0,-0.0,-0.0,7.786730830978086,24.917538659129875,2.09101572843998,6.27304718531994,0.0,0.0,0.0,0.0,0.008682566737847034,0.0,41.242192004778666,0.0,1.566927816601973,25.038349843714688,0.0,0.0,0.0,0.0,0.0,0.0,13.602909519055903,7.8469755038663545,11.503059056197149,4.459062108871521,1.6997023147611279,0.0,88.0,13.2,40.5,45.0,0.3716269504423413,0.4564464815480762,1.0,23.596738675732304,18.53912653301229,2.509218874127976,0.0,0.4680227005065581,0.13352868346558616,0.0,0.2236237715644639,0.8065785806276103,0.6602342884598589,17.6618234798298,2.5569327755879794,14.030965144091295,8.078321998571642,40.35227580006286,73.8439527281965,55.23870492621877,18.60524780197772,0.0,0.0,0.0,0.0,0.0,0.0,0.0,0.0,0.0,0.0,0.0,0.0,0.0,0.6127773203399274,0.0
1,spring_pv_high,春秋光伏大发日,65.0,9.0,1.0,41.019604898105925,24.51367566178432,7.201952148086841,0.0,5.0,-5.0,0.0,56.08946182518032,21.98087122863339,4.61526034046198,0.0,-0.0,-0.0,7.6605236443076,24.51367566178432,2.400650716028947,7.201952148086841,0.0,0.0,0.0,0.0,0.008682566737847034,0.0,41.242192004778666,0.0,0.0,24.98827314402726,0.0,0.0,0.0,0.0,0.0,0.0,12.951966098975827,8.806971927995292,11.783280873367175,4.626870035832234,1.8279863919318105,0.0,88.0,13.2,40.5,45.0,0.6076641414835553,0.45874023831389515,1.0,23.993166570697095,17.159572963249023,2.8807808592347364,0.0,0.4347835108214802,0.15843744412450295,0.0,0.2376,0.8118386680886683,0.6726621572870888,18.238137301131218,2.6489873174788614,14.486217514233022,7.563016338713915,41.019604898105925,82.68559339427568,56.08946182518032,26.59613156909537,0.0,0.0,0.0,0.0,0.0,0.0,0.0,0.0,0.0,0.0,0.0,0.0,-0.40386299734555564,0.928904962766901,0.0
1,spring_pv_high,春秋光伏大发日,65.0,10.0,1.0,41.4654739624259,22.287006340699584,8.357156991268054,0.0,5.0,-5.0,0.21689437491482266,56.00767063280689,29.487168559798846,0.0,0.0,-0.0,-0.0,6.9646894814686195,22.287006340699584,2.7857189970893512,8.357156991268054,0.0,0.0,0.0,0.0,0.008682566737847034,0.0,41.242192004778666,0.0,0.0,24.93829659773921,0.0,0.0,0.0,0.0,0.0,0.0,12.158027912243698,9.650608118913876,12.001255787964505,4.814228631237918,1.9637466760713134,0.0,88.0,13.2,40.5,45.0,0.8211728149466303,0.4232450336135745,1.0,24.271763131376762,15.600904438489708,3.3428627965072217,0.0,0.33261732982093545,0.1911404109966581,0.0,0.2515762284355361,0.72770290450976,0.6438559177854064,18.779231095273737,2.7387361169142546,14.91511374424827,6.978974467587754,41.4654739624259,85.71173356752055,56.224565007721715,29.487168559798846,0.0,0.0,0.0,0.0,0.0,0.0,0.0,0.0,0.0,0.0,0.0,0.0,-2.226669321084735,1.1552048431812132,0.0
1,spring_pv_high,春秋光伏大发日,65.0,11.0,1.0,41.87927148966197,20.487768817586325,9.64793561410269,0.0,5.0,-5.0,6.520474544329041,50.023619184118296,27.421010326515884,0.0,0.0,-0.0,-0.0,6.440161134013294,20.60851562884254,3.2159785380342303,9.64793561410269,0.0,0.0,0.0,0.0,0.008682566737847034,0.0,41.242192004778666,0.12074681125621467,0.0,25.00312947523714,0.0,0.0,0.0,0.0,0.0,0.0,11.673073972410148,10.21826738940797,12.157958050873024,5.001097898506149,2.090319806158798,0.0,70.0,10.5,40.5,45.0,0.9383169142928178,0.3780240839127669,1.0,24.517845964520284,14.341438172310426,3.8591742456410767,0.0,0.24992159159340238,0.2271966900143889,0.0,0.2646,0.6946959217448023,0.6307921351283317,19.249375755537972,2.819022945190805,15.289181732830583,6.512920665913247,41.87927148966197,83.96510405496322,56.544093728447336,27.421010326515884,0.0,0.0,0.0,0.0,0.0,0.0,0.0,0.0,0.0,0.0,0.0,0.0,-1.6784907118570445,1.2907786228346367,0.0
1,spring_pv_high,春秋光伏大发日,65.0,12.0,1.0,42.57553399540962,19.50464922025754,10.958031671458565,0.0,5.0,-5.0,18.50463919536726,43.855724464108086,16.22118209132308,0.0,0.0,-0.0,-0.0,6.440161134013294,20.60851562884254,3.6526772238195218,10.958031671458565,0.0,0.0,0.0,0.0,0.008682566737847034,0.0,41.242192004778666,1.1038664085849987,0.0,26.001796304442415,4.683308739495058,0.0,0.0,0.0,0.0,0.0,11.48951876265225,10.448034639572482,12.26462848398985,5.16194609725659,2.188892243123575,0.0,70.0,10.5,40.5,45.0,0.96,0.33141384680416314,1.0,24.949013699829596,13.653254454180278,4.383212668583426,0.0,0.21885858969711436,0.2588494424652272,0.0,0.2757837661840736,0.6775105282578171,0.6481600888815544,19.615466824370014,2.8824620090721544,15.581686276201724,6.2682580732148825,47.25884273490468,78.58154575079843,62.36036365947535,16.22118209132308,0.0,0.0,0.0,0.0,0.0,0.0,0.0,0.0,0.0,0.0,0.0,0.0,0.0,1.3100960573558744,0.0
1,spring_pv_high,春秋光伏大发日,65.0,13.0,1.0,42.80184296917775,18.914997219152838,12.17664848532181,0.0,5.0,-5.0,13.5749418795478,44.73462761882169,21.15087940714254,0.0,0.0,-0.0,-0.0,6.440161134013294,20.60851562884254,4.058882828440603,12.17664848532181,0.0,0.0,0.0,0.0,0.008682566737847034,0.0,41.242192004778666,1.6935184096897018,0.0,27.55863520103875,0.0,0.0,0.0,0.0,0.0,0.0,11.45785166596817,10.4216405203031,12.327747688970407,5.271233875440194,2.242996144434219,0.0,70.0,10.5,40.5,45.0,0.96,0.3380556405273597,1.0,25.070170879430236,13.240498053406986,4.870659394128724,0.0,0.22733141147674477,0.27751728101390494,0.0,0.2843653718043597,0.7481770462986769,0.6790446441603775,19.84197770884482,2.921610972031212,15.763861554268122,6.12163723739617,42.80184296917775,79.46044890551204,58.30956949836949,21.15087940714254,0.0,0.0,0.0,0.0,0.0,0.0,0.0,0.0,0.0,0.0,0.0,0.0,0.0,1.2186168138632443,0.0
1,spring_pv_high,春秋光伏大发日,65.0,14.0,1.0,42.92097402656667,18.830227408119526,12.862271233725679,0.0,5.0,-5.0,9.561152575350398,49.09608889654264,22.159017659606377,0.0,0.0,-0.0,-0.0,6.440161134013294,20.60851562884254,4.287423744575226,12.862271233725679,0.0,0.0,0.0,0.0,0.008682566737847034,0.0,41.242192004778666,1.778288220723013,0.0,29.19289174032354,0.0,0.0,0.0,0.0,0.0,0.0,11.57025787064239,10.324391685615216,12.336608143998623,5.3100000000000005,2.242996144434219,0.0,70.0,10.5,40.5,45.0,0.8769083724228535,0.3710148192297858,1.0,25.14217460742155,13.181159185683669,5.144908493490272,0.0,0.26855678553769086,0.27751728101390494,0.0,0.2897599946196097,0.8017545270080045,0.7130272976775274,19.889604288432842,2.929652129055363,15.804111576311564,6.101002980271628,42.92097402656667,80.81625913149941,58.65724147189304,22.159017659606377,0.0,0.0,0.0,0.0,0.0,0.0,0.0,0.0,0.0,0.0,0.0,0.0,0.0,0.685622748403869,0.0
1,spring_pv_high,春秋光伏大发日,65.0,15.0,1.0,43.28948903430691,18.925188866459425,12.859820718217241,0.0,5.0,-5.0,8.258257016180835,51.09183662182355,17.39329904434336,0.0,0.0,-0.0,-0.0,6.440161134013294,20.60851562884254,4.2866069060724135,12.859820718217241,0.0,0.0,0.0,0.0,0.008682566737847034,0.0,41.242192004778666,1.683326762383114,0.0,30.73366638110685,0.3251539968739199,0.0,0.0,0.0,0.0,0.0,12.021091919431237,10.323418807514855,12.263968193188704,5.271233875440194,2.188892243123575,0.0,70.0,10.5,40.5,45.0,0.7091407173584013,0.3860965089970434,1.0,25.35858859769763,13.247632206521597,5.143928287286897,0.0,0.3374721320666282,0.2588494424652272,0.0,0.2916,0.8543621256305522,0.7462149906653441,19.724094311752474,2.9020545742490658,15.67515873861473,6.1147521964061,43.61464303118083,76.74339268234775,59.35009363800439,17.39329904434336,0.0,0.0,0.0,0.0,0.0,0.0,0.0,0.0,0.0,0.0,0.0,0.0,0.0,-0.0024505155084373342,0.0
1,spring_pv_high,春秋光伏大发日,65.0,16.0,1.0,44.332783757540284,19.497687971351713,12.452762286428218,0.0,5.0,-5.0,11.903837171078663,48.0287110493555,6.058118099791145,0.0,0.0,-0.0,-0.0,6.440161134013294,20.60851562884254,4.150920762142739,12.452762286428218,0.0,0.0,0.0,0.0,0.008682566737847034,0.0,41.242192004778666,1.1108276574908267,0.0,31.727485322960923,0.0,0.0,0.0,0.0,0.0,0.0,13.102372558262552,10.438802122036277,12.081897103671443,5.16194609725659,2.090319806158798,0.0,132.0,19.8,40.5,45.0,0.4965606692978078,0.36294873885710055,1.0,25.951978628758827,13.648381579946198,4.981104914571287,0.0,0.4045343240252704,0.2271966900143889,0.0,0.2897599946196097,0.9033775747134624,0.7629230427192686,19.334163007086833,2.838848307301695,15.368183644938728,6.248565884867591,44.332783757540284,65.9906663202253,59.932548220434164,6.058118099791145,0.0,0.0,0.0,0.0,0.0,0.0,0.0,0.0,0.0,0.0,0.0,0.0,0.0,-0.40705843178902335,0.0
1,spring_pv_high,春秋光伏大发日,65.0,17.0,1.0,45.6333040049621,20.541720922899625,11.935243499327523,0.0,1.4745517120024205,-1.4745517120024205,9.68998536318907,45.98182369486133,0.0,0.0,0.0,-0.0,-0.0,6.440161134013294,20.60851562884254,3.978414499775841,11.935243499327523,0.0,-0.0,0.0,0.0,0.008682566737847034,0.0,41.242192004778666,0.06679470594291403,0.0,31.727485322960774,0.0,1.8633048594411001,0.0,0.0,0.0,0.0,14.898513159071957,10.510324540288602,11.783297020266714,5.001097898506149,1.9637466760713134,0.0,132.0,19.8,40.5,45.0,0.26788094864229783,0.3474805914164423,1.0,26.682713501668157,14.379204646029736,4.774097399731009,0.0,0.42422155185545624,0.1911404109966581,0.0,0.2843653718043597,0.9029851389996785,0.7391285594099534,18.748141594844174,2.7462175328988017,14.905813475294671,6.505244091985224,43.769999145521,55.6718090580504,55.6718090580504,0.0,0.0,0.0,0.0,0.0,0.0,0.0,0.0,0.0,0.0,0.0,3.5254482879975795,0.0,0.0,-0.5175187871006948,-0.0
1,spring_pv_high,春秋光伏大发日,65.0,18.0,1.0,46.38512517144568,21.49539888011327,11.017422374793268,0.0,0.0,0.0,2.614119966183559,37.78802139005487,0.0,0.0,0.0,-0.0,-0.0,3.9397175911447446,12.607096291663183,3.6724741249310893,11.017422374793268,0.0,-0.0,0.0,0.0,0.0,11.684471244093817,28.934500151542114,0.0,8.888302588450088,22.30792236447266,0.0,1.910704287189266,0.0,0.0,0.0,0.0,16.915954538842875,10.302992770659113,11.394233938885682,4.814228631237918,1.8279863919318105,0.0,132.0,19.8,40.5,45.0,0.07226769805724005,0.2855607491388133,1.0,27.116508135253767,15.046779216079289,4.4069689499173075,0.0,0.38096517839811556,0.15843744412450295,0.0,0.2757837661840736,0.7898764942247096,0.6712639024656034,18.03644896205541,2.636026232514105,14.343889297386344,6.732887527478476,44.47442088425641,40.40214135623843,40.40214135623843,0.0,0.0,0.0,0.0,0.0,0.0,0.0,0.0,0.0,0.0,0.0,1.4745517120024205,0.0,-8.001419337179357,-0.9178211245342549,0.0
1,spring_pv_high,春秋光伏大发日,65.0,19.0,1.0,45.89114861157444,22.339511976141885,9.929549340488967,0.0,0.0,0.0,-0.0,34.36934762443323,0.0,0.0,5.6063988899161785,1.9622396114706624,2.5228795004622806,3.4151030897592243,10.928329887229518,3.3098497801629887,9.929549340488967,0.0,-0.0,0.0,0.0,0.0,14.36526842063216,13.807378071899006,0.0,8.888302588450088,12.907198531901521,0.0,1.9192458249605953,0.0,0.0,0.0,0.0,18.133957313151683,9.679658271651041,10.968176583931253,4.626870035832234,1.6997023147611279,0.0,132.0,19.8,40.5,45.0,0.0,0.25972613262118177,1.0,26.798368234761806,15.63765838329932,3.9718197361955867,0.0,0.3077371867140493,0.13352868346558616,0.0,0.2646,0.6990686306383239,0.586961845818862,17.294748934524616,2.5229523057690004,13.758071632910111,6.93115937284331,43.97190278661384,34.36934762443323,34.36934762443323,0.0,1.1212797779832357,1.1212797779832357,72.88318556891032,0.0,0.0,0.0,0.0,0.0,0.0,0.0,0.0,1.9622396114706624,-1.6787664044336648,-1.0878730343043017,0.0
1,spring_pv_high,春秋光伏大发日,65.0,20.0,1.0,43.62756002583644,22.63934512653864,8.723444528548361,0.0,0.0,0.0,-0.0,40.218605685956014,0.0,0.0,0.0,-0.0,-0.0,4.2972007931527125,13.751042538088681,2.907814842849454,8.723444528548361,0.0,-0.0,0.0,0.0,0.0,8.761043277077093,4.58246577830874,0.0,8.888302588449958,3.525276146995658,0.0,1.852926698805497,0.0,0.0,0.0,0.0,17.727043938383588,8.704913836840888,10.565861796773053,4.459062108871521,1.590346651703709,0.0,132.0,19.8,40.5,45.0,0.0,0.30392846056826733,1.0,25.449290090088443,15.847541588577046,3.4893778114193448,0.0,0.24772703120127038,0.11721420006985696,0.0,0.2515762284355362,0.6424031789900188,0.5178991189175198,16.615270557348282,2.420410858584456,13.221215204339162,6.982004001447209,41.77463332703094,40.218605685956014,40.218605685956014,0.0,0.0,0.0,0.0,0.0,0.0,0.0,0.0,0.0,0.0,0.0,0.0,-1.9622396114706624,2.822712650859163,-1.2061048119406053,0.0
1,spring_pv_high,春秋光伏大发日,65.0,21.0,1.0,39.929234427106444,22.372982388632526,7.425324176970541,0.0,0.528729343026308,-0.528729343026308,-0.0,49.54616906440701,0.0,0.0,0.0,-0.0,-0.0,8.332945142300273,26.665424455360878,2.4751080589901804,7.425324176970541,0.0,-0.0,0.0,0.0,0.0009647296375382478,0.0,4.58246577830874,4.292442066728354,0.0,7.596045558093603,0.0,1.7208126366537333,0.0,0.0,0.0,0.0,15.818969922240825,7.602980675841238,10.233505411686977,4.322494110205658,1.5051794615043776,0.0,132.0,19.8,40.5,45.0,0.0,0.37441603541364504,1.0,23.28839022421326,15.661087672042767,2.9701296707882165,0.0,0.2163231904101029,0.10790864805221334,0.0,0.2376,0.5945340690388649,0.474264016534064,16.06117898339701,2.3372090707704185,12.78320836817586,6.881166900704349,38.20842179045271,49.54616906440701,49.54616906440701,0.0,0.0,0.0,0.0,0.0,0.0,0.0,0.0,0.0,-3.552713678800501e-15,0.0,-0.528729343026308,0.0,12.914381917272197,-1.2981203515778201,0.0
1,spring_pv_high,春秋光伏大发日,65.0,22.0,1.0,36.03225371561009,21.78794310107323,6.401859733746005,0.0,4.27776051566406,-4.27776051566406,-0.0,56.18405641153114,0.0,0.0,0.0,-0.0,-0.0,8.332945142300273,26.665424455360878,2.1339532445820018,6.401859733746005,0.0,-0.0,0.0,0.0,5.407143793374711,0.0,9.718335888859055,4.87748135428765,0.0,12.214460753550686,0.0,0.0,0.0,0.0,0.0,0.0,13.379440690386176,6.618441736475195,9.991083593321017,4.220522456878132,1.4441211011601014,0.0,62.0,9.299999999999999,40.5,45.0,0.0,0.42457796540669523,1.0,21.015757621186037,15.251560170751258,2.5607438934984024,0.0,0.2050514918079463,0.10325134241556064,0.0,0.2236237715644639,0.5721627056786599,0.44890483542580767,15.65572715135925,2.276330715691808,12.462461708540859,6.6982076630595735,36.03225371561009,56.18405641153114,56.18405641153114,0.0,0.0,0.0,0.0,0.0,0.0,0.0,0.0,-7.105427357601002e-15,0.0,0.0,-3.7490311726377517,0.0,0.0,-1.023464443224536,0.0
1,spring_pv_high,春秋光伏大发日,65.0,23.0,1.0,33.06189836584373,20.942951925955924,5.696768898629961,0.0,4.27776051566406,-4.27776051566406,-0.0,61.46198664250481,0.0,0.0,0.0,-0.0,-0.0,8.332945142300273,26.665424455360878,1.8989229662099871,5.696768898629961,0.0,-0.0,0.0,0.0,13.890459652486758,0.0,22.9123288915437,5.722472529404955,0.0,17.62638073497829,0.0,0.0,0.0,0.0,0.0,0.0,11.390155829400392,5.8960375487735925,9.833982939916158,4.150244980984967,1.4036285868857876,0.0,62.0,9.299999999999999,40.5,45.0,0.0,0.4644628192629464,1.0,19.277165100278793,14.660066348169146,2.2787075594519846,0.0,0.20219425146136047,0.10119610203089346,0.0,0.2106,0.5714110685540136,0.4326824678507565,15.387856507786912,2.2359203384821065,12.250329959339442,6.448699283385897,33.06189836584373,61.46198664250481,61.46198664250481,0.0,0.0,0.0,0.0,0.0,0.0,0.0,0.0,7.105427357601002e-15,0.0,0.0,0.0,0.0,0.0,-0.7050908351160441,0.0
2,summer_commercial,夏季商业制冷日,75.0,0.0,1.0,36.501145460979004,11.278012291957348,16.622882003046946,0.0,5.0,-5.0,-0.0,55.96418752082518,0.0,0.0,0.0,-0.0,-0.0,4.596160266026803,14.70771285128577,5.540960667682316,16.622882003046946,0.0,0.0,0.0,0.0,4.3259211261370565,0.0,27.017371495595597,3.429700559328423,0.0,20.849343504870337,0.0,0.0,0.0,0.0,0.0,0.0,10.800248896076246,7.161216077430938,10.88604231108671,5.628828109456821,1.5033616864879322,0.0,52.0,7.8,40.0,45.0,0.0,0.4229164355664788,1.0,22.81403640308403,6.202906760576542,11.303559762071924,0.0,0.18000007778333918,0.11800850986916626,0.2800019379993123,0.1846446609406726,0.745638018139668,0.6456217885236415,18.018232107031462,2.650253708059978,14.41432559105181,3.8787547940724307,36.501145460979004,55.96418752082518,55.96418752082518,0.0,0.0,0.0,0.0,0.0,0.0,0.0,0.0,7.105427357601002e-15,-1.7763568394002505e-15,0.0,-5.031178332155206,-3.558800538298698,8.609851103908873,-1.9831870183276337,0.0
2,summer_commercial,夏季商业制冷日,75.0,1.0,1.0,36.62237385249154,11.542746607558634,16.61891159281523,0.0,5.0,-5.0,-0.0,62.79797176321183,0.0,0.0,0.0,-0.0,-0.0,4.596160266026803,14.70771285128577,5.539637197605077,16.61891159281523,0.0,0.0,0.0,0.0,11.039800447088407,0.0,37.49977844603046,3.164966243727134,0.0,23.814362749401372,0.0,0.0,0.0,0.0,0.0,0.0,10.839509768292562,7.182837374793116,10.952183107556923,5.633900621154272,1.50757567744426,0.0,52.0,7.8,40.0,45.0,0.0,0.47455874114171953,1.0,22.883033668349302,6.3485106341572495,11.300859883114358,0.0,0.1800023830810334,0.11803607755810165,0.2800187138536637,0.17669872981077805,0.7434709004037444,0.6381138380548682,18.093659406155453,2.6600307337523366,14.47331184584694,3.954044721748726,36.62237385249154,62.79797176321183,62.79797176321183,0.0,0.0,0.0,0.0,0.0,0.0,0.0,0.0,7.105427357601002e-15,1.7763568394002505e-15,0.0,0.0,0.0,0.0,-0.0039704102317159595,0.0
2,summer_commercial,夏季商业制冷日,75.0,2.0,1.0,37.130936379387315,11.84761571229566,16.677364827388214,0.0,5.0,-5.0,0.0,57.41842283712172,-0.0,8.483165568218404,0.0,-0.0,-0.0,4.596160266026803,14.70771285128577,5.559121609129405,16.677364827388214,0.0,0.0,0.0,0.0,3.9472773836183257,0.0,41.242192004778666,2.8600971389901106,0.0,26.483826305943175,1.1849271989598709,0.0,0.0,0.0,0.0,0.0,10.965563256573219,7.237193616268031,11.0622219435837,5.644440743941924,1.5160377092753505,0.0,52.0,7.8,40.0,45.0,0.0,0.4980124987284847,1.0,23.1885680071412,6.516188641762613,11.340608082623985,0.0,0.1800468135167239,0.11813686627388878,0.2801440469751946,0.17170370868554657,0.7519507425279472,0.6335969122883913,18.222700396800974,2.676994263180167,14.574299306463594,4.041774446627702,38.315863578347184,65.90158840534012,57.41842283712172,8.483165568218404,0.0,0.0,0.0,0.0,0.0,0.0,0.0,0.0,0.0,0.0,0.0,0.0,0.0,0.05845323457298335,0.0
2,summer_commercial,夏季商业制冷日,75.0,3.0,1.0,37.680014236907404,12.42531670506424,16.740735006517614,0.0,5.0,-5.0,0.0,57.0099036379044,-0.0,6.111011627105164,0.0,-0.0,-0.0,4.596160266026803,14.70771285128577,5.580245002172538,16.740735006517614,0.0,0.0,0.0,0.0,0.008682566737847034,0.0,41.242192004778666,2.2823961462215303,0.0,28.59913499224174,4.144801566059814,0.0,0.0,0.0,0.0,0.0,11.230056998906337,7.359986186762286,11.230876344793565,5.664889816546321,1.5318947933621572,0.0,52.0,7.8,40.0,45.0,0.0,0.4769991967387714,1.0,23.522772229376336,6.833924187785333,11.383699804431979,0.0,0.18058963595055189,0.11846462311350205,0.28088386497110035,0.16999999999999998,0.7614819172568182,0.6332821911929735,18.42766095470204,2.70440218289324,14.734853042389569,4.208020925546881,41.824815802967215,63.120915265009565,57.0099036379044,6.111011627105164,0.0,0.0,0.0,0.0,0.0,0.0,0.0,0.0,0.0,0.0,0.0,0.0,0.0,0.06337017912940013,0.0
2,summer_commercial,夏季商业制冷日,75.0,4.0,1.0,38.74223970063487,13.30710882946076,17.062426723687178,0.0,5.0,-5.0,0.0,57.445994415825325,-0.0,0.0,0.0,-0.0,-0.0,4.596160266026803,14.70771285128577,5.687475574562392,17.062426723687178,0.0,0.0,0.0,0.0,0.008682566737847034,0.0,41.242192004778666,1.4006040218250115,0.0,29.87251054299102,3.411436307863416,0.0,0.0,0.0,0.0,0.0,11.778486317705907,7.608658613399654,11.468292439563575,5.701889633840963,1.5595873187619862,0.0,52.0,7.8,40.0,45.0,0.0,0.43411431974907494,1.0,24.179383090445615,7.318909856203418,11.602450172107282,0.0,0.18476186274073983,0.11941140039645429,0.28432342781142006,0.17170370868554657,0.7780685888940437,0.641597001166303,18.729769392166524,2.7456444369666393,14.971796057471446,4.462867360333447,42.15367600849829,57.445994415825325,57.445994415825325,0.0,0.0,0.0,0.0,0.0,0.0,0.0,0.0,0.0,0.0,0.0,0.0,0.0,0.0,0.32169171716956413,0.0
2,summer_commercial,夏季商业制冷日,75.0,5.0,1.0,40.69127535044281,14.58316023630231,17.259179241391994,0.0,5.0,-5.0,-0.0,51.69284642881694,0.0,0.0,0.0,-0.0,-0.0,4.596160266026803,14.70771285128577,5.753059747130664,17.259179241391994,0.0,0.0,0.0,0.0,0.0,4.347648934783333,36.65747100344789,0.12455261498346015,0.0,29.931090506139327,0.0,0.0,0.0,0.0,0.0,0.0,12.796536288141432,8.058636846079724,11.774079081845699,5.764229140256898,1.6045790012890015,0.0,52.0,7.8,40.0,45.0,0.0,0.39063828716937116,1.0,25.384634578389306,8.020738129966272,11.736241884146557,0.0,0.20465755566972235,0.12183658405036155,0.29686059796956804,0.17669872981077805,0.8339752501511879,0.673108516208503,19.142887223391597,2.803458115351306,15.296315625388658,4.833247417617219,40.69127535044281,51.69284642881694,51.69284642881694,0.0,0.0,0.0,0.0,0.0,0.0,0.0,0.0,0.0,-1.7763568394002505e-15,0.0,0.0,0.0,0.0,0.19675251770481594,0.0
2,summer_commercial,夏季商业制冷日,75.0,6.0,1.0,43.55562740566267,15.71715797862128,17.806974477055483,0.0,5.0,-5.0,2.5194397150181054,53.537559913153444,0.0,0.0,0.0,-0.0,-0.0,4.596160266026803,14.70771285128577,5.9356581590184945,17.806974477055483,0.0,0.0,0.0,0.0,0.0,3.03044620253642,33.46019613815623,0.0,1.0094451273355096,28.808654506879144,0.0,0.0,0.0,0.0,0.0,0.0,14.188211516811846,8.782750609618112,12.132733495601082,5.861836745664072,1.6724216238937528,0.0,52.0,7.8,40.0,45.0,0.06965024977953228,0.40457862448145493,1.0,27.17187539214284,8.644436888241705,12.10874264439773,0.0,0.2618659705891781,0.12733220470161175,0.3324340609526043,0.1846446609406726,0.9491937785729668,0.7558865433472278,19.66699186515891,2.8789913909482885,15.70885529704345,5.170787065967961,43.55562740566267,56.05699962817155,56.05699962817155,0.0,0.0,0.0,0.0,0.0,0.0,0.0,0.0,7.105427357601002e-15,0.0,0.0,0.0,0.0,0.0,0.5477952356634894,0.0
2,summer_commercial,夏季商业制冷日,75.0,7.0,1.0,46.69791296987316,15.9352422942227,18.72343123028801,0.0,5.0,-5.0,8.34627728669768,55.576182420673284,0.0,0.0,0.0,-0.0,-0.0,4.596160266026803,14.70771285128577,6.241143743429337,18.72343123028801,0.0,0.0,0.0,0.0,1.387242728041664,0.0,34.771384690568176,0.0,1.2275294429369294,27.458900942142304,0.0,0.0,0.0,0.0,0.0,0.0,15.311066222788588,9.811661340673462,12.513740522191886,6.003464041952302,1.7670518352263433,0.0,88.0,13.2,40.0,45.0,0.23073395814257566,0.4199843152015259,1.0,29.143026598742207,8.764383261822486,12.731933236595848,0.0,0.35427584207169344,0.1383127560824312,0.4100965381623322,0.195,1.154816241841142,0.9063066273623559,20.28425639937053,2.9710237939642363,16.19597400475162,5.260214296079282,46.69791296987316,63.92245970737096,63.92245970737096,0.0,0.0,0.0,0.0,0.0,0.0,0.0,0.0,0.0,0.0,0.0,0.0,0.0,0.0,0.9164567532325272,0.0
2,summer_commercial,夏季商业制冷日,75.0,8.0,1.0,49.12584500825421,15.352806983922084,20.469448409872495,0.0,5.0,-5.0,15.653934467552904,57.23286301553763,0.0,0.0,0.0,-0.0,-0.0,4.596160266026803,14.70771285128577,6.823149469957499,20.469448409872495,0.0,0.0,0.0,0.0,6.818696411735369,0.0,41.242192004778666,0.0,0.6450941326363138,26.724936684851375,0.522946327116661,0.0,0.0,0.0,0.0,0.0,15.464360295347765,11.088117559811154,12.878424812916373,6.1931418178771125,1.8885581275123642,0.0,88.0,13.2,40.0,45.0,0.4327551237675295,0.43250370453048675,1.0,30.694778493575328,8.444043841157146,13.919224918713297,0.0,0.4178774111665697,0.15756384648939167,0.5378398393612314,0.20705904774487396,1.3732855161516329,1.0881916084717282,20.96012475830585,3.075659292820565,16.73103516925799,5.134177763880579,49.64879133537087,72.88679748309053,72.88679748309053,0.0,0.0,0.0,0.0,0.0,0.0,0.0,0.0,-7.105427357601002e-15,-1.7763568394002505e-15,0.0,0.0,0.0,0.0,1.7460171795844843,0.0
2,summer_commercial,夏季商业制冷日,75.0,9.0,1.0,50.4905137280304,14.145686665703973,22.9020811758089,0.0,5.0,-5.0,16.653357610612304,56.629982518869056,6.228006417037964,0.0,0.0,-0.0,-0.0,4.596160266026803,14.70771285128577,7.634027058602967,22.9020811758089,0.0,0.0,0.0,0.0,0.008682566737847034,0.0,41.242192004778666,0.5620261855817974,0.0,27.205411687784377,5.553956510083344,0.0,0.0,0.0,0.0,0.0,14.724340407256731,12.444634246080303,13.19215141257412,6.426208383100325,2.031095991035345,0.0,88.0,13.2,40.0,45.0,0.6325583860262333,0.42794778972106073,1.0,31.59449395283668,7.780127666137186,15.573415199550052,0.0,0.38819956323346444,0.18695618406691347,0.689418147850411,0.22,1.5235971679655933,1.2350056855964966,21.649455786709787,3.1866167964947287,17.278806424819543,4.840486215431501,56.044470238113746,79.51134654651932,73.28334012948136,6.228006417037964,0.0,0.0,0.0,0.0,0.0,0.0,0.0,0.0,0.0,0.0,0.0,0.0,0.0,2.432632765936404,0.0
2,summer_commercial,夏季商业制冷日,75.0,10.0,1.0,51.90024138806994,12.755235470339567,26.183198086401163,0.0,5.0,-5.0,23.59256848570601,52.34927498328332,5.504229935607846,0.0,0.0,-0.0,-0.0,4.596160266026803,14.70771285128577,8.727732695467054,26.183198086401163,0.0,0.0,0.0,0.0,0.008682566737847034,0.0,41.242192004778666,1.9524773809462035,0.0,29.005854376307706,5.709026552687693,0.0,0.0,0.0,0.0,0.0,13.821758047603364,13.63672886368265,13.43618854522113,6.686428654497108,2.181940751190348,0.0,88.0,13.2,40.0,45.0,0.8043849057982508,0.3955988599348682,1.0,32.49771794481932,7.015379508686762,17.80457469875279,0.0,0.2969797587686923,0.22554568497605654,0.8048811314800605,0.23294095225512604,1.607663757743535,1.3163198140169565,22.30455795090859,3.295926748497892,17.801553048997047,4.499129559269111,57.60926794075763,81.44607340459717,75.94184346898933,5.504229935607846,0.0,0.0,0.0,0.0,0.0,0.0,0.0,0.0,0.0,0.0,0.0,0.0,0.0,3.2811169105922637,0.0
2,summer_commercial,夏季商业制冷日,75.0,11.0,1.0,52.834311365378056,11.781773214016473,30.092496411338676,0.0,5.0,-5.0,31.83239043812277,41.70304477707651,0.0,0.0,0.0,-0.0,-0.0,4.596160266026803,14.70771285128577,10.030832137112892,30.092496411338676,0.0,0.0,0.0,0.0,0.008682566737847034,0.0,41.242192004778666,2.9259396372692974,0.0,31.727485322960923,1.065448879943677,0.0,0.0,0.0,0.0,0.0,13.270441989687328,14.438856093728655,13.611626948260016,6.945969303480762,2.3225775623986644,0.0,70.0,10.5,40.0,45.0,0.8800107150326925,0.31514623602509156,1.0,33.10163900214891,6.479975267709061,20.4628975597103,0.0,0.22314427820839497,0.2680920942169789,0.8341884025142168,0.245,1.604722687199562,1.3392940216782419,22.88017381413944,3.394636772145445,18.262858465563305,4.272638005434834,53.89976024532173,73.53543521519927,73.53543521519927,0.0,0.0,0.0,0.0,0.0,0.0,0.0,0.0,0.0,-1.7763568394002505e-15,0.0,0.0,0.0,0.0,3.909298324937513,0.0
2,summer_commercial,夏季商业制冷日,75.0,12.0,1.0,53.241186423732195,11.162337327642305,34.320108588951605,0.0,3.2804959690196225,-3.2804959690196225,34.02583722579601,37.453667690506286,0.0,0.0,0.0,-0.0,-0.0,3.509103760495431,11.22913203358538,11.440036196317202,34.320108588951605,0.0,-0.0,0.0,0.0,0.008682566737847034,0.0,41.242192004778666,0.06679470594307484,0.0,31.727485322960923,0.0,0.0,0.0,0.0,0.0,0.0,13.061768698594138,14.76352720809155,13.731051454901678,7.169369579523042,2.432102492359528,0.0,70.0,10.5,40.0,45.0,0.9406488464906051,0.28303406768240985,1.0,33.38044446020013,6.139285530203268,23.337673840487092,0.0,0.19540945508670923,0.30544234210896803,0.7856996799290845,0.2553553390593274,1.5342066919656125,1.3221170265048505,23.33252352678425,3.4732752472214448,18.626991767711985,4.136782466726404,53.241186423732195,71.47950491630229,71.47950491630229,0.0,0.0,0.0,0.0,0.0,0.0,0.0,0.0,0.0,0.0,0.0,1.7195040309803775,0.0,-3.47858081770039,4.227612177612929,-0.0
2,summer_commercial,夏季商业制冷日,75.0,13.0,1.0,53.49539845732006,10.944021136224459,37.729455272105874,0.0,-1.6120438317557273e-13,1.6120438317557273e-13,34.72582128669034,34.79562477874671,0.0,0.0,0.0,-0.0,-0.0,3.440879950677354,11.010815842167533,12.576485090701958,37.729455272105874,0.0,-0.0,0.0,0.0,0.008682566737847034,0.0,41.242192004778666,0.06679470594307484,0.0,31.727485322960923,0.0,0.0,0.0,0.0,0.0,0.0,13.025768209732236,14.726231169993511,13.801717521347303,7.321158160333602,2.4922179382602434,0.0,75.60000000000001,11.340000000000002,40.0,45.0,0.96,0.2629474715282926,1.0,33.534838897042135,6.019211624923453,25.656029585031995,0.0,0.2029744745328078,0.3274703915964078,0.718289676431383,0.26330127018922195,1.4996710689555925,1.2974879162561688,23.61509361994115,3.522302517838978,18.85593260008517,4.098617799856381,53.49539845732006,69.52144606543706,69.52144606543706,0.0,0.0,0.0,0.0,0.0,0.0,-1.6120438317557273e-13,0.0,0.0,0.0,0.0,3.2804959690197837,0.0,-0.21831619141784664,3.4093466831542685,0.0
2,summer_commercial,夏季商业制冷日,75.0,14.0,1.0,53.3020842277676,10.848370585596456,39.99844822658317,0.0,0.0,0.0,30.81788113737461,35.52221408504704,0.0,0.0,-0.0,-0.0,-0.0,1.908463029729111,6.1070816951331555,13.332816075527724,39.99844822658317,0.0,-0.0,0.0,0.0,0.0,0.0,41.23394356637771,0.0,4.7412888904633,26.673199941301,0.0,2.2032681106027865,0.0,0.0,0.0,0.0,13.153556316098719,14.588814338369328,13.811637378607154,7.375,2.4922179382602434,0.0,75.60000000000001,11.340000000000002,40.0,45.0,0.8519644689647408,0.2684382429153856,1.0,33.41338922916436,5.966603822078051,27.19894479407656,0.0,0.2397828442300811,0.3274703915964078,0.6814054052802366,0.26829629131445343,1.5008877527198536,1.2966474146347555,23.678855316867395,3.533184431850112,18.909974070860954,4.0761429928538515,51.098816117164816,66.34009522242165,66.34009522242165,0.0,0.0,0.0,0.0,0.0,0.0,0.0,0.0,7.105427357601002e-15,0.0,0.0,-1.6120438317557273e-13,0.0,-4.903734147034378,2.268992954477298,0.0
2,summer_commercial,夏季商业制冷日,75.0,15.0,1.0,53.461314256772994,11.005596358281828,40.50671784313291,-0.0,0.0,-0.0,26.09217936244017,36.915103916492846,0.0,0.0,4.990337570768883,1.746618149769109,2.2456519068459975,-0.0,-0.0,13.502239281044304,40.50671784313291,0.0,-0.0,0.0,0.0,0.0,0.0,41.22569677766444,0.0,8.75994445143583,17.39885938201226,0.0,2.209652109115172,0.0,0.0,0.0,0.0,13.666083445248145,14.58743961931447,13.730312216287354,7.321158160333602,2.432102492359528,0.0,75.60000000000001,11.340000000000002,40.0,45.0,0.7213218078025159,0.2789641886808387,1.0,33.50386257466039,6.053077997055006,27.544568133330383,0.0,0.301314403630918,0.30544234210896803,0.6728932366883424,0.27,1.5426285583285035,1.3142774416248049,23.48357286898048,3.500508483133627,18.756953341089893,4.105038081770315,51.251662147657825,63.007283278933016,63.007283278933016,0.0,0.9980675141537767,0.9980675141537767,74.85506356153326,0.0,0.0,0.0,0.0,-7.105427357601002e-15,0.0,0.0,-0.0,1.746618149769109,-6.1070816951331555,0.5082696165497396,0.0
2,summer_commercial,夏季商业制冷日,75.0,16.0,1.0,54.49164043984278,11.460674038175048,39.64884373655151,0.0,0.0,0.0,20.106538771595865,38.984391576345644,0.0,0.0,18.32686075878647,6.414401265575264,8.247087341453911,-0.0,-0.0,13.216281245517171,39.64884373655151,0.0,-0.0,0.0,0.0,0.026042491020797046,0.0,41.242192004778666,0.0,3.213586696721137,13.981338824594408,0.0,2.2286325628639805,0.0,0.0,0.0,0.0,14.89532880307743,14.750481259399088,13.52647175737129,7.169369579523042,2.3225775623986644,0.0,142.56,21.384,40.0,45.0,0.5558479686160851,0.29460161325599216,1.0,34.130542817833856,6.303370720996277,26.96121374085503,0.0,0.36119136073684854,0.2680920942169789,0.6555983420918394,0.26829629131445343,1.5492438059782756,1.3062569048378694,23.018418899292996,3.4246301989264083,18.388561654066457,4.200602258282617,52.263007876978804,59.09093034794151,59.09093034794151,0.0,3.6653721517572944,3.6653721517572944,274.9029113817971,0.0,0.0,0.0,0.0,-7.105427357601002e-15,0.0,0.0,0.0,4.667783115806155,0.0,-0.8578741065813986,0.0
2,summer_commercial,夏季商业制冷日,75.0,17.0,1.0,55.748358328058586,12.082696848097967,37.9992671942829,4.512418690679062,0.0,4.512418690679062,12.71537174590329,35.58843952133845,0.0,0.0,33.321565015975395,11.662547755591389,14.994704257188928,-0.0,0.0,12.6664223980943,37.9992671942829,0.0,-0.0,0.0,0.0,0.0,1.6640728010343393,39.48228798634156,2.912007409090961,0.0,16.719783185581633,0.0,2.271930211606355,0.0,0.0,0.0,0.0,16.937257065050225,14.851545546059981,13.192169490081211,6.945969303480762,2.181940751190348,0.0,142.56,21.384,40.0,45.0,0.3515181620987535,0.26893870270406345,1.0,34.87104820129743,6.6454832664538825,25.839501692112375,0.0,0.3787692427280859,0.22554568497605654,0.6020202847344334,0.26330127018922195,1.4885758019210262,1.2299830350921401,22.320079544752318,3.3133617786981593,17.834423144113853,4.331581996960155,53.47642811645223,48.30381126724174,48.30381126724174,0.0,9.146143283068565,9.146143283068565,685.9607462301424,0.0,0.0,0.0,0.0,-7.105427357601002e-15,0.0,0.0,4.512418690679062,5.248146490016125,0.0,-1.649576542268612,0.0
2,summer_commercial,夏季商业制冷日,75.0,18.0,1.0,56.67698458835534,12.526119942687552,35.249012634623114,4.512418690679062,0.0,4.512418690679062,6.024766209421874,33.330061990896596,0.0,0.0,33.321565015975395,11.662547755591389,14.994704257188928,-0.0,0.0,11.749670878207704,35.249012634623114,0.0,-0.0,0.0,0.0,0.0,10.576482304397238,28.341252260957724,2.468584314501376,0.0,19.031498717986775,0.0,2.3203785155768815,0.0,0.0,0.0,0.0,19.230769370474007,14.558576741148748,12.756587996795925,6.686428654497108,2.031095991035345,0.0,142.56,21.384,40.0,45.0,0.16655547217429803,0.2518723426325894,1.0,35.39903406388997,6.889365968478154,23.969328591543718,0.0,0.34014748071260315,0.18695618406691347,0.5173876303438241,0.2553553390593274,1.3377858724967713,1.0887308600576557,21.47411264232838,3.181188835452766,17.162856393913785,4.407825154698646,54.356606072778455,39.35482820031847,39.35482820031847,0.0,9.146143283068565,9.146143283068565,685.9607462301424,0.0,0.0,0.0,0.0,1.4210854715202004e-14,0.0,0.0,0.0,0.0,0.0,-2.750254559659787,0.0
2,summer_commercial,夏季商业制冷日,75.0,19.0,1.0,56.22373285418153,13.047167148995811,31.918241551350754,4.512418690679062,0.0,4.512418690679062,1.089238150862636,32.9090708488785,0.0,0.0,33.321565015975395,11.662547755591389,14.994704257188928,-0.0,0.0,10.639413850450252,31.918241551350754,0.0,-0.0,0.0,0.0,0.0,14.36526842063216,13.214248830892732,1.9475371081931172,0.0,20.843595973334264,0.0,2.3246028379880324,0.0,0.0,0.0,0.0,20.6154462086356,13.677777992550384,12.279589001575207,6.426208383100325,1.8885581275123642,0.0,142.56,21.384,40.0,45.0,0.03011213518019552,0.24869094965478372,1.0,35.081655734408095,7.175941931947697,21.704404254918515,0.0,0.27476534528040114,0.15756384648939167,0.4281444477416163,0.245,1.1417332569380043,0.9308159841171072,20.594355512187896,3.045750977199803,16.46438048250384,4.507243935319079,53.899130016193496,33.998308999741134,33.998308999741134,0.0,9.146143283068565,9.146143283068565,685.9607462301424,0.0,0.0,0.0,0.0,0.0,0.0,0.0,0.0,0.0,0.0,-3.33077108327236,0.0
2,summer_commercial,夏季商业制冷日,75.0,20.0,1.0,53.23149935755636,13.258173126722639,28.063885159083487,4.512418690679062,0.0,4.512418690679062,-0.0,35.96920820928795,0.0,0.0,33.321565015975395,11.662547755591389,14.994704257188928,-0.0,0.0,9.354628386361162,28.063885159083487,0.0,-0.0,0.0,0.0,0.0,8.19768319267694,4.5824657783087215,1.7365311304662896,0.0,22.451613355330572,0.0,2.244269895682182,0.0,0.0,0.0,0.0,20.1528499510045,12.30042172597082,11.8291713594307,6.1931418178771125,1.7670518352263433,0.0,142.56,21.384,40.0,45.0,0.0,0.27181613813941224,1.0,33.205386264693324,7.291995219697452,19.083441908176773,0.0,0.22118484928684853,0.1383127560824312,0.3578741719232368,0.23294095225512607,0.972485746360846,0.804797825752103,19.78936501253416,2.92301749409936,15.82513294509323,4.525809151253251,50.98722946187418,35.96920820928795,35.96920820928795,0.0,9.146143283068565,9.146143283068565,685.9607462301424,0.0,0.0,0.0,0.0,0.0,0.0,0.0,0.0,0.0,0.0,-3.854356392267267,0.0
2,summer_commercial,夏季商业制冷日,75.0,21.0,1.0,48.91928410126724,13.145893813585335,23.96142240122997,0.031178332155205924,0.0,0.031178332155205924,-0.0,43.12362408335126,0.0,0.0,33.321565015975395,11.662547755591389,14.994704257188928,-0.0,0.0,7.98714080040999,23.96142240122997,0.0,-0.0,0.0,0.0,0.0009647296375578813,0.0,4.58246577830874,1.8488104436035933,0.0,24.163080050043323,0.0,2.090039460216931,0.0,0.0,0.0,0.0,17.983671069494836,10.74334225934088,11.457076710910421,6.003464041952302,1.6724216238937528,0.0,142.56,21.384,40.0,45.0,0.0,0.32588142871283776,1.0,30.508917347245582,7.2302415974719345,16.29376723283638,0.0,0.19314570572330614,0.12733220470161175,0.31443033799936343,0.22,0.8824283243182703,0.7260667655372237,19.132962376756478,2.8234054901172905,15.303642479792611,4.462163283460954,46.82924464105031,43.12362408335126,43.12362408335126,0.0,6.681461085880443,6.681461085880443,501.10958144103324,0.0,0.0,0.0,0.0,0.0,0.0,0.0,-4.481240358523856,0.0,0.0,-4.102462757853516,0.0
2,summer_commercial,夏季商业制冷日,75.0,22.0,1.0,44.322875110855,12.753230451934382,20.686898085201374,0.031178332155205924,0.0,0.031178332155205924,-0.0,50.710818658286094,0.0,0.0,18.32686075878647,6.414401265575264,8.247087341453911,-0.0,0.0,6.895632695067125,20.686898085201374,0.0,-0.0,0.0,0.0,7.855675757222387,0.0,12.044441254514346,0.0,4.506143110480471,19.371445352595373,0.0,1.917785307127949,0.0,0.0,0.0,0.0,15.21031152170218,9.35214593197582,11.18566967513114,5.861836745664072,1.6045790012890015,0.0,62.0,9.299999999999999,40.0,45.0,0.0,0.3832171898080335,1.0,27.65269633324177,7.01427674856391,14.067090697936935,0.0,0.18308168911423775,0.12183658405036155,0.2927982824148416,0.20705904774487396,0.8240015789094679,0.6833947434355374,18.652085422084212,2.7504183555188497,14.921298828801472,4.328675686426773,42.40508980372705,50.710818658286094,50.710818658286094,0.0,3.6825202344426575,3.6825202344426575,276.1890175831993,0.0,0.0,0.0,0.0,0.0,0.0,0.0,0.0,-5.248146490016125,0.0,-3.2745243160285966,0.0
2,summer_commercial,夏季商业制冷日,75.0,23.0,1.0,40.48607049226684,12.29446808004152,18.60606902137458,0.031178332155205924,0.0,0.031178332155205924,-0.0,54.66412948809072,0.0,0.0,10.16800153799628,3.558800538298698,4.575600692098327,1.90558179605528,6.097861747376896,6.20202300712486,18.60606902137458,0.0,-0.0,0.0,0.0,11.442417395031852,0.0,22.9123288915437,0.0,1.6210056405662971,17.62638073497829,0.0,1.781984331934204,0.0,0.0,0.0,0.0,12.948808732370972,8.331357405875728,11.00978524794961,5.764229140256898,1.5595873187619862,0.0,62.0,9.299999999999999,40.0,45.0,0.0,0.41309201152692615,1.0,25.275953850250257,6.761957444022837,12.652126934534715,0.0,0.18053058166192898,0.11941140039645429,0.28399924928051967,0.195,0.7837111038125568,0.6604910294086008,18.333601706968494,2.701844685127832,14.667772423530257,4.184315111009335,38.704086160332636,54.66412948809072,54.66412948809072,0.0,2.0507483902846193,2.0507483902846193,153.80612927134644,0.0,0.0,0.0,0.0,0.0,0.0,0.0,0.0,-2.855600727276566,6.097861747376896,-2.080829063826794,0.0
3,autumn_processing,秋季农产品加工日,60.0,0.0,1.0,41.276003163962734,26.0195922003941,7.643677190766347,-0.0,0.0,-0.0,-0.0,54.66823279456671,0.0,0.0,0.0,-0.0,-0.0,9.632998457580056,30.825595064256184,2.5478923969221157,7.643677190766347,0.0,-0.0,0.0,0.0,0.0,0.0,22.907746425765392,4.8060028638620835,0.0,22.156830694177316,1.2113387761018064,0.0,0.0,0.0,0.0,0.0,10.000230459329856,5.508627751869952,11.625870429315905,5.1785218607002745,8.00707135563148,0.0,52.0,7.8,42.5,45.0,0.0,0.41312301985253114,1.0,28.885835861492666,18.734106384283752,4.739079858275135,0.20000042915901994,0.20700008945084003,0.10000721175353074,0.0,0.1846446609406726,0.6966935493918662,0.48031913129306164,24.811463645647656,4.088794084682884,19.286799111123308,9.141040408980036,42.48734194006454,54.66823279456671,54.66823279456671,0.0,0.0,0.0,0.0,0.0,0.0,0.0,0.0,0.0,0.0,0.0,-3.2812689021677772,0.0,0.0,-0.7775176966270241,0.0
3,autumn_processing,秋季农产品加工日,60.0,1.0,1.0,41.34526433187841,26.41073668488112,7.6389827335823215,-0.0,0.0,-0.0,-0.0,62.09625401849985,0.0,0.0,0.0,-0.0,-0.0,9.632998457580056,30.82559506425618,2.5463275778607737,7.6389827335823215,0.0,-0.0,0.0,0.0,4.023684574673982,0.0,26.725665222420524,4.414858379375062,0.0,26.306632493195266,4.547979076506626,0.0,0.0,0.0,0.0,0.0,10.036583118789409,5.525259519071628,11.696506231371472,5.18318857146193,8.025321177756105,0.0,52.0,7.8,42.5,45.0,0.0,0.46925592195477245,1.0,28.940636366238593,19.015730413114404,4.736169294821039,0.20000690226780407,0.20700274054318837,0.10003057420178106,0.0,0.17669872981077805,0.6769204433601396,0.4727956442758054,24.905015980589507,4.102125349734067,19.359048279911406,9.254219169479768,45.89324340838504,62.09625401849985,62.09625401849985,0.0,0.0,0.0,0.0,0.0,0.0,0.0,0.0,0.0,0.0,0.0,0.0,0.0,-3.552713678800501e-15,-0.004694457184025502,0.0
3,autumn_processing,秋季农产品加工日,60.0,2.0,1.0,41.74627407792498,27.206667600166607,7.658709835912938,0.0,0.0,0.0,-0.0,64.13230254682722,0.0,0.0,0.0,-0.0,-0.0,9.632998457580056,30.82559506425618,2.552903278637646,7.658709835912938,0.0,-0.0,0.0,0.0,5.608036584112787,0.0,32.04795484428319,3.618927464089573,0.0,29.692000319093975,4.592090148571748,0.0,0.0,0.0,0.0,0.0,10.153299311641868,5.5670720125138695,11.814023434895214,5.1928854844265695,8.079817524807646,0.0,52.0,7.8,42.5,45.0,0.0,0.48464216134081134,1.0,29.219256991094802,19.588800672119955,4.748400098266021,0.2000815312047496,0.20705383554423248,0.10011598836770236,0.0,0.17170370868554657,0.6733199957678683,0.46818913358482644,25.086726444129432,4.12996205484189,19.49828841368662,9.487664921266154,46.33836422649673,64.13230254682722,64.13230254682722,0.0,0.0,0.0,0.0,0.0,0.0,0.0,0.0,0.0,0.0,0.0,0.0,0.0,0.0,0.019727102330616475,0.0
3,autumn_processing,秋季农产品加工日,60.0,3.0,1.0,42.33288884374733,28.620469796356033,7.698437061509367,-0.0,0.0,-0.0,-0.0,63.17718813799425,0.0,0.0,0.0,-0.0,-0.0,9.632998457580056,30.82559506425618,2.5661456871697887,7.698437061509367,0.0,-0.0,0.0,0.0,3.9885373766848744,0.0,35.83065576116496,2.205125267900147,0.0,31.727485322960923,4.656617772812206,0.0,0.0,0.0,0.0,0.0,10.398200924913274,5.661527835970989,11.994139785701867,5.211698631222615,8.22149818566607,0.0,52.0,7.8,42.5,45.0,0.0,0.4774244458831981,1.0,29.641708818969676,20.606738253376342,4.773030978135807,0.20070731750622073,0.20767808134313465,0.10039374840127292,0.0,0.16999999999999998,0.6554142332599573,0.4674765916285171,25.42733660259055,4.186132128750829,19.756968549378474,9.910537106897392,46.98950661655953,63.17718813799425,63.17718813799425,0.0,0.0,0.0,0.0,0.0,0.0,0.0,0.0,0.0,0.0,0.0,-0.0,0.0,0.0,0.03972722559642872,0.0
3,autumn_processing,秋季农产品加工日,60.0,4.0,1.0,43.651650936522046,30.784147682142546,7.694086497996297,-0.0,0.0,-0.0,-0.0,59.7402686528366,0.0,0.0,0.0,-0.0,-0.0,9.640919496276755,30.85094238808562,2.564695499332099,7.694086497996297,0.0,-0.0,0.0,0.0,0.0,0.0,35.82348963001273,0.06679470594307484,0.0,31.727485322960923,3.8830027207056954,0.0,0.0,0.0,0.0,0.0,10.906005849727691,5.852814317999734,12.247690954873722,5.245738463133685,8.541186555136457,0.0,52.0,7.8,42.5,45.0,0.0,0.4514519480701821,1.0,30.55900736310536,22.164586331142633,4.7703336287577045,0.20450674979563901,0.2124761421518508,0.10119610203089346,0.0,0.17170370868554657,0.6737913849627356,0.47450567701384255,26.034615973143865,4.29301688007893,20.21418834279472,10.576634007975171,47.53465365722774,59.7402686528366,59.7402686528366,0.0,0.0,0.0,0.0,0.0,0.0,0.0,0.0,0.0,0.0,0.0,0.0,0.0,0.025347323829439716,-0.004350563513069616,0.0
3,autumn_processing,秋季农产品加工日,60.0,5.0,1.0,45.914141146593344,33.3860531441747,7.805524418283472,2.234910125909156,0.0,2.234910125909156,-0.0,56.71421410099994,0.0,0.0,0.0,-0.0,-0.0,10.433141607554594,33.3860531441747,2.601841472761157,7.805524418283472,0.0,-0.0,0.0,0.0,0.0,0.0,35.81632493208673,0.0,0.0,31.664030352315002,0.0,0.0,0.0,0.0,0.0,0.0,11.848644711242066,6.198951420061325,12.574259213621621,5.3030908090363456,9.164452473978255,0.0,52.0,7.8,42.5,45.0,0.0,0.42858432036780086,1.0,32.1593099219921,24.037958263805784,4.839425139335753,0.22108972818368647,0.23535618902018068,0.10325134241556064,0.0,0.17669872981077805,0.6907280275655772,0.5029207386726604,27.041802496636222,4.479646995536353,20.966986063660464,11.42194359040791,45.914141146593344,56.71421410099994,56.71421410099994,0.0,1.229200569250036,1.229200569250036,73.75203415500216,0.0,0.0,0.0,0.0,-7.105427357601002e-15,0.0,0.0,2.234910125909156,0.0,2.5351107560890824,0.11143792028717492,0.0
3,autumn_processing,秋季农产品加工日,60.0,6.0,1.0,49.34981899630443,35.78192244260236,7.976106521838177,4.512418690679062,0.0,4.512418690679062,0.023195121237837957,56.74188783445362,0.0,0.0,0.0,-0.0,-0.0,10.433141607554594,33.3860531441747,2.658702173946059,7.976106521838177,0.0,-0.0,0.0,0.0,0.0,1.1641611314345583,34.583728897169195,0.0,2.3958692984276553,29.078734609054944,0.0,0.0,0.0,0.0,0.0,0.0,13.137232885936893,6.755962007398548,12.957288199185621,5.392889806010945,10.207393482115103,0.0,52.0,7.8,42.5,45.0,0.0006412322463013718,0.42879344833390765,1.0,34.53981505501722,25.762984158673696,4.945186043539669,0.27248314324284467,0.3011458661775548,0.10790864805221334,0.0,0.1846446609406726,0.8339423714225581,0.578701417599915,28.55757148731167,4.7712213150495675,22.09389333565707,12.287700295190254,49.34981899630443,56.76508295569146,56.76508295569146,0.0,2.4818302798734844,2.4818302798734844,148.90981679240906,0.0,0.0,0.0,0.0,0.0,0.0,0.0,2.2775085647699056,0.0,0.0,0.17058210355470482,0.0
3,autumn_processing,秋季农产品加工日,60.0,7.0,1.0,53.44326714832319,36.80638807845086,8.370376251631395,0.0,0.0,0.0,4.0978333715065265,62.11195799564526,0.0,0.0,0.0,-0.0,-0.0,10.433141607554594,33.3860531441747,2.790125417210465,8.370376251631395,0.0,-0.0,0.0,0.0,0.0,0.4567428059364591,34.09603025040401,0.0,3.4203349342761555,25.420224577440884,0.0,0.0,0.0,0.0,0.0,0.0,14.176913169248692,7.547431800518047,13.364188907195219,5.523186918596117,11.689728335149224,0.0,88.0,13.2,42.5,45.0,0.11328515470285083,0.4693745955267971,1.0,37.36822001920231,26.50059941648462,5.189633276011465,0.38296231001599634,0.40741721838244743,0.11721420006985696,0.0,0.195,1.0743408943715762,0.7099716414361832,30.577104160940564,5.169616547943557,23.59061249891237,12.851794715780793,53.44326714832319,66.2097913671518,66.2097913671518,0.0,0.0,0.0,0.0,0.0,0.0,0.0,0.0,0.0,0.0,0.0,-4.512418690679062,0.0,0.0,0.3942697297932183,0.0
3,autumn_processing,秋季农产品加工日,60.0,8.0,1.0,57.24008181870607,35.85898375743992,8.9912618850004,0.0,0.0,0.0,10.876378090157289,62.955685918727845,0.0,0.0,0.0,-0.0,-0.0,11.161309407967872,35.71619010549719,2.9970872950001333,8.9912618850004,0.0,-0.0,0.0,0.0,0.10999012136532395,0.0,34.193701659651,0.0,0.14279365194270502,25.21907502097789,2.323595365845737,0.0,0.0,0.0,0.0,0.0,14.318852125322003,8.529321199854733,13.753657567192244,5.6976904724469435,13.447852625355692,0.0,88.0,13.2,42.5,45.0,0.300678935145961,0.4757505731229199,1.0,39.98578677786207,25.818468305356742,5.574582368700248,0.5391920658809507,0.4805590228415551,0.13352868346558616,0.0,0.20705904774487396,1.320372778223216,0.8419904495240791,32.89920066499488,5.634550770681771,25.31032059897042,12.91694416244296,59.56367718455181,73.83206400888514,73.83206400888514,0.0,0.0,0.0,0.0,0.0,0.0,0.0,0.0,0.0,-2.842170943040401e-14,0.0,0.0,0.0,2.330136961322488,0.6208856333690047,0.0
3,autumn_processing,秋季农产品加工日,60.0,9.0,1.0,59.85480838546168,33.55093779628417,10.020572687378397,0.0,0.0,0.0,18.215082790013092,60.73784533528848,0.0,0.0,0.0,-0.0,-0.0,11.161309407967872,35.71619010549719,3.3401908957927993,10.020572687378397,0.0,-0.0,0.0,0.0,4.596619436079225,0.0,38.55365138359435,2.165252309213024,0.0,27.2256265646883,0.0,0.0,0.0,0.0,0.0,0.0,13.633648525237714,9.572795573907925,14.08870539206945,5.912111712452298,15.130560267112676,0.0,88.0,13.2,42.5,45.0,0.5035584136094935,0.45899054718930254,1.0,41.78163486150395,24.1566752133246,6.212755066174607,0.6618472410256578,0.44642949771848406,0.15843744412450295,0.0,0.22,1.446388415418855,0.8957408824739718,35.13137737163442,6.083548014054536,26.967609670844276,12.590732368036033,59.85480838546168,78.95292812530158,78.95292812530158,0.0,0.0,0.0,0.0,0.0,0.0,0.0,0.0,7.105427357601002e-15,0.0,0.0,0.0,0.0,0.0,1.0293108023779975,0.0
3,autumn_processing,秋季农产品加工日,60.0,10.0,1.0,61.89048974760866,30.9200743040214,11.526557256015193,0.0,0.0,0.0,25.075042894779866,54.657101330129144,0.0,0.0,0.0,-0.0,-0.0,11.161309407967872,35.71619010549719,3.8421857520050646,11.526557256015193,0.0,-0.0,0.0,0.0,2.838159317327408,0.0,41.242192004778666,4.796115801475789,0.0,31.727485322960923,0.0,0.0,0.0,0.0,0.0,0.0,12.797924118151261,10.489791433602038,14.349327572566256,6.151514362137339,16.33356012623964,0.0,88.0,13.2,42.5,45.0,0.6932029333519311,0.41303890035627616,1.0,43.203939584281756,22.262453498895407,7.14646549872942,0.661975050326179,0.34152672258399613,0.1911404109966581,0.0,0.23294095225512604,1.404976410009465,0.864080247962322,36.83440206094323,6.422575121665393,28.24294114893233,12.089782776820117,61.89048974760866,79.732144224909,79.732144224909,0.0,0.0,0.0,0.0,0.0,0.0,0.0,0.0,-7.105427357601002e-15,0.0,0.0,0.0,0.0,0.0,1.505984568636796,0.0
3,autumn_processing,秋季农产品加工日,60.0,11.0,1.0,62.73524309078271,28.627403862754623,13.288611295286621,0.14376885984868115,0.0,0.14376885984868115,28.754695303254262,46.868860079188984,0.0,0.0,0.7001674477054366,0.2450586066969028,0.3150753514674465,8.847602659777243,28.312328511287177,4.429537098428874,13.288611295286621,0.0,-0.0,0.0,0.0,0.0,0.0,41.23394356637771,0.0,0.0,31.664030352315002,0.0,0.0,0.0,0.0,0.0,0.0,12.287446286747524,11.106812379791272,14.53668897386992,6.3902917592023005,16.820807408580215,0.0,70.0,10.5,42.5,45.0,0.7949274190875453,0.3541838472394278,1.0,43.845095741510185,20.61173078118333,8.238939003077705,0.5403053948617548,0.2566159199396542,0.2271966900143889,0.0,0.245,1.250770678871465,0.8059650531723221,37.747788141652435,6.595232823408452,28.94524964671027,11.554641755851918,62.73524309078271,75.62355538244324,75.62355538244324,0.0,0.21910636245786197,0.21910636245786197,13.146381747471718,0.0,0.0,0.0,0.0,0.0,0.0,0.0,0.14376885984868115,0.2450586066969028,-7.403861594210014,1.762054039271428,0.0
3,autumn_processing,秋季农产品加工日,60.0,12.0,1.0,62.85697620331247,27.064085162003042,15.258473899305253,0.14376885984868115,0.0,0.14376885984868115,31.091355661913997,39.05665934954797,0.0,0.0,11.713982022645313,4.099893707925859,5.271291910190391,6.810247891191453,21.79279325181265,5.086157966435084,15.258473899305253,0.0,-0.0,0.0,0.0,0.0,0.0,41.22569677766444,0.0,0.0,31.60070229161037,0.0,0.3617044817025006,0.0,0.0,0.0,0.0,12.094230276476052,11.356559390839653,14.664229709118299,6.595820013161198,16.676067223061896,0.0,70.0,10.5,42.5,45.0,0.8595247089772192,0.29514773445247483,1.0,43.99623770978826,19.48614131664219,9.460253817569257,0.3894338124453357,0.2247208733497156,0.2588494424652272,0.0,0.2553553390593274,1.1040059265088515,0.7691585160257339,37.936116945341396,6.615689956536828,29.117272785035468,11.107301546564889,62.49527172160997,70.14801501146196,70.14801501146196,0.0,2.421869277445837,2.421869277445837,145.31215664675022,0.0,0.0,0.0,0.0,1.4210854715202004e-14,0.0,0.0,0.0,3.8548351012289563,-6.519535259474527,1.9698626040186316,0.0
3,autumn_processing,秋季农产品加工日,60.0,13.0,1.0,62.548375254158806,26.29746849373731,16.911812997611147,0.14376885984868115,0.0,0.14376885984868115,32.25748034098492,38.343720898223644,0.0,0.0,11.713982022645313,4.099893707925859,5.271291910190391,6.633175062599784,21.22616020031931,5.637270999203715,16.911812997611147,0.0,-0.0,0.0,0.0,0.026042491020797046,0.0,41.242192004778666,0.19998361677239312,0.0,31.727485322960923,0.0,0.0,0.0,0.0,0.0,0.0,12.06089649049281,11.32787013076424,14.739698323768964,6.735465507506913,16.247875683138307,0.0,70.0,10.5,42.5,45.0,0.8917623825707638,0.2897601213740187,1.0,43.79791570110273,18.93417731549086,10.485324058518911,0.3000891236167872,0.23342064571272897,0.27751728101390494,0.0,0.26330127018922195,1.0775348309507005,0.768327404857061,37.72303951441418,6.555680240493947,28.98793552085532,10.826746041811896,62.548375254158806,70.60120123920856,70.60120123920856,0.0,2.421869277445837,2.421869277445837,145.31215664675022,0.0,0.0,0.0,0.0,-1.4210854715202004e-14,0.0,0.0,0.0,0.0,-0.5666330514933406,1.653339098305894,0.0
3,autumn_processing,秋季农产品加工日,60.0,14.0,1.0,62.28146271551973,26.1746913826884,17.98435743247138,0.14376885984868115,0.0,0.14376885984868115,26.945490069694483,40.38485459381858,0.0,0.0,18.306702797598792,6.407345979159577,8.238016258919457,5.605210976177794,17.936675123768943,5.994785810823793,17.98435743247138,0.0,-0.0,0.0,0.0,0.0,0.0,41.23394356637771,0.0,0.0,31.664030352315002,0.0,0.0,0.0,0.0,0.0,0.0,12.179218811202517,11.222164875668714,14.750292346085311,6.785,15.908381512161348,0.0,70.0,10.5,42.5,45.0,0.7449116970725534,0.3051847889211786,1.0,43.60262869433316,18.84577779553565,11.150301608132256,0.30757791164159914,0.27575027086459325,0.27751728101390494,0.0,0.26829629131445343,1.14245670695952,0.8053244883410201,37.44367385824666,6.491179014205734,28.794362718702715,10.735222259341796,62.28146271551973,67.33034466351306,67.33034466351306,0.0,3.740413432436533,3.740413432436533,224.42480594619198,0.0,0.0,0.0,0.0,0.0,0.0,0.0,0.0,2.3074522712337178,-3.289485076550367,1.0725444348602338,0.0
3,autumn_processing,秋季农产品加工日,60.0,15.0,1.0,62.43198832583412,26.435182737303847,18.47124273573321,0.14376885984868115,0.0,0.14376885984868115,21.38264940835402,44.0861605883463,0.0,0.0,23.024822069990705,8.058687724496746,10.361169931495818,5.064833946338216,16.207468628282292,6.15708091191107,18.47124273573321,0.0,-0.0,0.0,0.0,0.017363396962344114,0.0,41.242192004778666,0.1334558224742653,0.0,31.727485322960923,0.0,0.0,0.0,0.0,0.0,0.0,12.653780967822355,11.221107399472668,14.663440230986495,6.735465507506913,15.804128282568962,0.0,70.0,10.5,42.5,45.0,0.5911262188027083,0.33315523229738264,1.0,43.65603602695714,19.03333157085877,11.45217049615459,0.40351397488080976,0.3465115641755557,0.2588494424652272,0.0,0.27,1.313726122109447,0.8732524843498768,37.20303402106237,6.448904841234796,28.608956080075064,10.785431497908045,62.43198832583412,65.46880999670032,65.46880999670032,0.0,4.684037286914916,4.684037286914916,281.04223721489495,0.0,0.0,0.0,0.0,2.1316282072803006e-14,-3.552713678800501e-15,0.0,0.0,1.6513417453371693,-1.7292064954866504,0.486885303261829,0.0
3,autumn_processing,秋季农产品加工日,60.0,16.0,1.0,63.52547225584092,27.216977133373753,18.06259174406648,0.0,0.0,0.0,14.48379242495593,44.98500439074466,0.0,0.0,33.321565015975395,11.662547755591389,14.994704257188928,3.8403336194149684,12.289067582127899,6.020863914688827,18.06259174406648,0.0,-0.0,0.0,0.0,0.008682566737847034,0.0,41.242192004778666,0.06679470594307484,0.0,31.727485322960923,0.0,2.264007785390578,0.0,0.0,0.0,0.0,13.791971113960582,11.346524045691606,14.445746536998465,6.595820013161198,15.783820517930295,0.0,132.0,19.8,42.5,45.0,0.4004063896189826,0.33994771573868837,1.0,44.35916214996711,19.5962235360291,11.198806881321218,0.5370170267312673,0.4153700648473758,0.2271966900143889,0.0,0.26829629131445343,1.4953456166175931,0.9380735025107874,36.82538706808996,6.393177700753496,28.304438283087247,10.989506891625,61.26146447045034,59.46879681570059,59.46879681570059,0.0,6.66431300319508,6.66431300319508,399.8587801917048,0.0,0.0,0.0,0.0,0.0,0.0,0.0,-0.14376885984868115,3.6038600310946425,-3.9184010461543934,-0.4086509916667289,0.0
3,autumn_processing,秋季农产品加工日,60.0,17.0,1.0,64.51748865954806,28.452952255466286,17.2289272865846,2.2998463984242763,0.0,2.2998463984242763,7.041630361253569,42.61708004812158,0.0,0.0,33.321565015975395,11.662547755591389,14.994704257188928,2.621210814565036,8.387874606608115,5.742975762194867,17.2289272865846,0.0,-0.0,0.0,0.0,0.0,4.536705305029178,36.45846429792594,0.0,5.070373391669243,26.326795203189484,0.0,4.723865367887978,0.0,0.0,0.0,0.0,15.68264543060206,11.424265804661523,14.088724698144985,6.3902917592023005,15.54060101670585,0.0,132.0,19.8,42.5,45.0,0.19466681841717523,0.3220535200568409,1.0,45.019009867920126,20.486125623935724,10.681934917682453,0.6174969240018547,0.43558462913729873,0.1911404109966581,0.0,0.26330127018922195,1.5520399059100447,0.9431957403735114,36.019617474053135,6.259831704109099,27.674088909495275,11.275358155273796,59.79362329166008,49.658710409375146,49.658710409375146,0.0,7.929228522328431,7.929228522328431,475.7537113397059,0.0,0.0,0.0,0.0,7.105427357601002e-15,0.0,0.0,2.2998463984242763,0.0,-3.901192975519784,-0.8336644574818806,0.0
3,autumn_processing,秋季农产品加工日,60.0,18.0,1.0,65.06191660701307,29.7715927958014,16.25282815410853,2.2998463984242763,0.0,2.2998463984242763,1.637021628689546,39.00532231013574,0.0,0.0,33.321565015975395,11.662547755591389,14.994704257188928,2.621210814565036,8.387874606608115,5.4176093847028435,16.25282815410853,0.0,-0.0,0.0,0.0,0.0,13.835293952529536,21.88770528661422,0.0,6.389013932004357,19.548863789620626,0.0,4.66070476091047,0.0,0.0,0.0,0.0,17.80626793562408,11.198905185499036,13.623540579102446,6.151514362137339,14.843083816729632,0.0,132.0,19.8,42.5,45.0,0.04525568310012302,0.29475978496758903,1.0,45.41017144422648,21.43554681297701,10.076753455547289,0.580508082533798,0.3911696028194936,0.15843744412450295,0.0,0.2553553390593274,1.4219257190879446,0.8621778226788885,34.61813875796942,6.007575894357533,26.603684351183354,11.499922218806713,60.401211846102605,40.642343938825285,40.642343938825285,0.0,7.929228522328431,7.929228522328431,475.7537113397059,0.0,0.0,0.0,0.0,7.105427357601002e-15,0.0,0.0,0.0,0.0,0.0,-0.9760991324760688,0.0
3,autumn_processing,秋季农产品加工日,60.0,19.0,1.0,63.44244136128961,30.799670465149816,14.653472232685958,2.2998463984242763,0.0,2.2998463984242763,-0.0,40.076227297909064,0.0,0.0,33.321565015975395,11.662547755591389,14.994704257188928,2.621210814565036,8.387874606608115,4.8844907442286525,14.653472232685958,0.0,-0.0,0.0,0.0,0.0,12.443443786572313,8.784965864954472,0.0,7.417091601352773,11.70230121851215,0.0,4.466077681586255,0.0,0.0,0.0,0.0,19.088376119107036,10.521367686577218,13.114124176439542,5.912111712452298,13.684953258653099,0.0,132.0,19.8,42.5,45.0,0.0,0.3028525196310008,1.0,44.31217947020195,22.175762734907867,9.085152784265293,0.4547433062383259,0.3159801470724613,0.13352868346558616,0.0,0.245,1.1868593685056275,0.7332720752531645,32.71118914754494,5.64856472631784,25.166599276562053,11.560168253795691,58.976363679703354,40.076227297909064,40.076227297909064,0.0,7.929228522328431,7.929228522328431,475.7537113397059,0.0,0.0,0.0,0.0,0.0,0.0,0.0,0.0,0.0,0.0,-1.599355921422573,0.0
3,autumn_processing,秋季农产品加工日,60.0,20.0,1.0,59.587974254222445,31.12851830942254,12.73332151570261,2.2998463984242763,0.0,2.2998463984242763,-0.0,44.36054375109196,0.0,0.0,33.321565015975395,11.662547755591389,14.994704257188928,2.621210814565036,8.387874606608115,4.244440505234203,12.73332151570261,0.0,-0.0,0.0,0.0,0.0,3.990705938799104,4.58246577830874,0.0,7.7459394456254955,3.525276146995658,0.0,4.139981730114955,0.0,0.0,0.0,0.0,18.660046250930094,9.4618628661314,12.633095626576477,5.6976904724469435,12.271031134891508,0.0,132.0,19.8,42.5,45.0,0.0,0.3352287216895885,1.0,41.65739258118507,22.412533182784227,7.894659339735618,0.32525833999381004,0.2543625766798758,0.11721420006985696,0.0,0.23294095225512607,0.9612432916423155,0.6186809073789876,30.60181723391493,5.241182609905758,23.588970812155907,11.38058596871454,55.44799252410749,44.36054375109196,44.36054375109196,0.0,7.929228522328431,7.929228522328431,475.7537113397059,0.0,0.0,0.0,0.0,0.0,0.0,0.0,0.0,0.0,0.0,-1.9201507169833487,0.0
3,autumn_processing,秋季农产品加工日,60.0,21.0,1.0,54.295985738659255,30.67939297055935,10.849111464277145,0.0,0.0,0.0,-0.0,53.92634841802747,0.0,0.0,29.552959217256735,10.343535726039857,13.298831647765532,6.954845240629239,22.255504770013566,3.616370488092382,10.849111464277145,0.0,-0.0,0.0,0.0,0.0009647296375382478,0.0,4.58246577830874,4.874943447219748,0.0,8.149421869560427,0.0,0.5982820529510837,0.0,0.0,0.0,0.0,16.65154728656929,8.264109430262215,12.235712992234431,5.523186918596117,10.884856644005794,0.0,132.0,19.8,42.5,45.0,0.0,0.4075166649668879,1.0,37.97902947423901,22.08916293880273,6.72644910785183,0.2452344816370877,0.22211756158180204,0.10790864805221334,0.0,0.22,0.8222752682138491,0.5474321449272341,28.643756554836344,4.857127666096708,22.130893667619688,10.991359181165352,53.69770368570817,53.92634841802747,53.92634841802747,0.0,5.910591843451347,5.910591843451347,354.63551060708085,0.0,0.0,0.0,0.0,0.0,0.0,0.0,-2.2998463984242763,-1.3190120295515317,13.867630163405451,-1.8842100514254643,0.0
3,autumn_processing,秋季农产品加工日,60.0,22.0,1.0,49.247735901868545,29.642573897652746,9.269672085138465,3.2812689021677772,0.0,3.2812689021677772,-0.0,62.22655543447423,0.0,0.0,14.55825496006781,5.095389236023733,6.551214732030514,9.632998457580056,30.825595064256184,3.089890695046155,9.269672085138465,0.0,-0.0,0.0,0.0,8.63258851817098,0.0,12.782508377415509,7.734235898633955,0.0,15.480647129523563,0.0,0.0,0.0,0.0,0.0,0.0,14.08362177935387,7.1939584092121684,11.945860818101217,5.392889806010945,9.74720372315027,0.0,62.0,9.299999999999999,42.5,45.0,0.0,0.47024059827787,1.0,34.450071652178465,21.342653206309976,5.747196692785848,0.21199751034570122,0.2105439424813734,0.10325134241556064,0.0,0.20705904774487396,0.763650958598721,0.5112121918895917,27.08595434726243,4.548608282347175,20.973643351956557,10.485848545990693,49.247735901868545,62.22655543447423,62.22655543447423,0.0,4.7163488882058395,4.7163488882058395,282.98093329235036,0.0,0.0,0.0,0.0,0.0,0.0,0.0,3.2812689021677772,-5.248146490016124,8.570090294242618,-1.5794393791386803,0.0
3,autumn_processing,秋季农产品加工日,60.0,23.0,1.0,45.284480226491,28.53433727508379,8.421194887393371,3.2812689021677772,0.0,3.2812689021677772,-0.0,65.10893476100318,0.0,0.0,0.0,-0.0,-0.0,9.632998457580056,30.825595064256184,2.807064962464457,8.421194887393371,0.0,-0.0,0.0,0.0,10.665660016635448,0.0,22.9123288915437,2.291257789172395,0.0,17.62638073497829,0.0,0.0,0.0,0.0,0.0,0.0,11.989637715158308,6.408736466058253,11.758023080334537,5.3030908090363456,8.947723147939667,0.0,62.0,9.299999999999999,42.5,45.0,0.0,0.49202248495803524,1.0,31.66992735945401,20.544722838060327,5.22114083018389,0.20233706691196635,0.2076101689112183,0.10119610203089346,0.0,0.195,0.7452576893921892,0.4924715834848451,26.00883703731055,4.334018207813413,20.174276764948758,10.02445186837551,45.284480226491,65.10893476100318,65.10893476100318,0.0,1.8046978961922777,1.8046978961922777,108.28187377153667,0.0,0.0,0.0,0.0,0.0,0.0,0.0,0.0,-5.095389236023733,0.0,-0.848477197745094,0.0
4,winter_heating,冬季采暖日,80.0,0.0,1.0,34.96664293173202,46.074790620449214,2.510108955427297,0.0,5.0,-5.0,-0.0,70.16369080437467,0.0,0.0,0.0,-0.0,-0.0,16.278765803933855,52.092050572588334,0.8367029851424324,2.510108955427297,0.0,0.0,0.0,0.0,13.081579083566364,0.0,35.33524655515344,6.017259952139124,0.0,23.307524928040504,0.0,0.0,0.0,0.0,0.0,0.0,11.80027194200923,5.949317972019548,10.991732042262308,4.14281748856022,1.5033616864879322,0.0,52.0,7.8,46.0,45.0,0.0,0.5302208311365677,1.0,27.29418517413173,42.388807370813275,0.7530326866281891,0.0,0.2430001050075079,0.14501045704261956,0.0,0.22157359312880712,0.6293598858143848,0.51110439831598,16.63791121731046,2.395454564039661,13.2187944473977,13.502971876378426,34.96664293173202,70.16369080437467,70.16369080437467,0.0,0.0,0.0,0.0,0.0,0.0,0.0,0.0,0.0,-7.105427357601002e-15,0.0,-3.5388003185528962,0.0,-5.609445070232148,-0.14856300396459776,0.0
4,winter_heating,冬季采暖日,80.0,1.0,1.0,35.00026928753454,47.147286348620746,2.5712834450121393,0.0,5.0,-5.0,0.0,63.36140588780886,-0.0,17.346922644842635,0.0,-0.0,-0.0,16.278765803933855,52.09205057258834,0.8570944816707131,2.5712834450121393,0.0,0.0,0.0,0.0,6.225276314669746,0.0,41.242192004778666,4.944764223967592,0.0,27.958435890953634,0.0,0.0,0.0,0.0,0.0,0.0,11.843168080171502,5.967280280597358,11.058514982387573,4.146550857169545,1.50757567744426,0.0,52.0,7.8,46.0,45.0,0.0,0.609905729639261,1.0,27.327483286686203,43.37550344073109,0.7713850335036417,0.0,0.2430032171593951,0.14504433259258254,0.0,0.21203847577293367,0.6087249498973468,0.5020787033291878,16.71264151700138,2.4050676012147636,13.277129911187982,13.804327868127341,35.00026928753454,80.70832853265149,63.36140588780886,17.346922644842635,0.0,0.0,0.0,0.0,0.0,0.0,0.0,-7.105427357601002e-15,7.105427357601002e-15,0.0,0.0,0.0,7.105427357601002e-15,0.061174489584842284,0.0
4,winter_heating,冬季采暖日,80.0,2.0,1.0,35.26079032637086,48.70776774203337,2.5233864237457917,0.0,5.0,-5.0,0.0,60.37016186041798,-0.0,24.98918500209166,0.0,-0.0,-0.0,16.278765803933855,52.09205057258834,0.8411288079152639,2.5233864237457917,0.0,0.0,0.0,0.0,0.008682566737847034,0.0,41.242192004778666,3.38428283055497,0.0,31.11758770819895,2.9807943554601577,0.0,0.0,0.0,0.0,0.0,11.980893187737404,6.012437773514979,11.169622156628202,4.154308387541256,1.5160377092753505,0.0,52.0,7.8,46.0,45.0,0.0,0.6450530654794537,1.0,27.514014453638097,44.8111463226707,0.7570159271237374,0.0,0.2430631982475773,0.14516818313316843,0.0,0.20604445042265587,0.6229997851613504,0.4965378314946788,16.83996825344481,2.4216584645933876,13.376557646133731,14.243406426442208,38.241584681831014,85.35934686250964,60.37016186041798,24.98918500209166,0.0,0.0,0.0,0.0,0.0,0.0,0.0,7.105427357601002e-15,0.0,0.0,0.0,0.0,0.0,-0.04789702126634765,0.0
4,winter_heating,冬季采暖日,80.0,3.0,1.0,36.004934983199526,51.38454237240058,2.609627333716057,0.0,5.0,-5.0,0.0,62.122801979928525,-0.0,19.784684840416887,0.0,-0.0,-0.0,16.278765803933855,52.09205057258834,0.8698757779053524,2.609627333716057,0.0,0.0,0.0,0.0,0.008682566737847034,0.0,41.242192004778666,0.7075082001877572,0.0,31.727485322960923,3.960542848151948,0.0,0.0,0.0,0.0,0.0,12.269877091397662,6.114450062848668,11.339913979209037,4.169358904978092,1.5318947933621572,0.0,52.0,7.8,46.0,45.0,0.0,0.6189676631931573,1.0,28.119160624090682,47.27377898260853,0.7828882001148171,0.0,0.24379600853324507,0.14557093518184575,0.0,0.204,0.5899483467203611,0.49547104763693267,17.041167677549286,2.448291134940815,13.53374581328496,14.9969616394756,39.96547783135147,81.90748682034541,62.122801979928525,19.784684840416887,0.0,0.0,0.0,0.0,0.0,0.0,0.0,7.105427357601002e-15,0.0,0.0,0.0,0.0,0.0,0.08624090997026546,0.0
4,winter_heating,冬季采暖日,80.0,4.0,1.0,37.16456754263028,55.41156626260612,2.483615849493563,0.0,5.0,-5.0,0.0,64.42621229156026,-0.0,5.5709246490280435,0.0,-0.0,-0.0,17.336987802671622,55.4783609685492,0.8278719498311876,2.483615849493563,0.0,0.0,0.0,0.0,0.008682566737847034,0.0,41.242192004778666,0.06679470594307484,0.0,31.727485322960923,4.0881024296893305,0.0,0.0,0.0,0.0,0.0,12.869086902678674,6.321039463439713,11.579635084607881,4.196590770506949,1.5595873187619862,0.0,52.0,7.8,46.0,45.0,0.0,0.5289621982586019,1.0,29.029454699627617,50.978640961597634,0.7450847548480689,0.0,0.2494285146999988,0.1467343479447955,0.0,0.20604445042265587,0.5914244679049226,0.5024031013418382,17.335813173876815,2.4880517589718334,13.764086298138755,16.13169153254743,41.25266997231961,69.9971369405883,64.42621229156026,5.5709246490280435,0.0,0.0,0.0,0.0,0.0,0.0,0.0,0.0,0.0,0.0,0.0,0.0,3.386310395960855,-0.1260114842224942,0.0
4,winter_heating,冬季采暖日,80.0,5.0,1.0,39.24486379159772,60.34366894572484,2.5263590453408247,0.0,5.0,-5.0,-0.0,61.26310440811596,0.0,0.0,0.0,-0.0,-0.0,18.0317173883814,57.70149564282048,0.8421196817802749,2.5263590453408247,0.0,-0.0,0.0,0.0,0.0,1.8555964536434426,39.28068414148988,0.0,2.642173302904361,28.882795296626202,0.0,0.0,0.0,0.0,0.0,0.0,13.981400759265638,6.6948675336662316,11.888390529242258,4.242472647229077,1.6045790012890015,0.0,52.0,7.8,46.0,45.0,0.0,0.4629598837359376,1.0,30.65748816351187,55.51617543006686,0.7579077136022474,0.0,0.2762877001541252,0.1497144465025629,0.0,0.21203847577293367,0.6193417152292761,0.5295809439444812,17.735442177760337,2.543259320293885,14.076767970354048,17.524449336813305,39.24486379159772,61.26310440811596,61.26310440811596,0.0,0.0,0.0,0.0,0.0,0.0,0.0,0.0,0.0,0.0,0.0,0.0,0.0,2.223134674271286,0.04274319584726172,-0.0
4,winter_heating,冬季采暖日,80.0,6.0,1.0,41.78945207925699,64.69337027100217,2.529859328300635,0.0,5.0,-5.0,-0.0,60.749946957869916,0.0,0.0,0.0,-0.0,-0.0,18.0317173883814,57.70149564282048,0.8432864427668784,2.529859328300635,0.0,-0.0,0.0,0.0,0.0,4.914508952535353,34.099660686203315,0.0,6.991874628181684,21.46516167636802,0.0,0.0,0.0,0.0,0.0,0.0,15.501934805405533,7.296438967990432,12.250527024684587,4.314311844808757,1.6724216238937528,0.0,52.0,7.8,46.0,45.0,0.0,0.4590819980851957,1.0,32.63236653053971,59.517900649321994,0.7589577984901905,0.0,0.35351906029539043,0.15646753967570934,0.0,0.22157359312880712,0.720750170087204,0.5987790413872784,18.237260493387097,2.6145721322843523,14.469862834993013,18.760324515766182,41.78945207925699,60.749946957869916,60.749946957869916,0.0,0.0,0.0,0.0,0.0,0.0,0.0,0.0,0.0,0.0,0.0,0.0,0.0,0.0,0.00350028295981053,0.0
4,winter_heating,冬季采暖日,80.0,7.0,1.0,44.54302414839456,66.08745445455399,2.592009769562607,0.0,5.0,-5.0,0.3515917690680118,65.49716591978793,0.0,0.0,0.0,-0.0,-0.0,18.0317173883814,57.70149564282048,0.864003256520869,2.592009769562607,0.0,-0.0,0.0,0.0,0.0,2.5899871044408886,31.36653853886514,0.0,8.38595881173351,12.594906288032643,0.0,0.0,0.0,0.0,0.0,0.0,16.728757539713456,8.151226344559491,12.635233148620934,4.418549534876894,1.7670518352263433,0.0,93.28,13.991999999999999,46.0,45.0,0.009719801744031281,0.49495631362816456,1.0,34.80114510945504,60.80045809818967,0.7776029308687821,0.0,0.4782723867967862,0.16996059010129258,0.0,0.23399999999999999,0.836498625822608,0.7100552018489136,18.820834518724173,2.7003182978621485,14.927711777281424,19.17604054040601,44.54302414839456,65.84875768885594,65.84875768885594,0.0,0.0,0.0,0.0,0.0,0.0,0.0,0.0,0.0,0.0,0.0,0.0,0.0,0.0,0.06215044126197178,0.0
4,winter_heating,冬季采暖日,80.0,8.0,1.0,46.50834167467939,63.81906202642248,2.8742586637919842,0.0,5.0,-5.0,4.099440280031772,70.74410853339268,0.0,0.0,0.0,-0.0,-0.0,18.0317173883814,57.70149564282048,0.9580862212639948,2.8742586637919842,0.0,-0.0,0.0,0.0,4.345403529099658,0.0,35.488398583802045,0.0,6.1175663836019964,6.130172913770266,0.0,0.0,0.0,0.0,0.0,0.0,16.896245507879964,9.211666895843113,13.00345806352721,4.558152377957555,1.8885581275123642,0.0,93.28,13.991999999999999,46.0,45.0,0.11332957790515613,0.5346069967894603,1.0,36.32317770672968,58.71353706430868,0.8622775991375953,0.0,0.5641345050748691,0.19361659102509993,0.0,0.24847085729384874,0.9724682043902618,0.8051963999041546,19.45016856899713,2.796365183708345,15.422470186403622,18.573930020587124,46.50834167467939,74.84354881342445,74.84354881342445,0.0,0.0,0.0,0.0,0.0,0.0,0.0,0.0,7.105427357601002e-15,0.0,0.0,0.0,0.0,0.0,0.28224889422937727,0.0
4,winter_heating,冬季采暖日,80.0,9.0,1.0,47.62390282876987,58.88290514991919,3.3148344612036222,0.0,5.0,-5.0,10.22591168454392,71.9259373561535,0.0,0.0,0.0,-0.0,-0.0,18.0317173883814,57.70149564282048,1.1049448204012073,3.3148344612036222,0.0,-0.0,0.0,0.0,6.064095895466714,0.0,41.242192004778666,0.0,1.1814095070987065,4.874323613101982,4.3271881076782215,0.0,0.0,0.0,0.0,0.0,16.087705259780503,10.33861921982056,13.320230552502023,4.729689369961839,2.031095991035345,0.0,93.28,13.991999999999999,46.0,45.0,0.2826967038767996,0.5435379731032994,1.0,37.181892178362524,54.17227273792566,0.9944503383610866,0.0,0.5240694103651771,0.22973429398052927,0.0,0.264,1.0117454870718947,0.8244094518381003,20.081015913499208,2.89661287092115,15.919701802664209,17.231185869960683,51.9510909364481,82.15184904069741,82.15184904069741,0.0,0.0,0.0,0.0,0.0,0.0,0.0,0.0,-7.105427357601002e-15,0.0,0.0,0.0,0.0,0.0,0.440575797411638,0.0
4,winter_heating,冬季采暖日,80.0,10.0,1.0,47.98826772281346,53.32076343403272,3.7976604715843543,0.0,5.0,-5.0,14.160667806716688,63.41259614458694,2.578984731042187,0.0,0.0,-0.0,-0.0,18.0317173883814,57.70149564282048,1.2658868238614513,3.7976604715843543,0.0,-0.0,0.0,0.0,0.008682566737847034,0.0,41.242192004778666,4.380732208787762,0.0,9.026270564224152,5.27870944950948,0.0,0.0,0.0,0.0,0.0,15.101550459418487,11.328974748290202,13.566636977699005,4.921211489709872,2.181940751190348,0.0,88.0,13.2,46.0,45.0,0.4627699458445302,0.479203403453429,1.0,37.50150052379346,49.055102359310105,1.1392981414753063,0.0,0.40092267433773465,0.27715359594515426,0.0,0.27952914270615126,0.9294680691781221,0.7956367939578968,20.669789218599227,2.993841470733534,16.385216064612763,15.716260015920215,53.26697717232294,80.15224868234581,77.57326395130363,2.578984731042187,0.0,0.0,0.0,0.0,0.0,0.0,0.0,0.0,0.0,0.0,0.0,0.0,0.0,0.48282601038073203,0.0
4,winter_heating,冬季采暖日,80.0,11.0,1.0,48.44491096834664,48.81319305437039,4.426063942900955,0.0,2.4843324035864747,-2.4843324035864747,20.650551716417453,49.79444625826856,0.0,0.0,0.0,-0.0,-0.0,18.0317173883814,57.701495642820475,1.4753546476336517,4.426063942900955,0.0,-0.0,0.0,0.0,0.008682566737847034,0.0,41.242192004778666,8.888302588450088,0.0,17.452105482123287,0.0,0.0,0.0,0.0,0.0,0.0,14.499186618362078,11.995357370174574,13.743778666204287,5.112233407361841,2.3225775623986644,0.0,70.0,10.5,46.0,45.0,0.5708872796439539,0.376292244298502,1.0,37.88225819098456,44.90813761002076,1.3278191828702863,0.0,0.3012447755813332,0.3294352005208639,0.0,0.294,0.8864556252583733,0.7866630233757107,21.17858963596479,3.080422516997352,16.788923934897568,14.494736689044416,48.44491096834664,70.444997974686,70.444997974686,0.0,0.0,0.0,0.0,0.0,0.0,0.0,0.0,7.105427357601002e-15,0.0,0.0,2.5156675964135253,0.0,-7.105427357601002e-15,0.6284034713166005,0.0
4,winter_heating,冬季采暖日,80.0,12.0,1.0,48.94145204064101,46.1196626381055,4.811635530666689,2.596767082309576,0.0,2.596767082309576,22.25863471362228,38.128871524360875,0.0,0.0,0.0,-0.0,-0.0,14.41239457440797,46.1196626381055,1.6038785102222297,4.811635530666689,0.0,-0.0,0.0,0.0,0.0,0.0,41.23394356637771,0.0,0.0,17.41720127115904,0.0,1.9734518049784793,0.0,0.0,0.0,0.0,14.27119172624174,12.265084142106826,13.864362634075482,5.276656010528959,2.432102492359528,0.0,70.0,10.5,46.0,45.0,0.6153429503845138,0.288136523580449,1.0,38.277268215218854,42.430089627057065,1.4434906592000067,0.0,0.26380276436705746,0.3753316915745794,0.0,0.3064264068711929,0.9110640006190135,0.8135655440016949,21.57312113696397,3.148584146303367,17.10324081813264,13.773416468136574,46.96800023566253,60.38750623798315,60.38750623798315,0.0,1.4282218952702668,1.4282218952702668,114.25775162162134,0.0,0.0,0.0,0.0,0.0,0.0,0.0,5.0810994858960505,0.0,-11.581833004714973,0.3855715877657344,0.0
4,winter_heating,冬季采暖日,80.0,13.0,1.0,49.38050490005965,44.687464264299926,5.460255616008154,3.661968300011548,0.0,3.661968300011548,22.25321058315905,35.99233472225959,0.0,0.0,0.0,-0.0,-0.0,13.930109419268698,44.57635014165984,1.8200852053360512,5.460255616008154,0.0,-0.0,0.0,0.0,0.0,1.224960263510111,39.93626492133801,0.0,0.11111412264008891,17.265404634258733,0.0,1.9982256557240983,0.0,0.0,0.0,0.0,14.231857858781515,12.234099741225378,13.935714778836111,5.388372406005531,2.4922179382602434,0.0,70.0,10.5,46.0,45.0,0.615192999568327,0.2719909031608719,1.0,38.60665647477521,41.11246712315593,1.6380766848024462,0.0,0.27401554061929057,0.40240005747016216,0.0,0.3159615242270663,0.9798355454406116,0.8541343781723623,21.816305123101884,3.1904807529585826,17.298254712204297,13.392159015371266,47.38227924433555,58.245545305418645,58.245545305418645,0.0,2.0140825650063516,2.0140825650063516,161.12660520050812,0.0,0.0,0.0,0.0,7.105427357601002e-15,0.0,0.0,1.065201217701972,0.0,-1.5433124964456653,0.6486200853414648,0.0
4,winter_heating,冬季采暖日,80.0,14.0,1.0,49.5236867772486,44.57635014165984,5.84919046106353,3.661968300011548,0.0,3.661968300011548,16.56663309956786,43.1644628722861,0.0,0.0,0.0,-0.0,-0.0,13.930109419268698,44.57635014165984,1.9497301536878433,5.84919046106353,0.0,-0.0,0.0,0.0,0.0,0.0,39.92827766835374,0.0,0.0,17.230873824990216,0.0,2.010462078339634,0.0,0.0,0.0,0.0,14.37147819721897,12.119938065722211,13.945730945389748,5.428000000000001,2.4922179382602434,0.0,70.0,10.5,46.0,45.0,0.457986800205091,0.32619004384358985,1.0,38.726352738789956,41.01024213032705,1.7547571383190588,0.0,0.3237068397106095,0.40240005747016216,0.0,0.3219555495773441,1.0214558449782112,0.8946126116190496,21.865948883649992,3.198815659864023,17.340147052951377,13.3642172685516,47.513224698908964,59.73109597185396,59.73109597185396,0.0,2.0140825650063516,2.0140825650063516,161.12660520050812,0.0,0.0,0.0,0.0,7.105427357601002e-15,0.0,0.0,0.0,0.0,0.0,0.3889348450553758,0.0
4,winter_heating,冬季采暖日,80.0,15.0,1.0,49.89162111626512,45.062143329014305,5.70678114041175,3.39082491425507,0.0,3.39082491425507,10.554439252210233,49.75765432310247,0.0,0.0,0.0,-0.0,-0.0,13.930109419268698,44.57635014165984,1.90226038013725,5.70678114041175,0.0,-0.0,0.0,0.0,0.0,0.0,39.92029201282007,0.0,0.4857931873544672,16.685050827493427,0.0,2.0210724261032915,0.0,0.0,0.0,0.0,14.931461542030378,12.118795991430483,13.863616218387232,5.388372406005531,2.432102492359528,0.0,70.0,10.5,46.0,45.0,0.291778892671008,0.3760142108852188,1.0,39.00174906844214,41.45717186269316,1.712034342123525,0.0,0.4067744449017393,0.3753316915745794,0.0,0.324,1.082123123196151,0.9303406338483391,21.684091116752292,3.16860352760656,17.19873471400566,13.486248373229165,47.870548690161826,60.3120935753127,60.3120935753127,0.0,1.8649537028402887,1.8649537028402887,149.1962962272231,0.0,0.0,0.0,0.0,7.105427357601002e-15,0.0,0.0,-0.2711433857564778,0.0,0.0,-0.14240932065177958,0.0
4,winter_heating,冬季采暖日,80.0,16.0,1.0,50.69010839700767,46.64311683263387,5.604031634148,0.0,0.0,0.0,4.443118230249293,52.73101646149939,0.0,0.0,14.994704257188928,5.248146490016125,6.747616915735018,12.134558341541824,38.83058669293384,1.868010544716,5.604031634148,0.0,-0.0,0.0,0.0,0.0,0.21942507811800382,39.681334187977505,0.0,1.0649132239650143,15.530719437454213,0.0,2.0509710233826883,0.0,0.0,0.0,0.0,16.274525914473486,12.254245969346934,13.657796725889458,5.276656010528959,2.3225775623986644,0.0,132.0,19.8,46.0,45.0,0.12283060106267824,0.39848364666057456,1.0,39.59523579613909,42.91166748602316,1.6812094902444,0.0,0.48760833699474554,0.3294352005208639,0.0,0.3219555495773441,1.1368256948595667,0.9436752884635764,21.25703029881708,3.0997007527296536,16.86326146017572,13.90026915521156,48.63913737362498,57.17413469174868,57.17413469174868,0.0,2.9989408514377858,2.9989408514377858,239.91526811502285,0.0,0.0,0.0,0.0,0.0,0.0,0.0,-3.39082491425507,5.248146490016125,-5.745763448725995,-0.10274950626375023,0.0
4,winter_heating,冬季采暖日,80.0,17.0,1.0,52.14168950252081,49.071706891090884,5.321653319047305,0.0,0.0,0.0,0.1266315845821028,50.89102093595867,0.0,0.0,22.758044884793424,7.965315709677698,10.241120198157041,12.134558341541824,38.83058669293384,1.7738844396824351,5.321653319047305,0.0,-0.0,0.0,0.0,0.0,4.95575109890844,34.45681781702576,0.0,0.0,15.499657998579304,0.0,2.111412954618162,0.0,0.0,0.0,0.0,18.50552160811043,12.338207069034446,13.320248805518894,5.112233407361841,2.181940751190348,0.0,139.92000000000002,20.988000000000003,46.0,45.0,0.0035007471873793362,0.38457896254753565,1.0,40.70836657037091,45.14597033980362,1.5964959957141915,0.0,0.511338477682916,0.27715359594515426,0.0,0.3159615242270663,1.114987000435528,0.907538618744393,20.614422964071082,2.9986588352492753,16.357312139492972,14.541805937308657,50.03027654790265,51.01765252054077,51.01765252054077,0.0,4.551608976958685,4.551608976958685,364.12871815669484,0.0,0.0,0.0,0.0,0.0,0.0,0.0,0.0,2.7171692196615735,0.0,-0.28237831510069444,0.0
4,winter_heating,冬季采暖日,80.0,18.0,1.0,53.37164435599917,51.89421866809878,5.04551500069421,0.0,0.0,0.0,-0.0,45.926271603015024,0.0,0.0,28.650603950978574,10.027711382842496,12.892771777940359,12.134558341541824,38.83058669293384,1.6818383335647367,5.04551500069421,0.0,-0.0,0.0,0.0,0.0,9.054646872491297,24.91871921926099,0.0,0.17086019722461254,15.288805843398343,0.0,2.179411172756918,0.0,0.0,0.0,0.0,21.011396164036416,12.09481760033896,12.880438365696858,4.921211489709872,2.031095991035345,0.0,139.92000000000002,20.988000000000003,46.0,45.0,0.0,0.3470607891515892,1.0,41.699337926594666,47.74268117465088,1.5136545002082629,0.0,0.4591990989620143,0.22973429398052927,0.0,0.3064264068711929,0.9613461429079645,0.8193053203835196,19.832745846442073,2.878311790059176,15.741372919939487,15.289675424630811,51.19223318324225,45.926271603015024,45.926271603015024,0.0,5.730120790195715,5.730120790195715,458.40966321565725,0.0,0.0,0.0,0.0,1.4210854715202004e-14,3.552713678800501e-14,0.0,0.0,2.062395673164797,0.0,-0.27613831835309544,0.0
4,winter_heating,冬季采暖日,80.0,19.0,1.0,53.051959467222346,54.14970074958338,4.736245196239858,0.0,0.0,0.0,-0.0,40.81654335624308,0.0,0.0,28.650603950978567,10.027711382842496,12.892771777940355,12.134558341541824,38.83058669293384,1.5787483987466195,4.736245196239858,0.0,-0.0,0.0,0.0,0.0,13.722013057723156,10.469511204129613,0.0,2.4263422787091837,12.704183727807136,0.0,2.1989984107020573,0.0,0.0,0.0,0.0,22.5242838205463,11.363077101503396,12.398808312270113,4.729689369961839,1.8885581275123642,0.0,139.92000000000002,20.988000000000003,46.0,45.0,0.0,0.30844702287411035,1.0,41.4527585578381,49.81772468961671,1.4208735588719574,0.0,0.3709332161285416,0.19361659102509993,0.0,0.294,0.8217666792408986,0.713208183212569,19.017055809744317,2.7546838721182647,15.09836519354677,15.88023182243252,50.852961056520286,40.81654335624308,40.81654335624308,0.0,5.730120790195714,5.730120790195714,458.4096632156571,0.0,0.0,0.0,0.0,0.0,0.0,0.0,0.0,0.0,0.0,-0.3092698044543516,0.0
4,winter_heating,冬季采暖日,80.0,20.0,1.0,50.57671371970673,55.2228613095524,3.968964746873216,0.0,0.0,0.0,-0.0,47.70107459541566,0.0,0.0,24.62517773808207,8.618812208328723,11.081329982136932,12.134558341541824,38.83058669293384,1.3229882489577387,3.968964746873216,0.0,-0.0,0.0,0.0,0.0,5.589833104734633,4.5833824547997,0.0,5.310944634481629,7.08830732405507,0.0,2.124540401727276,0.0,0.0,0.0,0.0,22.01885457609751,10.218811895421911,11.944017683308669,4.558152377957555,1.7670518352263433,0.0,139.92000000000002,20.988000000000003,46.0,45.0,0.0,0.36047281903408307,1.0,39.51475836321012,50.80503240478821,1.1906894240619648,0.0,0.2985995465372455,0.16996059010129258,0.0,0.27952914270615126,0.7213015864092456,0.6275368992380788,18.269221896492567,2.6425009537791952,14.508622159387226,16.14512268725202,48.45217331797946,47.70107459541566,47.70107459541566,0.0,4.925035547616414,4.925035547616414,394.0028438093131,0.0,0.0,0.0,0.0,-1.4210854715202004e-14,0.0,0.0,0.0,-1.4088991745137722,0.0,-0.7672804493666425,0.0
4,winter_heating,冬季采暖日,80.0,21.0,1.0,46.24086578502388,54.6088922487887,3.3719753967607136,0.0,0.0,0.0,-0.0,57.738394097970854,0.0,0.0,9.630473480893137,3.3706657183125976,4.333713066401912,15.71099349449587,50.275179182386786,1.123991798920238,3.3719753967607136,0.0,-0.0,0.0,0.0,0.0,0.0,4.58246577830874,0.0,0.0,7.074130709406961,0.0,1.966791262156533,0.0,0.0,0.0,0.0,19.648825798151762,8.925238184683192,11.568310465385279,4.418549534876894,1.6724216238937528,0.0,139.92000000000002,20.988000000000003,46.0,45.0,0.0,0.4363239583914253,1.0,36.143854365944954,50.2401808688856,1.011592619028214,0.0,0.26074670272646333,0.15646753967570934,0.0,0.264,0.6386723384491458,0.5741434776166627,17.659281624155927,2.5514689293807,14.02737833219815,15.945009684751865,44.274074522867345,57.738394097970854,57.738394097970854,0.0,1.9260946961786276,1.9260946961786276,154.0875756942902,0.0,0.0,0.0,0.0,0.0,0.0,0.0,0.0,-5.248146490016126,11.444592489452944,-0.5969893501125023,0.0
4,winter_heating,冬季采暖日,80.0,22.0,1.0,41.750323092411264,53.12310869115941,3.0161530203155973,0.0,1.4611996814471035,-1.4611996814471035,-0.0,68.03507177538896,0.0,0.0,0.0,-0.0,-0.0,18.0317173883814,57.70149564282048,1.0053843401051992,3.0161530203155973,0.0,-0.0,0.0,0.0,5.786447273043988,0.0,10.078674194544867,4.578386951661074,0.0,11.409450052066168,0.0,0.0,0.0,0.0,0.0,0.0,16.618673699637565,7.7694750819491425,11.29426840984115,4.314311844808757,1.6045790012890015,0.0,62.0,9.299999999999999,46.0,45.0,0.0,0.5141350446309989,1.0,32.64011174188157,48.87325999586666,0.9048459060946792,0.0,0.247160280304221,0.1497144465025629,0.0,0.24847085729384874,0.6012086957610748,0.5438025124944176,17.21315925593891,2.4848957215300946,13.67513442713971,15.508439601341356,41.750323092411264,68.03507177538896,68.03507177538896,0.0,0.0,0.0,0.0,0.0,0.0,0.0,0.0,7.105427357601002e-15,0.0,0.0,-1.4611996814471035,-3.3706657183125976,7.426316460433696,-0.3558223764451163,0.0
4,winter_heating,冬季采暖日,80.0,23.0,1.0,38.385310371108964,51.1333381870139,2.658671959391895,0.0,1.4611996814471035,-1.4611996814471035,-0.0,72.27568346091485,0.0,0.0,0.0,-0.0,-0.0,18.0317173883814,57.70149564282048,0.8862239864639649,2.658671959391895,0.0,-0.0,0.0,0.0,13.511232033513414,0.0,22.9123288915437,6.568157455806585,0.0,17.62638073497829,0.0,0.0,0.0,0.0,0.0,0.0,14.147772503886802,6.921435383342914,11.116676366861743,4.242472647229077,1.5595873187619862,0.0,62.0,9.299999999999999,46.0,45.0,0.0,0.5461809736100769,1.0,29.993641619025826,47.04267113205279,0.7976015878175684,0.0,0.24371628524360414,0.1467343479447955,0.0,0.23399999999999999,0.6049522862307751,0.5249623128208388,16.918736332852806,2.44075545065228,13.442436912277795,14.937458221519377,38.385310371108964,72.27568346091485,72.27568346091485,0.0,0.0,0.0,0.0,0.0,0.0,0.0,0.0,0.0,0.0,0.0,0.0,0.0,0.0,-0.35748106092370247,0.0
5,holiday_return,春节返乡日,30.0,0.0,1.0,34.04336532030936,34.52348214514002,3.113908647708434,0.0,5.0,-5.0,-0.0,61.43696046312997,0.0,0.0,0.0,-0.0,-0.0,12.46770993543627,39.89667179339607,1.0379695492361447,3.113908647708434,0.0,0.0,0.0,0.0,8.887915658148193,0.0,31.351266301006177,5.373189648256044,0.0,22.69565813935158,0.0,0.0,0.0,0.0,0.0,0.0,14.200327252248394,6.169663082094346,7.609660644643136,4.503062487565456,1.1275212648659492,0.0,52.0,7.8,45.0,45.0,0.0,0.4642736986298073,1.0,24.590017157073298,30.38066428772322,1.0898680266979517,0.0,0.18000007778333918,0.12500901469191342,0.0,0.21234136008177348,0.5019976851363728,0.4402324597487443,13.240244397074543,1.9717652033894673,10.619984352831423,10.229773827320313,34.04336532030936,61.43696046312997,61.43696046312997,0.0,0.0,0.0,0.0,0.0,0.0,0.0,0.0,0.0,0.0,0.0,-4.922412485119051,0.0,-6.791308894271111,-0.8940121918369348,0.0
5,holiday_return,春节返乡日,30.0,1.0,1.0,34.2315985331046,35.31852393841374,3.0911948380084318,0.0,5.0,-5.0,0.0,63.14780775527985,-0.0,5.054124137598343,0.0,-0.0,-0.0,12.46770993543627,39.89667179339607,1.030398279336144,3.0911948380084318,0.0,0.0,0.0,0.0,10.418101007402832,0.0,41.242192004778666,4.5781478549823245,0.0,26.99950728530608,0.0,0.0,0.0,0.0,0.0,0.0,14.25194802868096,6.188290661360224,7.655894987806781,4.5071204969234175,1.130681758083195,0.0,52.0,7.8,45.0,45.0,0.0,0.5153959918412213,1.0,24.709111441657093,31.080301065804093,1.0819181933029511,0.0,0.1800023830810334,0.12503821775222632,0.0,0.20320353928239474,0.5128040675419766,0.43157942645200204,13.293697242813394,1.9787390747613318,10.661812583663327,10.453279058964696,34.2315985331046,68.20193189287819,63.14780775527985,5.054124137598343,0.0,0.0,0.0,0.0,0.0,0.0,0.0,0.0,0.0,0.0,0.0,0.0,0.0,-0.02271380970000214,0.0
5,holiday_return,春节返乡日,30.0,2.0,1.0,34.37110518556221,36.41922915169725,3.0682163096602197,0.0,5.0,-5.0,0.0,56.65105802803491,-0.0,14.062673747976447,0.0,-0.0,-0.0,12.46770993543627,39.89667179339607,1.0227387698867398,3.0682163096602197,0.0,0.0,0.0,0.0,0.008682566737847034,0.0,41.242192004778666,3.477442641698815,0.0,30.249078780349347,3.7808215704118426,0.0,0.0,0.0,0.0,0.0,14.417685022531453,6.235120654015534,7.732815339204139,4.515552595153539,1.137028281956513,0.0,52.0,7.8,45.0,45.0,0.0,0.5343774423096246,1.0,24.806590680517516,32.04892165349358,1.0738757083810768,0.0,0.1800468135167239,0.12514498545962793,0.0,0.19745926498837854,0.5095202933355606,0.4262495581143315,13.38539621631419,1.9908835298625667,10.733631559419962,10.763293460839687,38.15192675597405,70.71373177601136,56.65105802803491,14.062673747976447,0.0,0.0,0.0,0.0,0.0,0.0,0.0,0.0,0.0,0.0,0.0,0.0,0.0,-0.022978528348212013,0.0
5,holiday_return,春节返乡日,30.0,3.0,1.0,34.88432498156943,38.2767721090042,2.9861417562196566,0.0,5.0,-5.0,0.0,53.35609806915009,-0.0,13.887729755972131,0.0,-0.0,-0.0,12.46770993543627,39.89667179339607,0.9953805854065522,2.9861417562196566,0.0,0.0,0.0,0.0,0.008682566737847034,0.0,41.242192004778666,1.6198996843918676,0.0,31.727485322960923,0.0,0.0,0.0,0.0,0.0,0.0,14.765445313376848,6.340911176287508,7.850709677913948,4.531911853237057,1.1489210950216178,0.0,52.0,7.8,45.0,45.0,0.0,0.508155683794467,1.0,25.177397425603807,33.68355945592369,1.0451496146768797,0.0,0.18058963595055189,0.12549218550159116,0.0,0.19549999999999998,0.5061073239486091,0.4250807121168183,13.531542626172623,2.0105919358371,10.848220930972312,11.286854935884032,34.88432498156943,67.24382782512222,53.35609806915009,13.887729755972131,0.0,0.0,0.0,0.0,0.0,0.0,0.0,0.0,0.0,0.0,0.0,0.0,0.0,-0.08207455344056314,0.0
5,holiday_return,春节返乡日,30.0,4.0,1.0,35.94991062111331,41.387029114466635,3.2156687018371057,0.0,5.0,-5.0,0.0,58.93929286733069,-0.0,2.174618308061582,0.0,-0.0,-0.0,12.954319943878033,41.45382382040971,1.0718895672790352,3.2156687018371057,0.0,0.0,0.0,0.0,0.008682566737847034,0.0,41.242192004778666,0.06679470594307484,0.0,31.727485322960923,3.9544901683224642,0.0,0.0,0.0,0.0,0.0,15.486528306613321,6.555152036159702,8.01667044319007,4.56151170707277,1.1696904890714896,0.0,52.0,7.8,45.0,45.0,0.0,0.4618324436177252,1.0,25.96575465568502,36.42058562073064,1.1254840456429869,0.0,0.18476186274073983,0.12649512753861683,0.0,0.19745926498837854,0.4846475166094386,0.43076522044223264,13.74787263933433,2.040404468051635,11.018080165902312,12.163833376649348,39.904400789435776,61.113911175392275,58.93929286733069,2.174618308061582,0.0,0.0,0.0,0.0,0.0,0.0,0.0,0.0,0.0,0.0,0.0,0.0,1.5571520270136432,0.22952694561744913,0.0
5,holiday_return,春节返乡日,30.0,5.0,1.0,37.98271592710715,45.08300524514832,3.409757537417947,0.0,5.0,-5.0,-0.0,58.13929657584606,0.0,0.0,0.0,-0.0,-0.0,14.019994802932928,44.86398336938537,1.1365858458059823,3.409757537417947,0.0,0.0,0.0,0.0,0.0,0.0,41.23394356637771,0.0,0.21902187576294807,31.433481009406638,0.0,0.0,0.0,0.0,0.0,0.0,16.825075489963734,6.9428255904686855,8.230424212552332,4.611383312205518,1.203434250966751,0.0,52.0,7.8,45.0,45.0,0.0,0.4393535431037855,1.0,27.407643695684826,39.673044615730525,1.1934151380962814,0.0,0.20465755566972235,0.1290641780194508,0.0,0.20320353928239474,0.5449627546345934,0.4524614115045863,14.045241775724602,2.0824554369159585,11.251993194983626,13.208770298791988,37.98271592710715,58.13929657584606,58.13929657584606,0.0,0.0,0.0,0.0,0.0,0.0,0.0,0.0,0.0,0.0,0.0,0.0,0.0,3.4101595489756633,0.19408883558084122,0.0
5,holiday_return,春节返乡日,30.0,6.0,1.0,40.84777723448232,48.354670766203775,3.4545651033086675,0.0,5.0,-5.0,0.0,61.375372999851066,-0.0,0.0,0.0,-0.0,-0.0,14.019994802932928,44.86398336938537,1.151521701102889,3.4545651033086675,0.0,0.0,0.0,0.0,0.017363396962344114,0.0,41.242192004778666,0.0,3.4906873968184016,27.696206261263193,0.33871586437058454,0.0,0.0,0.0,0.0,0.0,18.654870698030386,7.566677448286375,8.481134094012406,4.6894693965312575,1.2543162179203147,0.0,52.0,7.8,45.0,45.0,0.0,0.4638082875946555,1.0,29.482193609178427,42.55211027425932,1.2090977861580336,0.0,0.2618659705891781,0.13488581006526668,0.0,0.21234136008177348,0.6036579169412358,0.5064277005488494,14.424919708463976,2.137790150599584,11.551335951249184,14.140242285485215,41.18649309885291,61.375372999851066,61.375372999851066,0.0,0.0,0.0,0.0,0.0,0.0,0.0,0.0,0.0,0.0,0.0,0.0,0.0,0.0,0.044807565890720547,0.0
5,holiday_return,春节返乡日,30.0,7.0,1.0,43.82112981124958,49.62910217030046,3.6965618887429916,0.0,5.0,-5.0,0.0,64.08199447716802,0.4559941348471336,2.034315569333984,0.0,-0.0,-0.0,14.019994802932928,44.86398336938537,1.2321872962476639,3.6965618887429916,0.0,0.0,0.0,0.0,0.008682566737847034,0.0,41.242192004778666,0.0,4.76511880091509,22.624899321461626,0.0,0.0,0.0,0.0,0.0,0.0,20.13121670033314,8.453123616580214,8.747469102891415,4.802771233561842,1.3252888764197575,0.0,88.0,13.2,45.0,45.0,0.012606019187832142,0.499635131257285,1.0,31.62334136768443,43.67360990986441,1.293796661060047,0.0,0.35427584207169344,0.1465177500873212,0.0,0.22424999999999998,0.7232898068667212,0.5928965645287745,14.875529212873014,2.2057586672004477,11.907617152140713,14.518922304124633,43.82112981124958,66.57230418134914,64.08199447716802,2.4903097041811173,0.0,0.0,0.0,0.0,0.0,0.0,0.0,7.105427357601002e-15,0.0,0.0,0.0,0.0,0.0,0.24199678543432412,0.0
5,holiday_return,春节返乡日,30.0,8.0,1.0,45.76417799803006,48.07048946624186,4.093401283710331,0.0,5.0,-5.0,0.0,66.15732246227094,5.343800014709122,1.7033964589078892,0.0,-0.0,-0.0,14.019994802932928,44.86398336938537,1.3644670945701103,4.093401283710331,0.0,0.0,0.0,0.0,0.008682566737847034,0.0,41.242192004778666,0.0,3.2065060968564865,19.204379947180296,0.0,0.0,0.0,0.0,0.0,0.0,20.332770017957245,9.552839743837302,9.002394043980376,4.95451345430169,1.4164185956342732,0.0,88.0,13.2,45.0,45.0,0.14773007013334466,0.512817475469364,1.0,33.015623159016734,42.302030730292834,1.4326904492986157,0.0,0.4178774111665697,0.16691085433198272,0.0,0.23811790490660503,0.8382374526966248,0.6689459663766579,15.373326093916338,2.283711798091489,12.302570313860823,14.111053474106026,45.76417799803006,73.20451893588795,66.15732246227094,7.047196473617011,0.0,0.0,0.0,0.0,0.0,0.0,0.0,0.0,0.0,0.0,0.0,0.0,0.0,0.3968393949673392,0.0
5,holiday_return,春节返乡日,30.0,9.0,1.0,46.656651276197394,44.550625078108006,4.751350411267657,0.0,5.0,-5.0,0.0,67.26911211629073,12.225853207960593,2.1338461977482552,0.0,-0.0,-0.0,14.019994802932928,44.86398336938537,1.5837834704225522,4.751350411267657,0.0,0.0,0.0,0.0,0.008682566737847034,0.0,41.242192004778666,0.3133582912773676,0.0,19.463661563999437,0.0,0.0,0.0,0.0,0.0,0.0,19.359780905837553,10.721531042776878,9.221698074809092,5.14096670648026,1.5233219932765087,0.0,88.0,13.2,45.0,45.0,0.33798535627840254,0.5244720427151749,1.0,33.66456150915522,39.204550068735045,1.6629726439436798,0.0,0.38819956323346444,0.19804680515562867,0.0,0.253,0.859110039736649,0.6903318189034908,15.885986774565861,2.3671086146643696,12.710947701083201,13.159650317178436,46.656651276197394,81.62881152199958,67.26911211629073,14.359699405708849,0.0,0.0,0.0,0.0,0.0,0.0,0.0,7.105427357601002e-15,0.0,0.0,0.0,0.0,0.0,0.6579491275573259,0.0
5,holiday_return,春节返乡日,30.0,10.0,1.0,47.11013399864512,40.52713979714346,5.675454155757697,0.0,5.0,-5.0,10.436882968051876,60.91967063408502,8.51677276169491,0.0,0.0,-0.0,-0.0,14.019994802932928,44.86398336938537,1.8918180519192322,5.675454155757697,0.0,0.0,0.0,0.0,0.008682566737847034,0.0,41.242192004778666,4.336843572241911,0.0,23.54473563450125,3.325924181901774,0.0,0.0,0.0,0.0,0.0,18.17305224777479,11.748566405634284,9.392287138407003,5.349142923597687,1.636455563392761,0.0,88.0,13.2,45.0,45.0,0.5239763618645029,0.4603645849564769,1.0,33.99739868031191,35.66388302148625,1.9864089545151937,0.0,0.2969797587686923,0.23892551374582263,0.0,0.26788209509339495,0.832367475778646,0.6774067838480502,16.37788562539745,2.449940406802831,13.10449488789426,12.070092578498683,50.436058180546894,79.87332636383181,71.3565536021369,8.51677276169491,0.0,0.0,0.0,0.0,0.0,0.0,0.0,0.0,0.0,0.0,0.0,0.0,0.0,0.92410374449004,0.0
5,holiday_return,春节返乡日,30.0,11.0,1.0,47.56297446791985,37.33585840283216,6.526581622372266,0.0,5.0,-5.0,18.585416230455557,50.18176281459249,4.263993193802545,0.0,0.0,-0.0,-0.0,14.019994802932928,44.86398336938537,2.175527207457422,6.526581622372266,0.0,0.0,0.0,0.0,0.008682566737847034,0.0,41.242192004778666,7.528124966553214,0.0,30.6493648814578,0.0,0.0,0.0,0.0,0.0,0.0,17.448173727181484,12.439629865366225,9.514923691987583,5.55677544278461,1.7419331717989983,0.0,70.0,10.5,45.0,45.0,0.6316749967176488,0.3792191613983964,1.0,34.33490683552156,32.8555553944923,2.284303567830293,0.0,0.22314427820839497,0.28399586251798614,0.0,0.28175,0.8192979894344387,0.679459771012064,16.81363230657119,2.525235720535519,13.454659244240359,11.212130359139593,47.56297446791985,73.03117223885059,68.76717904504804,4.263993193802545,0.0,0.0,0.0,0.0,0.0,0.0,0.0,0.0,0.0,0.0,0.0,0.0,0.0,0.8511274666145692,0.0
5,holiday_return,春节返乡日,30.0,12.0,1.0,47.95102959388509,35.38397645262961,7.492604490289784,0.0,5.0,-5.0,25.089459377354146,41.58494730860514,0.13376888993305514,0.0,0.0,-0.0,-0.0,11.21715969523975,35.894911024767204,2.4975348300965945,7.492604490289784,0.0,0.0,0.0,0.0,0.008682566737847034,0.0,41.242192004778666,0.5109345721375927,0.0,31.073453995225602,0.0,0.0,0.0,0.0,0.0,0.0,17.173806992595992,12.719346517740412,9.598404900513794,5.735495663618433,1.8240768692696459,0.0,70.0,10.5,45.0,45.0,0.6972995379054299,0.3142537838583063,1.0,34.62903902217446,31.13789927831406,2.622411571601424,0.0,0.19540945508670923,0.323561803081534,0.0,0.2936586399182265,0.8370419926099959,0.7069679492563922,17.15797743340187,2.585494718752295,13.732617438986757,10.694686896294304,47.95102959388509,66.80817557589234,66.67440668595928,0.13376888993305514,0.0,0.0,0.0,0.0,0.0,0.0,0.0,0.0,0.0,0.0,0.0,0.0,-8.96907234461817,0.966022867917518,0.0
5,holiday_return,春节返乡日,30.0,13.0,1.0,48.43277942213875,34.20729494643837,8.392760532416506,0.0,5.0,-5.0,25.967490630025864,43.08320455172378,0.0,0.0,0.0,-0.0,-0.0,10.770144547557889,34.464462552185246,2.7975868441388356,8.392760532416506,0.0,0.0,0.0,0.0,0.008682566737847034,0.0,41.242192004778666,0.25716760574687925,0.0,31.255616312694688,2.0415018011763237,0.0,0.0,0.0,0.0,0.0,17.12647301649979,12.68721454645595,9.64780253919423,5.856926528266881,1.8691634536951827,0.0,70.0,10.5,45.0,45.0,0.7178747710246237,0.3255759818726277,1.0,35.0035468573715,30.10241955286576,2.937466186345777,0.0,0.2029744745328078,0.3468966012673812,0.0,0.30279646071760524,0.8472222743940714,0.7419457109953335,17.373892521156293,2.623199039604286,13.908040481541548,10.383046128929227,50.474281223315074,69.05069518174965,69.05069518174965,0.0,0.0,0.0,0.0,0.0,0.0,0.0,0.0,0.0,0.0,0.0,0.0,0.0,-1.4304484725819577,0.9001560421267225,0.0
5,holiday_return,春节返乡日,30.0,14.0,1.0,48.75502300978028,33.901957033351955,9.000675839110588,0.0,3.473869809654005,-3.473869809654005,20.74459182253755,45.254670824158154,0.0,0.0,0.0,-0.0,-0.0,10.770144547557889,34.464462552185246,3.0002252797035296,9.000675839110588,0.0,0.0,0.0,0.0,0.0,0.0,41.23394356637771,0.5625055188332908,0.0,31.727485322960923,0.0,0.0,0.0,0.0,0.0,0.0,17.294490711907574,12.56882466074896,9.654736808346748,5.9,1.8691634536951827,0.0,70.0,10.5,45.0,45.0,0.573487031025785,0.34198556122279766,1.0,35.24052412968836,29.83372218934972,3.1502365436887056,0.0,0.2397828442300811,0.3468966012673812,0.0,0.30854073501162144,0.8836959273835825,0.7731686303627401,17.42390026204193,2.63178437681455,13.950492397170995,10.300997391003682,48.75502300978028,65.99926264669571,65.99926264669571,0.0,0.0,0.0,0.0,0.0,0.0,0.0,0.0,0.0,0.0,0.0,1.5261301903459952,0.0,0.0,0.6079153066940819,0.0
5,holiday_return,春节返乡日,30.0,15.0,1.0,49.26075317658346,34.39766784624217,9.137678241929851,0.0,3.228127850889365,-3.228127850889365,15.078388128639386,51.243893590663625,0.0,0.0,0.0,-0.0,-0.0,10.770144547557889,34.464462552185246,3.0458927473099506,9.137678241929851,0.0,-0.0,0.0,0.0,0.017363396962344114,0.0,41.242192004778666,0.06679470594307484,0.0,31.727485322960923,0.0,0.0,0.0,0.0,0.0,0.0,17.968368974307744,12.56764028740939,9.59788815119116,5.856926528266881,1.8240768692696459,0.0,70.0,10.5,45.0,45.0,0.41684406781883265,0.38724559011683907,1.0,35.5903822449799,30.269947704693113,3.198187384675448,0.0,0.301314403630918,0.323561803081534,0.0,0.3105,0.9367510381600188,0.7971007053150232,17.27889154872769,2.6072902644703,13.83664491811277,10.428234955677695,49.26075317658346,66.322281719303,66.322281719303,0.0,0.0,0.0,0.0,0.0,0.0,0.0,0.0,0.0,0.0,0.0,0.2457419587646399,0.0,0.0,0.13700240281926312,-0.0
5,holiday_return,春节返乡日,30.0,16.0,1.0,50.620618902302574,35.627785971153735,8.894205885184784,0.0,0.0,0.0,8.402449653841177,51.12004124979506,0.0,0.0,1.5721779129115399,0.5502622695190389,0.707480060810193,8.621452110154987,27.58864675249596,2.9647352950615944,8.894205885184784,0.0,-0.0,0.0,0.0,0.0,0.0,41.23394356637771,0.0,7.331659157847561,23.946494396685992,0.0,2.134053134363877,0.0,0.0,0.0,0.0,19.584598981824026,12.7081069311746,9.455397733308086,5.735495663618433,1.7419331717989983,0.0,132.0,19.8,45.0,45.0,0.23228685078728978,0.38630964888625824,1.0,36.56440473809907,31.352451654615287,3.112972059814674,0.0,0.36119136073684854,0.28399586251798614,0.0,0.30854073501162144,0.9499788869469423,0.8015439270430218,16.932826568725517,2.5502622452440677,13.561928386387438,10.748167695936342,48.4865657679387,59.52249090363624,59.52249090363624,0.0,0.31443558258230797,0.31443558258230797,9.433067477469239,0.0,0.0,0.0,0.0,-7.105427357601002e-15,-2.1316282072803006e-14,0.0,3.228127850889365,0.5502622695190389,-6.875815799689285,-0.24347235674506784,0.0
5,holiday_return,春节返乡日,30.0,17.0,1.0,52.86326813169651,37.47068014030096,8.404663609750015,0.0,0.0,0.0,2.4366223352345853,49.45289110539791,0.0,0.0,16.56688217010048,5.798408759535168,7.455096976545216,7.6362280395545605,24.435929726574596,2.8015545365833385,8.404663609750015,0.0,-0.0,0.0,0.0,0.0,3.3902749222073902,37.65698633323561,0.0,5.579653437181151,18.025282000333515,0.0,2.2228535854593487,0.0,0.0,0.0,0.0,22.269356511454923,12.795177701220908,9.22171071151308,5.55677544278461,1.636455563392761,0.0,132.0,19.8,45.0,45.0,0.06736075217670232,0.37371114209367384,1.0,38.161975862067614,32.97419852346485,2.941632263412505,0.0,0.3787692427280859,0.23892551374582263,0.0,0.30279646071760524,0.9269517537729149,0.7678280699626254,16.41494171769045,2.4668450890292064,13.150009241417754,11.230894476117737,50.64041454623716,51.8895134406325,51.8895134406325,0.0,3.313376434020096,3.313376434020096,99.40129302060288,0.0,0.0,0.0,0.0,0.0,0.0,0.0,0.0,5.248146490016129,-3.1527170259213655,-0.48954227543476847,0.0
5,holiday_return,春节返乡日,30.0,18.0,1.0,54.78213622044363,39.31046072013509,7.754492659947173,0.0,0.0,0.0,-0.0,42.49395312383598,0.0,0.0,25.56278646685575,8.946975263399512,11.503253910085089,7.6362280395545605,24.435929726574596,2.584830886649058,7.754492659947173,0.0,-0.0,0.0,0.0,0.0,11.239844001236609,25.818040197825162,0.0,3.371277083475409,14.440518716885048,0.0,2.3224227581751515,0.0,0.0,0.0,0.0,25.284900468586194,12.542773807758921,8.917226560867054,5.349142923597687,1.5233219932765087,0.0,132.0,19.8,45.0,45.0,0.0,0.32112306073548025,1.0,39.51419461894914,34.59320543371888,2.7140724309815103,0.0,0.34014748071260315,0.19804680515562867,0.0,0.2936586399182265,0.867034067821494,0.6953210690612031,15.789691477741249,2.3680437520724618,12.6524914669294,11.709058394315415,52.45971346226848,42.49395312383598,42.49395312383598,0.0,5.11255729337115,5.11255729337115,153.3767188011345,0.0,0.0,0.0,0.0,-7.105427357601002e-15,7.105427357601002e-15,0.0,0.0,3.148566503864344,0.0,-0.6501709498028418,0.0
5,holiday_return,春节返乡日,30.0,19.0,1.0,54.91915004228496,40.76176045540847,6.991701412963459,0.0,0.0,0.0,-0.0,39.859903607832116,0.0,0.0,25.56278646685575,8.946975263399512,11.503253910085089,7.6362280395545605,24.435929726574596,2.3305671376544863,6.991701412963459,0.0,-0.0,0.0,0.0,0.0,13.71589783525738,11.375089394777838,0.0,4.822576818748789,9.335241028136762,0.0,2.363168513004998,0.0,0.0,0.0,0.0,27.10549408913199,11.783931808966486,8.583790370033155,5.14096670648026,1.4164185956342732,0.0,132.0,19.8,45.0,45.0,0.0,0.30121778055966364,1.0,39.60360019620409,35.870349200759456,2.4470954945372103,0.0,0.27476534528040114,0.16691085433198272,0.0,0.28175,0.7616747844946444,0.6102180105950652,15.141175672147687,2.2670409426099654,12.13640924505556,12.079525611246963,52.55598152927996,39.859903607832116,39.859903607832116,0.0,5.11255729337115,5.11255729337115,153.3767188011345,0.0,0.0,0.0,0.0,7.105427357601002e-15,7.105427357601002e-15,0.0,0.0,0.0,0.0,-0.7627912469837144,0.0
5,holiday_return,春节返乡日,30.0,20.0,1.0,52.19178412199737,41.43420186821583,6.217460864813045,0.0,0.0,0.0,-0.0,44.215067738234545,0.0,0.0,25.56278646685575,8.946975263399512,11.503253910085089,7.6362280395545605,24.435929726574596,2.072486954937682,6.217460864813045,0.0,-0.0,0.0,0.0,0.0,6.4499603259942235,4.5833824547997,0.0,5.495018231556148,3.532340828652964,0.0,2.2884957888613338,0.0,0.0,0.0,0.0,26.497265676320733,10.597286410067168,8.268935319213693,4.95451345430169,1.3252888764197575,0.0,132.0,19.8,45.0,45.0,0.0,0.3341293722744793,1.0,37.64854669016142,36.46209764402993,2.1761113026845655,0.0,0.22118484928684853,0.1465177500873212,0.0,0.26788209509339495,0.6537794966594411,0.5411833599181083,14.54873764993514,2.175648212892294,11.664859110708358,12.236489597200125,49.90328833313604,44.215067738234545,44.215067738234545,0.0,5.11255729337115,5.11255729337115,153.3767188011345,0.0,0.0,0.0,0.0,7.105427357601002e-15,7.105427357601002e-15,0.0,0.0,0.0,0.0,-0.7742405481504138,0.0
5,holiday_return,春节返乡日,30.0,21.0,1.0,47.290922523347426,41.04983135401649,5.2355792341150655,0.0,0.0,0.0,-0.0,54.56876275907987,0.0,0.0,10.568082209666825,3.6988287733833882,4.755636994350072,11.341935737395755,36.29419435966641,1.745193078038355,5.2355792341150655,0.0,-0.0,0.0,0.0,0.0,0.0,4.58246577830874,0.0,0.0,3.525276146995658,0.0,2.11045980631828,0.0,0.0,0.0,0.0,23.64519714692839,9.255802561893681,8.008830322189809,4.802771233561842,1.2543162179203147,0.0,132.0,19.8,45.0,45.0,0.0,0.41237133355603817,1.0,34.09930729235283,36.12385159153451,1.8324527319402728,0.0,0.19314570572330614,0.13488581006526668,0.0,0.253,0.6209807604477264,0.4969492230650543,14.065917773671964,2.1015080286463776,11.28037858907386,12.103951397035221,45.180462717029144,54.56876275907987,54.56876275907987,0.0,2.113616441933365,2.113616441933365,63.408493258000945,0.0,0.0,0.0,0.0,0.0,-7.105427357601002e-15,0.0,0.0,-5.248146490016124,11.858264633091817,-0.9818816306979796,0.0
5,holiday_return,春节返乡日,30.0,22.0,1.0,42.04327187030169,39.95318749452302,4.4981880469303315,0.0,0.07758751488094853,-0.07758751488094853,-0.0,63.43776415140404,0.0,0.0,0.0,-0.0,-0.0,14.589993964895992,46.68798068766718,1.4993960156434438,4.4981880469303315,0.0,-0.0,0.0,0.0,5.227514785681966,0.0,9.547688331550946,6.734793193144156,0.0,9.916279128188615,0.0,0.0,0.0,0.0,0.0,0.0,19.998742926682493,8.05723341831763,7.8191088991207955,4.6894693965312575,1.203434250966751,0.0,62.0,9.299999999999999,45.0,45.0,0.0,0.47939359586405655,1.0,30.324076634650137,35.15880499518026,1.574365816425616,0.0,0.18308168911423775,0.1290641780194508,0.0,0.23811790490660503,0.5800084225358663,0.47052695225874697,13.712012546618805,2.047153094482807,10.998321283027163,11.778668215362963,42.04327187030169,63.43776415140404,63.43776415140404,0.0,0.0,0.0,0.0,0.0,0.0,0.0,0.0,7.105427357601002e-15,0.0,0.0,-0.07758751488094853,-3.6988287733833882,10.393786328000765,-0.7373911871847341,0.0
5,holiday_return,春节返乡日,30.0,23.0,1.0,37.98830752265196,38.55120788235554,4.007920839545369,0.0,0.07758751488094853,-0.07758751488094853,-0.0,68.06191534998865,0.0,0.0,0.0,-0.0,-0.0,14.589993964895992,46.68798068766718,1.3359736131817896,4.007920839545369,0.0,-0.0,0.0,0.0,14.070052734377963,0.0,22.9123288915437,8.136772805311637,0.0,17.62638073497829,0.0,0.0,0.0,0.0,0.0,0.0,17.025285555524796,7.177784841985243,7.696160561673514,4.611383312205518,1.1696904890714896,0.0,62.0,9.299999999999999,45.0,45.0,0.0,0.5143378991597695,1.0,27.408478312808366,33.92506293647288,1.4027722938408789,0.0,0.18053058166192898,0.12649512753861683,0.0,0.22424999999999998,0.5504967020127016,0.45325452194810534,13.477234362950522,2.0109201711935425,10.81097203873356,11.373793160068862,37.98830752265196,68.06191534998865,68.06191534998865,0.0,0.0,0.0,0.0,0.0,0.0,0.0,0.0,-7.105427357601002e-15,0.0,0.0,0.0,0.0,0.0,-0.49026720738496277,0.0
