day_id,day_type,day_name,day_weight,hour,dt,electric_load,heat_load,cooling_load,P_grid_buy,P_grid_sell,P_grid_net,P_PV,P_WT,P_PV_curt,P_WT_curt,G_CHP,P_CHP,H_CHP,P_HP,H_HP,P_EC,C_EC_out,G_GB,H_GB,P_ELZ,H_H2,P_BAT_ch,P_BAT_dis,SOC_BAT,H_TS_ch,H_TS_dis,SOC_TS,P_shift_in,P_shift_out,P_interrupt,P_unmet_e,H_unmet,C_unmet,residential_load,commercial_load,industrial_load,cold_storage_load,agro_processing_load,irrigation_load,electricity_buy_price,electricity_sell_price,gas_price,carbon_price,pv_cf,wt_cf,grid_import_availability,critical_electric_load,critical_heat_load,critical_cooling_load,low_altitude_agri_uav_load,low_altitude_patrol_uav_load,low_altitude_emergency_load,low_altitude_forest_fire_load,low_altitude_remote_comm_load,low_altitude_electric_load,low_altitude_critical_load,industrial_park_process_electric_load,industrial_park_flexible_electric_load,industrial_park_critical_electric_load,industrial_park_process_heat_load,electric_load_adjusted,renewable_available,renewable_used,renewable_curtailment,co2_emission_rate,co2_emission,co2_emission_annual,battery_simultaneous_overlap,thermal_storage_simultaneous_overlap,grid_import_export_overlap,flexible_load_overlap,electric_balance_error,heat_balance_error,cooling_balance_error,P_grid_net_ramp,P_CHP_ramp,H_HP_ramp,C_EC_out_ramp,H_GB_ramp
0,spring_irrigation,春季灌溉日,55.0,0.0,0.25,32.30604312270154,22.019842064446944,5.70688672896153,0.0,5.0,-5.0,0.0,60.105866055812186,0.0,0.0,0.0,0.0,0.0,11.03484814366372,35.311514059723905,1.90229557632051,5.70688672896153,0.0,0.0,0.0,0.0,9.862679213126412,0.0,28.70556729105295,13.291671995276957,0.0,37.15555295688165,0.0,0.0,0.0,0.0,0.0,0.0,9.800225850143258,5.233196364276454,10.568973117559912,4.503062487565456,1.7288659394611219,0.0,52.0,7.8,41.0,45.0,0.0,0.4607303298466419,1.0,21.927941067182285,16.514881548335207,2.5680990280326887,0.3500000000864639,0.18000007778333918,0.10000721175353074,0.0,0.1846446609406726,0.8148341605958511,0.5139189729504164,16.80090154458649,2.4591785285504186,13.361216247415033,6.836996646153383,32.30604312270154,60.105866055812186,60.105866055812186,0.0,0.0,0.0,0.0,0.0,0.0,0.0,0.0,0.0,3.552713678800501e-15,0.0,-5.0,0.0,-0.8822541990408723,-0.27080441915581677,0.0
0,spring_irrigation,春季灌溉日,55.0,0.25,0.25,32.288598885773084,22.10716510012938,5.812324348067966,0.0,5.0,-5.0,0.0,63.036857079100464,0.0,0.0,0.0,0.0,0.0,10.261129002251229,32.83561280720394,1.9374414493559886,5.812324348067966,0.0,0.0,0.0,0.0,13.549687741720165,0.0,31.922182851346932,10.728447707074558,0.0,39.684981510833445,0.0,0.0,0.0,0.0,0.0,0.0,9.80252202781147,5.235820047760775,10.581835327709978,4.503803890621053,1.7297644833078472,0.0,52.0,7.8,41.0,45.0,0.0,0.48319729604397155,1.0,21.90780079814872,16.580373825097034,2.6155459566305845,0.3500000004587373,0.18000019078544677,0.10001045666848735,0.0,0.18240800962605114,0.8238876441672619,0.511797153856758,16.81540370163888,2.461053125964713,13.372533329529539,6.861668146281323,32.288598885773084,63.036857079100464,63.036857079100464,0.0,0.0,0.0,0.0,0.0,0.0,0.0,0.0,0.0,0.0,0.0,0.0,0.0,-2.475901252519968,0.10543761910643568,0.0
0,spring_irrigation,春季灌溉日,55.0,0.5,0.25,32.44772482314812,22.2291043163844,5.629423993407664,0.0,5.0,-5.0,0.0,65.11128134991874,0.0,0.0,0.0,0.0,0.0,9.209611019045054,29.470755260944173,1.8764746644692212,5.629423993407664,0.0,0.0,0.0,0.0,16.577470843256343,0.0,35.857736067477745,7.2416509445597725,0.0,41.385031119410975,0.0,0.0,0.0,0.0,0.0,0.0,9.809162167653113,5.239196666795181,10.596677335972672,4.504706361083105,1.7308489796156643,0.0,52.0,7.8,41.0,45.0,0.0,0.49909840921732646,1.0,22.031367466701543,16.671828237288302,2.5332407970334487,0.3500000022863863,0.1800004551349306,0.10001505670250135,0.0,0.18033233298543824,0.7984044114739497,0.5098295867631042,16.832232676671442,2.4632352008271257,13.385667057913434,6.896078533805101,32.44772482314812,65.11128134991874,65.11128134991874,0.0,0.0,0.0,0.0,0.0,0.0,0.0,0.0,0.0,0.0,0.0,0.0,0.0,-3.3648575462597634,-0.18290035466030208,0.0
0,spring_irrigation,春季灌溉日,55.0,0.75,0.25,32.41810484687421,22.348197354803887,5.613069462827926,0.0,5.0,-5.0,0.0,66.60365889003792,0.0,0.0,0.0,0.0,0.0,9.209611019045054,29.470755260944173,1.8710231542759752,5.613069462827926,0.0,0.0,0.0,0.0,18.104919869842682,0.0,40.15586164976201,7.122557906140287,0.0,43.05594610655959,0.0,0.0,0.0,0.0,0.0,0.0,9.820228663807073,5.243513685823754,10.613718722875086,4.505800240548684,1.7321523365702114,0.0,52.0,7.8,41.0,45.0,0.0,0.510537951502207,1.0,22.02382502274504,16.761148016102915,2.5258812582725665,0.3500000107051244,0.18000105601808747,0.1000215303190446,0.0,0.17842651938487275,0.7772229217524214,0.508025313662224,16.85167129999398,2.4657638040892196,13.400838493044986,6.929746699171622,32.41810484687421,66.60365889003792,66.60365889003792,0.0,0.0,0.0,0.0,0.0,0.0,0.0,0.0,0.0,0.0,0.0,0.0,0.0,0.0,-0.016354530579738125,0.0
0,spring_irrigation,春季灌溉日,55.0,1.0,0.25,32.72402470393817,22.51466140450745,5.647278814483228,0.0,5.0,-5.0,0.0,65.70258779897385,0.0,0.0,0.0,0.0,0.0,9.209611019045054,29.470755260944173,1.8824262714944096,5.647278814483228,0.0,0.0,0.0,0.0,16.886525804496216,0.0,44.164403735247376,6.956093856436723,0.0,44.68649042441003,0.0,0.0,0.0,0.0,0.0,0.0,9.83585145641362,5.248996543118046,10.633187483064974,4.5071204969234175,1.7337120290608987,0.0,52.0,7.8,41.0,45.0,0.0,0.5036309587535172,1.0,22.221856578556583,16.885996053380588,2.541275466517453,0.35000004708585053,0.1800023830810334,0.10003057420178106,0.0,0.17669872981077805,0.7895194336176288,0.5063929947386131,16.874020009049293,2.4686808338074098,13.418282525068667,6.976742998246921,32.72402470393817,65.70258779897385,65.70258779897385,0.0,0.0,0.0,0.0,0.0,0.0,0.0,0.0,0.0,0.0,0.0,0.0,0.0,0.0,0.03420935165530281,0.0
0,spring_irrigation,春季灌溉日,55.0,1.25,0.25,32.77030443839686,22.80036338411301,5.67676144751635,0.0,5.0,-5.0,0.0,66.34596823582609,0.0,1.134440979312899,0.0,0.0,0.0,9.209611019045054,29.470755260944173,1.8922538158387834,5.67676144751635,0.0,0.0,0.0,0.0,13.869065474321744,0.0,47.45609856521203,6.6703918768311645,0.0,46.24836524994523,3.604733488223655,0.0,0.0,0.0,0.0,0.0,9.856239648124257,5.255913898400621,10.655317294581257,4.508707192346344,1.7355704682241124,0.0,52.0,7.8,41.0,45.0,0.0,0.5172585179457864,1.0,22.261617347836488,17.100272538084756,2.5545426513823575,0.350000194556487,0.18000523049182804,0.10004311653534873,0.0,0.1751563629233656,0.7751922784874145,0.5049410790980613,16.899594955151713,2.4720308729813976,13.438246412312598,7.057201007219691,36.37503792662052,67.48040921513899,66.34596823582609,1.134440979312899,0.0,0.0,0.0,0.0,0.0,0.0,0.0,-1.4210854715202004e-14,0.0,0.0,0.0,0.0,0.0,0.029482633033121708,0.0
0,spring_irrigation,春季灌溉日,55.0,1.5,0.25,32.747282926909776,22.875614757256795,5.6694188540002495,0.0,5.0,-5.0,0.0,52.45889211017435,0.0,14.357896117450224,0.0,0.0,0.0,9.209611019045054,29.470755260944173,1.8898062846667498,5.6694188540002495,0.0,0.0,0.0,0.0,0.00999075759268994,0.0,47.45609856521203,6.595140503687379,0.0,47.79158693694601,3.6022011219600754,0.0,0.0,0.0,0.0,0.0,9.881723512619402,5.264582951559522,10.680344201526763,4.510605948421964,1.7377753460189784,0.0,52.0,7.8,41.0,45.0,0.0,0.5121716547736167,1.0,22.253413966252875,17.156711067942595,2.551238484300112,0.35000075519239343,0.18001116561142866,0.10006038327302245,0.0,0.17380602337443565,0.7623773109449193,0.5036781473967717,16.928725495967704,2.4758609510233405,13.46098784196743,7.0788201701890765,36.349484048869854,66.81678822762457,52.45889211017435,14.357896117450224,0.0,0.0,0.0,0.0,0.0,0.0,0.0,0.0,0.0,0.0,0.0,0.0,0.0,-0.007342593516100671,0.0
0,spring_irrigation,春季灌溉日,55.0,1.75,0.25,32.828836350091876,23.19822077335732,5.534616896987271,0.0,5.0,-5.0,0.0,52.50448242423548,0.0,15.787880757288768,0.0,0.0,0.0,9.209611019045054,29.470755260944173,1.8448722989957569,5.534616896987271,0.0,0.0,0.0,0.0,0.00999075759268994,0.0,47.45609856521203,6.272534487586853,0.0,49.257418084279415,3.6111719985101063,0.0,0.0,0.0,0.0,0.0,9.912807521495449,5.275374632697171,10.70850270839529,4.51286839609892,1.7403799405145783,0.0,52.0,7.8,41.0,45.0,0.0,0.5234823999609894,1.0,22.299604274255376,17.39866558001799,2.490577603644272,0.35000275376003587,0.18002318241929346,0.10008397954363103,0.0,0.17265349352524473,0.7744382878748073,0.5026135919477683,16.96175104500879,2.4802202232184474,13.486772490363894,7.169799677520588,36.440008348601985,68.29236318152425,52.50448242423548,15.787880757288768,0.0,0.0,0.0,0.0,0.0,0.0,0.0,-7.105427357601002e-15,0.0,0.0,0.0,0.0,0.0,-0.1348019570129786,0.0
0,spring_irrigation,春季灌溉日,55.0,2.0,0.25,32.94691505422076,23.337107294964014,5.4549584693056135,0.0,5.0,-5.0,0.0,48.984836320627046,0.0,21.00769307245094,0.0,0.0,0.0,9.209611019045054,29.470755260944173,1.8183194897685377,5.4549584693056135,0.0,0.0,0.0,0.0,0.00999075759268994,0.0,47.45609856521203,6.13364796598016,0.0,50.689530767157564,0.0,0.0,0.0,0.0,0.0,0.0,9.95023332540903,5.288718411888175,10.740021304450194,4.515552595153539,1.743443365666653,0.0,52.0,7.8,41.0,45.0,0.0,0.5365147076348512,1.0,22.361844989309883,17.50283047122301,2.454731311187526,0.35000943302909054,0.1800468135167239,0.10011598836770236,0.0,0.17170370868554657,0.7997297520063674,0.5017589838040898,16.999017265270385,2.4851595641083235,13.515871072583185,7.209454056022206,32.94691505422076,69.99252939307799,48.984836320627046,21.00769307245094,0.0,0.0,0.0,0.0,0.0,0.0,0.0,0.0,0.0,0.0,0.0,0.0,0.0,-0.07965842768165743,0.0
0,spring_irrigation,春季灌溉日,55.0,2.25,0.25,33.00141264213537,23.54006516485725,5.764252943547567,0.0,5.0,-5.0,0.0,49.1424320666223,0.0,22.0271707417266,0.0,0.0,0.0,9.209611019045054,29.470755260944173,1.9214176478491891,5.764252943547567,0.0,0.0,0.0,0.0,0.00999075759268994,0.0,47.45609856521203,5.9306900960869235,0.0,52.072724899594625,0.0,0.0,0.0,0.0,0.0,0.0,9.99504897483637,5.305106424150434,10.775117459531034,4.518723405843835,1.7470307476126983,0.0,52.0,7.8,41.0,45.0,0.0,0.5455373448324902,1.0,22.393402622323702,17.655048873642937,2.593913824596405,0.3500303551825857,0.18009194329056738,0.10015908873524831,0.0,0.17096073597983846,0.8068953499826838,0.5011308636598721,17.040871612987566,2.4907310726704077,13.548555885741047,7.267181653197824,33.00141264213537,71.1696028083489,49.1424320666223,22.0271707417266,0.0,0.0,0.0,0.0,0.0,0.0,0.0,-7.105427357601002e-15,0.0,0.0,0.0,0.0,0.0,0.30929447424195367,0.0
0,spring_irrigation,春季灌溉日,55.0,2.5,0.25,32.95958907153438,23.795488645812206,5.674890121032264,0.0,5.0,-5.0,0.0,52.696375686385,0.0,17.09417128713956,0.0,0.0,0.0,9.209611019045054,29.470755260944173,1.891630040344088,5.674890121032264,0.0,0.0,0.0,0.0,0.00999075759268994,0.0,47.45609856521203,5.675266615131967,0.0,53.394564358238675,3.625554797868782,0.0,0.0,0.0,0.0,0.0,10.048677050125622,5.325096554259678,10.813992157972052,4.522452792985491,1.751213308016154,0.0,52.0,7.8,41.0,45.0,0.0,0.5349664489890534,1.0,22.361693422221194,17.846616484359153,2.553700554464519,0.3500917637430361,0.18017563258053526,0.10021669479906908,0.0,0.1704277569313095,0.8111523543272514,0.5007564545203435,17.087658258973697,2.496987489457588,13.585096866957354,7.339751439709165,36.58514386940316,69.79054697352456,52.696375686385,17.09417128713956,0.0,0.0,0.0,0.0,0.0,0.0,0.0,0.0,0.0,0.0,0.0,0.0,0.0,-0.08936282251530336,0.0
0,spring_irrigation,春季灌溉日,55.0,2.75,0.25,33.077153485537494,24.034384735835335,5.7281389160722505,0.0,5.0,-5.0,0.0,49.20613490086599,0.0,21.25174106740232,0.0,0.0,0.0,9.209611019045054,29.470755260944173,1.9093796386907502,5.7281389160722505,0.0,0.0,0.0,0.0,0.00999075759268994,0.0,47.45609856521203,5.436370525108838,0.0,54.65900507577291,0.0,0.0,0.0,0.0,0.0,0.0,10.112970043782079,5.3493140808606086,10.856824064242273,4.526820040571981,1.7560683338523049,0.0,52.0,7.8,41.0,45.0,0.0,0.540081735200536,1.0,22.43217936038013,18.025788551876502,2.577662512232513,0.3502605949441187,0.18032630699699292,0.10029311740868342,0.0,0.17010705383806982,0.8249560878348341,0.500685129942318,17.13971243866656,2.503981528459536,13.625757205374535,7.407865629373068,33.077153485537494,70.45787596826831,49.20613490086599,21.25174106740232,0.0,0.0,0.0,0.0,0.0,0.0,0.0,0.0,0.0,0.0,0.0,0.0,0.0,0.053248795039986696,0.0
0,spring_irrigation,春季灌溉日,55.0,3.0,0.25,33.39997349837916,24.35108928793798,5.688768501533752,0.0,5.0,-5.0,0.0,53.18982852701653,0.0,14.98672594276617,0.0,0.0,0.0,9.209611019045054,29.470755260944173,1.8962561671779172,5.688768501533752,0.0,0.0,0.0,0.0,0.00999075759268994,0.0,47.45609856521203,5.119665973006192,0.0,55.847596241824,3.673997084821708,0.0,0.0,0.0,0.0,0.0,10.190236906415008,5.378451444172439,10.90376344154715,4.531911853237057,1.7616790123664805,0.0,52.0,7.8,41.0,45.0,0.0,0.5225946898344894,1.0,22.64077633156509,18.263316965953486,2.5599458256901886,0.35069521229793643,0.18058963595055189,0.10039374840127292,0.0,0.16999999999999998,0.8414942505346381,0.5010104430308097,17.19735430715069,2.5117651292889542,13.670788567094512,7.497960171107566,37.07397058320087,68.1765544697827,53.18982852701653,14.98672594276617,0.0,0.0,0.0,0.0,0.0,0.0,0.0,0.0,0.0,0.0,0.0,0.0,0.0,-0.039370414538498544,0.0
0,spring_irrigation,春季灌溉日,55.0,3.25,0.25,33.52496729153449,24.714522201931114,5.717526644592343,0.0,5.0,-5.0,0.0,49.65041128303635,0.0,17.008232440499953,0.0,0.0,0.0,9.209611019045054,29.470755260944173,1.9058422148641145,5.717526644592343,0.0,0.0,0.0,0.0,0.00999075759268994,0.0,47.45609856521203,4.756233059013059,0.0,56.94927779521869,0.0,0.0,0.0,0.0,0.0,0.0,10.283221128857399,5.4132656812450755,10.954925971858293,4.5378223194723715,1.7681341098679377,0.0,52.0,7.8,41.0,45.0,0.0,0.5109594275100687,1.0,22.739681054071763,18.535891651448335,2.5728869900665545,0.3517423102885695,0.181036281601931,0.10052526693149218,0.0,0.17010705383806982,0.8223622812919865,0.5019096471068603,17.2608824011986,2.5203886382989684,13.720426011900624,7.6013561418747315,33.52496729153449,66.6586437235363,49.65041128303635,17.008232440499953,0.0,0.0,0.0,0.0,0.0,0.0,0.0,0.0,0.0,0.0,0.0,0.0,0.0,0.02875814305859148,0.0
0,spring_irrigation,春季灌溉日,55.0,3.5,0.25,33.68619201145847,25.13484071567412,5.776008471692146,0.0,5.0,-5.0,0.0,53.53661106658737,0.0,9.069918554918871,0.0,0.0,0.0,9.209611019045054,29.470755260944173,1.9253361572307153,5.776008471692146,0.0,0.0,0.0,0.0,0.00999075759268994,0.0,47.45609856521203,4.335914545270054,0.0,57.95058286082272,3.705481121260432,0.0,0.0,0.0,0.0,0.0,10.395009413379398,5.4545730722215575,11.010386651381435,4.54465271070702,1.7755274736669184,0.0,52.0,7.8,41.0,45.0,0.0,0.4798987010067525,1.0,22.852011782169413,18.85113053675559,2.599203812261466,0.3541019480072514,0.1817713642893209,0.10069586562510512,0.0,0.1704277569313095,0.8210398096687537,0.5037082849524012,17.330566835755373,2.5298999302997576,13.774882700325737,7.72092256250536,37.39167313271891,62.60652962150624,53.53661106658737,9.069918554918871,0.0,0.0,0.0,0.0,0.0,0.0,0.0,0.0,0.0,0.0,0.0,0.0,0.0,0.05848182709980243,0.0
0,spring_irrigation,春季灌溉日,55.0,3.75,0.25,33.98930230353338,25.530479727672162,5.738890973804599,0.0,5.0,-5.0,0.0,53.860690991494664,0.0,7.166566901910407,0.0,0.0,0.0,9.209611019045054,29.470755260944173,1.9129636579348663,5.738890973804599,0.0,0.0,0.0,0.0,0.00999075759268994,0.0,47.45609856521203,3.940275533272011,0.0,58.857423008544416,3.738823253388672,0.0,0.0,0.0,0.0,0.0,10.52885234321831,5.503240565354152,11.070173957918811,4.552511090274011,1.7839573379262563,0.0,52.0,7.8,41.0,45.0,0.0,0.46779308749592,1.0,23.06506559200668,19.147859795754123,2.58250093821207,0.3590721745252693,0.18294492505348608,0.1009154924615823,0.0,0.17096073597983846,0.8156372432552602,0.5069733510175551,17.406642386119078,2.5403434855433558,13.83434450811923,7.833847531796853,37.72812555692205,61.02725789340507,53.860690991494664,7.166566901910407,0.0,0.0,0.0,0.0,0.0,0.0,0.0,0.0,0.0,0.0,0.0,0.0,0.0,-0.03711749788754659,0.0
0,spring_irrigation,春季灌溉日,55.0,4.0,0.25,34.13122690639594,26.022295328045534,5.720979936926837,0.0,5.0,-5.0,0.0,54.012256955046176,0.0,2.6531109972022193,0.0,0.0,0.0,9.209611019045054,29.470755260944173,1.9069933123089458,5.720979936926837,0.0,0.0,0.0,0.0,0.00999075759268994,0.0,47.45609856521203,3.44845993289864,0.0,59.64700353110358,3.7544349597035533,0.0,0.0,0.0,0.0,0.0,10.687885732733138,5.560173602099747,11.134264504430655,4.56151170707277,1.793525416576284,0.0,52.0,7.8,41.0,45.0,0.0,0.43435783195068306,1.0,23.160676765623922,19.51672149603415,2.5744409716170766,0.36884904000715174,0.18476186274073983,0.10119610203089346,0.0,0.17170370868554657,0.8252691378314867,0.5126254830000944,17.48930162807971,2.5517594394515597,13.89896468147342,7.973998203402303,37.88566186609949,56.665367952248396,54.012256955046176,2.6531109972022193,0.0,0.0,0.0,0.0,0.0,0.0,0.0,-7.105427357601002e-15,0.0,0.0,0.0,0.0,0.0,-0.017911036877761966,0.0
0,spring_irrigation,春季灌溉日,55.0,4.25,0.25,34.727371820930955,26.70309655871275,5.887668691628546,0.0,5.0,-5.0,0.0,53.88680980815294,0.0,0.0,0.0,0.0,0.0,9.209611019045054,29.470755260944173,1.9625562305428488,5.887668691628546,0.0,0.0,0.0,0.0,0.00999075759268994,0.0,47.45609856521203,2.7676587022314223,0.0,60.27449897111799,2.977279980041392,0.0,0.0,0.0,0.0,0.0,10.874754103921626,5.62630005008622,11.202578404828042,4.57177415051892,1.8043357698048252,0.0,52.0,7.8,41.0,45.0,0.0,0.41305931161926557,1.0,23.564746492379037,20.02732241903456,2.649450911232846,0.38678948183408113,0.18748886089008404,0.10155190720389393,0.0,0.17265349352524473,0.8410329447815992,0.5220360565974742,17.578688325151788,2.564182625029832,13.96885867947162,8.167389407045953,37.70465180097235,53.88680980815294,53.88680980815294,0.0,0.0,0.0,0.0,0.0,0.0,0.0,0.0,-7.105427357601002e-15,0.0,0.0,0.0,0.0,0.0,0.16668875470170885,0.0
0,spring_irrigation,春季灌溉日,55.0,4.5,0.25,35.11045318179953,27.273091036303224,5.968674194383922,0.0,5.0,-5.0,0.0,53.17826451681331,0.0,0.0,0.0,0.0,0.0,9.209611019045054,29.470755260944173,1.9895580647946407,5.968674194383922,0.0,0.0,0.0,0.0,0.00999075759268994,0.0,47.45609856521203,2.197664224640949,0.0,60.76630697498467,1.8586514935813898,0.0,0.0,0.0,0.0,0.0,11.091155434430153,5.702550073337913,11.27497558216403,4.583422246266781,1.8164934350259616,0.0,52.0,7.8,41.0,45.0,0.0,0.40762808955706176,1.0,23.810107819084035,20.454818277227417,2.685903387472765,0.41745508605265513,0.19145488987766246,0.10199961937688362,0.0,0.17380602337443565,0.8853579812019879,0.5370430826777022,17.67489126345677,2.5776416298934155,14.04409935909607,8.330108088170919,36.96910467538092,53.17826451681331,53.17826451681331,0.0,0.0,0.0,0.0,0.0,0.0,0.0,0.0,0.0,0.0,0.0,0.0,0.0,0.0,0.08100550275537621,0.0
0,spring_irrigation,春季灌溉日,55.0,4.75,0.25,35.756240663806174,28.007315384815193,6.099319635586709,0.0,5.0,-5.0,0.0,55.39962183597028,0.0,0.0,0.0,0.0,0.0,9.209611019045054,29.470755260944173,2.0331065451955697,6.099319635586709,0.0,0.0,0.0,0.0,0.00999075759268994,0.0,47.45609856521203,1.4634398761289802,0.0,61.08349079207782,3.3906728503307844,0.0,0.0,0.0,0.0,0.0,11.337346951115439,5.789831926296887,11.351253244595664,4.596582676284135,1.8301028186594543,0.0,52.0,7.8,41.0,45.0,0.0,0.4246554906664994,1.0,24.242326053150347,21.005486538611393,2.744693836014019,0.46618828067955553,0.1970412849346193,0.10255866241721266,0.0,0.1751563629233656,0.928990789533267,0.5597961386447666,17.777938739539255,2.592157891187704,14.12471266182378,8.539193429209687,39.14691351413696,55.39962183597028,55.39962183597028,0.0,0.0,0.0,0.0,0.0,0.0,0.0,0.0,0.0,0.0,0.0,0.0,0.0,0.0,0.13064544120278665,0.0
0,spring_irrigation,春季灌溉日,55.0,5.0,0.25,36.39051867304592,28.73193122893821,6.1629816197507346,0.0,5.0,-5.0,0.0,53.9068473246127,0.0,0.33692437642095996,0.0,0.0,0.0,9.209611019045054,29.470755260944173,2.054327206583578,6.1629816197507346,0.0,0.0,0.0,0.0,0.00999075759268994,0.0,47.45609856521203,0.7388240320059651,0.0,61.2284197542832,1.2423996683454637,0.0,0.0,0.0,0.0,0.0,11.611671817017225,5.889003849058259,11.431144739656018,4.611383312205518,1.8452658514823517,0.0,52.0,7.8,41.0,45.0,0.0,0.4157955365743623,1.0,24.632856724622506,21.548948421703656,2.773341728887831,0.538003764129434,0.20465755566972235,0.10325134241556064,0.0,0.17669872981077805,1.0368346778780453,0.5923516079083512,17.88779390334389,2.607744852281833,14.210673958495732,8.745999262345965,37.63291834139138,54.24377170103366,53.9068473246127,0.33692437642095996,0.0,0.0,0.0,0.0,0.0,0.0,0.0,-7.105427357601002e-15,0.0,0.0,0.0,0.0,0.0,0.06366198416402558,0.0
0,spring_irrigation,春季灌溉日,55.0,5.25,0.25,37.066734863165955,29.470755260944173,6.396335996539772,0.0,5.0,-5.0,0.0,53.41844863865029,0.0,0.9957269531207373,0.0,0.0,0.0,9.209611019045054,29.470755260944173,2.132111998846591,6.396335996539772,0.0,0.0,0.0,0.0,0.00999075759268994,0.0,47.45609856521203,0.0,0.0,61.197805544406066,0.0,0.0,0.0,0.0,0.0,0.0,11.91018151168615,6.00084246145979,11.514319971713618,4.6279512574984665,1.8620799176630443,0.0,52.0,7.8,41.0,45.0,0.0,0.4171017358846539,1.0,25.069702375897155,22.10306644570813,2.8783511984428976,0.6357770566394119,0.21470035928935963,0.10410295255905022,0.0,0.17842651938487275,1.1348344163247317,0.6360100720451202,18.00435114687513,2.6244072048412277,14.301905200102695,8.957221958843595,37.066734863165955,54.41417559177103,53.41844863865029,0.9957269531207373,0.0,0.0,0.0,0.0,0.0,0.0,0.0,0.0,0.0,0.0,0.0,0.0,0.0,0.2333543767890376,0.0
0,spring_irrigation,春季灌溉日,55.0,5.5,0.25,37.77774767323253,30.026726925615385,6.49173916371255,0.0,5.0,-5.0,0.0,52.59809849826801,0.0,0.0,0.0,0.0,0.0,8.435615077961673,26.993968249477355,2.16391305457085,6.49173916371255,0.0,0.0,0.0,0.0,0.0,0.7791773074970454,47.248679100416126,0.0,3.0327586761380303,60.36911225317649,0.0,0.0,0.0,0.0,0.0,0.0,12.226433733752835,6.126008296060231,11.600387530629064,4.646410601804602,1.8806355757221045,0.0,52.0,7.8,41.0,45.0,0.0,0.4031809349175798,1.0,25.516918063750683,22.52004519421154,2.9212826236706477,0.7580794903002023,0.2274956883336088,0.10514179014121908,0.0,0.18033233298543824,1.2683360072783836,0.6905181309018604,18.12743370815577,2.642140238659179,14.398273005962542,9.117710790946656,37.77774767323253,52.59809849826801,52.59809849826801,0.0,0.0,0.0,0.0,0.0,0.0,0.0,0.0,0.0,0.0,0.0,0.0,0.0,-2.4767870114668185,0.09540316717277797,0.0
0,spring_irrigation,春季灌溉日,55.0,5.75,0.25,38.61861657784471,30.40023246453517,6.505758182881525,0.0,5.0,-5.0,0.0,50.572208414875085,0.0,0.0,0.0,0.0,0.0,8.435615077961673,26.993968249477355,2.1685860609605085,6.505758182881525,0.0,0.0,0.0,0.0,0.0,3.650609301891807,46.28563000806852,0.0,3.4062642150578135,59.44254237729785,0.0,0.0,0.0,0.0,0.0,0.0,12.55153690905619,6.265009364636482,11.688898631664683,4.666879899763706,1.9010140983968118,0.0,52.0,7.8,41.0,45.0,0.0,0.3876518515251543,1.0,26.04524395109784,22.800174348401377,2.9275911822966862,0.89741761998821,0.24322817793481943,0.1063990612206606,0.0,0.18240800962605114,1.424732320044341,0.7534026557935902,18.2567926298252,2.660929319404528,14.499587797340945,9.227598019762372,38.61861657784471,50.572208414875085,50.572208414875085,0.0,0.0,0.0,0.0,0.0,0.0,0.0,0.0,0.0,0.0,0.0,0.0,0.0,0.0,0.014019019168975078,0.0
0,spring_irrigation,春季灌溉日,55.0,6.0,0.25,39.54619450833975,30.89994142225927,6.499364700088925,0.0,5.0,-5.0,0.0,52.85565907704813,0.0,0.0,0.0,0.0,0.0,8.435615077961673,26.993968249477355,2.166454900029642,6.499364700088925,0.0,0.0,0.0,0.0,0.0,2.2926054092829364,45.679998513598925,0.0,3.9059731727819162,58.38493342906133,0.0,0.0,0.0,0.0,0.0,0.0,12.874488228218155,6.41816390702862,11.779352908350564,4.6894693965312575,1.9232848674778156,0.0,52.0,7.8,41.0,45.0,0.0,0.4051552175991847,1.0,26.620405768082502,23.174956066694453,2.9247141150400164,1.0398415852200065,0.2618659705891781,0.10790864805221334,0.0,0.1846446609406726,1.6040991808361575,0.8197809453800579,18.392107172359637,2.680749511222813,14.605604054114348,9.373332426101104,39.54619450833975,52.85565907704813,52.85565907704813,0.0,0.0,0.0,0.0,0.0,0.0,0.0,0.0,0.0,0.0,0.0,0.0,0.0,0.0,-0.0063934827925997695,0.0
0,spring_irrigation,春季灌溉日,55.0,6.25,0.25,40.40349094093911,31.25018209238194,6.44662960811691,0.0,5.0,-5.0,0.0,54.94142516253813,0.0,0.0,0.0,0.0,0.0,8.435615077961673,26.993968249477355,2.14887653603897,6.44662960811691,0.0,0.0,0.0,0.0,0.0,1.0465573924016187,45.402304673567556,0.0,4.256213842904586,57.23568468789823,0.0,0.0,0.0,0.0,0.0,0.0,13.182814114102749,6.585563710145262,11.871206032565768,4.714278032830902,1.9475026688481034,0.0,52.0,7.8,41.0,45.0,0.0,0.42114326934206153,1.0,27.169979011661194,23.437636569286454,2.9009833236526097,1.166651125422415,0.2830937729120657,0.10970671546551213,0.0,0.18703270924499654,1.7460374717873568,0.8829106526379988,18.532986734244773,2.701565356964037,14.716021735206509,9.477743708886075,40.40349094093911,54.94142516253813,54.94142516253813,0.0,0.0,0.0,0.0,0.0,0.0,0.0,0.0,0.0,0.0,0.0,0.0,0.0,0.0,-0.05273509197201509,0.0
0,spring_irrigation,春季灌溉日,55.0,6.5,0.25,40.98663085096968,31.534733096161908,6.390035578299934,0.0,5.0,-5.0,0.425613180578452,56.961466314835825,-1.887379141862766e-15,0.0,0.0,0.0,0.0,8.435615077961673,26.993968249477355,2.1300118594333113,6.390035578299934,0.0,0.0,0.0,0.0,0.8348217070496116,0.0,45.59830471375816,0.0,4.540764846684553,56.01212872800571,0.0,0.0,0.0,0.0,0.0,0.0,13.463475198606309,6.767039592302193,11.963879061509983,4.741390273451254,1.9737049418543704,0.0,52.0,7.8,41.0,45.0,0.012644453546798263,0.43662751884173095,1.0,27.533288724455172,23.65104982212143,2.8755160102349704,1.2581976077414447,0.30626928689909055,0.11183113515097548,0.0,0.18956192854956397,1.8722202522074198,0.9354895172968327,18.67897427681561,2.723330823810385,14.830488861281012,9.564303378335223,40.98663085096968,57.38707949541428,57.38707949541428,-1.887379141862766e-15,0.0,0.0,0.0,0.0,0.0,0.0,0.0,0.0,0.0,0.0,0.0,0.0,0.0,-0.05659402981697603,0.0
0,spring_irrigation,春季灌溉日,55.0,6.75,0.25,41.85974855555705,31.60896901504841,6.519038382429256,0.0,5.0,-5.0,1.750817153591207,62.01738683179418,-3.1086244689504383e-15,0.0,0.0,0.0,0.0,8.435615077961673,26.993968249477355,2.1730127941430855,6.519038382429256,0.0,0.0,0.0,0.0,6.29982755772358,0.0,47.09223384348182,0.0,4.615000765571054,54.76964877796512,0.0,0.0,0.0,0.0,0.0,0.0,13.703950287135397,6.9621308066597605,12.056769332108987,4.7708728142498655,2.0019090454130857,0.0,52.0,7.8,41.0,45.0,0.05201466302672687,0.4753827365985737,1.0,28.10834370863253,23.706726761286305,2.9335672720931654,1.2988132418783518,0.3304178258312285,0.11432071156928099,0.0,0.1922214883490199,1.952443347396278,0.9713761670832047,18.829551191771937,2.745989416408933,14.948605211997318,9.592524777527899,41.85974855555705,63.768203985385384,63.768203985385384,-3.1086244689504383e-15,0.0,0.0,0.0,0.0,0.0,0.0,0.0,0.0,0.0,0.0,0.0,0.0,0.0,0.12900280412932208,0.0
0,spring_irrigation,春季灌溉日,55.0,7.0,0.25,50.9334578002304,31.557944630972827,6.413659027222999,0.0,5.0,-5.0,3.0976110769827585,61.89417118556764,-3.1086244689504383e-15,0.0,0.0,0.0,0.0,8.435615077961673,26.993968249477355,2.137886342407666,6.413659027222999,0.0,0.0,0.0,0.0,0.0,1.5151769580493397,46.69114845335561,0.0,4.563976381495472,53.54121753739312,0.0,0.0,0.0,0.0,0.0,0.0,13.893374905863718,7.170060210492144,12.149262642904743,4.802771233561842,2.0321096105102945,8.5,88.0,13.2,41.0,45.0,0.09202628385644349,0.4744382499942961,1.0,34.26579675249421,23.66845847322962,2.8861465622503495,1.2811887396414174,0.35427584207169344,0.11721420006985696,0.0,0.195,1.994274235367669,0.9871519283875527,18.98414348697688,2.769474453501965,15.069927041896296,9.586225925249192,50.9334578002304,64.9917822625504,64.9917822625504,-3.1086244689504383e-15,0.0,0.0,0.0,0.0,0.0,0.0,0.0,0.0,0.0,0.0,0.0,0.0,0.0,-0.10537935520625741,0.0
0,spring_irrigation,春季灌溉日,55.0,7.25,0.25,51.28626013060058,31.434463668037214,6.556518851346244,0.0,5.0,-5.0,4.6699024336799795,59.739076013290386,-6.217248937900877e-15,0.0,0.0,0.0,0.0,8.435615077961673,26.993968249477355,2.185506283782081,6.556518851346244,0.0,0.0,0.0,0.0,0.0,2.498403045373971,46.031339410308206,0.0,4.440495418559859,52.345895502687625,0.0,0.0,0.0,0.0,0.0,0.0,14.02358873439263,7.3897170589453705,12.240746385326313,4.837106663981148,2.0642760546006094,8.5,88.0,13.2,41.0,45.0,0.13873716107779852,0.457918769039605,1.0,34.53929743735036,23.57584775102791,2.95043348310581,1.208521723979536,0.37638640132848006,0.12054911680174364,0.0,0.19788556548904995,1.9386735707602551,0.9829385766589404,19.14212910390807,2.7937094977678982,15.19397267089075,9.560188049997022,51.28626013060058,64.40897844697037,64.40897844697037,-6.217248937900877e-15,0.0,0.0,0.0,0.0,0.0,0.0,0.0,0.0,0.0,0.0,0.0,0.0,0.0,0.14285982412324483,0.0
0,spring_irrigation,春季灌溉日,55.0,7.5,0.25,51.50420239694296,31.304975522529848,6.618355642941122,0.0,5.0,-5.0,6.544876239057153,60.26791258915414,6.217248937900877e-15,0.0,0.0,0.0,0.0,8.435615077961673,26.993968249477355,2.2061185476470406,6.618355642941122,0.0,0.0,0.0,0.0,0.0,0.33314719434037166,45.94136752903759,0.0,4.311007273052493,51.18524695676457,0.0,0.0,0.0,0.0,0.0,0.0,14.08994854284147,7.6196492000371485,12.330623214504621,4.87387256931688,2.098350337462102,8.5,88.0,13.2,41.0,45.0,0.19444036827484507,0.4619724673892208,1.0,34.7346146040221,23.478731641897387,2.978260039323505,1.0935693113297744,0.39523953379082516,0.1243603509825903,0.0,0.20086582838174552,1.8388335461251537,0.9621637854659881,19.3028461212836,2.8186089224592554,15.320228759898836,9.533006012596887,51.50420239694296,66.8127888282113,66.8127888282113,6.217248937900877e-15,0.0,0.0,0.0,0.0,0.0,0.0,0.0,0.0,0.0,0.0,0.0,0.0,0.0,0.06183679159487809,0.0
0,spring_irrigation,春季灌溉日,55.0,7.75,0.25,51.56312231371247,31.129844779609794,6.875269657263147,0.0,5.0,-5.0,8.375741549989598,61.55975407980712,1.7763568394002505e-15,0.0,0.0,0.0,0.0,8.435615077961673,26.993968249477355,2.2917565524210493,6.875269657263147,0.0,0.0,0.0,0.0,2.645001685701528,0.0,46.567258361015256,0.0,4.135876530132439,50.07126577272502,0.0,0.0,0.0,0.0,0.0,0.0,14.091790605071209,7.858066262934199,12.418324788782202,4.91303171864422,2.134245039963459,8.5,88.0,13.2,41.0,45.0,0.2488331653754097,0.47187483790902085,1.0,34.83248041177779,23.347383584707345,3.093871345768416,0.9549900336531558,0.40944004406941015,0.12867860273305876,0.0,0.20392802673484192,1.7071171647525585,0.9303969104850444,19.46560154738988,2.8440785928017847,15.448157042057838,9.493563182975702,51.56312231371247,69.93549562979672,69.93549562979672,1.7763568394002505e-15,0.0,0.0,0.0,0.0,0.0,0.0,0.0,0.0,0.0,0.0,0.0,0.0,0.0,0.25691401432202543,0.0
0,spring_irrigation,春季灌溉日,55.0,8.0,0.25,51.52016406462423,30.69976335235941,7.094792224085619,0.0,5.0,-5.0,9.994723813047003,62.42586403540568,0.0,0.0,0.0,0.0,0.0,8.435615077961673,26.993968249477355,2.364930741361873,7.094792224085619,0.0,0.0,0.0,0.0,3.752288703641368,0.0,47.45609856521203,0.0,3.7057951028820533,49.071020902238125,1.3475892608635358,0.0,0.0,0.0,0.0,0.0,14.032475082815562,8.102855139861996,12.503325061083858,4.95451345430169,2.1718418466392184,8.5,90.64,13.596,41.0,45.0,0.2969311730322622,0.47851384258047586,1.0,34.850888929332015,23.024822514269555,3.192656500838529,0.812414643161973,0.4178774111665697,0.13352868346558616,0.0,0.20705904774487396,1.583182144135906,0.8937412233999471,19.629680362024764,2.8700166353649954,15.5772012479251,9.38322634739983,52.86775332548777,72.42058784845268,72.42058784845268,0.0,0.0,0.0,0.0,0.0,0.0,0.0,0.0,0.0,0.0,0.0,0.0,0.0,0.0,0.21952256682247206,0.0
0,spring_irrigation,春季灌溉日,55.0,8.25,0.25,51.72194985271184,30.192944859892208,7.464811279628644,0.0,5.0,-5.0,2.815322470202517,64.84050364460657,9.095573013005787,0.0,0.0,0.0,0.0,8.435615077961673,26.993968249477355,2.4882704265428814,7.464811279628644,0.0,0.0,0.0,0.0,0.00999075759268994,0.0,47.45609856521203,0.0,3.198976610414853,48.20464944167784,0.0,0.0,0.0,0.0,0.0,0.0,13.919006017567334,8.351608664873236,12.585152578427813,4.998211352998994,2.210990509706667,8.5,90.64,13.596,41.0,45.0,0.3538583190339812,0.4970228131121519,1.0,35.04148305411164,22.644708644919156,3.3591650758328897,0.6820255701897687,0.41986922511788133,0.13892773002937972,0.0,0.2102454838991936,1.4512182641353317,0.8573855738796117,19.79435444113347,2.8963142650866227,15.70679394174163,9.25185976075694,51.72194985271184,76.75139912781488,67.65582611480909,9.095573013005787,0.0,0.0,0.0,0.0,0.0,0.0,0.0,7.105427357601002e-15,0.0,0.0,0.0,0.0,0.0,0.3700190555430245,0.0
0,spring_irrigation,春季灌溉日,55.0,8.5,0.25,51.674161538942,29.499707947268448,7.656732568307721,0.0,5.0,-5.0,1.866887453223157,65.80512411070912,11.809897162797776,0.0,0.0,0.0,0.0,8.435615077961673,26.993968249477355,2.552244189435907,7.656732568307721,0.0,0.0,0.0,0.0,0.00999075759268994,0.0,47.45609856521203,0.0,2.5057396977910926,47.52114193332777,0.0,0.0,0.0,0.0,0.0,0.0,13.761282916034316,8.601667897852723,12.663401241641536,5.0439813785173095,2.2515083660373563,8.5,90.64,13.596,41.0,45.0,0.4063207523597026,0.5044169317679178,1.0,35.044352036979305,22.124780960451336,3.4455296557384743,0.5739587727280717,0.4152525118512524,0.1448833975799133,0.0,0.2134736903889974,1.3512282381521,0.8247573924421712,19.958890986196202,2.922856637658318,15.836362977552179,9.068708241403275,51.674161538942,79.48190872673005,67.67201156393227,11.809897162797776,0.0,0.0,0.0,0.0,0.0,0.0,0.0,0.0,0.0,0.0,0.0,0.0,0.0,0.19192128867907687,0.0
0,spring_irrigation,春季灌溉日,55.0,8.75,0.25,51.77483870205231,28.823617236712327,7.859747037572929,0.0,5.0,-5.0,9.194679766307956,64.34091270771545,6.067594112450152,0.0,0.0,0.0,0.0,8.435615077961673,26.993968249477355,2.6199156791909766,7.859747037572929,0.0,0.0,0.0,0.0,0.00999075759268994,0.0,47.45609856521203,0.0,1.8296489872349717,47.01589478677296,5.695232257225753,0.0,0.0,0.0,0.0,0.0,13.571091784309521,8.850177843718843,12.737738998600635,5.0916406205124645,2.293180469561384,8.5,90.64,13.596,41.0,45.0,0.4534237234293037,0.4931932917651255,1.0,35.14465764110757,21.617712927534246,3.536886166907818,0.4919126864879048,0.40440605326845586,0.15139210845489745,0.0,0.21672984353849284,1.2641655923789241,0.7973999265296616,20.122560088674483,2.949523694827824,15.965337290633412,8.890716560441499,57.47007095927806,79.60318658647356,73.5355924740234,6.067594112450152,0.0,0.0,0.0,0.0,0.0,0.0,0.0,7.105427357601002e-15,0.0,0.0,0.0,0.0,0.0,0.2030144692652085,0.0
0,spring_irrigation,春季灌溉日,55.0,9.0,0.25,51.861688572288884,28.271077324931404,8.051125934857927,0.0,5.0,-5.0,9.11477608419112,64.58101271155654,7.71540089759322,0.0,0.0,0.0,0.0,8.435615077961673,26.993968249477355,2.683708644952642,8.051125934857927,0.0,0.0,0.0,0.0,0.00999075759268994,0.0,47.45609856521203,0.0,1.2771090754540495,46.656305503733776,5.704785742951778,0.0,0.0,0.0,0.0,0.0,13.36097555473296,9.094155795212528,12.807913992790407,5.14096670648026,2.3357603896906465,8.5,90.64,13.596,41.0,45.0,0.5000042309341501,0.49503373365915243,1.0,35.224865979884676,21.20330799369855,3.6230066706860673,0.43447553658645727,0.38819956323346444,0.15843744412450295,0.0,0.22,1.2007089427242774,0.7753998317807377,20.284641088961315,2.976190972033238,16.09315176252681,8.747615857643531,57.56647431524066,81.41118969334087,73.69578879574766,7.71540089759322,0.0,0.0,0.0,0.0,0.0,0.0,0.0,-7.105427357601002e-15,0.0,0.0,0.0,0.0,0.0,0.19137889728499768,0.0
0,spring_irrigation,春季灌溉日,55.0,9.25,0.25,52.14430769194282,27.682308475384684,8.253797591102543,0.0,5.0,-5.0,9.790895389191846,64.2861578481199,8.620015371059342,0.0,0.0,0.0,0.0,8.435615077961673,26.993968249477355,2.751265863700848,8.253797591102543,0.0,0.0,0.0,0.0,0.00999075759268994,0.0,47.45609856521203,-0.0,0.6883402259073269,46.451835186269456,5.73587384611371,0.0,0.0,0.0,0.0,0.0,13.143131265968776,9.330570809099097,12.87375776517024,5.191697962944294,2.3789717117764724,8.5,90.64,13.596,41.0,45.0,0.5469659223096708,0.4927735785794151,1.0,35.431190545603926,20.76173135653851,3.7142089159961444,0.3972386297419336,0.36787933598267625,0.1659887734732613,0.0,0.22327015646150716,1.1543886548222217,0.7580456003619169,20.444427439891005,3.002730341741225,16.219250937443938,8.594597118263021,57.88018153805653,82.69706860837108,74.07705323731174,8.620015371059342,0.0,0.0,0.0,0.0,-0.0,0.0,0.0,0.0,0.0,0.0,0.0,0.0,0.0,0.20267165624461647,0.0
0,spring_irrigation,春季灌溉日,55.0,9.5,0.25,52.422659025610464,26.94432212070009,8.426033331530848,0.0,5.0,-5.0,13.29838253739895,61.12953817851708,6.55058797524628,0.0,0.0,0.0,0.0,8.420100662718779,26.944322120700097,2.8086777771769493,8.426033331530848,0.0,0.0,0.0,0.0,0.00999075759268994,0.0,47.45609856521203,-0.0,0.0,46.428609268676325,5.766492492817151,0.0,0.0,0.0,0.0,0.0,12.928464489322701,9.556432141060757,12.935185210193577,5.2435343874494835,2.422510258669528,8.5,90.64,13.596,41.0,45.0,0.5896889406897725,0.46857709798588965,1.0,35.63319891845433,20.208241590525066,3.7917149991888817,0.3748153393621879,0.3449114544417721,0.17400021229129375,0.0,0.2265263096110026,1.1156364574108903,0.7444235720786231,20.60122985631259,3.0290106718714322,16.343091423399606,8.3999447913525,58.189151518427614,80.97850869116232,74.42792071591603,6.55058797524628,0.0,0.0,0.0,0.0,0.0,0.0,0.0,0.0,7.105427357601002e-15,0.0,0.0,0.0,-0.04964612877725827,0.17223574042830414,0.0
0,spring_irrigation,春季灌溉日,55.0,9.75,0.25,52.97817152731226,26.06124880408897,8.792396595079035,0.0,5.0,-5.0,17.76483197148802,57.40182870916641,3.6232440827108228,0.0,0.0,0.0,0.0,8.420100662718779,26.944322120700097,2.930798865026345,8.792396595079035,0.0,0.0,0.0,0.0,0.00999075759268994,0.0,47.45609856521203,0.883073316611128,0.0,46.615124876737134,5.827598868004349,0.0,0.0,0.0,0.0,0.0,12.72589555881178,9.76888380871087,12.99219111378107,5.29613947520614,2.4660470335489744,8.5,90.64,13.596,41.0,45.0,0.6354139074244607,0.44000303481888353,1.0,36.01197304566491,19.54593660306673,3.9565784677855658,0.36224615469123167,0.3208102055141221,0.18241000511889055,0.0,0.2297545161008064,1.0984892438412055,0.733789092904584,20.754377622536186,3.054898386571608,16.46414288158178,8.164729289200217,58.805770395316614,78.78990476336526,75.16666068065443,3.6232440827108228,0.0,0.0,0.0,0.0,0.0,0.0,0.0,0.0,0.0,0.0,0.0,0.0,0.0,0.3663632635481875,0.0
0,spring_irrigation,春季灌溉日,55.0,10.0,0.25,53.39981397829234,25.143557965699777,9.037600996984672,0.0,5.0,-5.0,12.192375969239976,57.65006309502539,10.837731697086607,0.0,0.0,0.0,0.0,8.420100662718779,26.944322120700097,3.0125336656615573,9.037600996984672,0.0,0.0,0.0,0.0,0.00999075759268994,0.0,47.45609856521203,1.8007641550003193,0.0,47.01949880111134,0.0,0.0,0.0,0.0,0.0,0.0,12.541965635788236,9.965301861921935,13.044843247787504,5.349142923597687,2.5092318638689,8.5,90.64,13.596,41.0,45.0,0.6841966834035905,0.44190582930436495,1.0,36.30173696067479,18.85766847427483,4.066920448643103,0.3556772217697184,0.2969797587686923,0.1911404109966581,0.0,0.23294095225512604,1.0821024674424358,0.7256931332968481,20.903218035254092,3.080257926033242,16.581887589553872,7.919789399780155,53.39981397829234,80.68017076135197,69.84243906426536,10.837731697086607,0.0,0.0,0.0,0.0,0.0,0.0,0.0,-7.105427357601002e-15,0.0,0.0,0.0,0.0,0.0,0.24520440190563697,0.0
0,spring_irrigation,春季灌溉日,55.0,10.25,0.25,53.6370571756571,24.60294290294706,9.280896920387645,0.0,5.0,-5.0,21.974075505821283,54.08678168626545,2.6060696409209143,0.0,0.0,0.0,0.0,8.420100662718779,26.944322120700097,3.093632306795882,9.280896920387645,0.0,0.0,0.0,0.0,0.00999075759268994,0.0,47.45609856521203,2.341379217753037,0.0,47.55206661592713,5.900076289322281,0.0,0.0,0.0,0.0,0.0,12.380743076434058,10.143390452515625,13.093272156171755,5.402144214755273,2.551697705165552,8.5,90.64,13.596,41.0,45.0,0.7302464248384634,0.4145921588338332,1.0,36.45786602632388,18.452207177210294,4.176403614174441,0.3524724560719592,0.27459184007861787,0.20009815907917758,0.0,0.23607197326515808,1.081278262612249,0.7199363654533781,21.04711407609258,3.104952112532981,16.695818654222702,7.780301136935399,59.53713346497938,78.66692683300764,76.06085719208673,2.6060696409209143,0.0,0.0,0.0,0.0,0.0,0.0,0.0,0.0,0.0,0.0,0.0,0.0,0.0,0.24329592340297346,0.0
0,spring_irrigation,春季灌溉日,55.0,10.5,0.25,53.839145477125896,24.000090684499778,9.67946087136423,0.0,5.0,-5.0,19.03450549550338,51.461218359055394,6.617939555387874,0.0,0.0,0.0,0.0,8.420100662718779,26.944322120700097,3.2264869571214096,9.67946087136423,0.0,0.0,0.0,0.0,0.00999075759268994,0.0,47.45609856521203,2.944231436200319,0.0,48.22754554871675,0.0,0.0,0.0,0.0,0.0,0.0,12.243990427374488,10.301272447607232,13.137657935373054,5.454717051666488,2.5930655422873583,8.5,90.64,13.596,41.0,45.0,0.7621031598855816,0.39446639179712717,1.0,36.60254709210783,18.000068013374833,4.355757392113904,0.35101152825459386,0.25451288892042506,0.209175518748274,0.0,0.23913417161825448,1.065471057914676,0.7164484870441937,21.1854405293269,3.128842440847953,16.80543704447106,7.623154553404983,53.839145477125896,77.11366340994665,70.49572385455878,6.617939555387874,0.0,0.0,0.0,0.0,0.0,0.0,0.0,0.0,0.0,0.0,0.0,0.0,0.0,0.3985639509765839,0.0
0,spring_irrigation,春季灌溉日,55.0,10.75,0.25,53.8474553664205,23.56884965965739,10.055622750969636,0.0,5.0,-5.0,26.47704486483203,49.726012342287824,-7.105427357601002e-15,0.0,0.0,0.0,0.0,8.420100662718779,26.944322120700097,3.351874250323212,10.055622750969636,0.0,0.0,0.0,0.0,0.00999075759268994,0.0,47.45609856521203,3.3754724610427083,0.0,49.00510648544004,5.573636170064681,0.0,0.0,0.0,0.0,0.0,12.13152537563986,10.437570155756214,13.178214476875885,5.506414597592846,2.632949805109906,8.5,90.64,13.596,41.0,45.0,0.7866010244204669,0.3811654930177161,1.0,36.61514069588208,17.67663724474304,4.5250302379363365,0.35038876324551826,0.23728359385543868,0.21825200253686833,0.0,0.24211443451095005,1.053380957628211,0.7151700979033224,21.317578879578637,3.1517893219159974,16.91024770557217,7.513722037431281,59.42109153648518,76.20305720711985,76.20305720711985,-7.105427357601002e-15,0.0,0.0,0.0,0.0,0.0,0.0,0.0,-7.105427357601002e-15,0.0,0.0,0.0,0.0,0.0,0.3761618796054069,0.0
0,spring_irrigation,春季灌溉日,55.0,11.0,0.25,53.99268162686749,23.099996165984862,10.428476328402521,0.0,5.0,-5.0,26.62627242135237,50.21185438091618,0.09076205140890892,0.0,0.0,0.0,0.0,8.420100662718779,26.944322120700097,3.4761587761341737,10.428476328402521,0.0,0.0,0.0,0.0,0.00999075759268994,0.0,47.45609856521203,3.8443259547152344,0.0,49.893631346442184,5.939194978955424,0.0,0.0,0.0,0.0,0.0,12.041697361012574,10.551471760801707,13.2151717944272,5.55677544278461,2.670964196758464,8.5,72.10000000000001,10.815000000000001,41.0,45.0,0.7937308258167759,0.38488962474393984,1.0,36.713761951811684,17.324997124488647,4.692814347781135,0.35014036563891043,0.22314427820839497,0.2271966900143889,0.0,0.245,1.0547627914568458,0.7159771437324451,21.442911433970274,3.173652318319356,17.009755102114074,7.393314517315055,59.93187660582291,76.92888885367745,76.83812680226855,0.09076205140890892,0.0,0.0,0.0,0.0,0.0,0.0,0.0,0.0,0.0,0.0,0.0,0.0,0.0,0.3728535774328847,0.0
0,spring_irrigation,春季灌溉日,55.0,11.25,0.25,53.942591386744134,22.673141865177087,10.79683717980791,0.0,5.0,-5.0,24.269461862396902,46.702166671261345,2.543442645854448,0.0,0.0,0.0,0.0,8.420100662718779,26.944322120700097,3.598945726602637,10.79683717980791,0.0,0.0,0.0,0.0,0.00999075759268994,0.0,47.45609856521203,4.27118025552301,0.0,50.88308984145568,0.0,0.0,0.0,0.0,0.0,0.0,11.97190422964634,10.642779306211432,13.248757192427256,5.605330197525103,2.7067278155469197,8.5,72.10000000000001,10.815000000000001,41.0,45.0,0.7965790087810267,0.3579867667994845,1.0,36.67491364711782,17.004856398882815,4.85857673091356,0.350047623010648,0.21209316974828513,0.23587112835802132,0.0,0.2477785116509801,1.0657411534358465,0.7186554884681766,21.560815205499278,3.1942904180661116,17.10345860715863,7.284117144850039,53.942591386744134,73.51507117951269,70.97162853365825,2.543442645854448,0.0,0.0,0.0,0.0,0.0,0.0,0.0,7.105427357601002e-15,0.0,0.0,0.0,0.0,0.0,0.36836085140538977,0.0
0,spring_irrigation,春季灌溉日,55.0,11.5,0.25,53.783992172987055,22.111700861087602,11.08961317963175,0.0,5.0,-5.0,26.93948756849303,45.37481148044012,-7.105427357601002e-15,0.0,0.0,0.0,0.0,8.420100662718779,26.944322120700097,3.6965377265439163,11.08961317963175,0.0,0.0,0.0,0.0,0.00999075759268994,0.0,47.45609856521203,4.832621259612495,0.0,52.005395845692924,1.4036777290907123,0.0,0.0,0.0,0.0,0.0,11.919086719363866,10.711934555504651,13.279176136549788,5.6516085873581305,2.739871437972284,8.5,72.10000000000001,10.815000000000001,41.0,45.0,0.800339638615991,0.3478121726205594,1.0,36.56580438333275,16.583775645815702,4.990325930834287,0.35001522467731677,0.2039618865278847,0.24413273252502546,0.0,0.25043807145043606,1.073859662728637,0.7229142763570173,21.670656161880203,3.2135623984643407,17.19084820697687,7.136581786928191,55.187669902077765,72.31429904893315,72.31429904893315,-7.105427357601002e-15,0.0,0.0,0.0,0.0,0.0,0.0,0.0,0.0,0.0,0.0,0.0,0.0,0.0,0.2927759998238386,0.0
0,spring_irrigation,春季灌溉日,55.0,11.75,0.25,53.47029135443191,21.75866822072004,11.499846542500649,0.0,5.0,-5.0,27.604284818886846,44.0090540056841,0.0,0.0,0.0,0.0,0.0,8.420100662718779,26.944322120700097,3.8332821808335495,11.499846542500649,0.0,0.0,0.0,0.0,0.00999075759268994,0.0,47.45609856521203,5.185653899980057,0.0,53.210985949015345,0.8796738689940184,0.0,0.0,0.0,0.0,0.0,11.880157948958125,10.760019773780916,13.30659375449952,5.695146905883207,2.77004381981523,8.5,72.10000000000001,10.815000000000001,41.0,45.0,0.8200899619946499,0.3373432128812461,1.0,36.35516080501471,16.31900116554003,5.174930944125292,0.3500047224934111,0.19849321770552364,0.2518385768315622,0.0,0.25296729075500346,1.0780262744576525,0.7284205506322197,21.771784480197958,3.23132733395827,17.271401017836148,7.04664674183901,54.349965223425926,71.61333882457095,71.61333882457095,0.0,0.0,0.0,0.0,0.0,0.0,0.0,0.0,0.0,0.0,0.0,0.0,0.0,0.0,0.4102333628688992,0.0
0,spring_irrigation,春季灌溉日,55.0,12.0,0.25,45.00267795030603,21.704757811643358,11.956823578765533,0.0,5.0,-5.0,19.52276467388497,42.89561255632104,9.105462979033991,0.0,0.0,0.0,0.0,8.420100662718779,26.944322120700097,3.985607859588511,11.956823578765533,0.0,0.0,0.0,0.0,0.00999075759268994,0.0,47.45609856521203,5.239564309056739,0.0,54.428776979441814,0.0,0.0,0.0,0.0,0.0,0.0,11.852345670946532,10.788731421297669,13.331117917380272,5.735495663618433,2.7969178662134566,0.0,72.10000000000001,10.815000000000001,41.0,45.0,0.850510066893421,0.3288083346756211,1.0,30.59873541346495,16.278568358732517,5.38057061044449,0.3500018425823887,0.19540945508670923,0.2588494424652272,0.0,0.2553553390593274,1.0851837154893365,0.734839333789598,21.86353144721216,3.247445300103911,17.344579109942153,7.039617056268037,45.00267795030603,71.52384020924,62.41837723020601,9.105462979033991,0.0,0.0,0.0,0.0,0.0,0.0,0.0,0.0,0.0,0.0,0.0,0.0,0.0,0.4569770362648846,0.0
0,spring_irrigation,春季灌溉日,55.0,12.25,0.25,45.33123962689603,21.55354131365454,12.214926760119138,0.0,5.0,-5.0,28.569544069188538,39.24986559035058,1.0341293913324172,0.0,0.0,0.0,0.0,8.420100662718779,26.944322120700097,4.071642253373046,12.214926760119138,0.0,0.0,0.0,0.0,0.00999075759268994,0.0,47.45609856521203,5.390780807045555,0.0,55.68187303262542,4.986436358958563,0.0,0.0,0.0,0.0,0.0,11.833443013426221,10.800325898479315,13.352784825942283,5.772227258905498,2.8201965198794525,0.0,72.10000000000001,10.815000000000001,41.0,45.0,0.8794893837108171,0.30086253982409616,1.0,30.826062420239634,16.165155985240908,5.4967170420536124,0.350002019544594,0.1944638343970377,0.2650339640317652,0.0,0.25759199037394886,1.089777758017714,0.7418683494023743,21.945208604727235,3.261778320089543,17.409829101206913,7.004405122114013,50.31767598585459,68.85353905087153,67.81940965953912,1.0341293913324172,0.0,0.0,0.0,0.0,0.0,0.0,0.0,1.4210854715202004e-14,0.0,0.0,0.0,0.0,0.0,0.2581031813536043,0.0
0,spring_irrigation,春季灌溉日,55.0,12.5,0.25,45.654003789557734,21.311179539268846,12.565022723399585,0.0,5.0,-5.0,30.156928645660138,38.124185264893576,3.552713678800501e-15,0.0,0.0,0.0,0.0,8.420100662718779,26.944322120700097,4.188340907799861,12.565022723399585,0.0,0.0,0.0,0.0,0.00999075759268994,0.0,47.45609856521203,5.633142581431251,0.0,56.99190345919903,5.008677792884647,0.0,0.0,0.0,0.0,0.0,11.821976393498934,10.797537794281572,13.371547949118714,5.804943489303339,2.8396182196477957,0.0,72.10000000000001,10.815000000000001,41.0,45.0,0.8959259270493246,0.29223384679157094,1.0,31.060989157534433,15.983384654451633,5.654260225529813,0.3500048720286048,0.19547189749004207,0.27027270440321777,0.0,0.2596676670145618,1.0779340741832302,0.7492617510797708,22.01610965806985,3.2741915902913616,17.466583919259882,6.942657029676147,50.66268158244238,68.28111391055371,68.28111391055371,3.552713678800501e-15,0.0,0.0,0.0,0.0,0.0,0.0,0.0,0.0,0.0,0.0,0.0,0.0,0.0,0.350095963280447,0.0
0,spring_irrigation,春季灌溉日,55.0,12.75,0.25,45.63987510437309,21.38113999155265,12.964867024393127,0.0,5.0,-5.0,25.102752961840025,38.28883590430891,5.083344341965933,0.0,0.0,0.0,0.0,8.420100662718779,26.944322120700097,4.3216223414643755,12.964867024393127,0.0,0.0,0.0,0.0,0.00999075759268994,0.0,47.45609856521203,5.563182129147446,0.0,58.28466326314195,0.0,0.0,0.0,0.0,0.0,0.0,11.817306347957976,10.783472513305995,13.387271035800197,5.833282719853247,2.8549617893015853,0.0,72.10000000000001,10.815000000000001,41.0,45.0,0.8967924926534395,0.29349594562460074,1.0,31.06102063112031,16.035854993664486,5.834190160976908,0.3500130695334892,0.19832300244981288,0.2744619822057419,0.0,0.26157348061512725,1.0749054506978248,0.7568412666211288,22.07551554495503,3.284555007515957,17.514267035295088,6.967274937297288,45.63987510437309,68.47493320811486,63.391588866148936,5.083344341965933,0.0,0.0,0.0,0.0,0.0,0.0,0.0,0.0,0.0,0.0,0.0,0.0,0.0,0.39984430099354284,0.0
0,spring_irrigation,春季灌溉日,55.0,13.0,0.25,45.64339523938965,21.522666358608458,13.323389565370968,0.0,5.0,-5.0,29.72569737155856,34.90734038159223,3.552713678800501e-15,0.0,0.0,0.0,0.0,8.420100662718779,26.944322120700097,4.441129855123656,13.323389565370968,0.0,0.0,0.0,0.0,0.00999075759268994,0.0,47.45609856521203,5.421655762091639,0.0,59.54316417500715,1.1184212383260146,0.0,0.0,0.0,0.0,0.0,11.819678560682954,10.761476624226027,13.399725748880876,5.856926528266881,2.8660506289992798,0.0,72.10000000000001,10.815000000000001,41.0,45.0,0.8831145667293897,0.2675757210310555,1.0,31.06902878058262,16.141999768956342,5.995525304416936,0.35003405977431595,0.2029744745328078,0.27751728101390494,0.0,0.26330127018922195,1.0779055807185238,0.7644958126862513,22.122702906147037,3.292745003333585,17.552299351316083,7.01078981589159,46.76181647771566,64.63303775315079,64.63303775315079,3.552713678800501e-15,0.0,0.0,0.0,0.0,0.0,0.0,0.0,0.0,0.0,0.0,0.0,0.0,0.0,0.358522540977841,0.0
0,spring_irrigation,春季灌溉日,55.0,13.25,0.25,45.5075791648811,21.42574102591108,13.667373948664277,0.0,5.0,-5.0,28.594730476875263,36.691480299059016,-3.552713678800501e-15,0.0,0.0,0.0,0.0,8.420100662718779,26.944322120700097,4.555791316221426,13.667373948664277,0.0,0.0,0.0,0.0,0.00999075759268994,0.0,47.45609856521203,5.518581094789017,0.0,60.82405560293204,1.7927488745202822,0.0,0.0,0.0,0.0,0.0,11.830239561465014,10.73499070347649,13.408594260438436,5.87560565654106,2.8727560982735967,0.0,72.10000000000001,10.815000000000001,41.0,45.0,0.8495149062504684,0.2812517135191056,1.0,30.985183992886217,16.06930576943331,6.150318276898925,0.350085097747448,0.20943208902271285,0.27937608381466644,0.0,0.26484363707663444,1.076679435906535,0.7721721771835084,22.156956015253094,3.2986466710501943,17.580108778524284,6.986352037467635,47.300328039401386,65.28621077593428,65.28621077593428,-3.552713678800501e-15,0.0,0.0,0.0,0.0,0.0,0.0,0.0,0.0,0.0,0.0,0.0,0.0,0.0,0.34398438329330894,0.0
0,spring_irrigation,春季灌溉日,55.0,13.5,0.25,52.03617056265846,21.359712570217447,13.655289855863748,0.0,3.037571923164916,-3.037571923164916,27.379880832575083,38.03692715912196,0.0,0.0,0.0,0.0,0.0,6.885586780942599,22.033877699016315,4.551763285287916,13.655289855863748,0.0,0.0,0.0,0.0,0.0,1.094284560356855,47.16575613913723,0.6741651287988688,0.0,60.95375779322031,0.0,0.0,0.0,0.0,0.0,0.0,11.851026006933896,10.70739075522518,13.413476908468702,5.889105113564341,2.875,6.5,72.10000000000001,10.815000000000001,41.0,45.0,0.8134231905925541,0.29156498602153197,1.0,35.4326511401785,16.019784427663083,6.1448804351386865,0.350203606031187,0.217721019296692,0.28,0.0,0.2661939766255643,1.076183964473734,0.779860253412886,22.177582022033043,3.3021561494578253,17.59714238627092,6.969347928746033,52.03617056265846,65.41680799169704,65.41680799169704,0.0,0.0,0.0,0.0,0.0,0.0,0.0,0.0,0.0,0.0,0.0,1.9624280768350841,0.0,-4.910444421683781,-0.012084092800529689,0.0
0,spring_irrigation,春季灌溉日,55.0,13.75,0.25,52.10776840208903,21.493545416933905,13.752246308236263,0.0,3.0375719231649327,-3.0375719231649327,26.140468231720888,40.980300640031814,-3.552713678800501e-15,0.0,0.0,0.0,0.0,6.885586780942599,22.033877699016315,4.584082102745421,13.752246308236263,0.0,0.0,0.0,0.0,0.5057596628107544,0.0,47.28351577124783,0.5403322820824101,0.0,61.051609831318274,0.0,0.0,0.0,0.0,0.0,0.0,11.884929744974835,10.681825378347877,13.41390476116872,5.897268293550466,2.8727560982735967,6.5,72.10000000000001,10.815000000000001,41.0,45.0,0.7766017391621309,0.3141268676432397,1.0,35.457538345284306,16.12015906270043,6.188510838706319,0.3504664632292469,0.22785143227483043,0.27937608381466644,0.0,0.2673465064747553,1.1225310138868703,0.787576921306835,22.183929152992782,3.303183205799521,17.60288083692199,7.007070277914778,52.10776840208903,67.1207688717527,67.1207688717527,-3.552713678800501e-15,0.0,0.0,0.0,0.0,0.0,0.0,0.0,-2.842170943040401e-14,0.0,0.0,-1.687538997430238e-14,0.0,0.0,0.09695645237251505,0.0
0,spring_irrigation,春季灌溉日,55.0,14.0,0.25,52.21944454006589,21.734558634153522,14.104244626924856,0.0,-0.0,0.0,24.899984593749757,38.828957797984565,-3.552713678800501e-15,0.0,0.0,0.0,0.0,6.885586780942599,22.033877699016315,4.7014148756416185,14.104244626924856,0.0,0.0,0.0,0.0,0.0,0.07750380491578834,47.26075585732353,0.299319064862793,0.0,61.09217230430753,0.0,0.0,0.0,0.0,0.0,0.0,11.935634434978466,10.661056631885277,13.409356678259373,5.9,2.8660506289992798,6.5,72.10000000000001,10.815000000000001,41.0,45.0,0.7397484685125437,0.29763614947757416,1.0,35.537837167552176,16.30091897561514,6.346910082116185,0.3510232810008619,0.2397828442300811,0.27751728101390494,0.0,0.26829629131445343,1.1275563068606416,0.7953531689726036,22.175407307258652,3.301653939770966,17.596854661921792,7.073565530782858,52.21944454006589,63.72894239173432,63.72894239173432,-3.552713678800501e-15,0.0,0.0,0.0,0.0,0.0,-0.0,0.0,0.0,0.0,0.0,3.0375719231649327,0.0,0.0,0.35199831868859377,0.0
0,spring_irrigation,春季灌溉日,55.0,14.25,0.25,52.280118821913156,21.54761740541801,14.0785322499641,0.0,-0.0,0.0,23.712727804939107,40.97826712621219,3.552713678800501e-15,0.0,0.0,0.0,0.0,6.885586780942599,22.033877699016315,4.692844083321367,14.0785322499641,0.0,0.0,0.0,0.0,0.8324452449741699,0.0,47.45609856521203,0.48626029359830775,0.0,61.177113037884965,0.0,0.0,0.0,0.0,0.0,0.0,12.0075144832162,10.647312939228124,13.399280214952329,5.897268293550466,2.8549617893015853,6.5,72.10000000000001,10.815000000000001,41.0,45.0,0.7044765032650531,0.31411128012151607,1.0,35.566785264196014,16.160713054063507,6.335339512483845,0.35214942771503477,0.2533912813865018,0.2744619822057419,0.0,0.26903926402016154,1.1572423767353912,0.8032292814751345,22.15151029780438,3.297513512279712,17.57866178841336,7.0190074590753655,52.280118821913156,64.6909949311513,64.6909949311513,3.552713678800501e-15,0.0,0.0,0.0,0.0,0.0,-0.0,0.0,7.105427357601002e-15,0.0,0.0,0.0,0.0,0.0,-0.025712376960756345,0.0
0,spring_irrigation,春季灌溉日,55.0,14.5,0.25,52.47290340575432,21.689055497259798,14.250872962823456,0.0,-0.0,0.0,22.302869852334332,39.449157091064826,3.552713678800501e-15,0.0,0.0,0.0,0.0,6.885586780942599,22.033877699016315,4.750290987607818,14.250872962823456,0.0,0.0,0.0,0.0,0.0,0.0,47.45372576028377,0.3448222017565194,0.0,61.2284197542832,0.0,2.356754230905584,0.0,0.0,0.0,0.0,12.105484284037773,10.642162301300674,13.383115497430923,5.889105113564341,2.8396182196477957,6.5,72.10000000000001,10.815000000000001,41.0,45.0,0.6625913262950478,0.3023901717323436,1.0,35.705203725301125,16.266791622944847,6.412892833270555,0.3543231588464876,0.26844318364752034,0.27027270440321777,0.0,0.26957224306869054,1.158283808293398,0.8112623990276868,22.11183883064306,3.290728788455807,17.547985603807867,7.055195227854495,50.116149174848736,61.75202694339916,61.75202694339916,3.552713678800501e-15,0.0,0.0,0.0,0.0,0.0,-0.0,0.0,7.105427357601002e-15,0.0,0.0,0.0,0.0,0.0,0.1723407128593557,0.0
0,spring_irrigation,春季灌溉日,55.0,14.75,0.25,52.630373968405024,21.91891000011293,14.283670979674902,0.0,-0.0,0.0,20.887752564090697,40.20146240661074,-3.552713678800501e-15,0.0,0.0,0.0,0.0,6.885586780942599,22.033877699016315,4.761223659891634,14.283670979674902,0.0,0.0,0.0,0.0,0.019981015647479245,0.0,47.45609856521203,0.11496769890338648,0.0,61.22511037289562,0.0,3.2079504541853057,0.0,0.0,0.0,0.0,12.234785771994492,10.646413517603339,13.36032102253002,5.87560565654106,2.8201965198794525,6.5,72.10000000000001,10.815000000000001,41.0,45.0,0.6205499008153458,0.30815682811584866,1.0,35.81070710954133,16.439182500084698,6.427651940853706,0.35832587631950563,0.2845797024325819,0.2650339640317652,0.0,0.26989294616193016,1.1727880939281556,0.8195487148970566,22.05612319895053,3.2812907752544724,17.504612756511932,7.114978626133207,49.422423514219716,61.089214970701434,61.089214970701434,-3.552713678800501e-15,0.0,0.0,0.0,0.0,0.0,-0.0,0.0,7.105427357601002e-15,0.0,0.0,0.0,0.0,0.0,0.03279801685144612,0.0
0,spring_irrigation,春季灌溉日,55.0,15.0,0.25,52.799220450685326,21.940697325234364,14.23031339543984,0.0,0.0,0.0,19.65750316082508,40.0576794995275,-3.552713678800501e-15,0.0,0.0,0.0,0.0,6.885586780942599,22.033877699016315,4.743437798479946,14.23031339543984,0.0,0.0,0.0,0.0,0.0,0.8705976991703384,47.224621102607365,0.09318037378195293,0.0,61.21662815648239,0.0,3.842464670584955,0.0,0.0,0.0,0.0,12.400705348465907,10.660052029499035,13.330400209987722,5.856926528266881,2.7969178662134566,6.5,72.10000000000001,10.815000000000001,41.0,45.0,0.584000676918129,0.3070546870012817,1.0,35.93307724131714,16.455522993925772,6.403641027947928,0.3653535614068165,0.301314403630918,0.2588494424652272,0.0,0.27,1.1744867535317818,0.8282583272527329,21.98424460446806,3.269216730853526,17.44844984177363,7.115394589245395,48.95675578010037,59.71518266035258,59.71518266035258,-3.552713678800501e-15,0.0,0.0,0.0,0.0,0.0,0.0,0.0,7.105427357601002e-15,0.0,0.0,0.0,0.0,0.0,-0.053357584235062205,0.0
0,spring_irrigation,春季灌溉日,55.0,15.25,0.25,52.92155975715224,21.855351754262458,14.306182536296834,0.0,0.0,0.0,18.188346001791146,43.33875954531955,3.552713678800501e-15,0.0,0.0,0.0,0.0,6.885586780942599,22.033877699016315,4.768727512098945,14.306182536296834,0.0,0.0,0.0,0.0,0.7955172864267044,0.0,47.41119522707857,0.17852594475385933,0.0,61.2284197542832,0.0,3.844285789509798,0.0,0.0,0.0,0.0,12.608217319380794,10.682215427312304,13.292927471618174,5.833282719853247,2.77004381981523,6.5,72.10000000000001,10.815000000000001,41.0,45.0,0.5403537921456624,0.332205195444955,1.0,35.99930274175923,16.391513815696843,6.437782141333575,0.37711057435783385,0.31804627473363134,0.2518385768315622,0.0,0.26989294616193016,1.2132823594784077,0.8376741113410233,21.89625401128665,3.2545518265271163,17.379538117202937,7.08476899634849,49.07727396764244,61.52710554711069,61.52710554711069,3.552713678800501e-15,0.0,0.0,0.0,0.0,0.0,0.0,0.0,1.4210854715202004e-14,0.0,0.0,0.0,0.0,0.0,0.07586914085699448,0.0
0,spring_irrigation,春季灌溉日,55.0,15.5,0.25,53.042157033053215,22.11019122594371,14.345922426352374,0.0,0.0,0.0,16.63780248937089,44.37029969078926,-3.552713678800501e-15,0.0,0.0,0.0,0.0,6.937042363172475,22.19853556215192,4.781974142117458,14.345922426352374,0.0,0.0,0.0,0.0,0.09401892002642853,0.0,47.431154160823496,0.08834433620821258,0.0,61.218787324255516,0.0,3.847090278209419,0.0,0.0,0.0,0.0,12.861559710790962,10.711211665500167,13.2475725628818,5.804943489303339,2.739871437972284,6.5,72.10000000000001,10.815000000000001,41.0,45.0,0.4942890171111081,0.34011227444837544,1.0,36.07576558893618,16.58264341945778,6.4556650918585685,0.3958372674760296,0.33408834441064905,0.24413273252502546,0.0,0.26957224306869054,1.2369399535762613,0.8482179748918435,21.792387490157424,3.2373702519743195,17.298065435188718,7.148425881243517,49.19506675484379,61.00810218016015,61.00810218016015,-3.552713678800501e-15,0.0,0.0,0.0,0.0,0.0,0.0,0.0,0.0,0.0,0.0,0.0,0.0,0.1646578631356057,0.03973989005553946,0.0
0,spring_irrigation,春季灌溉日,55.0,15.75,0.25,53.36610724914212,22.244843784059956,14.292172646448448,0.0,0.0,0.0,15.062987181705935,46.26810178902245,0.0,0.0,0.0,0.0,0.0,6.937042363172475,22.19853556215192,4.764057548816149,14.292172646448448,0.0,0.0,0.0,0.0,0.11501457724874165,0.0,47.45609856521203,0.0,0.04630822190803485,61.17599155640706,0.0,3.8511327676510936,0.0,0.0,0.0,0.0,13.163758989323181,10.7445807107795,13.194122049504152,5.772227258905498,2.7067278155469197,6.5,72.10000000000001,10.815000000000001,41.0,45.0,0.44750315635488574,0.3546595232292301,1.0,36.264814534752915,16.683632838044968,6.431477690901802,0.4242077278690538,0.34871028648287106,0.23587112835802132,0.0,0.26903926402016154,1.3008523769077633,0.8604412216335511,21.67307712395657,3.21777567196381,17.20437466846575,7.177545447047674,49.51497448149102,61.33108897072839,61.33108897072839,0.0,0.0,0.0,0.0,0.0,0.0,0.0,0.0,0.0,0.0,0.0,0.0,0.0,0.0,-0.053749779903926154,0.0
0,spring_irrigation,春季灌溉日,55.0,16.0,0.25,53.54714265785984,22.436405448040944,14.30927831936871,0.0,0.0,0.0,13.473907961632989,47.27196121819244,1.7763568394002505e-15,0.0,-0.0,0.0,0.0,6.285560759708197,20.113794431066232,4.76975943978957,14.30927831936871,0.0,0.0,0.0,0.0,0.0,0.0,47.45372576028377,0.0,2.3226110169747116,60.534190135109206,0.0,3.856593677532176,0.0,0.0,0.0,0.0,13.51613169168137,10.779197843407024,13.132496851816786,5.735495663618433,2.670964196758464,6.5,135.96,20.394000000000002,41.0,45.0,0.4002935319887269,0.36235442085355984,1.0,36.37269919309368,16.827304086030708,6.43917524371592,0.465034990751121,0.36119136073684854,0.2271966900143889,0.0,0.26829629131445343,1.3445772224873154,0.8749546970403671,21.538956712193684,3.1959009649561945,17.09896803679504,7.221806733957463,49.69054898032766,60.745869179825426,60.745869179825426,1.7763568394002505e-15,0.0,0.0,0.0,0.0,0.0,0.0,0.0,0.0,0.0,0.0,0.0,0.0,-2.084741131085689,0.01710567292026255,0.0
0,spring_irrigation,春季灌溉日,55.0,16.25,0.25,53.86342452868613,22.549757072776952,14.085877641511212,0.0,0.0,0.0,11.646898203681943,45.29149854758249,-3.552713678800501e-15,0.0,2.894625879363007,1.0131190577770524,1.3025816457133532,3.2563518489929613,10.420325916777477,4.695292547170404,14.085877641511212,0.0,0.0,0.0,0.0,0.0,0.0,47.451353073995755,0.0,10.826849510286122,57.65475211628215,0.0,3.863553115808011,0.0,0.0,0.0,0.0,13.917801801232796,10.811414304781199,13.062765015224103,5.695146905883207,2.632949805109906,6.5,135.96,20.394000000000002,41.0,45.0,0.34601527871056964,0.34717355283924983,1.0,36.572455169550054,16.912317804582713,6.338644938680045,0.5207501927446284,0.3708782839729238,0.21825200253686833,0.0,0.2673465064747553,1.3925836171064445,0.8922833496758655,21.390861726217217,3.171907202010049,16.98250691061349,7.243474697767987,49.99987141287812,56.938396751264435,56.938396751264435,-3.552713678800501e-15,0.5789251758726014,0.14473129396815035,7.960221168248269,0.0,0.0,0.0,0.0,0.0,0.0,0.0,0.0,1.0131190577770524,-9.693468514288755,-0.22340067785749795,0.0
0,spring_irrigation,春季灌溉日,55.0,16.5,0.25,54.197997314401604,22.916448290648148,13.924003318101779,0.0,0.0,0.0,10.134053479809019,45.552335324159614,0.0,0.0,6.641810362901628,2.3246336270155696,2.9888146633057326,3.0436584771038935,9.73970712673246,4.6413344393672595,13.924003318101779,0.0,0.0,0.0,0.0,0.0,0.0,47.44898050634205,0.0,10.187926500609956,54.94489145058981,0.0,3.87196779988856,0.0,0.0,0.0,0.0,14.365281209458566,10.837228612829039,12.985149086009732,5.6516085873581305,2.5930655422873583,6.5,135.96,20.394000000000002,41.0,45.0,0.3010704891518166,0.349172948605329,1.0,36.771827937172475,17.18733621798611,6.2658014931458,0.5926849565925717,0.3772414772557969,0.209175518748274,0.0,0.2661939766255643,1.46391360319825,0.9126510135541905,21.229823215655223,3.1459818553488503,16.855806862662483,7.335486005981856,50.326029514513046,55.68638880396863,55.68638880396863,0.0,1.3283620725803258,0.33209051814508145,18.26497849797948,0.0,0.0,0.0,0.0,7.105427357601002e-15,0.0,0.0,0.0,1.3115145692385173,-0.6806187900450169,-0.16187432340943353,0.0
0,spring_irrigation,春季灌溉日,55.0,16.75,0.25,54.85338317281245,23.19035990326045,13.628431914532365,0.0,0.0,0.0,8.531652042563763,45.616906940541455,3.552713678800501e-15,0.0,10.38899484644025,3.636148196254087,4.675047680898112,3.0436584771038935,9.73970712673246,4.542810638177455,13.628431914532365,0.0,0.0,0.0,0.0,0.0,0.7734914704657081,47.24305767035208,0.0,8.775605095629878,52.60804924285665,0.0,3.881653638268788,0.0,0.0,0.0,0.0,14.852165042170395,10.852479828420703,12.90002773416671,5.605330197525103,2.551697705165552,6.5,135.96,20.394000000000002,41.0,45.0,0.2534650778038104,0.34966791031317146,1.0,37.19364247114236,17.392769927445336,6.132794361539564,0.68027440838551,0.37992287552824344,0.20009815907917758,0.0,0.26484363707663444,1.532926383189515,0.9357318541987614,21.057055636857363,3.118336258790945,16.71982795024082,7.401032775644735,50.97172953454366,54.14855898310522,54.14855898310522,3.552713678800501e-15,2.07779896928805,0.5194497423220125,28.569735827710687,0.0,0.0,0.0,0.0,-7.105427357601002e-15,0.0,0.0,0.0,1.3115145692385175,0.0,-0.29557140356941325,0.0
0,spring_irrigation,春季灌溉日,55.0,17.0,0.25,55.415232063080886,23.477941156568438,13.467745445465326,0.0,0.0,0.0,6.8721177981013355,45.0699003390821,-8.881784197001252e-16,0.0,12.559921407210249,4.395972492523587,5.651964633244612,3.0436584771038935,9.73970712673246,4.489248481821775,13.467745445465326,0.0,0.0,0.0,0.0,0.0,2.7178718350691975,46.52546608718719,0.0,8.086269396591364,50.45377958755329,0.0,3.892276557230331,0.0,0.0,0.0,0.0,15.368992521990018,10.853052514428446,12.807931543768166,5.55677544278461,2.5092318638689,6.5,135.96,20.394000000000002,41.0,45.0,0.20416231975739138,0.3454749330140067,1.0,37.55713622836623,17.60845586742633,6.060485450459397,0.780385274150886,0.3787692427280859,0.1911404109966581,0.0,0.26330127018922195,1.5965550984823473,0.9604358924392233,20.873938850421677,3.0892023750045676,16.575660426919544,7.470027294758334,51.522955505850554,51.94201813718344,51.94201813718344,-8.881784197001252e-16,2.51198428144205,0.6279960703605125,34.53978386982819,0.0,0.0,0.0,0.0,-7.105427357601002e-15,-3.552713678800501e-15,0.0,0.0,0.7598242962694997,0.0,-0.16068646906703954,0.0
0,spring_irrigation,春季灌溉日,55.0,17.25,0.25,55.89052344117902,23.837745263044084,13.190832401674736,0.0,0.0,0.0,5.372292363194106,44.191001594504634,0.0,0.0,12.559921407210249,4.395972492523587,5.651964633244612,3.0436584771038935,9.73970712673246,4.396944133891579,13.190832401674736,0.0,0.0,0.0,0.0,0.0,5.468505826450419,45.08405933323798,0.0,8.446073503067014,48.20590177589978,0.0,3.9033537755017482,0.0,0.0,0.0,0.0,15.90331640855455,10.835082216652571,12.70953317044642,5.506414597592846,2.4660470335489744,6.5,135.96,20.394000000000002,41.0,45.0,0.15960431754933857,0.338737898260777,1.0,37.84906135552489,17.878308947283063,5.935874580753632,0.8870197974534344,0.3738466498862274,0.18241000511889055,0.0,0.26157348061512725,1.6783940877901145,0.9848133952204334,20.68199480158824,3.058828955401057,16.424506291033317,7.558970307498587,51.98716966567727,49.56329395769874,49.56329395769874,0.0,2.51198428144205,0.6279960703605125,34.53978386982819,0.0,0.0,0.0,0.0,0.0,0.0,0.0,0.0,0.0,0.0,-0.27691304379058934,0.0
0,spring_irrigation,春季灌溉日,55.0,17.5,0.25,56.00512330279841,24.19705713922126,12.917117049596985,0.0,0.0,0.0,4.043119167755876,44.3971886820448,-3.552713678800501e-15,0.0,12.559921407210249,4.395972492523587,5.651964633244612,3.0436584771038935,9.73970712673246,4.305705683198995,12.917117049596985,0.0,0.0,0.0,0.0,0.0,6.603940109540866,43.34392615407636,0.0,8.805385379244187,45.86459214626336,0.0,3.9142670112361717,0.0,0.0,0.0,0.0,16.44000972269983,10.795150101252053,12.605632328923699,5.454717051666488,2.422510258669528,6.5,135.96,20.394000000000002,41.0,45.0,0.12011618726510669,0.34031838700648925,1.0,37.89367025311058,18.147792854415947,5.812702672318643,0.9916136616906568,0.36543419745537087,0.17400021229129375,0.0,0.2596676670145618,1.7587746872482735,1.0061531945364874,20.482859639259715,3.0274772056781076,16.267657267235723,7.647605209675788,52.09085629156224,48.440307849800675,48.440307849800675,-3.552713678800501e-15,2.51198428144205,0.6279960703605125,34.53978386982819,0.0,0.0,0.0,0.0,-7.105427357601002e-15,-3.552713678800501e-15,0.0,0.0,0.0,0.0,-0.2737153520777511,0.0
0,spring_irrigation,春季灌溉日,55.0,17.75,0.25,56.34441217714075,24.54992743976776,12.729970450789295,0.0,0.0,0.0,2.516068780417953,44.677147573256924,3.1086244689504383e-15,0.0,12.559921407210249,4.395972492523587,5.651964633244612,3.0436584771038935,9.73970712673246,4.2433234835964315,12.729970450789295,0.0,0.0,0.0,0.0,0.0,8.117917201979587,41.20546495724771,0.0,9.158255679790686,43.43159256603479,0.0,3.924288089663019,0.0,0.0,0.0,0.0,16.961818204998988,10.730455940889557,12.497136306647976,5.402144214755273,2.3789717117764724,6.5,135.96,20.394000000000002,41.0,45.0,0.07474936460216158,0.342464359783454,1.0,38.0942854891092,18.41244557982582,5.728486702855183,1.084019034320821,0.3539978038122754,0.1659887734732613,0.0,0.25759199037394886,1.8253267691302564,1.0213074116620666,20.27825223317972,2.99541609204453,16.106469976354017,7.734366128435161,52.42012408747773,47.19321635367488,47.19321635367488,3.1086244689504383e-15,2.51198428144205,0.6279960703605125,34.53978386982819,0.0,0.0,0.0,0.0,-7.105427357601002e-15,-3.552713678800501e-15,0.0,0.0,0.0,0.0,-0.1871465988076899,0.0
0,spring_irrigation,春季灌溉日,55.0,18.0,0.25,56.535690839819914,24.961508514593135,12.378129541668946,0.0,0.0,0.0,1.2917022179850264,42.642457880607914,1.9984014443252818e-15,0.0,12.559921407210249,4.395972492523587,5.651964633244612,3.0436584771038935,9.73970712673246,4.126043180556315,12.378129541668946,0.0,0.0,0.0,0.0,0.0,11.442643710214533,38.192182654996024,0.0,9.569836754616064,40.89149867643176,0.0,3.932616196149061,0.0,0.0,0.0,0.0,17.4501425769116,10.638959926224084,12.385036890093131,5.349142923597687,2.3357603896906465,6.5,132.0,19.8,41.0,45.0,0.038374912800891184,0.3268678246239861,1.0,38.195974197957526,18.72113138594485,5.5701582937510254,1.154065548570751,0.34014748071260315,0.15843744412450295,0.0,0.2553553390593274,1.87573974034856,1.0272074503169988,20.069940203381464,2.9629174387907016,15.942339169143917,7.837590688118209,52.60307464367085,43.93416009859294,43.93416009859294,1.9984014443252818e-15,2.51198428144205,0.6279960703605125,34.53978386982819,0.0,0.0,0.0,0.0,-7.105427357601002e-15,0.0,0.0,0.0,0.0,0.0,-0.3518409091203498,0.0
0,spring_irrigation,春季灌溉日,55.0,18.25,0.25,56.734156951250384,25.27150203273435,12.072485390060692,0.0,0.0,0.0,0.48552511368485796,40.87509351449016,9.992007221626409e-16,0.0,12.559921407210249,4.395972492523587,5.651964633244612,3.0436584771038935,9.73970712673246,4.024161796686897,12.072485390060692,0.0,0.0,0.0,0.0,0.0,14.106961382312285,34.47791478736004,0.0,9.879830272757276,38.27109759215742,0.0,3.938424722030282,0.0,0.0,0.0,0.0,17.88600883812667,10.519485705864069,12.270384728850782,5.29613947520614,2.293180469561384,6.5,132.0,19.8,41.0,45.0,0.014424364718800224,0.31332042200267585,1.0,38.29940566653819,18.953626524550764,5.432618425527312,1.193385247521207,0.32458354264801875,0.15139210845489745,0.0,0.25296729075500346,1.913656177389371,1.0214651403126966,19.859704673618307,2.9302509763027036,15.776669975265087,7.912484211703159,52.7957322292201,41.36061862817502,41.36061862817502,9.992007221626409e-16,2.51198428144205,0.6279960703605125,34.53978386982819,0.0,0.0,0.0,0.0,-7.105427357601002e-15,-3.552713678800501e-15,0.0,0.0,0.0,0.0,-0.305644151608254,0.0
0,spring_irrigation,春季灌溉日,55.0,18.5,0.25,56.46581763352893,25.509607406278956,11.944568644273629,0.0,0.0,0.0,0.08600432369529898,38.64832532088786,1.429412144204889e-15,0.0,12.559921407210249,4.395972492523587,5.651964633244612,3.0436584771038935,9.73970712673246,3.9815228814245427,11.944568644273629,0.0,0.0,0.0,0.0,0.0,16.419782412939334,30.155195519794535,0.0,10.117935646301882,35.589347399597685,0.0,3.940914442011292,0.0,0.0,0.0,0.0,18.251160793230415,10.37177948814254,12.154262243466759,5.2435343874494835,2.2515083660373563,6.5,132.0,19.8,41.0,45.0,0.002555084582462973,0.29625154484220456,1.0,38.107517379731284,19.132205554709216,5.375055889923133,1.1970537291248136,0.3080383351366096,0.1448833975799133,0.0,0.25043807145043606,1.9002139361140198,1.0029068654891478,19.6493049969536,2.8976794994851365,15.610850146657524,7.967444330640792,52.52490319151764,38.734329644583156,38.734329644583156,1.429412144204889e-15,2.51198428144205,0.6279960703605125,34.53978386982819,0.0,0.0,0.0,0.0,-7.105427357601002e-15,-3.552713678800501e-15,0.0,0.0,0.0,0.0,-0.12791674578706314,0.0
0,spring_irrigation,春季灌溉日,55.0,18.75,0.25,56.11286016849254,25.759094967340204,11.58899126238962,0.0,0.0,0.0,0.0,36.72088118702213,0.0,0.0,12.559921407210249,4.395972492523587,5.651964633244612,3.0436584771038935,9.73970712673246,3.8629970874632065,11.58899126238962,0.0,0.0,0.0,0.0,0.0,17.963293242537432,25.426505327771853,0.0,10.367423207363133,32.843283460802326,0.0,3.939368810976492,0.0,0.0,0.0,0.0,18.529190125581085,10.196522791712972,12.03775620402727,5.191697962944294,2.210990509706667,6.5,132.0,19.8,41.0,45.0,0.0,0.281477080553938,1.0,37.86705373699338,19.319321225505153,5.2150460680753286,1.1646036103541606,0.2912201767589911,0.13892773002937972,0.0,0.24777851165098014,1.8552663353406986,0.9718899304501227,19.440444676678233,2.8654542899487114,15.446223254262163,8.025860719638,52.17349135751605,36.72088118702213,36.72088118702213,0.0,2.51198428144205,0.6279960703605125,34.53978386982819,0.0,0.0,0.0,0.0,-7.105427357601002e-15,0.0,0.0,0.0,0.0,0.0,-0.3555773818840091,0.0
0,spring_irrigation,春季灌溉日,55.0,19.0,0.25,49.33575503949083,26.002810403733122,11.211598300322244,0.0,0.0,0.0,0.0,32.86485111275382,0.0,0.0,12.559921407210249,4.395972492523587,5.651964633244612,3.0436584771038935,9.73970712673246,3.737199433440748,11.211598300322244,0.0,0.0,0.0,0.0,0.0,16.74258272124317,21.019291181125684,0.0,10.611138643756052,30.03445691282034,0.0,2.113206623514891,0.0,0.0,0.0,0.0,18.706608596724895,9.995299302248357,11.921931069490492,5.14096670648026,2.1718418466392184,0.0,132.0,19.8,41.0,45.0,0.0,0.2519193996719001,1.0,33.27658598855144,19.50210780279984,5.04521923514501,1.1001223671969056,0.27476534528040114,0.13352868346558616,0.0,0.245,1.767693858289043,0.9303043853342252,19.234739622609972,2.833810941765934,15.284063731355845,8.082995781958754,47.222548415975936,32.86485111275382,32.86485111275382,0.0,2.51198428144205,0.6279960703605125,34.53978386982819,0.0,0.0,0.0,0.0,-7.105427357601002e-15,0.0,0.0,0.0,0.0,0.0,-0.3773929620673755,0.0
0,spring_irrigation,春季灌溉日,55.0,19.25,0.25,49.05634324407966,26.293412507120323,10.8543568068497,0.0,0.0,0.0,0.0,32.30442968391024,0.0,0.0,12.559921407210249,4.395972492523587,5.651964633244612,3.0436584771038935,9.73970712673246,3.6181189356165664,10.8543568068497,0.0,0.0,0.0,0.0,0.0,16.915691235767632,16.566742522943567,0.0,10.901740747143252,27.150560540378866,0.0,2.10202724459866,0.0,0.0,0.0,0.0,18.77376640564398,9.770519064815232,11.807804087845888,5.0916406205124645,2.134245039963459,0.0,132.0,19.8,41.0,45.0,0.0,0.24762359351007776,1.0,33.11739135768848,19.720059380340242,4.8844605630823645,1.0114062789520726,0.259202323709624,0.12867860273305876,0.0,0.24211443451095008,1.6502578349423658,0.8812532794751176,19.033689748321812,2.802965711025711,15.125554550934202,8.15365085882811,46.954315999481004,32.30442968391024,32.30442968391024,0.0,2.51198428144205,0.6279960703605125,34.53978386982819,0.0,0.0,0.0,0.0,-7.105427357601002e-15,0.0,0.0,0.0,0.0,0.0,-0.35724149347254475,0.0
0,spring_irrigation,春季灌溉日,55.0,19.5,0.25,48.53942819654668,26.466816568427188,10.486793739478784,0.0,0.0,0.0,0.0,33.355813257471674,0.0,0.0,12.559921407210249,4.395972492523587,5.651964633244612,3.0436584771038935,9.73970712673246,3.4955979131595947,10.486793739478784,0.0,0.0,0.0,0.0,0.0,15.241254704353722,12.555057684671704,0.0,11.075144808450114,24.22247346841128,0.0,2.0856441324611854,0.0,0.0,0.0,0.0,18.725531143837703,9.525305712499879,11.696323022438598,5.0439813785173095,2.098350337462102,0.0,132.0,19.8,41.0,45.0,0.0,0.25568277861844135,1.0,32.79974411171345,19.85011242632039,4.719057182765453,0.9084122342018776,0.24493049347178397,0.1243603509825903,0.0,0.2391341716182545,1.5228889239130428,0.828497406322579,18.838654738418008,2.77311248506741,14.971768185999705,8.191930210184177,46.4537840640855,33.355813257471674,33.355813257471674,0.0,2.51198428144205,0.6279960703605125,34.53978386982819,0.0,0.0,0.0,0.0,0.0,-3.552713678800501e-15,0.0,0.0,0.0,0.0,-0.3675630673709147,0.0
0,spring_irrigation,春季灌溉日,55.0,19.75,0.25,47.727828753404445,26.573482026089277,10.197961580887492,0.0,0.0,0.0,0.0,35.788245865680175,0.0,0.0,12.559921407210249,4.395972492523587,5.651964633244612,3.0436584771038935,9.73970712673246,3.3993205269624975,10.197961580887492,0.0,0.0,0.0,0.0,0.0,11.92248600239872,9.416933615366755,0.0,11.181810266112203,21.267780582700183,0.0,2.0641033968683575,0.0,0.0,0.0,0.0,18.561662366072394,9.263354427642,11.5883472005044,4.998211352998994,2.0642760546006094,0.0,132.0,19.8,41.0,45.0,0.0,0.2743281380725251,1.0,32.28315542911429,19.930111519566957,4.589082711399372,0.8014315923800426,0.23221338979544398,0.12054911680174364,0.0,0.23607197326515808,1.393501666344163,0.7758130099132952,18.650834608104002,2.744420439612481,14.823651339285005,8.212001565373027,45.66372535653609,35.788245865680175,35.788245865680175,0.0,2.51198428144205,0.6279960703605125,34.53978386982819,0.0,0.0,0.0,0.0,0.0,-3.552713678800501e-15,0.0,0.0,0.0,0.0,-0.2888321585912923,0.0
0,spring_irrigation,春季灌溉日,55.0,20.0,0.25,46.96306356063027,26.538976269421603,9.931763704649702,0.0,0.0,0.0,0.0,38.56758667849545,0.0,0.0,12.559921407210249,4.395972492523587,5.651964633244612,3.0436584771038935,9.73970712673246,3.310587901549901,9.931763704649702,0.0,0.0,0.0,0.0,0.0,8.316065212204059,7.228024554948076,0.0,11.147304509444533,18.323645505712904,0.0,2.0376855560609615,0.0,0.0,0.0,0.0,18.286845325911493,8.988769722824829,11.484632387796797,4.95451345430169,2.0321096105102945,0.0,132.0,19.8,41.0,45.0,0.0,0.2956326578053506,1.0,31.799227101129254,19.904232202066204,4.469293667092366,0.6994454469311087,0.22118484928684853,0.11721420006985696,0.0,0.23294095225512607,1.2677619201930137,0.726421985631923,18.47125545260878,2.7170324226221845,14.682013752748368,8.193054161674038,44.9253780045693,38.56758667849545,38.56758667849545,0.0,2.51198428144205,0.6279960703605125,34.53978386982819,0.0,0.0,0.0,0.0,0.0,0.0,0.0,0.0,0.0,0.0,-0.2661978762377899,0.0
0,spring_irrigation,春季灌溉日,55.0,20.25,0.25,46.322713791192854,26.45689349355606,9.516773358300746,0.0,0.0,0.0,0.0,40.94364578980134,0.0,0.0,11.460608780807844,4.011213073282745,5.15727395136353,3.0436584771038935,9.73970712673246,3.1722577861002486,9.516773358300746,0.0,0.0,0.0,0.0,0.0,5.576880888383405,5.760062919935223,0.0,11.559912415460067,15.272401468365295,0.0,2.0068903029295075,0.0,0.0,0.0,0.0,17.910380481329142,8.705892839179185,11.38581979035809,4.91303171864422,2.0019090454130857,0.0,132.0,19.8,41.0,45.0,0.0,0.313845896710694,1.0,31.4001693155765,19.842670120167043,4.282548011235336,0.6090104203569958,0.21186511414784542,0.11432071156928099,0.0,0.2297545161008064,1.149839294369414,0.6826146577365593,18.300760554415398,2.6910640741898093,14.547521227210762,8.161316343861591,44.31582348826335,40.94364578980134,40.94364578980134,0.0,2.2921217561615688,0.5730304390403922,31.516674147221572,0.0,0.0,0.0,0.0,0.0,0.0,0.0,0.0,-0.3847594192408419,0.0,-0.41499034634895615,0.0
0,spring_irrigation,春季灌溉日,55.0,20.5,0.25,45.49296905238374,26.502420055780572,9.264055774848275,0.0,0.0,0.0,0.0,45.104420419201126,0.0,0.0,7.713424297269223,2.699698504044228,3.4710409337711505,3.0436584771038935,9.73970712673246,3.0880185916160916,9.264055774848275,0.0,0.0,0.0,0.0,0.0,1.8481214373713377,5.273427170112559,0.0,13.291671995276962,11.766956847821387,0.0,1.972405760487038,0.0,0.0,0.0,0.0,17.445558856346633,8.419128573092484,11.292429282888031,4.87387256931688,1.9737049418543704,0.0,132.0,19.8,41.0,45.0,0.0,0.34573954026356873,1.0,30.86641477785964,19.876815041835428,4.168825098681724,0.5338253918054037,0.20418331773262943,0.11183113515097548,0.0,0.2265263096110026,1.0506167692240709,0.6456152253110623,18.140006794059282,2.6666036636315638,14.420692808400327,8.165854310697698,43.52056329189671,45.104420419201126,45.104420419201126,0.0,1.5426848594538447,0.3856712148634612,21.211916817490366,0.0,0.0,0.0,0.0,0.0,3.552713678800501e-15,0.0,0.0,-1.311514569238517,0.0,-0.25271758345247086,0.0
0,spring_irrigation,春季灌溉日,55.0,20.75,0.25,44.37834864492194,26.492892454438458,9.005556322352028,0.0,0.0,0.0,0.0,48.29121083130234,0.0,0.0,3.966239813730602,1.3881839348057106,1.7848079161787709,4.234259203912501,13.549629452520005,3.001852107450676,9.005556322352028,0.0,0.0,0.0,0.0,0.0,0.0,5.2731634987540525,0.0,11.158455085739682,8.82463782051861,0.0,1.9350651901770712,0.0,0.0,0.0,0.0,16.908783082733667,8.13278070014042,11.204856773638964,4.837106663981148,1.9475026688481034,0.0,132.0,19.8,41.0,45.0,0.0,0.37016728906858787,1.0,30.126193967221564,19.869669340828843,4.052500345058413,0.4749235096576211,0.19800274338699517,0.10970671546551213,0.0,0.22327015646150716,0.9805161068144336,0.6156678413084566,17.989466106468214,2.6437125994998647,14.301901936032815,8.155528900753918,42.44328345474487,48.29121083130234,48.29121083130234,0.0,0.7932479627461204,0.1983119906865301,10.907159487759156,0.0,0.0,0.0,0.0,0.0,0.0,0.0,0.0,-1.3115145692385173,3.8099223257875448,-0.2584994524962472,0.0
0,spring_irrigation,春季灌溉日,55.0,21.0,0.25,43.25750965604293,26.387476256037196,8.814208946492517,0.0,0.0,0.0,0.0,50.043128425029785,0.0,0.0,0.2190553301919808,0.07666936556719328,0.09857489858639137,5.820013719733603,18.62404390314753,2.938069648830839,8.814208946492517,0.0,0.0,0.0,0.0,0.0,0.0,5.2728998405791145,0.0,7.664857454303275,6.803157750475911,0.0,1.895795234010396,0.0,0.0,0.0,0.0,16.318516340837903,7.850903958749106,11.123375447485845,4.802771233561842,1.9232848674778156,0.0,132.0,19.8,41.0,45.0,0.0,0.3835962873309651,1.0,29.375476100783466,19.7906071920279,3.9663940259216326,0.4312892781076576,0.19314570572330614,0.10790864805221334,0.0,0.22,0.929266896936342,0.5922710245909865,17.8494315485255,2.6224265465845527,14.191381214486169,8.118906326521369,41.361714422032534,50.043128425029785,50.043128425029785,0.0,0.043811066038396164,0.010952766509599041,0.6024021580279473,0.0,0.0,0.0,0.0,0.0,0.0,0.0,0.0,-1.3115145692385173,5.0744144506275255,-0.191347375859511,0.0
0,spring_irrigation,春季灌溉日,55.0,21.25,0.25,42.22801056739877,26.119031237983975,8.41378149883711,0.0,-0.0,0.0,0.0,51.56135883098431,0.0,0.0,0.0,0.0,0.0,8.383204744222589,26.826255181512284,2.8045938329457036,8.41378149883711,0.0,0.0,0.0,0.0,0.0011100841769643025,0.0,5.2728998405791145,0.7072239435283088,0.0,6.967721858188647,0.0,1.8555603977597186,0.0,0.0,0.0,0.0,15.694153966518048,7.577178916858728,11.048140488843012,4.7708728142498655,1.9010140983968118,0.0,132.0,19.8,41.0,45.0,0.0,0.395233999947386,1.0,28.68117381603859,19.58927342848798,3.7862016744767,0.400649220947688,0.18941567645829024,0.1063990612206606,0.0,0.21672984353849287,0.8946236428018098,0.5744707073126567,17.720027401489688,2.602757066873436,14.089230352398138,8.037181109486928,40.37245016963905,51.56135883098431,51.56135883098431,0.0,0.0,0.0,0.0,0.0,0.0,-0.0,0.0,0.0,0.0,0.0,0.0,-0.07666936556719328,8.202211278364754,-0.4004274476554066,0.0
0,spring_irrigation,春季灌溉日,55.0,21.5,0.25,41.3910963604964,25.85819747521711,7.965495664585506,0.0,0.0,0.0,0.0,55.378736067742764,0.0,0.0,0.0,0.0,0.0,11.310552580863993,36.19376825876478,2.655165221528502,7.965495664585506,0.0,0.0,0.0,0.0,0.021921904853874352,0.0,5.277842647989881,10.335570783547666,0.0,9.418936058352124,0.0,0.0,0.0,0.0,0.0,0.0,15.054914121920824,7.314814128735287,10.97919677912211,4.741390273451254,1.8806355757221045,0.0,132.0,19.8,41.0,45.0,0.0,0.4244953946972369,1.0,28.110564882952573,19.393648106412833,3.5844730490634777,0.3802177890975638,0.18661517828787932,0.10514179014121908,0.0,0.2134736903889974,0.8772281031871886,0.5611344679823075,17.601222628295467,2.584693689374742,13.99542673740324,7.958120918566871,41.3910963604964,55.378736067742764,55.378736067742764,0.0,0.0,0.0,0.0,0.0,0.0,0.0,0.0,0.0,0.0,0.0,0.0,0.0,9.367513077252493,-0.44828583425160407,0.0
0,spring_irrigation,春季灌溉日,55.0,21.75,0.25,40.38627766624003,25.57912195253435,7.704522413439308,0.0,-0.0,0.0,0.0,56.66759526842281,0.0,0.0,0.0,0.0,0.0,11.310552580863993,36.19376825876478,2.5681741378131027,7.704522413439308,0.0,0.0,0.0,0.0,2.907861704482249,0.0,5.968195910672016,10.614646306230426,0.0,11.935205088052673,0.0,0.5052708209765626,0.0,0.0,0.0,0.0,14.418835097385218,7.066477961279666,10.916488991715509,4.714278032830902,1.8620799176630443,0.0,132.0,19.8,41.0,45.0,0.0,0.43437490502828846,1.0,27.417020392369608,19.184341464400763,3.467035086047689,0.3672624731026302,0.18455883617672247,0.10410295255905022,0.0,0.21024548389919362,0.8776578508685533,0.5511589179170053,17.492846942209457,2.5682063068012932,13.909838062490065,7.874470774515439,39.881006845263464,56.66759526842281,56.66759526842281,0.0,0.0,0.0,0.0,0.0,0.0,-0.0,0.0,0.0,0.0,0.0,0.0,0.0,0.0,-0.26097325114619796,0.0
0,spring_irrigation,春季灌溉日,55.0,22.0,0.25,39.12047069797254,25.256977205763288,7.3554933485529395,0.0,0.0,0.0,0.0,56.00320169036135,0.0,0.0,0.0,0.0,0.0,11.310552580863993,36.19376825876478,2.451831116184313,7.3554933485529395,0.0,0.0,0.0,0.0,4.858523811092725,0.0,7.121796906011005,10.936791053001489,0.0,14.526725360596501,0.0,1.7381765157522262,0.0,0.0,0.0,0.0,13.80194934376679,6.83426048875156,10.859873471001105,4.6894693965312575,1.8452658514823517,0.0,62.0,9.299999999999999,41.0,45.0,0.0,0.42928211970706864,1.0,26.556319114562122,18.942732904322465,3.309972006848823,0.3594426470575059,0.18308168911423775,0.10325134241556064,0.0,0.20705904774487396,0.8664637830013815,0.5435944123817283,17.394608719014716,2.553247795221876,13.832236401465037,7.779259022603045,37.38229418222031,56.00320169036135,56.00320169036135,0.0,0.0,0.0,0.0,0.0,0.0,0.0,0.0,7.105427357601002e-15,0.0,0.0,0.0,0.0,0.0,-0.349029064886369,0.0
0,spring_irrigation,春季灌溉日,55.0,22.25,0.25,38.03543045012393,25.05397823252639,7.0743481689436996,0.0,0.0,0.0,0.0,57.733574442971964,0.0,0.0,0.0,0.0,0.0,11.310552580863993,36.19376825876478,2.3581160563145667,7.0743481689436996,0.0,0.0,0.0,0.0,7.732188909045705,0.0,8.95783568206406,11.139790026238387,0.0,17.16516212914782,0.0,1.7027135533762376,0.0,0.0,0.0,0.0,13.217681054339021,6.619664061218702,10.809131278498235,4.666879899763706,1.8301028186594543,0.0,62.0,9.299999999999999,41.0,45.0,0.0,0.44254596999961154,1.0,25.81593049842271,18.790483674394793,3.1834566760246648,0.35494578134957355,0.182043365555862,0.10255866241721266,0.0,0.20392802673484192,0.861555894995013,0.5376958009350454,17.306113996921397,2.539756755482335,13.762313140460217,7.717882804447189,36.3327168967477,57.733574442971964,57.733574442971964,0.0,0.0,0.0,0.0,0.0,0.0,0.0,0.0,7.105427357601002e-15,0.0,0.0,0.0,0.0,0.0,-0.2811451796092399,0.0
0,spring_irrigation,春季灌溉日,55.0,22.5,0.25,37.457302857894575,24.925011537465327,6.926098613528464,0.0,0.0,0.0,0.0,60.10313046895624,0.0,0.0,0.0,0.0,0.0,11.310552580863993,36.19376825876478,2.3086995378428212,6.926098613528464,0.0,0.0,0.0,0.0,10.696597617504258,0.0,11.497829724437217,11.26875672129945,0.0,19.832909269391866,0.0,1.6700221251494063,0.0,0.0,0.0,0.0,12.676488354326455,6.423619654902873,10.763981815281351,4.646410601804602,1.8164934350259616,0.0,62.0,9.299999999999999,41.0,45.0,0.0,0.46070936071472235,1.0,25.42620929852877,18.693758653098996,3.116744376087809,0.35248042717649075,0.18132900225654827,0.10199961937688362,0.0,0.20086582838174552,0.8495254269599288,0.532920645493209,17.226885852111916,2.5276602818643017,13.699694206690104,7.677684896939334,35.78728073274517,60.10313046895624,60.10313046895624,0.0,0.0,0.0,0.0,0.0,0.0,0.0,0.0,0.0,0.0,0.0,0.0,0.0,0.0,-0.14824955541523543,0.0
0,spring_irrigation,春季灌溉日,55.0,22.75,0.25,36.7820069584966,24.615440563806395,6.469056801012252,0.0,0.0,0.0,0.0,59.34081754356891,0.0,0.0,0.0,0.0,0.0,11.310552580863993,36.19376825876478,2.1563522670040842,6.469056801012252,0.0,0.0,0.0,0.0,10.73234023812123,0.0,14.046185639504788,11.578327694958382,0.0,22.572845642309787,0.0,1.6404345009169967,0.0,0.0,0.0,0.0,12.185746221069031,6.24652498541183,10.724096480062967,4.6279512574984665,1.8043357698048252,0.0,62.0,9.299999999999999,41.0,45.0,0.0,0.45486599286051105,1.0,24.97109414956448,18.461580422854794,2.9110755604555134,0.35119115550605257,0.18084786708158976,0.10155190720389393,0.0,0.19788556548904992,0.8376014666110992,0.5288984150823332,17.156383507366257,2.516876673314342,13.64395509015727,7.587339897030537,35.141572457579606,59.34081754356891,59.34081754356891,0.0,0.0,0.0,0.0,0.0,0.0,0.0,0.0,0.0,0.0,0.0,0.0,0.0,0.0,-0.4570418125162119,0.0
0,spring_irrigation,春季灌溉日,55.0,23.0,0.25,36.02184694876877,24.374961765630626,6.242600026495793,0.0,0.0,0.0,0.0,59.91136802064804,0.0,0.0,0.0,0.0,0.0,11.310552580863993,36.19376825876478,2.0808666754985974,6.242600026495793,0.0,0.0,0.0,0.0,12.112233716895195,0.0,16.922138837985422,11.81880649313415,0.0,25.368525761607994,0.0,1.6141319013785118,0.0,0.0,0.0,0.0,11.74984496085514,6.08829964275534,10.689111891213214,4.611383312205518,1.793525416576284,0.0,62.0,9.299999999999999,41.0,45.0,0.0,0.4592394413564488,1.0,24.47094629357588,18.28122132422297,2.809170011923107,0.3505477228474833,0.18053058166192898,0.10119610203089346,0.0,0.195,0.8077929905509631,0.5253896019877735,17.094020619995018,2.507318014789361,13.594635223577978,7.516734534336749,34.407715047390255,59.91136802064804,59.91136802064804,0.0,0.0,0.0,0.0,0.0,0.0,0.0,0.0,0.0,0.0,0.0,0.0,0.0,0.0,-0.22645677451645962,0.0
0,spring_irrigation,春季灌溉日,55.0,23.25,0.25,35.232374390247365,24.128791910306656,6.256902885820652,0.0,-0.0,0.0,0.0,60.10807664498825,0.0,0.0,0.0,0.0,0.0,11.310552580863993,36.19376825876478,2.0856342952735507,6.256902885820652,0.0,0.0,0.0,0.0,13.070674344171668,0.0,20.025577887784294,12.06497634845812,0.0,28.221273381485993,0.0,1.5911589655683287,0.0,0.0,0.0,0.0,11.370463387806682,5.948452188512579,10.658642282316265,4.596582676284135,1.7839573379262563,0.0,62.0,9.299999999999999,41.0,45.0,0.0,0.4607472747065546,1.0,23.950628069916174,18.09659393272999,2.815606298619293,0.3502411591059306,0.18032568600964824,0.1009154924615823,0.0,0.1922214883490199,0.7788724389600878,0.5222467430408224,17.039182296526658,2.498892569952872,13.551251365117949,7.444900669815321,33.64121542467904,60.10807664498825,60.10807664498825,0.0,0.0,0.0,0.0,0.0,0.0,-0.0,0.0,0.0,0.0,0.0,0.0,0.0,0.0,0.014302859324859085,0.0
0,spring_irrigation,春季灌溉日,55.0,23.5,0.25,34.71442164200212,24.056769795511396,6.0343549845493065,0.0,-0.0,0.0,0.0,60.052139358439284,0.0,0.0,0.0,0.0,0.0,11.310552580863993,36.19376825876478,2.0114516615164355,6.0343549845493065,0.0,0.0,0.0,0.0,13.587157843503459,0.0,23.251526596721973,12.13699846325338,0.0,31.089699879817946,0.0,1.5714443694467282,0.0,0.0,0.0,0.0,11.046966763755245,5.826154207283012,10.632290768725326,4.583422246266781,1.7755274736669184,0.0,62.0,9.299999999999999,41.0,45.0,0.0,0.4603184978470963,1.0,23.596893599793617,18.042577346633546,2.715459743047188,0.35010167095104383,0.1801960958381208,0.10069586562510512,0.0,0.18956192854956397,0.7769059998118537,0.5193829631042303,16.991240488659027,2.4915069407817816,13.513309712435367,7.422164267704579,33.14297727255539,60.052139358439284,60.052139358439284,0.0,0.0,0.0,0.0,0.0,0.0,-0.0,0.0,7.105427357601002e-15,0.0,0.0,0.0,0.0,0.0,-0.22254790127134516,0.0
0,spring_irrigation,春季灌溉日,55.0,23.75,0.25,34.447745813863584,23.807942058758385,5.977691148117347,0.0,-0.0,0.0,0.0,59.30818527926922,0.0,0.0,0.0,0.0,0.0,11.310552580863993,36.19376825876478,1.9925637160391156,5.977691148117347,0.0,0.0,0.0,0.0,13.112148136856566,0.0,26.364499202895573,12.385826200006392,0.0,34.01578875237956,0.0,1.5548249683540392,0.0,0.0,0.0,0.0,10.776877053697623,5.7203166688709155,10.60965927149968,4.57177415051892,1.7681341098679377,0.0,62.0,9.299999999999999,41.0,45.0,0.0,0.45461585631176754,1.0,23.411397903045657,17.85595654406879,2.689961016652806,0.3500410431344285,0.1801158137317086,0.10052526693149218,0.0,0.18703270924499654,0.7791448516351757,0.5167492487303357,16.949567531886537,2.4850679638443136,13.480316560320938,7.350229848270091,32.89292084550954,59.30818527926922,59.30818527926922,0.0,0.0,0.0,0.0,0.0,0.0,-0.0,0.0,0.0,0.0,0.0,0.0,0.0,0.0,-0.0566638364319596,0.0
1,spring_pv_high,春秋光伏大发日,65.0,0.0,0.25,30.36912887850599,19.726434692112747,5.004839246295293,0.0,5.0,-5.0,0.0,52.61490555512207,0.0,0.0,0.0,0.0,0.0,8.4333539604904,26.986732673569282,1.6682797487650978,5.004839246295293,0.0,0.0,0.0,0.0,7.144142967360587,0.0,28.05991493268357,7.260297981456535,0.0,35.723101628599295,0.0,0.0,0.0,0.0,0.0,0.0,9.500218936363362,5.067937531720355,9.723455268155119,4.052756238808911,1.353025517839139,0.0,52.0,7.8,40.5,45.0,0.0,0.40330976628390486,1.0,17.74173473808494,13.808504284478921,2.001935698518117,0.0,0.2016000871173399,0.10000721175353074,0.0,0.19941623381592644,0.5050551467827175,0.4205719736854457,15.12923702480317,2.1939763690888285,12.043843847380836,6.091166806107327,30.36912887850599,52.61490555512207,52.61490555512207,0.0,0.0,0.0,0.0,0.0,0.0,0.0,0.0,-3.552713678800501e-15,0.0,0.0,-4.4727058164277205,0.0,-2.032158663547932,-0.2893927654978503,0.0
1,spring_pv_high,春秋光伏大发日,65.0,0.25,0.25,30.633875207568973,19.807161452052434,4.995014062255291,0.0,5.0,-5.0,0.0,52.6984944253042,0.0,0.0,0.0,0.0,0.0,8.4333539604904,26.986732673569282,1.6650046874184303,4.995014062255291,0.0,0.0,0.0,0.0,6.966260569826393,0.0,29.7129988222707,7.179571221516849,0.0,37.410388242895266,0.0,0.0,0.0,0.0,0.0,0.0,9.502444822878466,5.070478362042015,9.73528850149318,4.053423501558948,1.353728726067011,0.0,52.0,7.8,40.5,45.0,0.0,0.40395050121142023,1.0,17.890946899431096,13.865013016436702,1.9980056249021165,0.0,0.2016002136797004,0.10001045666848735,0.0,0.19700065039613524,0.5085877576080405,0.41828017845375737,15.142440729119139,2.1956711701945344,12.054153925273623,6.11395025739146,30.633875207568973,52.6984944253042,52.6984944253042,0.0,0.0,0.0,0.0,0.0,0.0,0.0,0.0,-3.552713678800501e-15,0.0,0.0,0.0,0.0,0.0,-0.0098251840400021,0.0
1,spring_pv_high,春秋光伏大发日,65.0,0.5,0.25,30.66820306944924,19.968162235933157,5.07260561594005,0.0,5.0,-5.0,0.0,54.75505142594907,0.0,0.0,0.0,0.0,0.0,8.4333539604904,26.986732673569282,1.6908685386466835,5.07260561594005,0.0,0.0,0.0,0.0,8.962625857362742,0.0,31.840136813453235,7.018570437636125,0.0,39.0585935277124,0.0,0.0,0.0,0.0,0.0,0.0,9.508881693133121,5.073748351001649,9.748943149094858,4.054235724974795,1.3545774623079114,0.0,52.0,7.8,40.5,45.0,0.0,0.4197146561505688,1.0,17.92114176567549,13.97771356515321,2.02904224637602,0.0,0.2016005097511223,0.10001505670250135,0.0,0.1947589196242733,0.48719120018304535,0.4161548815010965,15.157756336377565,2.1976426500945863,12.06611415263401,6.159248227274692,30.66820306944924,54.75505142594907,54.75505142594907,0.0,0.0,0.0,0.0,0.0,0.0,0.0,0.0,0.0,0.0,0.0,0.0,0.0,0.0,0.07759155368475934,0.0
1,spring_pv_high,春秋光伏大发日,65.0,0.75,0.25,30.821907107417452,20.122781550688426,5.10942710015536,0.0,5.0,-5.0,0.0,56.402446860842204,0.0,0.0,0.0,0.0,0.0,8.4333539604904,26.986732673569282,1.7031423667184533,5.10942710015536,0.0,0.0,0.0,0.0,10.444043426215897,0.0,34.319005120338836,6.863951122880856,0.0,40.66925262263275,0.0,0.0,0.0,0.0,0.0,0.0,9.519609418996652,5.077929043113531,9.76462122504508,4.055220216493816,1.3555974807940787,0.0,52.0,7.8,40.5,45.0,0.0,0.432342459257197,1.0,18.00225363161285,14.085947085481898,2.043770840062144,0.0,0.20160118274025798,0.1000215303190446,0.0,0.19270064093566258,0.4976867323852926,0.4142058140942002,15.175438922332972,2.199925631748994,12.07992412789158,6.2028039980552,30.821907107417452,56.402446860842204,56.402446860842204,0.0,0.0,0.0,0.0,0.0,0.0,0.0,0.0,0.0,0.0,0.0,0.0,0.0,0.0,0.0368214842153094,0.0
1,spring_pv_high,春秋光伏大发日,65.0,1.0,0.25,30.71942334869158,20.204062524739722,5.146977098716984,0.0,5.0,-5.0,0.0,59.5621977498918,0.0,0.0,0.0,0.0,0.0,8.4333539604904,26.986732673569282,1.7156590329056611,5.146977098716984,0.0,0.0,0.0,0.0,13.693761407804157,0.0,37.569557504436304,6.78267014882956,0.0,42.25980215666846,0.0,0.0,0.0,0.0,0.0,0.0,9.534753962849939,5.083238757545898,9.782532484419777,4.0564084472310755,1.356818109699834,0.0,52.0,7.8,40.5,45.0,0.0,0.45656294163063527,1.0,17.952846649450848,14.142843767317805,2.0587908394867935,0.0,0.2016026690507574,0.10003057420178106,0.0,0.19083462819564032,0.4773468529194102,0.4124422819029914,15.195759041350687,2.20255740276593,12.095795641450032,6.225877442451579,30.71942334869158,59.5621977498918,59.5621977498918,0.0,0.0,0.0,0.0,0.0,0.0,0.0,0.0,3.552713678800501e-15,0.0,0.0,0.0,0.0,0.0,0.03754999856162389,0.0
1,spring_pv_high,春秋光伏大发日,65.0,1.25,0.25,30.712159794595706,20.1881683083662,5.268932699365177,0.0,5.0,-5.0,0.0,61.97919853861547,0.0,0.0,0.0,0.0,0.0,8.4333539604904,26.986732673569282,1.7563108997883923,5.268932699365177,0.0,0.0,0.0,0.0,16.077373883740968,0.0,41.38605532394956,6.798564365203081,0.0,43.853331292325855,0.0,0.0,0.0,0.0,0.0,0.0,9.554518026242901,5.089937670030076,9.802891911014758,4.05783647311171,1.3582725403493057,0.0,52.0,7.8,40.5,45.0,0.0,0.4750900113445001,1.0,17.93720943274874,14.131717815856339,2.107573079746071,0.0,0.20160585815084742,0.10004311653534873,0.0,0.18916887195723484,0.49433893459232703,0.41087333394678016,15.219000924475774,2.205577553358726,12.113951286519082,6.2218031014543485,30.712159794595706,61.97919853861547,61.97919853861547,0.0,0.0,0.0,0.0,0.0,0.0,0.0,0.0,3.552713678800501e-15,0.0,0.0,0.0,0.0,0.0,0.12195560064819322,0.0
1,spring_pv_high,春秋光伏大发日,65.0,1.5,0.25,30.80384041880341,20.23721861801691,5.28214585492766,0.0,5.0,-5.0,0.0,64.8750530196598,0.0,0.0,0.0,0.0,0.0,8.4333539604904,26.986732673569282,1.7607152849758867,5.28214585492766,0.0,0.0,0.0,0.0,18.877143355390103,0.0,45.86730756808852,6.749514055552371,0.0,45.434414214873385,0.0,0.0,0.0,0.0,0.0,0.0,9.579221772437176,5.098332963615538,9.825916665404623,4.059545353579768,1.359998096884418,0.0,52.0,7.8,40.5,45.0,0.0,0.4972876449165799,1.0,18.00067721192025,14.166053032611837,2.112858341971064,0.0,0.20161250548480011,0.10006038327302245,0.0,0.1877105052443905,0.4742384650913381,0.40950807876725126,15.24546011586881,2.209027744807485,12.134622632850988,6.2359844987703115,30.80384041880341,64.8750530196598,64.8750530196598,0.0,0.0,0.0,0.0,0.0,0.0,0.0,0.0,0.0,0.0,0.0,0.0,0.0,0.0,0.013213155562483259,0.0
1,spring_pv_high,春秋光伏大发日,65.0,1.75,0.25,30.803817266476365,20.314166477387072,5.301994623233601,0.0,5.0,-5.0,0.0,52.70380534700008,0.0,10.886161159932321,0.0,0.0,0.0,8.4333539604904,26.986732673569282,1.7673315410778672,5.301994623233601,0.0,0.0,0.0,0.0,6.6993025789554395,0.0,47.45609856521203,6.672566196182211,0.0,46.996431479359224,0.0,0.0,0.0,0.0,0.0,0.0,9.609354230021097,5.108783854822524,9.851822491723667,4.0615815564890285,1.3620364751853222,0.0,52.0,7.8,40.5,45.0,0.0,0.487437053422888,1.0,17.989068553787405,14.219916534170949,2.1207978492934405,0.0,0.2016259643096087,0.10008397954363103,0.0,0.18646577300726433,0.49224431333065555,0.40835624096289513,15.275440523398016,2.212951403715636,12.158047944258458,6.2580597037208605,30.803817266476365,63.5899665069324,52.70380534700008,10.886161159932321,0.0,0.0,0.0,0.0,0.0,0.0,0.0,7.105427357601002e-15,0.0,0.0,0.0,0.0,0.0,0.019848768305941178,0.0
1,spring_pv_high,春秋光伏大发日,65.0,2.0,0.25,30.63381541334748,20.571610269903456,5.329512214862798,0.0,5.0,-5.0,0.0,45.85366420305151,0.0,18.57701131436042,0.0,0.0,0.0,8.4333539604904,26.986732673569282,1.7765040716209326,5.329512214862798,0.0,0.0,0.0,0.0,0.00999075759268994,0.0,47.45609856521203,6.415122403665827,0.0,48.49652483449018,0.0,0.0,0.0,0.0,0.0,0.0,9.645634346059774,5.1217062515127605,9.880819600094178,4.063997335638185,1.3644339383478155,0.0,52.0,7.8,40.5,45.0,0.0,0.4938813518769459,1.0,17.903247163193814,14.400127188932418,2.1318048859451193,0.0,0.2016524311387308,0.10011598836770236,0.0,0.18544000538039032,0.4686118499778257,0.4074290964394145,15.309250874080178,2.2173933388626943,12.184469432332724,6.33076877132663,30.63381541334748,64.43067551741193,45.85366420305151,18.57701131436042,0.0,0.0,0.0,0.0,0.0,0.0,0.0,3.552713678800501e-15,0.0,0.0,0.0,0.0,0.0,0.027517591629196758,0.0
1,spring_pv_high,春秋光伏大发日,65.0,2.25,0.25,30.54023040227472,20.787163111432292,5.206082865734584,0.0,5.0,-5.0,0.0,49.0783614198529,0.0,14.521138181923135,0.0,0.0,0.0,8.4333539604904,26.986732673569286,1.7353609552448612,5.206082865734584,0.0,0.0,0.0,0.0,0.00999075759268994,0.0,47.45609856521203,6.1995695621369915,0.0,49.94467434308047,3.3594253442502193,0.0,0.0,0.0,0.0,0.0,9.689078087851582,5.137576747598316,9.91310806276855,4.066851065259451,1.3672414546534162,0.0,52.0,7.8,40.5,45.0,0.0,0.4875101275871915,1.0,17.848914535367655,14.551014178002603,2.0824331462938335,0.0,0.20170297648543548,0.10015908873524831,0.0,0.18463759485822556,0.46751737322159453,0.4067409785168426,15.347200582681417,2.2223992793026786,12.214130052433058,6.391857218259413,33.89965574652494,63.59949960177603,49.0783614198529,14.521138181923135,0.0,0.0,0.0,0.0,0.0,0.0,0.0,0.0,0.0,0.0,0.0,0.0,3.552713678800501e-15,-0.12342934912821413,0.0
1,spring_pv_high,春秋光伏大发日,65.0,2.5,0.25,30.685852926400415,20.905207785143446,5.203555510663108,0.0,5.0,-5.0,0.0,45.863716148037874,0.0,16.048292523795,0.0,0.0,0.0,8.4333539604904,26.986732673569286,1.7345185035543693,5.203555510663108,0.0,0.0,0.0,0.0,0.00999075759268994,0.0,47.45609856521203,6.081524888425838,0.0,51.36406416691007,0.0,0.0,0.0,0.0,0.0,0.0,9.741064487366675,5.156935610440952,9.948872785334288,4.070207513686942,1.3705147627952512,0.0,52.0,7.8,40.5,45.0,0.0,0.4745749799254976,1.0,17.94980859388767,14.633645449600412,2.0814222042652433,0.0,0.2017967084901995,0.10021669479906908,0.0,0.18406197748581427,0.4384443160317134,0.40631159987382537,15.38959506181648,2.228015334518719,12.247269863544096,6.425767438238267,30.685852926400415,61.91200867183287,45.863716148037874,16.048292523795,0.0,0.0,0.0,0.0,0.0,0.0,0.0,0.0,0.0,0.0,0.0,0.0,0.0,-0.002527355071475945,0.0
1,spring_pv_high,春秋光伏大发日,65.0,2.75,0.25,30.607682324105088,21.145361572233398,5.066099998807231,0.0,5.0,-5.0,0.0,49.10657209744215,0.0,11.477087178139016,0.0,0.0,0.0,8.4333539604904,26.986732673569286,1.6886999996024104,5.066099998807231,0.0,0.0,0.0,0.0,0.00999075759268994,0.0,47.45609856521203,5.841371101335886,0.0,52.72570777139389,3.36684505565156,0.0,0.0,0.0,0.0,0.0,9.803389328156097,5.180388373043958,9.988278139102892,4.074138036514783,1.3743143482322386,0.0,52.0,7.8,40.5,45.0,0.0,0.4643927648498784,1.0,17.904033148646352,14.801753100563378,2.0264399995228923,0.0,0.20196546383663208,0.10029311740868342,0.0,0.18371561814511542,0.43895183952744193,0.40616946759131717,15.436730523849914,2.2342873798761005,12.284121990630181,6.494008865828338,33.97452737975665,60.58365927558116,49.10657209744215,11.477087178139016,0.0,0.0,0.0,0.0,0.0,0.0,0.0,-7.105427357601002e-15,0.0,0.0,0.0,0.0,0.0,-0.1374555118558769,0.0
1,spring_pv_high,春秋光伏大发日,65.0,3.0,0.25,30.712926737747843,21.30820998471004,4.824300411292357,0.0,5.0,-5.0,0.0,46.621180821408416,0.0,15.016447283561362,0.0,0.0,0.0,8.4333539604904,26.986732673569286,1.6081001370974521,4.824300411292357,0.0,0.0,0.0,0.0,0.00999075759268994,0.0,47.45609856521203,5.678522688859245,0.0,54.04799405611227,0.8568092284800333,0.0,0.0,0.0,0.0,0.0,9.87829087866761,5.20860560909331,10.031462366223378,4.078720667913352,1.3787053140259415,0.0,52.0,7.8,40.5,45.0,0.0,0.47247176675563896,1.0,17.981895891105296,14.915746989297027,1.9297201645169428,0.0,0.20226039226461814,0.10039374840127292,0.0,0.18359999999999999,0.4102728705772931,0.4063566481463783,15.488888348162671,2.2412603732569156,12.324908246158397,6.540763405676549,31.569735966227874,61.63762810496978,46.621180821408416,15.016447283561362,0.0,0.0,0.0,0.0,0.0,0.0,0.0,0.0,0.0,0.0,0.0,0.0,0.0,-0.2417995875148744,0.0
1,spring_pv_high,春秋光伏大发日,65.0,3.25,0.25,30.6796210806859,21.742059356045903,4.808962129970552,0.0,5.0,-5.0,0.0,49.100711494301294,0.0,10.022619991206206,0.0,0.0,0.0,8.4333539604904,26.986732673569286,1.6029873766568505,4.808962129970552,0.0,0.0,0.0,0.0,0.00999075759268994,0.0,47.45609856521203,5.244673317523382,0.0,55.26657997199602,3.374758318875449,0.0,0.0,0.0,0.0,0.0,9.968428645320948,5.242320449205757,10.078531894109629,4.084040087525135,1.3837571294618645,0.0,52.0,7.8,40.5,45.0,0.0,0.45319889395913865,1.0,17.942455837614766,15.219441549232132,1.9235848519882208,0.0,0.20276063539416272,0.10052526693149218,0.0,0.18371561814511542,0.4459645024744378,0.40693502225211653,15.546329111096627,2.24897761152929,12.369834485889669,6.663576109997999,34.05437939956135,59.1233314855075,49.100711494301294,10.022619991206206,0.0,0.0,0.0,0.0,0.0,0.0,0.0,7.105427357601002e-15,0.0,0.0,0.0,0.0,0.0,-0.015338281321804814,0.0
1,spring_pv_high,春秋光伏大发日,65.0,3.5,0.25,30.865772835223307,22.2620493150558,4.730945317990017,0.0,5.0,-5.0,0.0,45.88609932596974,0.0,12.309187570842326,0.0,0.0,0.0,8.4333539604904,26.986732673569286,1.5769817726633388,4.730945317990017,0.0,0.0,0.0,0.0,0.00999075759268994,0.0,47.45609856521203,4.724683358513484,0.0,56.36105897965698,0.0,0.0,0.0,0.0,0.0,0.0,10.076794839500437,5.2823233962566665,10.12955571927092,4.090187439636318,1.3895432402610668,0.0,52.0,7.8,40.5,45.0,0.0,0.4460851408844387,1.0,18.046670054274443,15.58343452053906,1.8923781271960067,0.0,0.2035839280040394,0.10069586562510512,0.0,0.18406197748581427,0.454262236951758,0.40799390727694573,15.609286399168305,2.257479938304482,12.41908579210652,6.810706586633523,30.865772835223307,58.195286896812064,45.88609932596974,12.309187570842326,0.0,0.0,0.0,0.0,0.0,0.0,0.0,3.552713678800501e-15,0.0,0.0,0.0,0.0,0.0,-0.07801681198053512,0.0
1,spring_pv_high,春秋光伏大发日,65.0,3.75,0.25,31.025346163473284,22.625135263217363,4.732228574490402,0.0,5.0,-5.0,0.0,46.0461004063865,0.0,13.489570059318837,0.0,0.0,0.0,8.4333539604904,26.986732673569286,1.577409524830134,4.732228574490402,0.0,0.0,0.0,0.0,0.00999075759268994,0.0,47.45609856521203,4.361597410351923,0.0,57.36875783512574,0.0,0.0,0.0,0.0,0.0,0.0,10.206540536793257,5.329454021185074,10.184560041285307,4.09725998124661,1.396140525333592,0.0,52.0,7.8,40.5,45.0,0.0,0.4563596016707416,1.0,18.139361920789696,15.837594684252153,1.892891429796161,0.0,0.20489831605990444,0.1009154924615823,0.0,0.18463759485822556,0.45689195447840925,0.40965847957267143,15.67796054786551,2.2668049171520166,12.47282159431481,6.914123966760639,31.025346163473284,59.53567046570534,46.0461004063865,13.489570059318837,0.0,0.0,0.0,0.0,0.0,0.0,0.0,-7.105427357601002e-15,0.0,0.0,0.0,0.0,0.0,0.0012832565003852991,0.0
1,spring_pv_high,春秋光伏大发日,65.0,4.0,0.25,31.416402945335108,23.05894874869248,4.711785114349762,0.0,5.0,-5.0,0.0,46.430342701534784,0.0,11.30193423703436,0.0,0.0,0.0,8.4333539604904,26.986732673569286,1.5705950381165874,4.711785114349762,0.0,0.0,0.0,0.0,0.00999075759268994,0.0,47.45609856521203,3.927783924876806,0.0,58.272922138366425,0.0,0.0,0.0,0.0,0.0,0.0,10.360705557241307,5.384589172559755,10.243523344076204,4.1053605363654935,1.4036285868857876,0.0,52.0,7.8,40.5,45.0,0.0,0.44253602422109245,1.0,18.357847048975913,16.141264124084735,1.884714045739905,0.0,0.20693328626962862,0.10119610203089346,0.0,0.18544000538039032,0.4754559597351058,0.41209779732791496,15.752512467327485,2.2769859869498066,12.531170852211531,7.0375876381825755,31.416402945335108,57.73227693856914,46.430342701534784,11.30193423703436,0.0,0.0,0.0,0.0,0.0,0.0,0.0,0.0,0.0,0.0,0.0,0.0,0.0,-0.02044346014063958,0.0
1,spring_pv_high,春秋光伏大发日,65.0,4.25,0.25,31.503162439480292,23.511465632820997,4.683712752944171,0.0,5.0,-5.0,0.0,46.507744741878106,0.0,9.379242134998897,0.0,0.0,0.0,8.4333539604904,26.986732673569286,1.5612375843147237,4.683712752944171,0.0,0.0,0.0,0.0,0.00999075759268994,0.0,47.45609856521203,3.475267040748289,0.0,59.06916159947497,0.0,0.0,0.0,0.0,0.0,0.0,10.541853468087291,5.4486274169256035,10.3063721324418,4.114596735467028,1.4120888633255155,0.0,52.0,7.8,40.5,45.0,0.0,0.42839129668323944,1.0,18.396632137601074,16.458025942974697,1.8734851011776685,0.0,0.20998752419689415,0.10155190720389393,0.0,0.18646577300726433,0.5012630087512568,0.41553046777823155,15.833057731234343,2.2880516182086943,12.594227437400619,7.166554111425834,31.503162439480292,55.886986876877,46.507744741878106,9.379242134998897,0.0,0.0,0.0,0.0,0.0,0.0,0.0,0.0,0.0,0.0,0.0,0.0,0.0,-0.02807236140559155,0.0
1,spring_pv_high,春秋光伏大发日,65.0,4.5,0.25,32.04877644901352,23.881285323680746,4.864528162921329,0.0,5.0,-5.0,0.0,50.63899596412855,0.0,4.877294208192119,0.0,0.0,0.0,8.4333539604904,26.986732673569286,1.621509387640443,4.864528162921329,0.0,0.0,0.0,0.0,0.00999075759268994,0.0,47.45609856521203,3.1054473498885393,0.0,59.77717076427376,3.5253654093914877,0.0,0.0,0.0,0.0,0.0,10.751630268070047,5.5224695447061904,10.372977535590909,4.125080021640103,1.421603557846405,0.0,52.0,7.8,40.5,45.0,0.0,0.42554979008545224,1.0,18.73079438156798,16.71689972657652,1.9458112651685315,0.0,0.21442947666298198,0.10199961937688362,0.0,0.1877105052443905,0.47882970680227355,0.4202252710854536,15.919661115077416,2.3000244908923366,12.662045858020809,7.272654932774171,35.574141858405014,55.516290172320666,50.63899596412855,4.877294208192119,0.0,0.0,0.0,0.0,0.0,0.0,0.0,0.0,0.0,0.0,0.0,0.0,0.0,0.18081540997715795,0.0
1,spring_pv_high,春秋光伏大发日,65.0,4.75,0.25,32.65750194890434,24.63526850526887,5.1824884769850215,0.0,5.0,-5.0,0.0,47.82834282598244,0.0,6.524106795647391,0.0,0.0,0.0,8.4333539604904,26.986732673569286,1.727496158995007,5.1824884769850215,0.0,0.0,0.0,0.0,0.00999075759268994,0.0,47.45609856521203,2.351464168300417,0.0,60.30575491886298,0.0,0.0,0.0,0.0,0.0,0.0,10.990285309754762,5.606995128624353,10.443152985028012,4.136924408655721,1.4322543798204426,0.0,52.0,7.8,40.5,45.0,0.0,0.416628586948461,1.0,19.074587132591375,17.244687953688207,2.072995390794009,0.0,0.22068623912677365,0.10255866241721266,0.0,0.18916887195723484,0.5056165339599097,0.42649359192360603,16.012331773504176,2.312920715321889,12.73463747323649,7.486634922535421,32.65750194890434,54.35244962162983,47.82834282598244,6.524106795647391,0.0,0.0,0.0,0.0,0.0,0.0,0.0,0.0,0.0,0.0,0.0,0.0,0.0,0.31796031406369263,0.0
1,spring_pv_high,春秋光伏大发日,65.0,5.0,0.25,33.318701171338795,25.0693011309532,5.31734195062744,0.0,5.0,-5.0,0.0,52.19955033514496,0.0,0.3236146986750654,0.0,0.0,0.0,8.4333539604904,26.986732673569286,1.7724473168758133,5.31734195062744,0.0,0.0,0.0,0.0,0.00999075759268994,0.0,47.45609856521203,1.917431542616086,0.0,60.73099203277487,3.6650571288472675,0.0,0.0,0.0,0.0,0.0,11.256212475679963,5.703035306456419,10.516653160483537,4.150244980984967,1.4441211011601014,0.0,52.0,7.8,40.5,45.0,0.0,0.40260654639184734,1.0,19.440988179679533,17.548510791667237,2.126936780250976,0.0,0.22921646235008905,0.10325134241556064,0.0,0.19083462819564032,0.5491881522446452,0.43467062860492517,16.111019242628604,2.326749118090541,12.811967341659503,7.6113657133545125,36.98375830018606,52.52316503382003,52.19955033514496,0.3236146986750654,0.0,0.0,0.0,0.0,0.0,0.0,0.0,0.0,0.0,0.0,0.0,0.0,0.0,0.1348534736424183,0.0
1,spring_pv_high,春秋光伏大发日,65.0,5.25,0.25,33.71921774347721,25.76775538689903,5.330369951028462,0.0,5.0,-5.0,0.0,48.93935244523645,0.0,2.9935031306871807,0.0,0.0,0.0,8.4333539604904,26.986732673569286,1.776789983676154,5.330369951028462,0.0,0.0,0.0,0.0,0.00999075759268994,0.0,47.45609856521203,1.2189772866702562,0.0,60.99013364234267,0.0,0.0,0.0,0.0,0.0,0.0,11.545584118471266,5.811342173203165,10.59317437397653,4.16515613174862,1.4572799355623827,0.0,52.0,7.8,40.5,45.0,0.0,0.3980816391058321,1.0,19.671646907735962,18.03742877082932,2.132147980411385,0.0,0.24046440240408282,0.10410295255905022,0.0,0.19270064093566258,0.5699702264753442,0.4450833478748826,16.21561044128753,2.341510614415659,12.89395183861042,7.810494387272847,33.71921774347721,51.93285557592363,48.93935244523645,2.9935031306871807,0.0,0.0,0.0,0.0,0.0,0.0,0.0,0.0,0.0,0.0,0.0,0.0,0.0,0.013028000401022588,0.0
1,spring_pv_high,春秋光伏大发日,65.0,5.5,0.25,34.28495271293381,26.240389212528545,5.425994765613127,0.0,5.0,-5.0,0.0,49.53696235288794,0.0,1.1588277195806,0.0,0.0,0.0,8.4333539604904,26.986732673569286,1.8086649218710422,5.425994765613127,0.0,0.0,0.0,0.0,0.00999075759268994,0.0,47.45609856521203,0.7463434610407411,0.0,61.136895147518665,0.0,0.0,0.0,0.0,0.0,0.0,11.852155150066524,5.932555402500435,10.672356528178739,4.181769541624142,1.4718017549129516,0.0,52.0,7.8,40.5,45.0,0.0,0.38859914372144605,1.0,19.995869008647322,18.36827244876998,2.1703979062452508,0.0,0.2547951709336419,0.10514179014121908,0.0,0.1947589196242733,0.5989806366861893,0.4580052044237061,16.325927824715833,2.3571976869546436,12.980457161313504,7.9467748587222555,34.28495271293381,50.69579007246854,49.53696235288794,1.1588277195806,0.0,0.0,0.0,0.0,0.0,0.0,0.0,0.0,0.0,0.0,0.0,0.0,0.0,0.09562481458466454,0.0
1,spring_pv_high,春秋光伏大发日,65.0,5.75,0.25,34.89165576645488,26.472656655302774,5.443349910008606,0.0,5.0,-5.0,0.0,50.14945045454084,0.0,0.20301517790536394,0.0,0.0,0.0,8.4333539604904,26.986732673569286,1.8144499700028687,5.443349910008606,0.0,0.0,0.0,0.0,0.00999075759268994,0.0,47.45609856521203,0.5140760182665112,0.0,61.2284197542832,0.0,0.0,0.0,0.0,0.0,0.0,12.16730618735039,6.067166963647962,10.75378674113151,4.2001919097873355,1.4877501639627224,0.0,52.0,7.8,40.5,45.0,0.0,0.38596745412314587,1.0,20.33883533152839,18.53085965871194,2.1773399640034423,0.0,0.2724155592869978,0.1063990612206606,0.0,0.19700065039613524,0.6412511680883776,0.47360066447582144,16.441728814881568,2.3737939887693003,13.071298818552847,8.016154245781054,34.89165576645488,50.352465632446204,50.14945045454084,0.20301517790536394,0.0,0.0,0.0,0.0,0.0,0.0,0.0,0.0,0.0,0.0,0.0,0.0,0.0,0.017355144395478916,0.0
1,spring_pv_high,春秋光伏大发日,65.0,6.0,0.25,35.59302119394302,26.998329312765488,5.466993503376436,0.0,5.0,-5.0,0.5950596623959541,50.18542029341941,3.3306690738754696e-15,0.0,0.0,0.0,0.0,8.4333539604904,26.986732673569286,1.8223311677921454,5.466993503376436,0.0,0.0,0.0,0.0,0.0,0.06822636641019564,47.435771453333714,0.0,0.011596639196202574,61.19475379724917,0.0,0.0,0.0,0.0,0.0,0.0,12.480371241640048,6.2154850468066645,10.83700467568252,4.220522456878132,1.5051794615043776,0.0,52.0,7.8,40.5,45.0,0.01767850386708656,0.384686999165926,1.0,20.756696534280007,18.898830518935842,2.1867974013505744,0.0,0.2932898870598795,0.10790864805221334,0.0,0.19941623381592644,0.6536584215878919,0.49186612631403775,16.562706594065027,2.391274084850929,13.16624217223071,8.168106307195377,35.59302119394302,50.780479955815366,50.780479955815366,3.3306690738754696e-15,0.0,0.0,0.0,0.0,0.0,0.0,0.0,0.0,0.0,0.0,0.0,0.0,0.0,0.023643593367830285,0.0
1,spring_pv_high,春秋光伏大发日,65.0,6.25,0.25,36.42545214345019,27.359572913839123,5.546743872474557,0.0,5.0,-5.0,0.0,51.803295045787124,1.5447478817997735,0.10942439683347516,0.0,0.0,0.0,8.4333539604904,26.986732673569286,1.8489146241581855,5.546743872474557,0.0,0.0,0.0,0.0,0.0955743176883504,0.0,47.45609856521203,0.0,0.37284024026983786,61.06604056764796,0.0,0.0,0.0,0.0,0.0,0.0,12.779258579997563,6.377598540351202,10.921509549960508,4.242850229547812,1.524132523446342,0.0,52.0,7.8,40.5,45.0,0.04589259384868127,0.39792728932356747,1.0,21.253071486579667,19.151701039687385,2.2186975489898226,0.0,0.3170650256615136,0.10970671546551213,0.0,0.20199532598459627,0.665979100325561,0.5125771215673869,16.688492302954664,2.4096033424720624,13.265004063261681,8.274452288459122,36.42545214345019,53.45746732442037,51.803295045787124,1.6541722786332487,0.0,0.0,0.0,0.0,0.0,0.0,0.0,0.0,0.0,0.0,0.0,0.0,0.0,0.07975036909812072,0.0
1,spring_pv_high,春秋光伏大发日,65.0,6.5,0.25,36.74521310304253,27.553361671617818,5.467075717406212,0.0,5.0,-5.0,0.0,52.01091639359436,2.727854599645122,4.068980074162965,0.0,0.0,0.0,8.4333539604904,26.986732673569286,1.8223585724687374,5.467075717406212,0.0,0.0,0.0,0.0,0.00999075759268994,0.0,47.45609856521203,0.0,0.5666289980485324,60.88639465314084,0.0,0.0,0.0,0.0,0.0,0.0,13.051327998648972,6.553343605176861,11.006768736589185,4.267251246106128,1.5446386501468987,0.0,52.0,7.8,40.5,45.0,0.08104126550017644,0.42987000924940294,1.0,21.44561820855485,19.287353170132473,2.186830286962485,0.0,0.34302160132698145,0.11183113515097548,0.0,0.2047268828335291,0.6928604697697092,0.5352536812566175,16.81865863284221,2.4287379757221226,13.367255514296602,8.334356324767922,36.74521310304253,58.80775106740244,52.01091639359436,6.796834673808087,0.0,0.0,0.0,0.0,0.0,0.0,0.0,0.0,0.0,0.0,0.0,0.0,0.0,-0.07966815506834468,0.0
1,spring_pv_high,春秋光伏大发日,65.0,6.75,0.25,37.223554565663484,27.73087852265918,5.420600854305329,0.0,5.0,-5.0,0.0,52.473766235181685,3.9208593686152615,5.013863636237595,0.0,0.0,0.0,8.4333539604904,26.986732673569286,1.8068669514351097,5.420600854305329,0.0,0.0,0.0,0.0,0.00999075759268994,0.0,47.45609856521203,0.0,0.7441458490898931,60.66012360079061,0.0,0.0,0.0,0.0,0.0,0.0,13.284441604876148,6.74227404434419,11.092227785540269,4.293785532824879,1.5667114268450237,0.0,52.0,7.8,40.5,45.0,0.1164839962958954,0.4406607276595338,1.0,21.72903094486845,19.411614965861425,2.168240341722132,0.0,0.37006796493097593,0.11432071156928099,0.0,0.2075992074169415,0.7237692519422334,0.5591554629101305,16.952724745210173,2.4486252440792153,13.472625458279222,8.390156885802666,37.223554565663484,61.40848924003454,52.473766235181685,8.934723004852856,0.0,0.0,0.0,0.0,0.0,0.0,0.0,0.0,0.0,0.0,0.0,0.0,0.0,-0.04647486310088311,0.0
1,spring_pv_high,春秋光伏大发日,65.0,7.0,0.25,37.84694578212417,27.755425354107555,5.595922707603679,0.0,5.0,-5.0,0.0,53.15559806940849,5.268119870575886,7.755774888326165,0.0,0.0,0.0,8.4333539604904,26.986732673569286,1.8653075692012262,5.595922707603679,0.0,0.0,0.0,0.0,0.00999075759268994,0.0,47.45609856521203,0.0,0.768692680538269,60.42750599148015,0.0,0.0,0.0,0.0,0.0,0.0,13.468067510786257,6.943637256476603,11.177321631472363,4.322494110205658,1.590346651703709,0.0,88.0,13.2,40.5,45.0,0.15650947861137368,0.46690479308907945,1.0,22.094969334691378,19.428797747875286,2.2383690830414715,0.0,0.39678894312029667,0.11721420006985696,0.0,0.2106,0.7578866537719314,0.5833150402470789,17.09016239338173,2.469203798988518,13.580705396551979,8.403581025273237,37.84694578212417,66.17949282831054,53.15559806940849,13.02389475890205,0.0,0.0,0.0,0.0,0.0,0.0,0.0,0.0,0.0,0.0,0.0,0.0,0.0,0.1753218532983496,0.0
1,spring_pv_high,春秋光伏大发日,65.0,7.25,0.25,38.447517482393614,27.68403117746742,5.638586878091788,0.0,5.0,-5.0,0.0,53.770391159840635,6.8051201976356595,11.650609523962437,0.0,0.0,0.0,8.4333539604904,26.986732673569286,1.8795289593639293,5.638586878091788,0.0,0.0,0.0,0.0,0.00999075759268994,0.0,47.45609856521203,0.0,0.6972985038981356,60.213792632195435,0.0,0.0,0.0,0.0,0.0,0.0,13.59429520170714,7.156357572873413,11.261486674500208,4.353395997583033,1.6155203905569986,0.0,88.0,13.2,40.5,45.0,0.20217190196609125,0.5014725051288288,1.0,22.45258673682042,19.378821824227195,2.255434751236715,0.0,0.4215527694878977,0.12054911680174364,0.0,0.21371641072817396,0.7820433395219655,0.6066117339548629,17.23040306264024,2.4904041664275103,13.691054845232609,8.390594079797783,38.447517482393614,72.22612088143873,53.770391159840635,18.455729721598097,0.0,0.0,0.0,0.0,0.0,0.0,0.0,0.0,0.0,0.0,0.0,0.0,0.0,0.04266417048810922,0.0
1,spring_pv_high,春秋光伏大发日,65.0,7.5,0.25,38.98782390052223,27.342492274501463,6.007731616675329,0.0,5.0,-5.0,0.0,54.433745824163765,8.629693914834418,11.399650850841212,0.0,0.0,0.0,8.4333539604904,26.986732673569286,2.002577205558443,6.007731616675329,0.0,0.0,0.0,0.0,0.00999075759268994,0.0,47.45609856521203,0.0,0.35575960093217773,60.090064788265614,0.0,0.0,0.0,0.0,0.0,0.0,13.658623587448364,7.379028698983344,11.344173357344252,4.386485312385193,1.6421872206225148,0.0,88.0,13.2,40.5,45.0,0.2563777834157055,0.504633649847673,1.0,22.76977643747172,19.139744592151022,2.4030926466701317,0.0,0.4426682778457242,0.1243603509825903,0.0,0.21693509465228517,0.8121411640123837,0.6278804502960091,17.372845890351957,2.512149347647598,13.80320738622799,8.302410361563279,38.98782390052223,74.4630905898394,54.433745824163765,20.02934476567563,0.0,0.0,0.0,0.0,0.0,0.0,0.0,0.0,0.0,0.0,0.0,0.0,0.0,0.36914473858354135,0.0
1,spring_pv_high,春秋光伏大发日,65.0,7.75,0.25,39.42512820615415,26.961410351508345,6.139198228921698,0.0,5.0,-5.0,0.0,54.906959108233764,10.522049697019527,10.174020148695618,0.0,0.0,0.0,8.425440734846358,26.961410351508345,2.046399409640566,6.139198228921698,0.0,0.0,0.0,0.0,0.00999075759268994,0.0,47.45609856521203,0.0,0.0,60.06001975587149,0.0,0.0,0.0,0.0,0.0,0.0,13.660409260018008,7.609916801999435,11.424858805679627,4.421728546779798,1.6702787269279247,0.0,88.0,13.2,40.5,45.0,0.3125973881500666,0.4988661341630902,1.0,23.024961442735975,18.87298724605584,2.4556792915686794,0.0,0.4585728493577394,0.12867860273305876,0.0,0.2202422688736293,0.840784153919903,0.6460418924401183,17.51686607938735,2.5343555150260624,13.916677102048842,8.203583353011748,39.42512820615415,75.60302895394891,54.906959108233764,20.696069845715144,0.0,0.0,0.0,0.0,0.0,0.0,0.0,0.0,0.0,0.0,0.0,0.0,-0.02532232206094065,0.1314666122463688,0.0
1,spring_pv_high,春秋光伏大发日,65.0,8.0,0.25,39.7584589000393,26.67172902997244,6.080990307138961,0.0,5.0,-5.0,0.0,55.1303617485447,12.707158340090764,12.198593981279203,0.0,0.0,0.0,8.334915321866387,26.67172902997244,2.0269967690463204,6.080990307138961,0.0,0.0,0.0,0.0,0.00999075759268994,0.0,47.45609856521203,0.0,0.0,60.029989745993554,0.0,0.0,0.0,0.0,0.0,0.0,13.602909519055903,7.8469755038663545,11.50305905619715,4.459062108871521,1.6997023147611279,0.0,88.0,13.2,40.5,45.0,0.3775143267995474,0.5160975794413674,1.0,23.21891785606135,18.670210320980708,2.4323961228555846,0.0,0.4680227005065581,0.13352868346558616,0.0,0.2236237715644639,0.8641768869332763,0.6602342884598589,17.6618234798298,2.55693277558798,14.030965144091299,8.130755513759008,39.7584589000393,80.03611406991467,55.1303617485447,24.905752321369967,0.0,0.0,0.0,0.0,0.0,0.0,0.0,0.0,0.0,0.0,0.0,0.0,-0.2896813215359053,-0.058207921782736705,0.0
1,spring_pv_high,春秋光伏大发日,65.0,8.25,0.25,40.373888478396246,26.340617084832143,6.3960195124440125,0.0,5.0,-5.0,0.0,55.74732857914698,14.80087942991721,9.773967425059098,0.0,0.0,0.0,8.231442839010045,26.340617084832143,2.1320065041480043,6.3960195124440125,0.0,0.0,0.0,0.0,0.00999075759268994,0.0,47.45609856521203,0.0,0.0,59.99997475112056,0.0,0.0,0.0,0.0,0.0,0.0,13.492913996621395,8.087873654403555,11.578340372153589,4.498390217699095,1.73034039890087,0.0,88.0,13.2,40.5,45.0,0.43971625161842076,0.5022413002412467,1.0,23.581531846713723,18.4384319593825,2.5584078049776053,0.0,0.47025353213202714,0.13892773002937972,0.0,0.2270651226111291,0.8711168392336736,0.6699242959994334,17.807070988753555,2.579785971602459,14.145566164709647,8.046705272971085,40.373888478396246,80.3221754341233,55.74732857914698,24.574846854976307,0.0,0.0,0.0,0.0,0.0,0.0,0.0,0.0,0.0,0.0,0.0,0.0,-0.3311119451402966,0.3150292053050512,0.0
1,spring_pv_high,春秋光伏大发日,65.0,8.5,0.25,41.00122768568932,25.774175631479515,6.53969175844125,0.0,5.0,-5.0,0.0,56.24554558093311,16.75663498792153,7.5565861469158335,0.0,0.0,0.0,8.054429884837347,25.774175631479515,2.17989725281375,6.53969175844125,0.0,0.0,0.0,0.0,0.00999075759268994,0.0,47.45609856521203,0.0,0.0,59.96997476374501,0.0,0.0,0.0,0.0,0.0,0.0,13.34001915329857,8.330036280025796,11.650329142310213,4.5395832406655785,1.762050025594453,0.0,88.0,13.2,40.5,45.0,0.4978193871192254,0.4890633664373964,1.0,23.961604769842335,18.041922942035658,2.6158767033765002,0.0,0.46508281327340273,0.1448833975799133,0.0,0.2305515856201172,0.8518695194997976,0.6749770334524152,17.951962408570243,2.602815486027809,14.25997433640237,7.897104840674513,41.00122768568932,80.55876671577047,56.24554558093311,24.313221134837363,0.0,0.0,0.0,0.0,0.0,0.0,0.0,0.0,0.0,0.0,0.0,0.0,-0.5664414533526276,0.14367224599723727,0.0
1,spring_pv_high,春秋光伏大发日,65.0,8.75,0.25,41.33237570701218,25.178665621033012,6.797174953701364,0.0,5.0,-5.0,0.0,56.47642445574481,18.51165563408771,7.957256121349793,0.0,0.0,0.0,7.868333006572816,25.178665621033012,2.2657249845671212,6.797174953701364,0.0,0.0,0.0,0.0,0.00999075759268994,0.0,47.45609856521203,0.0,0.0,59.93998977636314,0.0,0.0,0.0,0.0,0.0,0.0,13.155650199075557,8.570698543390879,11.718719878712585,4.582476558461218,1.7946629761784745,0.0,88.0,13.2,40.5,45.0,0.5499589308334497,0.4939043866026667,1.0,24.161674294694652,17.625065934723107,2.718869981480546,0.0,0.4529347796606706,0.15139210845489745,0.0,0.2340682310215723,0.8392684107151452,0.6756720628423708,18.09585941335228,2.6259180207277937,14.373688688520968,7.739663834278266,41.33237570701218,82.94533621118231,56.47642445574481,26.468911755437503,0.0,0.0,0.0,0.0,0.0,0.0,0.0,0.0,0.0,0.0,0.0,0.0,-0.5955100104465032,0.25748319526011443,0.0
1,spring_pv_high,春秋光伏大发日,65.0,9.0,0.25,41.708638338463814,24.63722287488302,7.100807165366544,0.0,5.0,-5.0,0.0,56.784696966246294,20.597754568048295,6.949940013970476,0.0,0.0,0.0,7.699132148400943,24.63722287488302,2.366935721788848,7.100807165366544,0.0,0.0,0.0,0.0,0.00999075759268994,0.0,47.45609856521203,0.0,0.0,59.910019781474965,0.0,0.0,0.0,0.0,0.0,0.0,12.951966098975827,8.806971927995292,11.783280873367175,4.626870035832234,1.8279863919318105,0.0,88.0,13.2,40.5,45.0,0.6119344106074555,0.48854599801098336,1.0,24.391619999527983,17.246056012418112,2.840322866146618,0.0,0.4347835108214802,0.15843744412450295,0.0,0.2376,0.8138834380484783,0.6726621572870888,18.238137301131218,2.6489873174788614,14.486217514233022,7.59760955838155,41.708638338463814,84.33239154826506,56.784696966246294,27.54769458201877,0.0,0.0,0.0,0.0,0.0,0.0,0.0,0.0,0.0,0.0,0.0,0.0,-0.5414427461499933,0.30363221166517995,0.0
1,spring_pv_high,春秋光伏大发日,65.0,9.25,0.25,42.064709004211295,24.048261367669696,7.274779028593961,0.0,5.0,-5.0,0.0,57.014707782065415,22.32878182282139,6.757932867087625,0.0,0.0,0.0,7.51508167739678,24.048261367669696,2.4249263428646537,7.274779028593961,0.0,0.0,0.0,0.0,0.00999075759268994,0.0,47.45609856521203,0.0,0.0,59.88006477158423,0.0,0.0,0.0,0.0,0.0,0.0,12.740790512928916,9.035921204601232,11.84385714395662,4.672528166649864,1.8618039483468047,0.0,88.0,13.2,40.5,45.0,0.6633611396421916,0.48883730806228737,1.0,24.58089813816516,16.833782957368786,2.9099116114375843,0.0,0.41202485630059743,0.1659887734732613,0.0,0.24113176897842775,0.8336475178331887,0.6668824760658597,18.378189258953288,2.671914795908067,14.597081638414748,7.442440146981928,42.064709004211295,86.10142247197443,57.014707782065415,29.086714689909016,0.0,0.0,0.0,0.0,0.0,0.0,0.0,0.0,0.0,0.0,0.0,0.0,-0.5889615072133232,0.17397186322741653,0.0
1,spring_pv_high,春秋光伏大发日,65.0,9.5,0.25,42.0267979245741,23.516335455706525,7.61420566753804,0.0,5.0,-5.0,0.0,56.92371206792109,23.979175216239156,4.715328858380474,0.0,0.0,0.0,7.348854829908289,23.516335455706525,2.538068555846013,7.61420566753804,0.0,0.0,0.0,0.0,0.00999075759268994,0.0,47.45609856521203,0.0,0.0,59.85012473919844,0.0,0.0,0.0,0.0,0.0,0.0,12.532695168220984,9.254650073448314,11.900370393378092,4.719180948704535,1.8958775937413699,0.0,88.0,13.2,40.5,45.0,0.7123923340442342,0.47248259647461516,1.0,24.554624943286242,16.461434818994565,3.0456822670152164,0.0,0.3863008289747848,0.17400021229129375,0.0,0.2446484143798828,0.8281803758140267,0.6594267650054023,18.515428935823998,2.6945900885952887,14.7058163902146,7.3033663703676375,42.0267979245741,85.61821614254072,56.92371206792109,28.69450407461963,0.0,0.0,0.0,0.0,0.0,0.0,0.0,0.0,0.0,0.0,0.0,0.0,-0.531925911963171,0.33942663894407943,0.0
1,spring_pv_high,春秋光伏大发日,65.0,9.75,0.25,41.98260553390493,23.111006845958862,7.999752019422021,0.0,5.0,-5.0,0.0,56.88136993733377,25.887560485469365,1.550607534882701,0.0,0.0,0.0,7.222189639362144,23.111006845958862,2.666584006474007,7.999752019422021,0.0,0.0,0.0,0.0,0.00999075759268994,0.0,47.45609856521203,0.0,0.0,59.82019967682885,0.0,0.0,0.0,0.0,0.0,0.0,12.336327327419582,9.46039274106737,11.952815824678584,4.766525527685526,1.9299498523426757,0.0,88.0,13.2,40.5,45.0,0.7690881554785699,0.44789944843931867,1.0,24.513465066919714,16.177704792171202,3.1999008077688087,0.0,0.3593074301758168,0.18241000511889055,0.0,0.24813487738887094,0.8411353137838655,0.6514123392495006,18.64929120470679,2.7169014614602136,14.811972190745577,7.199794932505006,41.98260553390493,84.31953795768584,56.88136993733377,27.438168020352066,0.0,0.0,0.0,0.0,0.0,0.0,0.0,7.105427357601002e-15,0.0,0.0,0.0,0.0,-0.40532860974766294,0.38554635188398123,0.0
1,spring_pv_high,春秋光伏大发日,65.0,10.0,0.25,42.18726792485215,22.59331904796795,8.14751385175453,0.0,5.0,-5.0,2.713068650390909,54.26044018512876,25.093514021794086,0.0,0.0,0.0,0.0,7.060412202489983,22.59331904796795,2.7158379505848433,8.14751385175453,0.0,0.0,0.0,0.0,0.00999075759268994,0.0,47.45609856521203,0.0,0.0,59.79028957699044,0.0,0.0,0.0,0.0,0.0,0.0,12.158027912243698,9.650608118913876,12.001255787964505,4.814228631237918,1.9637466760713134,0.0,88.0,13.2,40.5,45.0,0.8260999868843137,0.4159233057369936,1.0,24.63013671790023,15.815323333577563,3.2590055407018124,0.0,0.33261732982093545,0.1911404109966581,0.0,0.2515762284355361,0.8316113729300438,0.6438559177854064,18.779231095273737,2.7387361169142546,14.91511374424827,7.0647420256228965,42.18726792485215,82.06702285731376,56.97350883551967,25.093514021794086,0.0,0.0,0.0,0.0,0.0,0.0,0.0,0.0,0.0,0.0,0.0,0.0,-0.5176877979909129,0.14776183233250872,0.0
1,spring_pv_high,春秋光伏大发日,65.0,10.25,0.25,41.87572720400031,22.214074311339868,8.481907781557592,0.0,5.0,-5.0,5.674574665236349,50.98034411250289,23.594521363783247,0.0,0.0,0.0,0.0,6.941898222293708,22.214074311339868,2.8273025938525307,8.481907781557592,0.0,0.0,0.0,0.0,0.00999075759268994,0.0,47.45609856521203,0.0,0.0,59.76039443220195,0.0,0.0,0.0,0.0,0.0,0.0,12.001740737359546,9.82307285927829,12.045810383678015,4.861929793279746,1.9969808127382582,0.0,88.0,13.2,40.5,45.0,0.8695494923177068,0.3907803397564967,1.0,24.447364654415246,15.549852017937907,3.3927631126230366,0.0,0.30754286088805205,0.20009815907917758,0.0,0.25495773112637077,0.8243712314963496,0.6375781903629485,18.904720989696017,2.7599803876341324,15.01481790666098,6.96835173693043,41.87572720400031,80.24944014152248,56.65491877773924,23.594521363783247,0.0,0.0,0.0,0.0,0.0,0.0,0.0,0.0,0.0,0.0,0.0,0.0,-0.3792447366280811,0.3343939298030616,0.0
1,spring_pv_high,春秋光伏大发日,65.0,10.5,0.25,41.955849004840594,21.569271814494908,8.736031447571657,0.0,5.0,-5.0,11.734746226805228,44.8835014601816,18.797745012743295,0.0,0.0,0.0,0.0,6.740397442029658,21.569271814494908,2.9120104825238857,8.736031447571657,0.0,0.0,0.0,0.0,0.00999075759268994,0.0,47.45609856521203,0.0,0.0,59.730514234985854,0.0,0.0,0.0,0.0,0.0,0.0,11.869174393883432,9.975969107156478,12.08664530054321,4.909245346499839,2.029355641790107,0.0,88.0,13.2,40.5,45.0,0.907083438115788,0.3440461270988049,1.0,24.517498925698842,15.098490270146435,3.494412579028663,0.0,0.2850544355908761,0.209175518748274,0.0,0.25826490534771485,0.7759331534070494,0.633147731867389,19.025246288833156,2.7805198396289796,15.110670394502444,6.79741975130078,41.955849004840594,75.41599269973013,56.61824768698683,18.797745012743295,0.0,0.0,0.0,0.0,0.0,0.0,0.0,0.0,0.0,0.0,0.0,0.0,-0.6448024968449602,0.2541236660140651,0.0
1,spring_pv_high,春秋光伏大发日,65.0,10.75,0.25,41.897403509157414,21.03086042430267,8.941186546839349,0.0,5.0,-5.0,11.502825297355137,44.957108367602665,19.84655393457965,0.0,0.0,0.0,0.0,6.572143882594584,21.03086042430267,2.9803955156131163,8.941186546839349,0.0,0.0,0.0,0.0,0.00999075759268994,0.0,47.45609856521203,0.0,0.0,59.70064897786836,0.0,0.0,0.0,0.0,0.0,0.0,11.760152149854967,10.107962677153388,12.123957318725815,4.955773137833561,2.060569412694709,0.0,88.0,13.2,40.5,45.0,0.9313521937464926,0.3446103471485353,1.0,24.50835943340214,14.721602297011868,3.5764746187357397,0.0,0.26575762511809137,0.21825200253686833,0.0,0.2614835892718261,0.7293123303159279,0.6308665496740802,19.140299869254083,2.800239313849975,15.202261584283189,6.656005264116481,41.897403509157414,76.30648759953745,56.4599336649578,19.84655393457965,0.0,0.0,0.0,0.0,0.0,0.0,0.0,0.0,0.0,0.0,0.0,0.0,-0.5384113901922376,0.20515509926769226,0.0
1,spring_pv_high,春秋光伏大发日,65.0,11.0,0.25,41.878549684719886,20.59447726008462,9.196927050960467,0.0,5.0,-5.0,17.00018197878437,43.99641542294399,14.732924968868026,0.0,0.0,0.0,0.0,6.4357741437764435,20.59447726008462,3.0656423503201555,9.196927050960467,0.0,0.0,0.0,0.0,0.00999075759268994,0.0,47.45609856521203,0.0,0.0,59.67079865337943,4.606640465319187,0.0,0.0,0.0,0.0,0.0,11.673073972410148,10.21826738940797,12.157958050873024,5.001097898506149,2.090319806158798,0.0,70.0,10.5,40.5,45.0,0.9427522807208103,0.3372463341774397,1.0,24.496144189767126,14.416134082059234,3.678770820384187,0.0,0.24992159159340238,0.2271966900143889,0.0,0.2646,0.7313909698254089,0.6307921351283317,19.249375755537972,2.819022945190805,15.289181732830583,6.54279902981277,46.485190150039074,75.72952237059638,60.99659740172836,14.732924968868026,0.0,0.0,0.0,0.0,0.0,0.0,0.0,0.0,0.0,0.0,0.0,0.0,-0.43638316421805,0.2557405041211176,0.0
1,spring_pv_high,春秋光伏大发日,65.0,11.25,0.25,41.93502776000219,20.35132740432883,9.622778935458161,0.0,5.0,-5.0,15.460125482661226,45.66512888087271,16.163726691354157,0.0,0.0,0.0,0.0,6.3597898138527595,20.35132740432883,3.2075929784860535,9.622778935458161,0.0,0.0,0.0,0.0,0.00999075759268994,0.0,47.45609856521203,0.0,0.0,59.64096325405274,4.612853053600241,0.0,0.0,0.0,0.0,0.0,11.60541736547349,10.306691538646861,12.188856617033077,5.044797177772593,2.118308725210633,0.0,70.0,10.5,40.5,45.0,0.9395064533520676,0.350037546622114,1.0,24.53640450614227,14.245929183030182,3.8491115741832647,0.0,0.23754435011807937,0.23587112835802132,0.0,0.2676007925830585,0.7218920831341105,0.6327858135587803,19.3519625200163,2.8367542055893753,15.371016016321887,6.483251017971796,46.54788081360243,77.2889810548881,61.125254363533934,16.163726691354157,0.0,0.0,0.0,0.0,0.0,0.0,0.0,0.0,0.0,0.0,0.0,0.0,-0.24314985575578874,0.4258518844976944,0.0
1,spring_pv_high,春秋光伏大发日,65.0,11.5,0.25,42.20837753752639,19.901328489393386,9.847697397959617,0.0,5.0,-5.0,13.393719751394272,43.326379495980106,18.406861338072204,0.0,0.0,0.0,0.0,6.219165152935433,19.901328489393386,3.2825657993198725,9.847697397959617,0.0,0.0,0.0,0.0,0.00999075759268994,0.0,47.45609856521203,0.0,0.0,59.61114277242572,0.0,0.0,0.0,0.0,0.0,0.0,11.554216717750688,10.3736629379624,12.216842045625805,5.086447728622318,2.144247212326136,0.0,70.0,10.5,40.5,45.0,0.9447568559800132,0.3321102984808154,1.0,24.69920453361564,13.93092994257537,3.9390789591838473,0.0,0.22843731291123087,0.24413273252502546,0.0,0.270473117166471,0.7210853064968897,0.6365750396185319,19.447536986574256,2.8533160233388637,15.44733983507814,6.365252293538639,42.20837753752639,75.12696058544658,56.72009924737438,18.406861338072204,0.0,0.0,0.0,0.0,0.0,0.0,0.0,0.0,0.0,0.0,0.0,0.0,-0.4499989149354455,0.22491846250145642,0.0
1,spring_pv_high,春秋光伏大发日,65.0,11.75,0.25,42.11791214154582,19.60315645408103,10.20844984094366,0.0,5.0,-5.0,12.278304039657435,44.37840186502928,20.035362331379368,0.0,0.0,0.0,0.0,6.125986391900322,19.60315645408103,3.4028166136478863,10.20844984094366,0.0,0.0,0.0,0.0,0.00999075759268994,0.0,47.45609856521203,0.0,0.0,59.58133720103951,0.0,0.0,0.0,0.0,0.0,0.0,11.516479644398181,10.42022967566152,12.242066254139559,5.125632215294886,2.1678603807249632,0.0,70.0,10.5,40.5,45.0,0.96,0.34017438015710305,1.0,24.653786800988925,13.72220951785672,4.083379936377464,0.0,0.2223124038301865,0.2518385768315622,0.0,0.27320467401540377,0.7179656607790035,0.64181784214417,19.535558850159408,2.8685910330093187,15.517714857504433,6.289149252896773,42.11791214154582,76.69206823606609,56.65670590468672,20.035362331379368,0.0,0.0,0.0,0.0,0.0,0.0,0.0,0.0,0.0,0.0,0.0,0.0,-0.2981720353123549,0.3607524429840421,0.0
1,spring_pv_high,春秋光伏大发日,65.0,12.0,0.25,42.342928118472564,19.261519999178283,10.440160803244487,0.0,5.0,-5.0,14.431200891186037,42.47480693498653,17.882465479850765,0.0,0.0,0.0,0.0,6.07303534902582,19.433713116882625,3.4800536010814955,10.440160803244487,0.0,0.0,0.0,0.0,0.00999075759268994,0.0,47.45609856521203,0.1721931177043423,0.0,59.59244239789375,0.0,0.0,0.0,0.0,0.0,0.0,11.48951876265225,10.448034639572482,12.264628483989851,5.16194609725659,2.188892243123575,0.0,70.0,10.5,40.5,45.0,0.96,0.3255827275021259,1.0,24.774007342694613,13.483063999424797,4.176064321297795,0.0,0.21885858969711436,0.2588494424652272,0.0,0.2757837661840736,0.7466397498293528,0.6481600888815544,19.615466824370017,2.8824620090721544,15.581686276201724,6.200181891312691,42.342928118472564,74.78847330602333,56.90600782617257,17.882465479850765,0.0,0.0,0.0,0.0,0.0,0.0,0.0,0.0,0.0,0.0,0.0,0.0,-0.16944333719840543,0.2317109623008271,0.0
1,spring_pv_high,春秋光伏大发日,65.0,12.25,0.25,42.24504562140636,19.118847247166816,10.751016211195559,0.0,5.0,-5.0,14.564220076255317,42.34752372216808,17.749446294781485,0.0,0.0,0.0,0.0,6.07303534902582,19.433713116882625,3.5836720703985194,10.751016211195559,0.0,0.0,0.0,0.0,0.00999075759268994,0.0,47.45609856521203,0.31486586971580977,0.0,59.63742682075231,0.0,0.0,0.0,0.0,0.0,0.0,11.471194757913173,10.459262975369443,12.284562039866902,5.195004533014949,2.207110319905659,0.0,70.0,10.5,40.5,45.0,0.96,0.3246070617231596,1.0,24.725830191541085,13.38319307301677,4.3004064844782235,0.0,0.21779949452468225,0.2650339640317652,0.0,0.2781993496038648,0.7440963186105856,0.6552795959195379,19.68667689278751,2.8948125311059636,15.638781719821113,6.166157449430924,42.24504562140636,74.66119009320488,56.911743798423394,17.749446294781485,0.0,0.0,0.0,0.0,0.0,0.0,0.0,0.0,0.0,0.0,0.0,0.0,0.0,0.31085540795107214,0.0
1,spring_pv_high,春秋光伏大发日,65.0,12.5,0.25,42.14056519434551,18.891630437470408,11.048246408562688,0.0,5.0,-5.0,19.070123312802714,37.83621679101554,13.243543058234089,0.0,0.0,0.0,0.0,6.07303534902582,19.433713116882625,3.6827488028542295,11.048246408562688,0.0,0.0,0.0,0.0,0.00999075759268994,0.0,47.45609856521203,0.5420826794122178,0.0,59.73635274370234,0.0,0.0,0.0,0.0,0.0,0.0,11.460079156963252,10.456562916567417,12.301824113189218,5.224449140373006,2.22230991102871,0.0,70.0,10.5,40.5,45.0,0.96,0.2900264780493576,1.0,24.664213095072043,13.224141306229285,4.419298563425076,0.0,0.21892852518884715,0.27027270440321777,0.0,0.28044108037572674,0.7590157682765178,0.6629144279520294,19.748583164590933,2.905527919276163,15.688512204949047,6.107628237706724,42.14056519434551,70.14988316205233,56.90634010381825,13.243543058234089,0.0,0.0,0.0,0.0,0.0,0.0,0.0,0.0,0.0,0.0,0.0,0.0,0.0,0.29723019736712963,0.0
1,spring_pv_high,春秋光伏大发日,65.0,12.75,0.25,42.24062629508578,18.785087364350666,11.292037801409666,0.0,5.0,-5.0,18.746914290717285,38.3407507114569,13.566752080319517,0.0,0.0,0.0,0.0,6.07303534902582,19.433713116882625,3.7640126004698886,11.292037801409666,0.0,0.0,0.0,0.0,0.00999075759268994,0.0,47.45609856521203,0.6486257525319594,0.0,59.86053318355683,0.0,0.0,0.0,0.0,0.0,0.0,11.455552072000078,10.44294180235949,12.316289352936181,5.249954447867922,2.23431792206211,0.0,70.0,10.5,40.5,45.0,0.96,0.29389388891684126,1.0,24.7319289952635,13.149561155045465,4.516815120563867,0.0,0.22212176274379045,0.2744619822057419,0.0,0.28249935906433743,0.7560511463848096,0.6708754090169415,19.800561722866213,2.9144964658222317,15.730375424341355,6.081998043818801,42.24062629508578,70.6544170824937,57.087665002174184,13.566752080319517,0.0,0.0,0.0,0.0,0.0,0.0,0.0,0.0,0.0,0.0,0.0,0.0,0.0,0.24379139284697793,0.0
1,spring_pv_high,春秋光伏大发日,65.0,13.0,0.25,42.44356623356419,18.85214289349179,11.466819319419123,0.0,5.0,-5.0,22.24457008016809,39.77308765217972,10.069096290868714,0.0,0.0,0.0,0.0,6.07303534902582,19.433713116882625,3.822273106473041,11.466819319419123,0.0,0.0,0.0,0.0,0.00999075759268994,0.0,47.45609856521203,0.581570223390834,0.0,59.96872584502038,4.668792285692061,0.0,0.0,0.0,0.0,0.0,11.45785166596817,10.4216405203031,12.327747688970407,5.271233875440194,2.242996144434219,0.0,70.0,10.5,40.5,45.0,0.96,0.30487320116130634,1.0,24.84290472012756,13.196500025444253,4.5867277277676495,0.0,0.22733141147674477,0.27751728101390494,0.0,0.2843653718043597,0.7817385163793912,0.6790446441603775,19.84197770884482,2.921610972031212,15.763861554268122,6.104038026211077,47.112358519256254,72.08675402321651,62.01765773234781,10.069096290868714,0.0,0.0,0.0,0.0,0.0,0.0,0.0,0.0,0.0,0.0,0.0,0.0,0.0,0.17478151800945696,0.0
1,spring_pv_high,春秋光伏大发日,65.0,13.25,0.25,42.513543518365424,18.830885188719233,11.738830892021113,0.0,5.0,-5.0,18.392803045361028,39.11671021029661,13.920863325675775,0.0,0.0,0.0,0.0,6.07303534902582,19.433713116882625,3.912943630673704,11.738830892021113,0.0,0.0,0.0,0.0,0.00999075759268994,0.0,47.45609856521203,0.6028279281633928,0.0,60.08191311503668,0.0,0.0,0.0,0.0,0.0,0.0,11.46808937080792,10.395990997050918,12.335906719603361,5.288045090886954,2.248243902996728,0.0,70.0,10.5,40.5,45.0,0.96,0.29984186204006497,1.0,24.891077470159637,13.181619632103462,4.695532356808445,0.0,0.2345639397054384,0.27937608381466644,0.0,0.2860311280427652,0.7830009919998979,0.6873628048676337,19.87219571348704,2.9267705813713354,15.788461629611048,6.100375362651753,42.513543518365424,71.4303765813334,57.50951325565764,13.920863325675775,0.0,0.0,0.0,0.0,0.0,0.0,0.0,0.0,0.0,0.0,0.0,0.0,0.0,0.2720115726019898,0.0
1,spring_pv_high,春秋光伏大发日,65.0,13.5,0.25,42.804761579837894,18.742908212211162,11.932588580741408,0.0,5.0,-5.0,17.97589796872613,39.88941924464408,14.337768402310672,0.0,0.0,0.0,0.0,6.07303534902582,19.433713116882625,3.9775295269138025,11.932588580741408,0.0,0.0,0.0,0.0,0.00999075759268994,0.0,47.45609856521203,0.690804904671463,0.0,60.215938323338634,0.0,0.0,0.0,0.0,0.0,0.0,11.488239496517552,10.369262626112807,12.340398755791206,5.300194602207907,2.25,0.0,70.0,10.5,40.5,45.0,0.96,0.30576491933267286,1.0,25.06725006664388,13.120035748547814,4.773035432296563,0.0,0.24384754161229505,0.28,0.0,0.2874894947556095,0.7850343944974741,0.6958082991464356,19.890593357999112,2.929882879092368,15.803678387415939,6.077029867595759,42.804761579837894,72.20308561568089,57.86531721337021,14.337768402310672,0.0,0.0,0.0,0.0,0.0,0.0,0.0,0.0,0.0,0.0,0.0,0.0,0.0,0.19375768872029475,0.0
1,spring_pv_high,春秋光伏大发日,65.0,13.75,0.25,43.02415019557099,18.755408288173104,12.252385116585321,0.0,5.0,-5.0,16.722075801578796,41.46922887280581,14.9460252469806,0.0,0.0,0.0,0.0,6.07303534902582,19.433713116882625,4.084128372195107,12.252385116585321,0.0,0.0,0.0,0.0,0.00999075759268994,0.0,47.45609856521203,0.6783048287095212,0.0,60.34692775099548,0.0,0.0,0.0,0.0,0.0,0.0,11.521105365026626,10.344504576926367,12.340792380275223,5.3075414641954195,2.248243902996728,0.0,70.0,10.5,40.5,45.0,0.9408210339717502,0.31787465601631004,1.0,25.194717873461205,13.128785801721172,4.900954046634129,0.0,0.2551936041478101,0.27937608381466644,0.0,0.2887342269927357,0.799415093016786,0.7043715139797657,19.89657774746737,2.9308662078474823,15.80903932598038,6.080801540363514,43.02415019557099,73.13732992136521,58.191304674384604,14.9460252469806,0.0,0.0,0.0,0.0,0.0,0.0,0.0,-7.105427357601002e-15,0.0,0.0,0.0,0.0,0.0,0.31979653584391343,0.0
1,spring_pv_high,春秋光伏大发日,65.0,14.0,0.25,43.1148211134326,18.805465813221108,12.272815559125046,0.0,5.0,-5.0,16.05862319518053,42.230162544578924,13.945915948946482,0.0,0.0,0.0,0.0,6.07303534902582,19.433713116882625,4.090938519708349,12.272815559125046,0.0,0.0,0.0,0.0,0.00999075759268994,0.0,47.45609856521203,0.6282473036615173,0.0,60.4659630217396,0.0,0.0,0.0,0.0,0.0,0.0,11.57025787064239,10.324391685615216,12.336608143998623,5.3100000000000005,2.242996144434219,0.0,70.0,10.5,40.5,45.0,0.8913986190121614,0.32370745145863683,1.0,25.244499356123846,13.163826069254775,4.909126223650019,0.0,0.26855678553769086,0.27751728101390494,0.0,0.2897599946196097,0.8191796333527341,0.7130272976775274,19.889604288432842,2.929652129055363,15.804111576311564,6.09406973370007,43.1148211134326,72.23470168870594,58.288785739759454,13.945915948946482,0.0,0.0,0.0,0.0,0.0,0.0,0.0,0.0,0.0,0.0,0.0,0.0,0.0,0.020430442539725036,0.0
1,spring_pv_high,春秋光伏大发日,65.0,14.25,0.25,43.06357944138859,18.83616165601162,12.392017803098794,0.0,5.0,-5.0,17.780196602083066,40.49708154695697,10.758133000685568,0.0,0.0,0.0,0.0,6.07303534902582,19.433713116882625,4.1306726010329315,12.392017803098794,0.0,0.0,0.0,0.0,0.00999075759268994,0.0,47.45609856521203,0.5975514608710064,0.0,60.5776485121856,0.0,0.0,0.0,0.0,0.0,0.0,11.639937509240193,10.311082004305131,12.327337797756144,5.3075414641954195,2.23431792206211,0.0,70.0,10.5,40.5,45.0,0.8478393044007542,0.31042284161799555,1.0,25.221670921829826,13.185313159208132,4.9568071212395175,0.0,0.28379823515288205,0.2744619822057419,0.0,0.2905624051417745,0.8222654959524608,0.7217088334768709,19.869197184013675,2.9261879421395767,15.788518045342572,6.100905806790067,43.06357944138859,69.0354111497256,58.277278149040036,10.758133000685568,0.0,0.0,0.0,0.0,0.0,0.0,0.0,0.0,0.0,0.0,0.0,0.0,0.0,0.11920224397374746,0.0
1,spring_pv_high,春秋光伏大发日,65.0,14.5,0.25,43.22478607901173,18.78905493956762,12.587236688156421,0.0,5.0,-5.0,16.38625405247938,42.117303695869666,10.554559798978758,0.0,0.0,0.0,0.0,6.07303534902582,19.433713116882625,4.195745562718807,12.587236688156421,0.0,0.0,0.0,0.0,0.00999075759268994,0.0,47.45609856521203,0.6446581773150051,0.0,60.70046600504182,0.0,0.0,0.0,0.0,0.0,0.0,11.734908234526412,10.306094018101705,12.31246625763645,5.300194602207907,2.22230991102871,0.0,70.0,10.5,40.5,45.0,0.8003790408810232,0.32284235295820685,1.0,25.309049060731013,13.152338457697333,5.034894675262569,0.0,0.3006563656852228,0.27027270440321777,0.0,0.2911380225141858,0.8476084076324449,0.7302860113310286,19.834970770873067,2.920439159740113,15.761954174795902,6.084966735240735,43.22478607901173,69.05811754732781,58.503557748349046,10.554559798978758,0.0,0.0,0.0,0.0,0.0,0.0,0.0,0.0,0.0,0.0,0.0,0.0,0.0,0.19521888505762774,0.0
1,spring_pv_high,春秋光伏大发日,65.0,14.75,0.25,43.198498059419286,18.839688823476283,12.513544248307188,0.0,5.0,-5.0,14.838703412127721,43.61400217001247,10.679805763273318,0.0,0.0,0.0,0.0,6.07303534902582,19.433713116882625,4.171181416102396,12.513544248307188,0.0,0.0,0.0,0.0,0.00999075759268994,0.0,47.45609856521203,0.594024293406342,0.0,60.81119654172331,0.0,0.0,0.0,0.0,0.0,0.0,11.860251513668128,10.310210985468498,12.291495340727618,5.288045090886954,2.207110319905659,0.0,70.0,10.5,40.5,45.0,0.7581240867901853,0.33431501655866913,1.0,25.2812317712338,13.187782176433398,5.005417699322876,0.0,0.31872926672449176,0.2650339640317652,0.0,0.29148438185488457,0.8835315867711309,0.7385512170978732,19.78665075152023,2.9123918276262106,15.724204574262396,6.095436335427335,43.198498059419286,69.1325113454135,58.45270558214019,10.679805763273318,0.0,0.0,0.0,0.0,0.0,0.0,0.0,-7.105427357601002e-15,0.0,0.0,0.0,0.0,0.0,-0.07369243984923379,0.0
1,spring_pv_high,春秋光伏大发日,65.0,15.0,0.25,43.307322256970124,18.922603652852878,12.596674044110785,0.0,5.0,-5.0,13.011929208518168,45.57731050310739,11.233371031501889,0.0,0.0,0.0,0.0,6.07303534902582,19.433713116882625,4.198891348036928,12.596674044110785,0.0,0.0,0.0,0.0,0.00999075759268994,0.0,47.45609856521203,0.5111094640297473,0.0,60.90217944115952,0.0,0.0,0.0,0.0,0.0,0.0,12.021091919431237,10.323418807514855,12.263968193188704,5.271233875440194,2.188892243123575,0.0,70.0,10.5,40.5,45.0,0.7202985870795956,0.34936439119138046,1.0,25.349041097807493,13.245822556997014,5.038669617644314,0.0,0.3374721320666282,0.2588494424652272,0.0,0.2916,0.8886565550008977,0.7462149906653441,19.724094311752474,2.9020545742490658,15.67515873861473,6.114028336596266,43.307322256970124,69.82261074312746,58.58923971162556,11.233371031501889,0.0,0.0,0.0,0.0,0.0,0.0,0.0,-7.105427357601002e-15,0.0,0.0,0.0,0.0,0.0,0.0831297958035968,0.0
1,spring_pv_high,春秋光伏大发日,65.0,15.25,0.25,43.136014182916625,18.798144528888407,12.715591692714428,0.0,5.0,-5.0,11.933199220244916,46.52437163352837,10.82639044638136,0.0,0.0,0.0,0.0,6.07303534902582,19.433713116882625,4.238530564238142,12.715591692714428,0.0,0.0,0.0,0.0,0.00999075759268994,0.0,47.45609856521203,0.6355685879942179,0.0,61.022675891087566,0.0,0.0,0.0,0.0,0.0,0.0,12.222251483073219,10.344882308555073,12.229493273888721,5.249954447867922,2.1678603807249632,0.0,70.0,10.5,40.5,45.0,0.6761599203594234,0.3566239120274769,1.0,25.235467596225067,13.158701170221885,5.086236677085772,0.0,0.35621182770166715,0.2518385768315622,0.0,0.29148438185488457,0.9247134330487705,0.7529131613017133,19.647308102481606,2.8894602772423643,15.614825052921589,6.073691692448682,43.136014182916625,69.28396130015464,58.457570853773284,10.82639044638136,0.0,0.0,0.0,0.0,0.0,0.0,0.0,7.105427357601002e-15,0.0,0.0,0.0,0.0,0.0,0.1189176486036434,0.0
1,spring_pv_high,春秋光伏大发日,65.0,15.5,0.25,43.32622232520356,18.852687451628576,12.585959221021064,0.0,5.0,-5.0,16.630283114437958,46.74016951349686,4.56303142535662,0.0,0.0,0.0,0.0,6.07303534902582,19.433713116882625,4.195319740340355,12.585959221021064,0.0,0.0,0.0,0.0,0.00999075759268994,0.0,47.45609856521203,0.5810256652540495,0.0,61.130158148639865,4.765884455772391,0.0,0.0,0.0,0.0,0.0,12.467838495154503,10.37296287606332,12.187766757851255,5.224449140373006,2.144247212326136,0.0,70.0,10.5,40.5,45.0,0.6296277780610753,0.3582780705138677,1.0,25.33910428309214,13.196881216140003,5.034383688408425,0.0,0.374178945739927,0.24413273252502546,0.0,0.2911380225141858,0.9453974279394264,0.7582258426789483,19.556463110550396,2.8746672429210416,15.543342324719584,6.082672915904546,48.09210678097595,67.93348405329144,63.37045262793482,4.56303142535662,0.0,0.0,0.0,0.0,0.0,0.0,0.0,0.0,0.0,0.0,0.0,0.0,0.0,-0.12963247169336434,0.0
1,spring_pv_high,春秋光伏大发日,65.0,15.75,0.25,43.35870420312179,19.006854764402664,12.605339891995584,0.0,5.0,-5.0,12.585660371404614,46.05784990233421,6.731018073477209,0.0,0.0,0.0,0.0,6.07303534902582,19.433713116882625,4.201779963998528,12.605339891995584,0.0,0.0,0.0,0.0,0.00999075759268994,0.0,47.45609856521203,0.42685835247996096,0.0,61.20097192827954,0.0,0.0,0.0,0.0,0.0,0.0,12.760786775364307,10.405278162018043,12.13859228554382,5.195004533014949,2.118308725210633,0.0,70.0,10.5,40.5,45.0,0.5738751862496113,0.35304787652215497,1.0,25.360364750746587,13.304798335081864,5.042135956798234,0.0,0.39055552086081563,0.23587112835802132,0.0,0.2905624051417745,0.9472256070233189,0.761707165009476,19.4519055437694,2.8577598097542887,15.460988163268691,6.118815267211857,43.35870420312179,65.37452834721603,58.643510273738826,6.731018073477209,0.0,0.0,0.0,0.0,0.0,0.0,0.0,0.0,0.0,0.0,0.0,0.0,0.0,0.019380670974520342,0.0
1,spring_pv_high,春秋光伏大发日,65.0,16.0,0.25,43.790206661426076,19.189299171755074,12.592569732365675,0.0,5.0,-5.0,17.309838842152615,43.9167812947593,-3.552713678800501e-15,0.0,0.0,0.0,0.0,6.07303534902582,19.433713116882625,4.197523244121892,12.592569732365675,0.0,0.0,0.0,0.0,0.00999075759268994,0.0,47.45609856521203,0.2444139451275511,0.0,61.2284197542832,2.1558641247454435,0.0,0.0,0.0,0.0,0.0,13.102372558262552,10.438802122036277,12.081897103671443,5.16194609725659,2.090319806158798,0.0,132.0,19.8,40.5,45.0,0.5142544054784497,0.33663591358868206,1.0,25.61418792876775,13.432509420228552,5.03702789294627,0.0,0.4045343240252704,0.2271966900143889,0.0,0.2897599946196097,0.9431982372045553,0.7629230427192686,19.334163007086833,2.838848307301695,15.368183644938728,6.162217020980532,45.94607078617152,61.22662013691192,61.22662013691192,-3.552713678800501e-15,0.0,0.0,0.0,0.0,0.0,0.0,0.0,0.0,0.0,0.0,0.0,0.0,0.0,-0.012770159629909017,0.0
1,spring_pv_high,春秋光伏大发日,65.0,16.25,0.25,43.85854649386181,19.44513530669844,12.34413005041822,0.0,3.6104443590953483,-3.6104443590953483,15.20856373022766,40.62851345419744,1.7763568394002505e-15,0.0,0.0,0.0,0.0,6.07303534902582,19.433713116882625,4.1147100168060735,12.34413005041822,0.0,0.0,0.0,0.0,0.00999075759268994,0.0,47.45609856521203,0.0,0.011422189815814221,61.19479970498085,0.0,1.8296497919566435,0.0,0.0,0.0,0.0,13.491746644052201,10.47000122147232,12.017743814006176,5.125632215294886,2.060569412694709,0.0,132.0,19.8,40.5,45.0,0.45182805978664614,0.31143030844193326,1.0,25.67355217331542,13.611594714688907,4.937652020167288,0.0,0.4153836780496747,0.21825200253686833,0.0,0.2887342269927357,0.9067201477335805,0.7614928925610527,19.20394544199577,2.8180683272266567,15.26549385721861,6.225590957384202,42.02889670190517,55.8370771844251,55.8370771844251,1.7763568394002505e-15,0.0,0.0,0.0,0.0,0.0,0.0,0.0,0.0,0.0,0.0,1.3895556409046517,0.0,0.0,-0.24843968194745436,0.0
1,spring_pv_high,春秋光伏大发日,65.0,16.5,0.25,44.203039328341035,19.64400229930453,12.262642670674115,0.0,-0.0,0.0,13.310517481558279,38.828285449833835,0.0,0.0,0.0,0.0,0.0,5.687884931755412,18.20123178161732,4.087547556891372,12.262642670674115,0.0,0.0,0.0,0.0,0.0,0.0,47.45372576028377,0.0,1.442770517687208,60.784525853105414,0.0,1.8396688855957046,0.0,0.0,0.0,0.0,13.925527703046567,10.495000340844964,11.946337159128955,5.086447728622318,2.029355641790107,0.0,132.0,19.8,40.5,45.0,0.39543939816588364,0.2976309957179566,1.0,25.89061045291241,13.75080160951317,4.905057068269646,0.0,0.42251045452649255,0.209175518748274,0.0,0.2874894947556095,0.869452866526227,0.7571303050598204,19.06214052954138,2.795579291441315,15.153624092824657,6.272520477617272,42.36337044274533,52.138802931392114,52.138802931392114,0.0,0.0,0.0,0.0,0.0,0.0,-0.0,0.0,0.0,0.0,0.0,3.6104443590953483,0.0,-1.2324813352653052,-0.08148737974410558,0.0
1,spring_pv_high,春秋光伏大发日,65.0,16.75,0.25,44.61970210032896,20.05274846421399,12.074910661376682,0.0,-0.0,0.0,11.291823920426424,37.52921140123803,0.0,0.0,0.0,0.0,0.0,4.040665113892048,12.930128364454557,4.024970220458894,12.074910661376682,0.0,0.0,0.0,0.0,0.0,2.0133008189989168,46.92153706899604,0.0,7.122620099759434,58.879759879715856,0.0,1.8510012940165352,0.0,0.0,0.0,0.0,14.397506928634565,10.509769939102156,11.868025515433374,5.044797177772593,1.9969808127382582,0.0,132.0,19.8,40.5,45.0,0.335466450607584,0.28767318537130937,1.0,26.134269218839584,14.036923924949793,4.829964264550673,0.0,0.42551362059163267,0.20009815907917758,0.0,0.2860311280427652,0.8531645665124846,0.7496774492260296,18.909803505944225,2.771562332653488,15.033411660094007,6.377809890494612,42.768700806312424,48.82103532166445,48.82103532166445,0.0,0.0,0.0,0.0,0.0,0.0,-0.0,0.0,0.0,0.0,0.0,0.0,0.0,-5.271103417162763,-0.1877320092974326,0.0
1,spring_pv_high,春秋光伏大发日,65.0,17.0,0.25,44.97974315154147,20.326728345029395,11.776940517572529,0.0,0.0,0.0,9.566616917213317,37.99706565682413,1.7763568394002505e-15,0.0,0.0,0.0,0.0,4.040665113892048,12.930128364454557,3.925646839190843,11.776940517572529,0.0,0.0,0.0,0.0,0.0,3.519067671145815,45.99312055236737,0.0,7.3965999805748375,56.90384632067736,0.0,1.8633048594411001,0.0,0.0,0.0,0.0,14.898513159071957,10.510324540288602,11.783297020266714,5.001097898506149,1.9637466760713134,0.0,132.0,19.8,40.5,45.0,0.2842126342170968,0.2912594350943594,1.0,26.338988098012702,14.228709841520574,4.710776207029012,0.0,0.42422155185545624,0.1911404109966581,0.0,0.2843653718043597,0.8420542918815521,0.7391285594099534,18.748141594844174,2.7462175328988017,14.905813475294671,6.445046170181559,43.11643829210037,47.56368257403744,47.56368257403744,1.7763568394002505e-15,0.0,0.0,0.0,0.0,0.0,0.0,0.0,0.0,0.0,0.0,0.0,0.0,0.0,-0.29797014380415376,0.0
1,spring_pv_high,春秋光伏大发日,65.0,17.25,0.25,44.98893966420574,20.60183832976418,11.6329251776873,0.0,-0.0,0.0,7.689516403255261,38.88330917319319,3.552713678800501e-15,0.0,0.0,0.0,0.0,4.040665113892048,12.930128364454557,3.8776417258957667,11.6329251776873,0.0,0.0,0.0,0.0,0.0,4.45832753232452,44.81757680888593,0.0,7.671709965309624,54.85652335401449,0.0,1.876093395220579,0.0,0.0,0.0,0.0,15.416480191966146,10.492921725600386,11.692770516810707,4.955773137833561,1.9299498523426757,0.0,132.0,19.8,40.5,45.0,0.22844624507671427,0.2980527698288097,1.0,26.352610329167806,14.421286830834926,4.65317007107492,0.0,0.4187082478725747,0.18241000511889055,0.0,0.28249935906433743,0.804506629828355,0.7256391692289244,18.578493506986945,2.7197605943427146,14.771889795335941,6.512367556782338,43.11284626898516,46.57282557644845,46.57282557644845,3.552713678800501e-15,0.0,0.0,0.0,0.0,0.0,-0.0,0.0,0.0,0.0,0.0,0.0,0.0,0.0,-0.14401533988522885,0.0
1,spring_pv_high,春秋光伏大发日,65.0,17.5,0.25,45.702410964680794,20.972207360966724,11.370287393630784,0.0,0.0,0.0,5.870154122758187,39.99028933093326,8.881784197001252e-16,0.0,0.0,0.0,0.0,4.040665113892048,12.930128364454557,3.790095797876928,11.370287393630784,0.0,0.0,0.0,0.0,0.0,5.783978665831337,43.293236281142505,0.0,8.042078996512167,52.71275851430797,0.0,1.8887497569269878,0.0,0.0,0.0,0.0,15.936744118943711,10.45425062437041,11.597181742609804,4.909245346499839,1.8958775937413699,0.0,132.0,19.8,40.5,45.0,0.17439518911722446,0.3065381202060205,1.0,26.728308875183973,14.680545152676705,4.548114957452314,0.0,0.4092863011500154,0.17400021229129375,0.0,0.28044108037572674,0.8424295044051762,0.7095196282241155,18.402304682851014,2.692419042106249,14.632784624719296,6.6062156556641165,43.8136612077538,45.860443453691445,45.860443453691445,8.881784197001252e-16,0.0,0.0,0.0,0.0,0.0,0.0,0.0,0.0,0.0,0.0,0.0,0.0,0.0,-0.2626377840565155,0.0
1,spring_pv_high,春秋光伏大发日,65.0,17.75,0.25,46.03286491353814,21.176682306217305,11.061399436727664,0.0,0.0,0.0,4.084017408793805,39.36595689029503,-8.881784197001252e-16,0.0,0.0,0.0,0.0,4.040665113892048,12.930128364454557,3.687133145575888,11.061399436727664,0.0,0.0,0.0,0.0,0.0,8.410137959630763,41.07787741942562,0.0,8.246553941762748,50.51625636090273,0.0,1.9005509142864745,0.0,0.0,0.0,0.0,16.442578872192897,10.391599437493046,11.497365402116138,4.861929793279746,1.8618039483468047,0.0,132.0,19.8,40.5,45.0,0.12133122461016035,0.30175241607787257,1.0,26.912499490856046,14.823677614352112,4.424559774691065,0.0,0.3964775402697485,0.1659887734732613,0.0,0.2781993496038648,0.8237512335077625,0.6912135564384306,18.221099143742688,2.664428079680588,14.48970347868087,6.653550139905651,44.132313999251664,43.44997429908884,43.44997429908884,-8.881784197001252e-16,0.0,0.0,0.0,0.0,0.0,0.0,0.0,0.0,0.0,0.0,0.0,0.0,0.0,-0.30888795690312065,0.0
1,spring_pv_high,春秋光伏大发日,65.0,18.0,0.25,46.039943649790374,21.466736967962607,10.935492344587999,0.0,0.0,0.0,2.5885218025523784,41.43378690888982,-2.220446049250313e-15,0.0,0.0,0.0,0.0,4.040665113892048,12.930128364454557,3.6451641148626663,10.935492344587999,0.0,0.0,0.0,0.0,0.0,7.79275987991362,39.02509724136685,0.0,8.53660860350805,48.244522284430694,0.0,1.910704287189266,0.0,0.0,0.0,0.0,16.915954538842875,10.302992770659113,11.394233938885682,4.814228631237918,1.8279863919318105,0.0,132.0,19.8,40.5,45.0,0.07690185638227684,0.3176029822380758,1.0,26.904788922074378,15.026715877573825,4.3741969378352,0.0,0.38096517839811556,0.15843744412450295,0.0,0.2757837661840736,0.809728098740763,0.6712639024656034,18.03644896205541,2.636026232514105,14.343889297386344,6.72486219207629,44.129239362601105,44.0223087114422,44.0223087114422,-2.220446049250313e-15,0.0,0.0,0.0,0.0,0.0,0.0,0.0,0.0,0.0,0.0,0.0,0.0,0.0,-0.12590709213966456,0.0
1,spring_pv_high,春秋光伏大发日,65.0,18.25,0.25,46.44685470954584,21.799418126075512,10.707640533128467,0.0,0.0,0.0,1.3424359766135225,39.091535815212964,4.440892098500626e-16,0.0,0.0,0.0,0.0,4.040665113892048,12.930128364454557,3.5692135110428223,10.707640533128467,0.0,0.0,0.0,0.0,0.0,11.704368190425026,35.943049094287666,0.0,8.869289761620955,45.88637640180929,0.0,1.9183933522291994,0.0,0.0,0.0,0.0,17.338477955326876,10.18729142041573,11.28875395054272,4.766525527685526,1.7946629761784745,0.0,132.0,19.8,40.5,45.0,0.03988215149439361,0.29964889239980047,1.0,27.126061869540116,15.259592688252857,4.283056213251387,0.0,0.36353356776578105,0.15139210845489745,0.0,0.27320467401540377,0.7989391333733703,0.6502708353600881,17.849942454406722,2.6074509238077854,14.196597378081375,6.808198453228111,44.52846135731664,40.43397179182649,40.43397179182649,4.440892098500626e-16,0.0,0.0,0.0,0.0,0.0,0.0,0.0,0.0,0.0,0.0,0.0,0.0,0.0,-0.22785181145953182,0.0
1,spring_pv_high,春秋光伏大发日,65.0,18.5,0.25,46.32368164456426,21.99194432166787,10.353247091809632,0.0,0.0,0.0,0.542744107445067,34.8972616769425,-1.6653345369377348e-15,0.0,0.0,0.0,0.0,4.040665113892048,12.930128364454557,3.451082363936544,10.353247091809632,0.0,0.0,0.0,0.0,0.0,16.452593982401364,31.611621946464172,0.0,9.061815957213312,43.4787448038154,0.0,1.922829355603926,0.0,0.0,0.0,0.0,17.692451789356014,10.044249609569619,11.181921263989418,4.719180948704535,1.762050025594453,0.0,132.0,19.8,40.5,45.0,0.016124271915311756,0.26749846459632776,1.0,27.034022289103657,15.394361025167507,4.141298836723853,0.0,0.3450029353530028,0.1448833975799133,0.0,0.270473117166471,0.7975166183116991,0.6288465738771714,17.663152238288404,2.5789341280763263,14.049070220225655,6.852447890570368,44.40085228896034,35.440005784387566,35.440005784387566,-1.6653345369377348e-15,0.0,0.0,0.0,0.0,0.0,0.0,0.0,7.105427357601002e-15,0.0,0.0,0.0,0.0,0.0,-0.35439344131883566,0.0
1,spring_pv_high,春秋光伏大发日,65.0,18.75,0.25,46.159587322157066,22.205271129476657,9.995510899413153,0.0,0.0,0.0,0.07762715719571389,34.04651621043775,2.400857290751901e-15,0.0,0.0,0.0,0.0,4.040665113892048,12.930128364454557,3.331836966471051,9.995510899413153,0.0,0.0,0.0,0.0,0.0,17.48464098754098,27.008820052856066,0.0,9.2751427650221,41.01617838798663,0.0,1.9233050473457243,0.0,0.0,0.0,0.0,17.961970019695947,9.874527335132564,11.074735707705088,4.672528166649864,1.73034039890087,0.0,132.0,19.8,40.5,45.0,0.0023062090835561395,0.26097723355651037,1.0,26.940199855120884,15.543689790633659,3.9982043597652615,0.0,0.32616659797007,0.13892773002937972,0.0,0.2676007925830586,0.7585053798096696,0.6075723285593964,17.477604273255825,2.5506982426797773,13.90251316253748,6.9027394413876095,44.236282274811344,34.124143367633465,34.124143367633465,2.400857290751901e-15,0.0,0.0,0.0,0.0,0.0,0.0,0.0,7.105427357601002e-15,0.0,0.0,0.0,0.0,0.0,-0.35773619239647836,0.0
1,spring_pv_high,春秋光伏大发日,65.0,19.0,0.25,46.02457878948307,22.367232857029858,9.73121995486871,0.0,0.0,0.0,0.0,34.580926734089125,0.0,0.0,0.0,0.0,0.0,4.040665113892048,12.930128364454557,3.2437399849562367,9.73121995486871,0.0,0.0,0.0,0.0,0.0,16.808811329281635,22.58409820941089,0.0,9.437104492575301,38.512221748114925,0.0,1.9192458249605953,0.0,0.0,0.0,0.0,18.133957313151683,9.679658271651041,10.968176583931253,4.626870035832234,1.6997023147611279,0.0,132.0,19.8,40.5,45.0,0.0,0.26507365796551535,1.0,26.86019543526133,15.6570629999209,3.8924879819474842,0.0,0.3077371867140493,0.13352868346558616,0.0,0.2646,0.7259001869960573,0.586961845818862,17.294748934524616,2.5229523057690004,13.758071632910111,6.9389212194919425,44.105332964522475,34.580926734089125,34.580926734089125,0.0,0.0,0.0,0.0,0.0,0.0,0.0,0.0,0.0,0.0,0.0,0.0,0.0,0.0,-0.26429094454444346,0.0
1,spring_pv_high,春秋光伏大发日,65.0,19.25,0.25,45.61503362925189,22.51931211023973,9.517018251992004,0.0,0.0,0.0,0.0,33.6676343169273,0.0,0.0,0.0,0.0,0.0,4.040665113892048,12.930128364454557,3.1723394173306683,9.517018251992004,0.0,0.0,0.0,0.0,0.0,17.250150201841354,18.04345579348954,0.0,9.589183745785174,35.9694962304553,0.0,1.91025364170596,0.0,0.0,0.0,0.0,18.199059270777326,9.461976357505279,10.863179760818218,4.582476558461218,1.6702787269279247,0.0,132.0,19.8,40.5,45.0,0.0,0.2580729849161547,1.0,26.620478931015988,15.76351847716781,3.8068073007968017,0.0,0.2903066025547789,0.12867860273305876,0.0,0.2614835892718261,0.6959919793214469,0.5674347740563329,17.115935046207362,2.495888671745349,13.616810737102963,6.9726556863910485,43.70477998754593,33.6676343169273,33.6676343169273,0.0,0.0,0.0,0.0,0.0,0.0,0.0,0.0,7.105427357601002e-15,0.0,0.0,0.0,0.0,0.0,-0.21420170287670537,0.0
1,spring_pv_high,春秋光伏大发日,65.0,19.5,0.25,44.966581733742686,22.706261120845653,9.15769644289765,0.0,0.0,0.0,0.0,34.726216839702694,0.0,0.0,0.0,0.0,0.0,4.040665113892048,12.930128364454557,3.0525654809658835,9.15769644289765,0.0,0.0,0.0,0.0,0.0,15.437455956363056,13.980065211130638,0.0,9.776132756391096,33.378844967500314,0.0,1.8961395325348698,0.0,0.0,0.0,0.0,18.15230059861818,9.224506584736725,10.76061718064351,4.5395832406655785,1.6421872206225148,0.0,132.0,19.8,40.5,45.0,0.0,0.2661873522299094,1.0,26.246692922333374,15.894382784591956,3.6630785771590606,0.0,0.2743221526883981,0.1243603509825903,0.0,0.2582649053477149,0.6607344242826242,0.5493014828465391,16.942387641931603,2.4696802335339783,13.479697786722546,7.016513472802083,43.07044220120782,34.726216839702694,34.726216839702694,0.0,0.0,0.0,0.0,0.0,0.0,0.0,0.0,7.105427357601002e-15,0.0,0.0,0.0,0.0,0.0,-0.35932180909435374,0.0
1,spring_pv_high,春秋光伏大发日,65.0,19.75,0.25,44.38868457898667,22.88047704573538,8.711143934233982,0.0,-0.0,0.0,0.0,37.556152790097904,0.0,0.0,0.0,0.0,0.0,4.040665113892048,12.930128364454557,2.9037146447446607,8.711143934233982,0.0,0.0,0.0,0.0,0.0,11.899969945138235,10.847795169675809,0.0,9.950348681280822,30.743642734153187,0.0,1.8769416023872423,0.0,0.0,0.0,0.0,17.99344821200895,8.970827445716463,10.661279424464048,4.498390217699095,1.6155203905569986,0.0,132.0,19.8,40.5,45.0,0.0,0.2878796995735074,1.0,25.917066514662206,16.016333932014764,3.484457573693593,0.0,0.2600789965708973,0.12054911680174364,0.0,0.25495773112637077,0.6226377386919151,0.5327593472912495,16.775190032720143,2.4444782560440625,13.347588219504217,7.057198460522094,42.51174297659943,37.556152790097904,37.556152790097904,0.0,0.0,0.0,0.0,0.0,0.0,-0.0,0.0,0.0,0.0,0.0,0.0,0.0,0.0,-0.44655250866366814,0.0
1,spring_pv_high,春秋光伏大发日,65.0,20.0,0.25,43.39400089076943,22.929362890625573,8.308619463543224,0.0,0.0,0.0,0.0,39.82303108170358,0.0,0.0,0.0,0.0,0.0,4.040665113892048,12.930128364454557,2.7695398211810747,8.308619463543224,0.0,0.0,0.0,0.0,0.0,8.52824804533348,8.602976978513777,0.0,9.999234526171016,28.096893405899003,0.0,1.852926698805497,0.0,0.0,0.0,0.0,17.727043938383588,8.704913836840888,10.565861796773053,4.459062108871521,1.590346651703709,0.0,132.0,19.8,40.5,45.0,0.0,0.3052560332252655,1.0,25.335174840241418,16.0505540234379,3.3234477854172897,0.0,0.24772703120127038,0.11721420006985696,0.0,0.2515762284355362,0.6055944746937459,0.5178991189175198,16.615270557348282,2.420410858584456,13.221215204339162,7.06320897539155,41.541074191963936,39.82303108170358,39.82303108170358,0.0,0.0,0.0,0.0,0.0,0.0,0.0,0.0,0.0,0.0,0.0,0.0,0.0,0.0,-0.4025244706907589,0.0
1,spring_pv_high,春秋光伏大发日,65.0,20.25,0.25,42.50702076016912,22.864150494899395,8.103507631250352,0.0,0.0,0.0,0.0,40.695033284512306,0.0,0.0,0.0,0.0,0.0,4.040665113892048,12.930128364454557,2.701169210416784,8.103507631250352,0.0,0.0,0.0,0.0,0.0,6.729246211698107,6.831692563428507,0.0,9.934022130444838,25.468628609078994,0.0,1.8245755882675414,0.0,0.0,0.0,0.0,17.362103527819066,8.430969907415633,10.474954207129443,4.421728546779798,1.5667114268450237,0.0,132.0,19.8,40.5,45.0,0.0,0.31194020382109394,1.0,24.78731502105215,16.004905346429574,3.241403052500141,0.0,0.2372889278455869,0.11432071156928099,0.0,0.24813487738887094,0.6404759366717736,0.5047190234236911,16.463394180754264,2.3975821571818017,13.10118305912001,7.03770847914632,40.68244517190158,40.695033284512306,40.695033284512306,0.0,0.0,0.0,0.0,0.0,0.0,0.0,0.0,0.0,0.0,0.0,0.0,0.0,0.0,-0.20511183229287155,0.0
1,spring_pv_high,春秋光伏大发日,65.0,20.5,0.25,41.69286987485029,22.876059630518988,7.791268124150851,0.0,0.0,0.0,0.0,41.30490570660822,0.0,0.0,0.0,0.0,0.0,4.040665113892048,12.930128364454557,2.5970893747169503,7.791268124150851,0.0,0.0,0.0,0.0,0.0,5.233165582400136,5.454202141326635,0.0,9.94593126606443,22.838543961599605,0.0,1.7925530744509337,0.0,0.0,0.0,0.0,16.911511136254386,8.153261354994827,10.38903494025699,4.386485312385193,1.5446386501468987,0.0,132.0,19.8,40.5,45.0,0.0,0.31661506736828426,1.0,24.299095816624334,16.01324174136329,3.1165072496603408,0.0,0.228685315860545,0.11183113515097548,0.0,0.2446484143798828,0.648124908944791,0.4931437363991481,16.32015890278908,2.376072052092491,12.987964450157484,7.034250478562575,39.90031680039935,41.30490570660822,41.30490570660822,0.0,0.0,0.0,0.0,0.0,0.0,0.0,0.0,0.0,0.0,0.0,0.0,0.0,0.0,-0.312239507099501,0.0
1,spring_pv_high,春秋光伏大发日,65.0,20.75,0.25,40.89660679944368,22.77951199593549,7.432810333639398,0.0,-0.0,0.0,0.0,44.97130083068935,0.0,0.0,0.0,0.0,0.0,4.040665113892048,12.930128364454557,2.477603444546466,7.432810333639398,0.0,0.0,0.0,0.0,0.0,0.6859085922066397,5.273427170112559,0.0,9.849383631480933,20.235181628702772,0.0,1.757665934986206,0.0,0.0,0.0,0.0,16.391167274078555,7.875956046451777,10.308468231747847,4.353395997583033,1.524132523446342,0.0,132.0,19.8,40.5,45.0,0.0,0.34471913683294303,1.0,23.834776217395756,15.945658397154842,2.973124133455759,0.0,0.2217630725934346,0.10970671546551213,0.0,0.24113176897842775,0.6350018992162949,0.4830453752638715,16.18599675277722,2.355936622532883,12.881901195566096,7.000878892888922,39.138940864457474,44.97130083068935,44.97130083068935,0.0,0.0,0.0,0.0,0.0,0.0,-0.0,0.0,0.0,0.0,0.0,0.0,0.0,0.0,-0.3584577905114532,0.0
1,spring_pv_high,春秋光伏大发日,65.0,21.0,0.25,39.83666626828673,22.731619623744443,7.083003550659737,0.0,-0.0,0.0,0.0,45.48291101381693,0.0,0.0,0.0,0.0,0.0,5.006056198630695,16.019379835618224,2.361001183553246,7.083003550659737,0.0,0.0,0.0,0.0,0.0,0.0,5.2731634987540525,0.0,6.712239788126219,18.45868514627626,0.0,1.7208126366537333,0.0,0.0,0.0,0.0,15.818969922240825,7.6029806758412395,10.233505411686977,4.322494110205658,1.5051794615043776,0.0,132.0,19.8,40.5,45.0,0.0,0.34864078947507277,1.0,23.21016750892019,15.91213373662111,2.833201420263895,0.0,0.2163231904101029,0.10790864805221334,0.0,0.2376,0.6368326607244357,0.474264016534064,16.06117898339701,2.3372090707704185,12.78320836817586,6.9815853265356855,38.115853631632994,45.48291101381693,45.48291101381693,0.0,0.0,0.0,0.0,0.0,0.0,-0.0,0.0,-7.105427357601002e-15,0.0,0.0,0.0,0.0,3.089251471163667,-0.3498067829796607,0.0
1,spring_pv_high,春秋光伏大发日,65.0,21.25,0.25,38.91930881657227,22.4945848052606,6.830974501400913,0.0,-0.0,0.0,0.0,45.90619244532297,0.0,0.0,0.0,0.0,0.0,6.392821524344356,20.45702887790194,2.276991500466971,6.830974501400913,0.0,0.0,0.0,0.0,0.0,0.0,5.2728998405791145,0.0,2.0375559273586603,17.913256875450845,0.0,1.6829293960606242,0.0,0.0,0.0,0.0,15.213720681828718,7.3378995826421365,10.164289249735571,4.293785532824879,1.4877501639627224,0.0,132.0,19.8,40.5,45.0,0.0,0.3518853745106606,1.0,22.684468034397327,15.74620936368242,2.7323898005603655,0.0,0.2121455576332851,0.1063990612206606,0.0,0.23406823102157231,0.6126843864258208,0.4666258649123878,15.945824946523173,2.3199011419485456,12.691981291076301,6.909781617612249,37.236379420511646,45.90619244532297,45.90619244532297,0.0,0.0,0.0,0.0,0.0,0.0,-0.0,0.0,0.0,0.0,0.0,0.0,0.0,4.4376490422837165,-0.25202904925882397,0.0
1,spring_pv_high,春秋光伏大发日,65.0,21.5,0.25,38.02126018827946,22.471385894460425,6.5962635908013825,0.0,0.5272941835722794,-0.5272941835722794,0.0,48.84468900831486,0.0,0.0,0.0,0.0,0.0,7.022308092018883,22.471385894460425,2.1987545302671276,6.5962635908013825,0.0,0.0,0.0,0.0,1.0750720141771097,0.0,5.527965798954149,-0.0,0.0,17.904300247013122,0.0,0.0,0.0,0.0,0.0,0.0,14.594049403902838,7.083819998354173,10.100861036792342,4.267251246106128,1.4718017549129516,0.0,132.0,19.8,40.5,45.0,0.0,0.3744098730257196,1.0,22.17216109804604,15.729970126122296,2.6385054363205533,0.0,0.20900899968242487,0.10514179014121908,0.0,0.2305515856201172,0.5864271179309498,0.4599579172439059,15.83991403781142,2.3040049347950333,12.608204943886623,6.898292466021741,38.02126018827946,48.84468900831486,48.84468900831486,0.0,0.0,0.0,0.0,0.0,0.0,0.0,0.0,-7.105427357601002e-15,0.0,0.0,-0.5272941835722794,0.0,2.0143570165584848,-0.23471091059953064,0.0
1,spring_pv_high,春秋光伏大发日,65.0,21.75,0.25,37.190291440250014,22.202749046282825,6.3816696318303565,0.0,0.5272941835722794,-0.5272941835722794,0.0,50.06949638491914,0.0,0.0,0.0,0.0,0.0,9.06840354284913,29.018891337117214,2.127223210610119,6.3816696318303565,0.0,0.0,0.0,0.0,1.1562840076375993,0.0,5.8023068524781305,6.816142290834389,0.0,19.514181890962785,0.0,0.0,0.0,0.0,0.0,0.0,13.977442186240772,6.843326025660309,10.043169872378268,4.242850229547812,1.4572799355623827,0.0,132.0,19.8,40.5,45.0,0.0,0.38379840602011145,1.0,21.703585159483158,15.541924332397977,2.5526678527321427,0.0,0.2067058965179292,0.10410295255905022,0.0,0.22706512261112913,0.553245736565721,0.4540986513462683,15.743300037488464,2.2894950118277224,12.531765251471082,6.818508139724245,37.190291440250014,50.06949638491914,50.06949638491914,0.0,0.0,0.0,0.0,0.0,0.0,0.0,0.0,0.0,0.0,0.0,0.0,0.0,6.547505442656789,-0.21459395897102596,0.0
1,spring_pv_high,春秋光伏大发日,65.0,22.0,0.25,36.538007360946004,21.937707866386752,6.193469361312488,0.0,0.5272941835722794,-0.5272941835722794,0.0,50.38798049170104,0.0,0.0,0.0,0.0,0.0,9.06840354284913,29.018891337117214,2.0644897871041628,6.193469361312488,0.0,0.0,0.0,0.0,2.1897856172294654,0.0,6.322090821227505,7.081183470730462,0.0,21.18620587431579,0.0,0.0,0.0,0.0,0.0,0.0,13.379440690386174,6.618441736475195,9.991083593321017,4.220522456878132,1.4441211011601014,0.0,62.0,9.299999999999999,40.5,45.0,0.0,0.38623968666703345,1.0,21.321271530155496,15.356395506470726,2.477387744524995,0.0,0.2050514918079463,0.10325134241556064,0.0,0.2236237715644639,0.5511682321017115,0.44890483542580767,15.65572715135925,2.276330715691808,12.462461708540859,6.74014179734736,36.538007360946004,50.38798049170104,50.38798049170104,0.0,0.0,0.0,0.0,0.0,0.0,0.0,0.0,-7.105427357601002e-15,0.0,0.0,0.0,0.0,0.0,-0.1882002705178687,0.0
1,spring_pv_high,春秋光伏大发日,65.0,22.25,0.25,35.87102658573853,21.83356666772973,6.1137548650529,0.0,0.5272941835722794,-0.5272941835722794,0.0,53.197640645591534,0.0,0.0,0.0,0.0,0.0,9.06840354284913,29.018891337117214,2.0379182883509666,6.1137548650529,0.0,0.0,0.0,0.0,5.692998045080635,0.0,7.673861752393094,7.185324669387484,0.0,22.88212738035816,0.0,0.0,0.0,0.0,0.0,0.0,12.813058164920479,6.410622038232849,9.944400776218377,4.2001919097873355,1.4322543798204426,0.0,62.0,9.299999999999999,40.5,45.0,0.0,0.40777661366608725,1.0,20.93537040125656,15.28349666741081,2.4455019460211602,0.0,0.20388856942256547,0.10255866241721266,0.0,0.2202422688736293,0.5415171873672748,0.44425495020123507,15.576847065826154,2.264458600468423,12.400020801338162,6.707219808114991,35.87102658573853,53.197640645591534,53.197640645591534,0.0,0.0,0.0,0.0,0.0,0.0,0.0,0.0,-7.105427357601002e-15,0.0,0.0,0.0,0.0,0.0,-0.07971449625958815,0.0
1,spring_pv_high,春秋光伏大发日,65.0,22.5,0.25,34.956182469115625,21.672923221194065,5.973402969678556,0.0,0.5272941835722794,-0.5272941835722794,0.0,55.92157780247616,0.0,0.0,0.0,0.0,0.0,9.06840354284913,29.018891337117214,1.9911343232261853,5.973402969678556,0.0,0.0,0.0,0.0,9.378563283712943,0.0,9.900886839187297,7.345968115923149,0.0,24.61535374419973,0.0,0.0,0.0,0.0,0.0,0.0,12.288432588377686,6.22076850790594,9.902863270058843,4.181769541624142,1.421603557846405,0.0,62.0,9.299999999999999,40.5,45.0,0.0,0.4286564469856442,1.0,20.396493364947023,15.171046254835844,2.3893611878714225,0.0,0.20308848252733408,0.10199961937688362,0.0,0.21693509465228517,0.5485213832207537,0.440049935128,15.50623636952939,2.2538148926256154,12.344109718092072,6.658848705676624,34.956182469115625,55.92157780247616,55.92157780247616,0.0,0.0,0.0,0.0,0.0,0.0,0.0,0.0,0.0,0.0,0.0,0.0,0.0,0.0,-0.14035189537434345,0.0
1,spring_pv_high,春秋光伏大发日,65.0,22.75,0.25,34.009288669456296,21.343281439036723,5.725990713175308,0.0,0.5272941835722794,-0.5272941835722794,0.0,56.42423214433195,0.0,0.0,0.0,0.0,0.0,9.06840354284913,29.018891337117214,1.9086635710584359,5.725990713175308,0.0,0.0,0.0,0.0,10.910582177395815,0.0,12.491655061976845,7.675609898080491,0.0,26.42600341812175,0.0,0.0,0.0,0.0,0.0,0.0,11.812713173485285,6.049266301661984,9.86616876165793,4.16515613174862,1.4120888633255155,0.0,62.0,9.299999999999999,40.5,45.0,0.0,0.4325094502932918,1.0,19.856834404462095,14.940297007325706,2.290396285270123,0.0,0.20254961113138054,0.10155190720389393,0.0,0.21371641072817393,0.5254569970513648,0.4362120344672361,15.443413756732063,2.244327905045316,12.29434988899137,6.563507288868765,34.009288669456296,56.42423214433195,56.42423214433195,0.0,0.0,0.0,0.0,0.0,0.0,0.0,0.0,-7.105427357601002e-15,0.0,0.0,0.0,0.0,0.0,-0.2474122565032486,0.0
1,spring_pv_high,春秋光伏大发日,65.0,23.0,0.25,33.24929092675983,21.194991009560308,5.59452975666462,0.0,0.5272941835722794,-0.5272941835722794,0.0,59.252575256560064,0.0,0.0,0.0,0.0,0.0,9.06840354284913,29.018891337117214,1.8648432522215401,5.59452975666462,0.0,0.0,0.0,0.0,14.54274335115729,0.0,15.944932025123602,7.823900327556906,0.0,28.270966744207456,0.0,0.0,0.0,0.0,0.0,0.0,11.390155829400392,5.8960375487735925,9.833982939916158,4.150244980984967,1.4036285868857876,0.0,62.0,9.299999999999999,40.5,45.0,0.0,0.4541895880323657,1.0,19.42258842594392,14.836493706692215,2.237811902665848,0.0,0.20219425146136047,0.10119610203089346,0.0,0.2106,0.5080737576336813,0.4326824678507565,15.387856507786912,2.2359203384821065,12.250329959339442,6.5192702267951255,33.24929092675983,59.252575256560064,59.252575256560064,0.0,0.0,0.0,0.0,0.0,0.0,0.0,0.0,-7.105427357601002e-15,0.0,0.0,0.0,0.0,0.0,-0.13146095651068723,0.0
1,spring_pv_high,春秋光伏大发日,65.0,23.25,0.25,32.752411225635264,21.035626360981226,5.491227364305511,0.0,0.5272941835722794,-0.5272941835722794,0.0,58.61471964071231,0.0,0.0,0.0,0.0,0.0,9.06840354284913,29.018891337117214,1.8304091214351705,5.491227364305511,0.0,0.0,0.0,0.0,14.43620156722047,0.0,19.37273265073721,7.983264976135988,0.0,30.15285669266765,0.0,0.0,0.0,0.0,0.0,0.0,11.022387977975864,5.760606329927972,9.805950899730965,4.136924408655721,1.396140525333592,0.0,62.0,9.299999999999999,40.5,45.0,0.0,0.44930022452147006,1.0,19.118271810826396,14.724938452686857,2.196490945722205,0.0,0.20196476833080604,0.1009154924615823,0.0,0.2075992074169415,0.5302503933364436,0.4294185280930827,15.339015833720278,2.228511417099136,12.211617871474258,6.472234628327248,32.752411225635264,58.61471964071231,58.61471964071231,0.0,0.0,0.0,0.0,0.0,0.0,0.0,0.0,-7.105427357601002e-15,0.0,0.0,0.0,0.0,0.0,-0.10330239235910899,0.0
1,spring_pv_high,春秋光伏大发日,65.0,23.5,0.25,32.21706802346259,20.943528277767772,5.413096527356561,0.0,0.5272941835722794,-0.5272941835722794,0.0,58.7011692001854,0.0,0.0,0.0,0.0,0.0,9.06840354284913,29.018891337117214,1.8043655091188537,5.413096527356561,0.0,0.0,0.0,0.0,15.08403794118255,0.0,22.95422302513552,8.075363059349442,0.0,32.05567899091682,0.0,0.0,0.0,0.0,0.0,0.0,10.708794311803555,5.642170390210917,9.781707507227301,4.125080021640103,1.3895432402610668,0.0,62.0,9.299999999999999,40.5,45.0,0.0,0.4499628875303376,1.0,18.809838992149118,14.66046979443744,2.1652386109426245,0.0,0.20181962733869532,0.10069586562510512,0.0,0.2047268828335291,0.5214672730184717,0.42639055689153393,15.29633076912847,2.2220188176199294,12.177771807235752,6.444312102753178,32.21706802346259,58.7011692001854,58.7011692001854,0.0,0.0,0.0,0.0,0.0,0.0,0.0,0.0,0.0,0.0,0.0,0.0,0.0,0.0,-0.07813083694894996,0.0
1,spring_pv_high,春秋光伏大发日,65.0,23.75,0.25,31.610810050418646,20.698311964661663,5.294232011793143,0.0,0.5272941835722794,-0.5272941835722794,0.0,57.335141839345034,0.0,0.0,0.0,0.0,0.0,9.06840354284913,29.018891337117214,1.7647440039310478,5.294232011793143,0.0,0.0,0.0,0.0,14.363890058573931,0.0,26.364499202895573,8.320579372455551,0.0,34.01578875237956,0.0,0.0,0.0,0.0,0.0,0.0,10.446972654094635,5.539675089853939,9.760886529779706,4.114596735467028,1.3837571294618645,0.0,62.0,9.299999999999999,40.5,45.0,0.0,0.4394918590294737,1.0,18.45986459793193,14.488818375263163,2.1176928047172576,0.0,0.20172971137951365,0.10052526693149218,0.0,0.20199532598459627,0.5137660848280245,0.423579097889369,15.259240394708598,2.21636036443924,12.148349818942359,6.373771372245764,31.610810050418646,57.335141839345034,57.335141839345034,0.0,0.0,0.0,0.0,0.0,0.0,0.0,0.0,-3.552713678800501e-15,0.0,0.0,0.0,0.0,0.0,-0.11886451556341804,0.0
2,summer_commercial,夏季商业制冷日,75.0,0.0,0.25,36.54841313342239,11.427431952431728,16.315860519685963,0.0,5.0,-5.0,0.0,56.17224348078471,0.0,0.0,0.0,0.0,0.0,5.109697163427934,16.35103092296939,5.438620173228654,16.315860519685963,0.0,0.0,0.0,0.0,4.075513010705724,0.0,27.33111531797804,4.923598970537661,0.0,35.16813561350607,0.0,0.0,0.0,0.0,0.0,0.0,10.800248896076246,7.161216077430938,10.88604231108671,5.628828109456821,1.5033616864879322,0.0,52.0,7.8,40.0,45.0,0.0,0.4305778780909059,1.0,22.843342359998932,6.285087573837451,11.094785153386455,0.0,0.18000007778333918,0.11800850986916626,0.2800019379993123,0.1846446609406726,0.745638018139668,0.6456217885236415,18.018232107031462,2.650253708059978,14.41432559105181,3.920592299005258,36.54841313342239,56.17224348078471,56.17224348078471,0.0,0.0,0.0,0.0,0.0,0.0,0.0,0.0,0.0,0.0,0.0,-5.0,0.0,4.2499965320234185,-1.177462532133653,0.0
2,summer_commercial,夏季商业制冷日,75.0,0.25,0.25,36.666704399533515,11.487368801224369,16.347753523772173,0.0,5.0,-5.0,0.0,57.63074263352593,0.0,0.0,0.0,0.0,0.0,5.109697163427934,16.35103092296939,5.449251174590724,16.347753523772173,0.0,0.0,0.0,0.0,5.40508989597375,0.0,28.613457612505897,4.863662121745021,0.0,36.305671299613785,0.0,0.0,0.0,0.0,0.0,0.0,10.802779377588152,7.164806381146325,10.899290387541278,5.629754863276316,1.5041430289633455,0.0,52.0,7.8,40.0,45.0,0.0,0.44175773190250456,1.0,22.912392346081788,6.318052840673404,11.11647239616508,0.0,0.18000019078544677,0.11801233886881506,0.28000348969746197,0.18240800962605114,0.7491390250779427,0.6435018139193376,18.03318827978094,2.652182188266626,14.426018665553439,3.9375893986183312,36.666704399533515,57.63074263352593,57.63074263352593,0.0,0.0,0.0,0.0,0.0,0.0,0.0,0.0,0.0,0.0,0.0,0.0,0.0,0.0,0.03189300408621065,0.0
2,summer_commercial,夏季商业制冷日,75.0,0.5,0.25,36.52484472777928,11.487182044124326,16.40188904076121,0.0,5.0,-5.0,0.0,60.844186090306735,0.0,0.0,0.0,0.0,0.0,5.109697163427934,16.35103092296939,5.467296346920403,16.40188904076121,0.0,0.0,0.0,0.0,8.742347852179112,0.0,30.688334554517812,4.863848878845063,0.0,37.442682572689684,0.0,0.0,0.0,0.0,0.0,0.0,10.810097082719759,7.1694270177197215,10.914577656051852,5.630882951353882,1.5050860692310126,0.0,52.0,7.8,40.0,45.0,0.0,0.466389784661072,1.0,22.815569866801717,6.31795012426838,11.153284547717622,0.0,0.1800004551349306,0.11801776690895159,0.2800061953719696,0.18033233298543824,0.7602760574778833,0.6415372912148483,18.050546676636746,2.6544271852007433,14.439591879731111,3.9377971009247044,36.52484472777928,60.844186090306735,60.844186090306735,0.0,0.0,0.0,0.0,0.0,0.0,0.0,0.0,1.4210854715202004e-14,0.0,0.0,0.0,0.0,0.0,0.05413551698903518,0.0
2,summer_commercial,夏季商业制冷日,75.0,0.75,0.25,36.593910981864774,11.451362852303683,16.443369116425053,0.0,5.0,-5.0,0.0,62.089523768428364,0.0,0.0,0.0,0.0,0.0,5.109697163427934,16.35103092296939,5.481123038808351,16.443369116425053,0.0,0.0,0.0,0.0,9.904792584327307,0.0,33.03918837656782,4.899668070665706,0.0,38.58763239818644,0.0,0.0,0.0,0.0,0.0,0.0,10.822292813175142,7.175334517443033,10.932130284561339,5.632250300685855,1.5062194231045318,0.0,52.0,7.8,40.0,45.0,0.0,0.47593568886081605,1.0,22.851798100591836,6.298249568767027,11.181490999169037,0.0,0.18000105601808747,0.11802540577647261,0.28001084407496357,0.17842651938487275,0.7680076184760605,0.6397380152908347,18.070600008351725,2.6570289613538116,14.455274865182943,3.928081118858716,36.593910981864774,62.089523768428364,62.089523768428364,0.0,0.0,0.0,0.0,0.0,0.0,0.0,0.0,0.0,0.0,0.0,0.0,0.0,0.0,0.04148007566384493,0.0
2,summer_commercial,夏季商业制冷日,75.0,1.0,0.25,36.6785019520985,11.605202083224423,16.434224975522888,0.0,5.0,-5.0,0.0,62.658373420759695,0.0,0.0,0.0,0.0,0.0,5.109697163427934,16.35103092296939,5.478074991840963,16.434224975522888,0.0,0.0,0.0,0.0,10.392099313392297,0.0,35.505660004079665,4.745828839744966,0.0,39.69547293142678,0.0,0.0,0.0,0.0,0.0,0.0,10.839509768292562,7.182837374793116,10.952183107556923,5.633900621154272,1.50757567744426,0.0,52.0,7.8,40.0,45.0,0.0,0.4802961000011929,1.0,22.899758110346593,6.382861145773433,11.175272983355564,0.0,0.1800023830810334,0.11803607755810165,0.2800187138536637,0.17669872981077805,0.7726240935634596,0.6381138380548682,18.093659406155453,2.6600307337523366,14.47331184584694,3.971532254935147,36.6785019520985,62.658373420759695,62.658373420759695,0.0,0.0,0.0,0.0,0.0,0.0,0.0,0.0,0.0,0.0,0.0,0.0,0.0,0.0,-0.009144140902165532,0.0
2,summer_commercial,夏季商业制冷日,75.0,1.25,0.25,37.04383840440857,11.583962339278425,16.468329433393514,0.0,5.0,-5.0,0.0,62.370553934055195,0.0,0.0,0.0,0.0,0.0,5.109697163427934,16.35103092296939,5.489443144464505,16.468329433393514,0.0,0.0,0.0,0.0,9.72757522175419,0.0,37.81418383624608,4.767068583690964,0.0,40.80780398358767,0.0,0.0,0.0,0.0,0.0,0.0,10.861978387728772,7.192303229390324,10.974976813418696,5.63588399043293,1.5091917114992284,0.0,52.0,7.8,40.0,45.0,0.0,0.47808987329243,1.0,23.115811892708017,6.371179286603135,11.19846401470759,0.0,0.18000523049182804,0.11805087751171149,0.28003184048190344,0.1751563629233656,0.7871660940595664,0.6366750602916351,18.120052515350853,2.663478512418001,14.493960178518348,3.966034682302455,37.04383840440857,62.370553934055195,62.370553934055195,0.0,0.0,0.0,0.0,0.0,0.0,0.0,0.0,0.0,0.0,0.0,0.0,0.0,0.0,0.03410445787062599,0.0
2,summer_commercial,夏季商业制冷日,75.0,1.5,0.25,37.04598498777776,11.70990485165692,16.520412897483265,0.0,5.0,-5.0,0.0,62.7583596854918,0.0,0.0,0.0,0.0,0.0,5.109697163427934,16.35103092296939,5.506804299161089,16.520412897483265,0.0,0.0,0.0,0.0,10.095873235125016,0.0,40.21006302039646,4.641126071312469,0.0,41.88966752353259,0.0,0.0,0.0,0.0,0.0,0.0,10.890062646560159,7.2041661442393465,11.000754527572566,5.638257435527455,1.5111089965382423,0.0,52.0,7.8,40.0,45.0,0.0,0.4810625261048843,1.0,23.11113134240151,6.440447668411307,11.233880770288621,0.0,0.18001116561142866,0.11807125226216648,0.28005341236753895,0.17380602337443565,0.7948587350044699,0.6354330656820719,18.150120959638265,2.6674208609420633,14.517488403567748,4.001833572683019,37.04598498777776,62.7583596854918,62.7583596854918,0.0,0.0,0.0,0.0,0.0,0.0,0.0,0.0,7.105427357601002e-15,0.0,0.0,0.0,0.0,0.0,0.052083464089751175,0.0
2,summer_commercial,夏季商业制冷日,75.0,1.75,0.25,37.310840547112385,11.753678465394676,16.73534758206028,0.0,5.0,-5.0,0.0,61.81179412418416,0.0,0.0,0.0,0.0,0.0,5.109697163427934,16.35103092296939,5.578449194020094,16.73534758206028,0.0,0.0,0.0,0.0,8.812807219623746,0.0,42.30109423190608,4.597352457574713,0.0,42.96059389844482,0.0,0.0,0.0,0.0,0.0,0.0,10.924318493076617,7.218933707901392,11.02975778964715,5.64108549512365,1.5133738613170247,0.0,52.0,7.8,40.0,45.0,0.0,0.47380680396159497,1.0,23.266165425934066,6.464523155967073,11.380036355800993,0.0,0.18002318241929346,0.11809909586148461,0.280088338485229,0.17265349352524473,0.8079952158159371,0.6344013205302687,18.184217146087825,2.6719085733696604,14.544173781879374,4.014724104957466,37.310840547112385,61.81179412418416,61.81179412418416,0.0,0.0,0.0,0.0,0.0,0.0,0.0,0.0,0.0,0.0,0.0,0.0,0.0,0.0,0.2149346845770168,0.0
2,summer_commercial,夏季商业制冷日,75.0,2.0,0.25,37.275943444591555,11.726681705988433,16.786320235967644,0.0,5.0,-5.0,0.0,61.43824259521219,0.0,0.0,0.0,0.0,0.0,5.109697163427934,16.35103092296939,5.595440078655881,16.786320235967644,0.0,0.0,0.0,0.0,8.457161908536815,0.0,44.307555130471975,4.624349216980956,0.0,44.037396540528576,0.0,0.0,0.0,0.0,0.0,0.0,10.965563256573219,7.237193616268031,11.0622219435837,5.644440743941924,1.5160377092753505,0.0,52.0,7.8,40.0,45.0,0.0,0.4709434142385659,1.0,23.246836227693784,6.449674938293639,11.414697760457999,0.0,0.1800468135167239,0.11813686627388878,0.2801440469751946,0.17170370868554657,0.8029768068409202,0.6335969122883913,18.222700396800974,2.676994263180167,14.574299306463594,4.007912924861679,37.275943444591555,61.43824259521219,61.43824259521219,0.0,0.0,0.0,0.0,0.0,0.0,0.0,0.0,0.0,0.0,0.0,0.0,0.0,0.0,0.05097265390736183,0.0
2,summer_commercial,夏季商业制冷日,75.0,2.25,0.25,37.42379561511246,11.948105637502795,16.77086066604266,0.0,5.0,-5.0,0.0,61.70102860220627,0.0,0.0,0.0,0.0,0.0,5.109697163427934,16.35103092296939,5.590286888680886,16.77086066604266,0.0,0.0,0.0,0.0,4.629996967813255,0.0,45.4049640325711,4.402925285466594,0.0,45.06107259755663,3.947251967171735,0.0,0.0,0.0,0.0,0.0,11.014951931452327,7.2596193172584895,11.098370983316965,5.648404257304794,1.519157171837129,0.0,52.0,7.8,40.0,45.0,0.0,0.47295775146763175,1.0,23.346929077314325,6.571458100626538,11.40418525290901,0.0,0.18009194329056738,0.118187724707593,0.2802315818915555,0.17096073597983846,0.7884952586843589,0.6330428563288996,18.265932412458888,2.682731862117067,14.608150191992088,4.07079021001585,41.3710475822842,61.70102860220627,61.70102860220627,0.0,0.0,0.0,0.0,0.0,0.0,0.0,0.0,0.0,0.0,0.0,0.0,0.0,0.0,-0.015459569924985317,0.0
2,summer_commercial,夏季商业制冷日,75.0,2.5,0.25,37.53449093943543,12.025989349305013,16.693555366758467,0.0,5.0,-5.0,0.0,60.206879206029335,0.0,0.0,0.0,0.0,0.0,5.109697163427934,16.35103092296939,5.564518455586156,16.693555366758467,0.0,0.0,0.0,0.0,2.869378644241924,0.0,46.08417121237693,4.325041573664377,0.0,46.065739435003145,4.128794003337897,0.0,0.0,0.0,0.0,0.0,11.074052259322116,7.286974232144823,11.138411922711214,5.6530659912318635,1.5227941808836123,0.0,52.0,7.8,40.0,45.0,0.0,0.46150462734990355,1.0,23.41029955265441,6.614294142117758,11.351617649395758,0.0,0.18017563258053526,0.1182556998629015,0.2803670722282086,0.1704277569313095,0.7965423918665545,0.6327714531617074,18.314272094826688,2.6891760289414757,14.64600986241035,4.0936252496630035,41.66328494277332,60.206879206029335,60.206879206029335,0.0,0.0,0.0,0.0,0.0,0.0,0.0,0.0,0.0,0.0,0.0,0.0,0.0,0.0,-0.07730529928419116,0.0
2,summer_commercial,夏季商业制冷日,75.0,2.75,0.25,37.92557618105084,12.358824819806053,16.704535921895136,0.0,5.0,-5.0,0.0,61.29090649774479,0.0,0.0,0.0,0.0,0.0,5.1096971634279384,16.351030922969404,5.568178640631712,16.704535921895136,0.0,0.0,0.0,0.0,3.515641132718706,0.0,46.91683177283701,3.992206103163351,0.0,46.990855514786944,4.1718133799155925,0.0,0.0,0.0,0.0,0.0,11.144905762535354,7.320114005388202,11.182528786169541,5.658525050714976,1.5270159424802652,0.0,52.0,7.8,40.0,45.0,0.0,0.46981403680439937,1.0,23.660822743921813,6.79735365089333,11.359084426888693,0.0,0.18032630699699292,0.11834587854224643,0.2805736476231158,0.17010705383806982,0.7836507992603959,0.6328290072117316,18.368069779364784,2.696381470814699,14.688155475412913,4.188015823249341,42.097389560966434,61.29090649774479,61.29090649774479,0.0,0.0,0.0,0.0,0.0,0.0,0.0,0.0,0.0,0.0,0.0,0.0,0.0,1.4210854715202004e-14,0.010980555136669068,0.0
2,summer_commercial,夏季商业制冷日,75.0,3.0,0.25,37.832069019427394,12.629182734014028,16.783268119453446,0.0,5.0,-5.0,0.0,59.2231489680984,0.0,0.0,0.0,0.0,0.0,5.1096971634279384,16.351030922969404,5.594422706484482,16.783268119453446,0.0,0.0,0.0,0.0,1.5254324866215754,0.0,47.27677614682098,3.7218481889553754,0.0,47.85129903190646,4.161527592137014,0.0,0.0,0.0,0.0,0.0,11.230056998906337,7.359986186762286,11.230876344793565,5.664889816546321,1.5318947933621572,0.0,52.0,7.8,40.0,45.0,0.0,0.45396402629473903,1.0,23.628977423351614,6.946050503707716,11.412622321228344,0.0,0.18058963595055189,0.11846462311350205,0.28088386497110035,0.16999999999999998,0.7422379998166776,0.6332821911929735,18.42766095470204,2.70440218289324,14.734853042389569,4.265103413652822,41.993596611564406,59.2231489680984,59.2231489680984,0.0,0.0,0.0,0.0,0.0,0.0,0.0,0.0,0.0,0.0,0.0,0.0,0.0,0.0,0.07873219755830974,0.0
2,summer_commercial,夏季商业制冷日,75.0,3.25,0.25,38.05878396937058,12.899808244123804,16.73230792191307,0.0,5.0,-5.0,0.0,58.69737811055145,0.0,0.0,0.0,0.0,0.0,5.1096971634279384,16.351030922969404,5.577435973971023,16.73230792191307,0.0,0.0,0.0,0.0,0.7649947671511441,0.0,47.45609856521203,3.4512226788455997,0.0,48.64703876861633,4.186466236630764,0.0,0.0,0.0,0.0,0.0,11.332529407312236,7.407626721703788,11.283573751014043,5.672277899340465,1.5375079216242937,0.0,52.0,7.8,40.0,45.0,0.0,0.44993382763831463,1.0,23.7726527981596,7.094894534268093,11.377969386900888,0.0,0.181036281601931,0.11861981497916076,0.281342684819739,0.17010705383806982,0.7387410914446728,0.6342262138455409,18.4933595719788,2.713290614760313,14.786352222793244,4.342479966194276,42.245250206001344,58.69737811055145,58.69737811055145,0.0,0.0,0.0,0.0,0.0,0.0,0.0,0.0,0.0,0.0,0.0,0.0,0.0,0.0,-0.05096019754037684,0.0
2,summer_commercial,夏季商业制冷日,75.0,3.5,0.25,38.38173939214825,13.102914826779141,16.752254558570325,0.0,5.0,-5.0,0.0,57.414557311676596,0.0,0.0,0.0,0.0,0.0,5.1096971634279384,16.351030922969404,5.584084852856775,16.752254558570325,0.0,0.0,0.0,0.0,0.00999075759268994,0.0,47.45609856521203,3.2481160961902624,0.0,49.394142822077214,3.3290451456509444,0.0,0.0,0.0,0.0,0.0,11.455724659642602,7.46415262514529,11.340698250922879,5.6808158883837745,1.5439369336234074,0.0,52.0,7.8,40.0,45.0,0.0,0.44010060355248365,1.0,23.975555385407063,7.206603154728528,11.391533099827821,0.0,0.1817713642893209,0.11882112143762404,0.2820109909883274,0.1704277569313095,0.7369640539452564,0.6357946757212085,18.56545107293006,2.7230967754169746,14.842880891938746,4.401190070621075,41.71078453779919,57.414557311676596,57.414557311676596,0.0,0.0,0.0,0.0,0.0,0.0,0.0,0.0,0.0,0.0,0.0,0.0,0.0,0.0,0.019946636657255823,0.0
2,summer_commercial,夏季商业制冷日,75.0,3.75,0.25,38.73099322924386,13.46311197843405,16.728948634310207,0.0,5.0,-5.0,0.0,56.47519356829302,0.0,0.0,0.0,0.0,0.0,5.1096971634279384,16.351030922969404,5.576316211436736,16.728948634310207,0.0,0.0,0.0,0.0,0.00999075759268994,0.0,47.45609856521203,2.887918944535354,0.0,50.05532649999333,2.048196206591803,0.0,0.0,0.0,0.0,0.0,11.603225031301811,7.530750247326735,11.402279176656377,5.690638862842514,1.5512672503706577,0.0,52.0,7.8,40.0,45.0,0.0,0.4329000856041488,1.0,24.18704720340322,7.404711588138728,11.375685071330942,0.0,0.18294492505348608,0.1190802811046671,0.2829695771446548,0.17096073597983846,0.7489340951829214,0.6381705402854438,18.644185289869547,2.733867291591962,14.90463960010341,4.504150568055654,40.77918943583566,56.47519356829302,56.47519356829302,0.0,0.0,0.0,0.0,0.0,0.0,0.0,0.0,0.0,0.0,0.0,0.0,0.0,0.0,-0.023305924260117905,0.0
2,summer_commercial,夏季商业制冷日,75.0,4.0,0.25,39.34894016737738,13.84652475138895,16.73406352782554,0.0,4.85334795146696,-4.85334795146696,0.0,54.89000645821414,0.0,0.0,0.0,0.0,0.0,5.1096971634279384,16.351030922969404,5.5780211759418465,16.73406352782554,0.0,0.0,0.0,0.0,0.0,-0.0,47.45372576028377,2.504506171580454,0.0,50.625119052493694,0.0,0.0,0.0,0.0,0.0,0.0,11.778486317705907,7.608658613399654,11.468292439563575,5.701889633840963,1.5595873187619862,0.0,52.0,7.8,40.0,45.0,0.0,0.4207491288336878,1.0,24.569054912243843,7.615588613263923,11.379163198921368,0.0,0.18476186274073983,0.11941140039645429,0.28432342781142006,0.17170370868554657,0.7562661172523165,0.641597001166303,18.729769392166524,2.7456444369666393,14.971796057471446,4.61390381847334,39.34894016737738,54.89000645821414,54.89000645821414,0.0,0.0,0.0,0.0,-0.0,0.0,0.0,0.0,1.4210854715202004e-14,0.0,0.0,0.14665204853304026,0.0,0.0,0.005114893515333563,0.0
2,summer_commercial,夏季商业制冷日,75.0,4.25,0.25,39.85809498564679,14.075967446768429,16.861687411473337,0.0,4.85334795146696,-4.85334795146696,0.0,54.27986731967825,0.0,0.0,0.0,0.0,0.0,5.1096971634279384,16.351030922969404,5.620562470491112,16.861687411473337,0.0,0.0,0.0,0.0,0.0,1.1618352513545478,47.14560695521824,2.275063476200975,0.0,51.14013406856518,0.0,0.0,0.0,0.0,0.0,0.0,11.984422890036079,7.699147436960092,11.538655756972883,5.71471768814865,1.5689876259172395,0.0,52.0,7.8,40.0,45.0,0.0,0.41607222082126594,1.0,24.871631404908612,7.741782095722637,11.46594743980187,0.0,0.18748886089008404,0.11983125050059483,0.2862059995421768,0.17265349352524473,0.7851189237513289,0.6463862465334269,18.82236107103877,2.7584651524052957,15.0444797929071,4.680866072812155,39.85809498564679,54.27986731967825,54.27986731967825,0.0,0.0,0.0,0.0,0.0,0.0,0.0,0.0,0.0,0.0,0.0,0.0,0.0,0.0,0.12762388364779653,0.0
2,summer_commercial,夏季商业制冷日,75.0,4.5,0.25,40.12778097590001,14.27762512780782,16.896194340142834,0.0,4.85334795146696,-4.85334795146696,0.0,53.123244780792525,0.0,0.0,0.0,0.0,0.0,5.1096971634279384,16.351030922969404,5.632064780047611,16.896194340142834,0.0,0.0,0.0,0.0,0.0,2.599646090049996,46.459132282752066,2.073405795161584,0.0,51.606997877881774,0.0,0.0,0.0,0.0,0.0,0.0,12.222905988963843,7.803489574041356,11.613224849628951,5.729277807833476,1.5795595087182277,0.0,52.0,7.8,40.0,45.0,0.0,0.4072063460104104,1.0,25.028495035819564,7.852693820294301,11.489412151297127,0.0,0.19145488987766246,0.12035955086472266,0.2887830668278333,0.17380602337443565,0.812342769258757,0.6529233477019862,18.922062166180652,2.77236007928351,15.122777143724495,4.74039797198215,40.12778097590001,53.123244780792525,53.123244780792525,0.0,0.0,0.0,0.0,0.0,0.0,0.0,0.0,0.0,0.0,0.0,0.0,0.0,0.0,0.03450692866949723,0.0
2,summer_commercial,夏季商业制冷日,75.0,4.75,0.25,40.55459801469031,14.672867779920237,17.026439988139902,0.0,4.85334795146696,-4.85334795146696,0.0,51.9906328362491,0.0,0.0,0.0,0.0,0.0,5.1096971634279384,16.351030922969404,5.675479996046634,17.026439988139902,0.0,0.0,0.0,0.0,0.0,4.202490289382746,45.350890828931945,1.6781631430491668,0.0,51.97975812541701,0.0,0.0,0.0,0.0,0.0,0.0,12.494219088984362,7.922927899143108,11.691790841933535,5.745728345355169,1.5913937553560473,0.0,52.0,7.8,40.0,45.0,0.0,0.3985245199418335,1.0,25.296038867188283,8.07007727895613,11.577979191935134,0.0,0.1970412849346193,0.12101922165231094,0.29225554896805306,0.1751563629233656,0.8217320359049441,0.6616619603413557,19.02891294264475,2.787352629374285,15.206726737569959,4.854512121970169,40.55459801469031,51.9906328362491,51.9906328362491,0.0,0.0,0.0,0.0,0.0,0.0,0.0,0.0,0.0,0.0,0.0,0.0,0.0,0.0,0.13024564799706795,0.0
2,summer_commercial,夏季商业制冷日,75.0,5.0,0.25,40.84404722106489,14.817695711954194,17.199885059917445,0.0,4.85334795146696,-4.85334795146696,0.0,49.52189617552844,0.0,0.0,0.0,0.0,0.0,5.1096971634279384,16.351030922969404,5.7332950199724815,17.199885059917445,0.0,0.0,0.0,0.0,0.0,7.01849118040383,43.50165192112633,1.5333352110152099,0.0,52.317935358970416,0.0,0.0,0.0,0.0,0.0,0.0,12.796536288141432,8.058636846079724,11.774079081845699,5.764229140256898,1.6045790012890015,0.0,52.0,7.8,40.0,45.0,0.0,0.3796008785298263,1.0,25.486637372994284,8.149732641574808,11.695921840743864,0.0,0.20465755566972235,0.12183658405036155,0.29686059796956804,0.17669872981077805,0.8222264843136334,0.673108516208503,19.142887223391597,2.803458115351306,15.296315625388658,4.8989173507997466,40.84404722106489,49.52189617552844,49.52189617552844,0.0,0.0,0.0,0.0,0.0,0.0,0.0,0.0,0.0,0.0,0.0,0.0,0.0,0.0,0.1734450717775431,0.0
2,summer_commercial,夏季商业制冷日,75.0,5.25,0.25,41.53337356751207,15.184690810198957,17.277441306743228,0.0,4.85334795146696,-4.85334795146696,0.3086862820308127,49.01645269459866,-6.661338147750939e-16,0.0,0.0,0.0,0.0,5.1096971634279384,16.351030922969404,5.759147102247742,17.277441306743228,0.0,0.0,0.0,0.0,0.0,7.93042680802524,41.41252241536574,1.1663401127704471,0.0,52.56878216807391,0.0,0.0,0.0,0.0,0.0,0.0,13.125506155735758,8.211679157787081,11.859749570865027,5.784939071873083,1.6191999284026473,0.0,52.0,7.8,40.0,45.0,0.009170696613219731,0.3757264955956985,1.0,25.913741690247953,8.351579945609426,11.748660088585396,0.0,0.21470035928935963,0.12284148401967926,0.3028701294742348,0.17842651938487275,0.8463585680621355,0.6877923905889918,19.263888571140757,2.820682965689541,15.39147621553548,5.005964539718032,41.53337356751207,49.325138976629475,49.325138976629475,-6.661338147750939e-16,0.0,0.0,0.0,0.0,0.0,0.0,0.0,0.0,0.0,0.0,0.0,0.0,0.0,0.07755624682578244,0.0
2,summer_commercial,夏季商业制冷日,75.0,5.5,0.25,42.175154142685216,15.24459613693805,17.462276258086227,0.0,4.85334795146696,-4.85334795146696,0.6630144803279165,48.87833436558084,2.220446049250313e-15,0.0,0.0,0.0,0.0,5.1096971634279384,16.351030922969404,5.820758752695409,17.462276258086227,0.0,0.0,0.0,0.0,0.0,8.417609164366768,39.195291482832666,1.106434786031354,0.0,52.805276038672325,0.0,0.0,0.0,0.0,0.0,0.0,13.474029012707208,8.382958720924528,11.948399156547936,5.808013252255753,1.6353352832366128,0.0,52.0,7.8,40.0,45.0,0.01969735943319946,0.37466777525004774,1.0,26.31815316924247,8.384527875315928,11.874347855498636,0.0,0.2274956883336088,0.12406731236663851,0.310585949553359,0.18033233298543824,0.8655866703909364,0.7062213364200223,19.391747692040305,2.8390240465038428,15.492084142977697,5.0274883295057045,42.175154142685216,49.54134884590876,49.54134884590876,2.220446049250313e-15,0.0,0.0,0.0,0.0,0.0,0.0,0.0,0.0,0.0,0.0,0.0,0.0,0.0,0.18483495134299943,0.0
2,summer_commercial,夏季商业制冷日,75.0,5.75,0.25,42.84019038549987,15.578738812312697,17.563527534207523,0.0,4.85334795146696,-4.85334795146696,1.4298301089943095,48.24074561890043,-1.5543122344752192e-15,0.0,0.0,0.0,0.0,5.1096971634279384,16.351030922969404,5.854509178069175,17.563527534207523,0.0,0.0,0.0,0.0,0.0,8.9871689505692,36.828287257582424,0.7722921106567071,0.0,52.96229277693396,0.0,0.0,0.0,0.0,0.0,0.0,13.832305981408865,8.573170709502556,12.039565590614624,5.833599874704633,1.6530557377363582,0.0,52.0,7.8,40.0,45.0,0.0424785256143156,0.36978045737508686,1.0,26.745365916468685,8.568306346771983,11.943198723261117,0.0,0.24322817793481943,0.12555089224037952,0.3203307019486729,0.18240800962605114,0.8780263805049522,0.7288242333718358,19.526221203055616,2.8584681106225878,15.597957184095568,5.12628489021647,42.84019038549987,49.670575727894736,49.670575727894736,-1.5543122344752192e-15,0.0,0.0,0.0,0.0,0.0,0.0,0.0,0.0,0.0,0.0,0.0,0.0,0.0,0.10125127612129603,0.0
2,summer_commercial,夏季商业制冷日,75.0,6.0,0.25,43.41299407841411,15.715186220794672,17.644875103323486,0.0,4.85334795146696,-4.85334795146696,2.3689931845524583,52.01837502000142,-1.7763568394002505e-15,0.0,0.0,0.0,0.0,5.1096971634279384,16.351030922969404,5.881625034441162,17.644875103323486,0.0,0.0,0.0,0.0,0.0,4.870296023196291,35.544788995009995,0.6358447021747313,0.0,53.086824747311994,0.0,0.0,0.0,0.0,0.0,0.0,14.188211516811846,8.782750609618112,12.132733495601082,5.861836745664072,1.6724216238937528,0.0,52.0,7.8,40.0,45.0,0.07037992628434098,0.3987371724882423,1.0,27.113201033295148,8.64335242143707,11.998515070259971,0.0,0.2618659705891781,0.12733220470161175,0.3324340609526043,0.1846446609406726,0.9011965139819808,0.7558865433472278,19.66699186515891,2.8789913909482885,15.70885529704345,5.17023497377651,43.41299407841411,54.38736820455388,54.38736820455388,-1.7763568394002505e-15,0.0,0.0,0.0,0.0,0.0,0.0,0.0,0.0,0.0,0.0,0.0,0.0,0.0,0.08134756911596241,0.0
2,summer_commercial,夏季商业制冷日,75.0,6.25,0.25,44.15739775339903,15.732256323977428,17.703554757588392,0.0,4.85334795146696,-4.85334795146696,3.374232235996459,56.42755450584885,-2.6645352591003757e-15,0.0,0.0,0.0,0.0,5.1096971634279384,16.351030922969404,5.9011849191961305,17.703554757588392,0.0,0.0,0.0,0.0,0.0,0.21984104564475082,35.48515884881162,0.6187745989919762,0.0,53.20724030219893,0.0,0.0,0.0,0.0,0.0,0.0,14.527999227786704,9.011824024409306,12.227342213542741,5.892847541038627,1.6934805816070466,0.0,52.0,7.8,40.0,45.0,0.10024436439252202,0.4325349172371693,1.0,27.585508688829574,8.652740978187586,12.038417235160107,0.0,0.2830937729120657,0.1294539242493043,0.3472139419299358,0.18703270924499654,0.934782283167482,0.787487097286012,19.813670336188416,2.900559350965632,15.824481830613632,5.181286078686039,44.15739775339903,59.80178674184531,59.80178674184531,-2.6645352591003757e-15,0.0,0.0,0.0,0.0,0.0,0.0,0.0,0.0,0.0,0.0,0.0,0.0,0.0,0.058679654264906844,0.0
2,summer_commercial,夏季商业制冷日,75.0,6.5,0.25,45.09304782046715,15.979289982333926,17.6831091178018,0.0,5.0,-5.0,4.857449304436351,58.027077221823035,-8.881784197001252e-16,0.0,0.0,0.0,0.0,5.1096971634279384,16.351030922969404,5.894369705933933,17.6831091178018,0.0,0.0,0.0,0.0,1.7874118364303655,0.0,35.90789490202139,0.3717409406354779,0.0,53.26892515544876,0.0,0.0,0.0,0.0,0.0,0.0,14.837299198464097,9.260159442097738,12.322795433355283,5.926737841814067,1.7162651668298874,0.0,52.0,7.8,40.0,45.0,0.14430895209212607,0.44479576092659684,1.0,28.18016230066344,8.78860949028366,12.024514200105223,0.0,0.30626928689909055,0.13196073947815107,0.3649529942449952,0.18956192854956397,0.9693135348648835,0.8234470435900311,19.965798441999237,2.923126600231741,15.944485902094737,5.257267952428005,45.09304782046715,62.884526526259386,62.884526526259386,-8.881784197001252e-16,0.0,0.0,0.0,0.0,0.0,0.0,0.0,0.0,0.0,0.0,-0.14665204853304026,0.0,0.0,-0.020445639786593972,0.0
2,summer_commercial,夏季商业制冷日,75.0,6.75,0.25,45.9562322317329,16.123069727324463,17.84197272879874,0.0,5.0,-5.0,6.2641174088733536,60.659760865459795,-5.329070518200751e-15,0.0,0.0,0.0,0.0,5.1096971634279384,16.351030922969404,5.947324242932914,17.84197272879874,0.0,0.0,0.0,0.0,4.9106246362393975,0.0,37.07237285838315,0.22796119564494077,0.0,53.296431476836716,0.0,0.0,0.0,0.0,0.0,0.0,15.102312561332887,9.527126367008094,12.418472412072257,5.963591017812332,1.7407904742722486,0.0,52.0,7.8,40.0,45.0,0.18609936252570974,0.4649761074236977,1.0,28.714505032385144,8.867688350028455,12.132541455583144,0.0,0.3304178258312285,0.13489843965175155,0.3858712562536803,0.1922214883490199,1.034937107749812,0.8633020555156333,20.122853904156838,2.9466369769947853,16.068465898210984,5.304889090444841,45.9562322317329,66.92387827433315,66.92387827433315,-5.329070518200751e-15,0.0,0.0,0.0,0.0,0.0,0.0,0.0,0.0,0.0,0.0,0.0,0.0,0.0,0.15886361099694213,0.0
2,summer_commercial,夏季商业制冷日,75.0,7.0,0.25,46.46735361978992,16.173185311222436,18.25467748864639,0.0,5.0,-5.0,7.592832929254669,64.84679577805865,-2.6645352591003757e-15,0.0,0.0,0.0,0.0,5.1096971634279384,16.351030922969404,6.084892496215463,18.25467748864639,0.0,0.0,0.0,0.0,9.777685427880002,0.0,39.392719528861726,0.17784561174696734,0.0,53.312021593888204,0.0,0.0,0.0,0.0,0.0,0.0,15.311066222788588,9.811661340673462,12.513740522191886,6.003464041952302,1.7670518352263433,0.0,88.0,13.2,40.0,45.0,0.22557389583677265,0.4970710442900892,1.0,29.042655413202237,8.89525192117234,12.413180692279546,0.0,0.35427584207169344,0.1383127560824312,0.4100965381623322,0.195,1.0861459006933323,0.9063066273623559,20.28425639937053,2.9710237939642363,16.19597400475162,5.326838340839209,46.46735361978992,72.43962870731332,72.43962870731332,-2.6645352591003757e-15,0.0,0.0,0.0,0.0,0.0,0.0,0.0,0.0,0.0,0.0,0.0,0.0,0.0,0.4127047598476494,0.0
2,summer_commercial,夏季商业制冷日,75.0,7.25,0.25,47.270612530939815,16.129141771908493,18.588548363788217,0.0,5.0,-5.0,9.201627587477105,61.6891894597925,0.0,0.0,0.0,0.0,0.0,5.1096971634279384,16.351030922969404,6.196182787929406,18.588548363788217,0.0,0.0,0.0,0.0,7.314324564972452,0.0,41.12790197706624,0.22188915106091045,0.0,53.33806425646823,0.0,0.0,0.0,0.0,0.0,0.0,15.454567176677592,10.11224439645156,12.607968776886102,6.046383329976434,1.795022656174443,0.0,88.0,13.2,40.0,45.0,0.27336924205839014,0.47286700072486176,1.0,29.541764865779058,8.871027974549673,12.640212887375988,0.0,0.37638640132848006,0.14224795782605748,0.4376347785436305,0.19788556548904995,1.1572409602479032,0.951474491950071,20.449374763036978,2.9962102369804677,16.32652162219649,5.322974440643893,47.270612530939815,70.8908170472696,70.8908170472696,0.0,0.0,0.0,0.0,0.0,0.0,0.0,0.0,0.0,0.0,0.0,0.0,0.0,0.0,0.3338708751418267,0.0
2,summer_commercial,夏季商业制冷日,75.0,7.5,0.25,47.63042179976809,15.914513536592287,18.975781601738735,0.0,5.0,-5.0,10.955078512019007,59.642481516494975,-1.7763568394002505e-15,0.0,0.0,0.0,0.0,5.1096971634279384,16.351030922969404,6.325260533912911,18.975781601738735,0.0,0.0,0.0,0.0,6.5321805314050465,0.0,42.67723845817608,0.43651738637711723,0.0,53.41506810360456,0.0,0.0,0.0,0.0,0.0,0.0,15.527698394151825,10.426888378998203,12.70054191093976,6.0923407116461,1.8246524673583497,0.0,88.0,13.2,40.0,45.0,0.3254621512390395,0.4571783419017846,1.0,29.771384219446823,8.752982445125758,12.90353148918234,0.0,0.39523953379082516,0.14674521415945654,0.46834319592628965,0.20086582838174552,1.2211772843652997,0.997652619897093,20.617535089944212,3.022109900227906,16.45958547904667,5.271888491302032,47.63042179976809,70.59756002851398,70.59756002851398,-1.7763568394002505e-15,0.0,0.0,0.0,0.0,0.0,0.0,0.0,0.0,0.0,0.0,0.0,0.0,0.0,0.3872332379505181,0.0
2,summer_commercial,夏季商业制冷日,75.0,7.75,0.25,48.18894135543463,15.835177501825303,19.2901031462635,0.0,5.0,-5.0,12.77433118659389,58.001079900578894,1.7763568394002505e-15,0.0,0.0,0.0,0.0,5.1096971634279384,16.351030922969404,6.430034382087833,19.2901031462635,0.0,0.0,0.0,0.0,0.8292404058803955,0.0,42.87204919264976,0.5158534211441008,0.0,53.51087575707448,5.217497780341989,0.0,0.0,0.0,0.0,0.0,15.52972842191521,10.753143307173115,12.790874532445669,6.141289648305275,1.8558652521421384,0.0,88.0,13.2,40.0,45.0,0.3795099509389611,0.4445964832990052,1.0,30.131420374765415,8.709347626003916,13.117270139459182,0.0,0.40944004406941015,0.1518407512250093,0.5019094203270188,0.20392802673484192,1.2731332342438917,1.0436193396271614,20.788029432893083,3.0486274360597,16.594614214392497,5.259208617761091,53.406439135776616,70.77541108717278,70.77541108717278,1.7763568394002505e-15,0.0,0.0,0.0,0.0,0.0,0.0,0.0,0.0,0.0,0.0,0.0,0.0,0.0,0.31432154452476624,0.0
2,summer_commercial,夏季商业制冷日,75.0,8.0,0.25,48.70763645561615,15.395349829892186,19.81620463424394,0.0,5.0,-5.0,14.378102220272375,57.391599395652854,-3.552713678800501e-15,0.0,0.0,0.0,0.0,5.1096971634279384,16.351030922969404,6.605401544747981,19.81620463424394,0.0,0.0,0.0,0.0,0.9891264420153902,0.0,43.10482312016878,0.9556810930772173,0.0,53.711094578801784,5.357840010117776,0.0,0.0,0.0,0.0,0.0,15.464360295347765,11.088117559811154,12.878424812916375,6.1931418178771125,1.8885581275123642,0.0,88.0,13.2,40.0,45.0,0.4271560513428238,0.4399246239199402,1.0,30.47086449871239,8.467442406440703,13.475019151285881,0.0,0.4178774111665697,0.15756384648939167,0.5378398393612314,0.20705904774487396,1.3162285681312085,1.0881916084717282,20.960124758305852,3.075659292820565,16.731035169257993,5.146089760752207,54.06547646573392,71.76970161592523,71.76970161592523,-3.552713678800501e-15,0.0,0.0,0.0,0.0,0.0,0.0,0.0,0.0,0.0,0.0,0.0,0.0,0.0,0.5261014879804407,0.0
2,summer_commercial,夏季商业制冷日,75.0,8.25,0.25,49.23386806442515,15.162872624439524,20.571875131557135,0.0,5.0,-5.0,16.10853755511379,55.01684763749885,-7.105427357601002e-15,0.0,0.0,0.0,0.0,5.1096971634279384,16.351030922969404,6.857291710519045,20.571875131557135,0.0,0.0,0.0,0.0,0.0,0.0,43.10266787901277,1.1881582985298795,0.0,53.96642662741323,4.924528254240506,0.0,0.0,0.0,0.0,0.0,15.339312754053797,11.42851712035285,12.962707155780647,6.247764191248742,1.922600443223189,0.0,88.0,13.2,40.0,45.0,0.47856519515130014,0.42172140628686877,1.0,30.799975143824064,8.33957994344174,13.988875089458853,0.0,0.41986922511788133,0.16393472143466806,0.5754600530845184,0.2102454838991936,1.379591964224713,1.1303239616997929,21.13307179025258,3.103094510627553,16.86826110510352,5.091493549923141,54.15839631866566,71.12538519261264,71.12538519261264,-7.105427357601002e-15,0.0,0.0,0.0,0.0,0.0,0.0,0.0,0.0,0.0,0.0,0.0,0.0,0.0,0.7556704973131936,0.0
2,summer_commercial,夏季商业制冷日,75.0,8.5,0.25,49.55827728094493,14.88379708494197,21.142561851902943,0.0,5.0,-5.0,17.695454727929047,56.021132597475,3.552713678800501e-15,0.0,0.0,0.0,0.0,5.1096971634279384,16.351030922969404,7.0475206173009814,21.142561851902943,0.0,0.0,0.0,0.0,1.5496817628262605,0.0,43.468562164290056,1.4672338380274343,0.0,54.287911450631036,5.451410500903942,0.0,0.0,0.0,0.0,0.0,15.165495458486799,11.770703439166885,13.043303278890782,6.304976723146637,1.9578333617716144,0.0,88.0,13.2,40.0,45.0,0.5257105877047163,0.4294195657383969,1.0,31.00566778919497,8.186088396718084,14.376942059294002,0.0,0.4152525118512524,0.1709624091442977,0.6139295676597961,0.2134736903889974,1.4349148224145187,1.1691830649061188,21.306113363809033,3.1308155432230436,17.005696559916483,5.0242713267543735,55.00968778184887,73.71658732540405,73.71658732540405,3.552713678800501e-15,0.0,0.0,0.0,0.0,0.0,0.0,0.0,7.105427357601002e-15,0.0,0.0,0.0,0.0,0.0,0.5706867203458081,0.0
2,summer_commercial,夏季商业制冷日,75.0,8.75,0.25,50.09103917754195,14.657235594606897,21.726732579619796,0.0,5.0,-5.0,19.32112407604697,56.128393805685505,-7.105427357601002e-15,0.0,0.0,0.0,0.0,5.1096971634279384,16.351030922969404,7.242244193206599,21.726732579619796,0.0,0.0,0.0,0.0,2.4965230380263677,0.0,44.059312957713104,1.6937953283625067,0.0,54.663043885391815,5.510014309529614,0.0,0.0,0.0,0.0,0.0,14.95589706842274,12.110769680878416,13.119871168558655,6.364550775640581,1.9940699735316383,0.0,88.0,13.2,40.0,45.0,0.5740072605821718,0.43024175656737,1.0,31.32644514321434,8.061479577033793,14.774178154141461,0.0,0.40440605326845586,0.17864268797677899,0.6522716945601413,0.21672984353849284,1.5067517662360939,1.2041869482047085,21.47849191773087,3.158699074019303,17.14274355946943,4.9721226237768725,55.60105348707157,75.44951788173248,75.44951788173248,-7.105427357601002e-15,0.0,0.0,0.0,0.0,0.0,0.0,0.0,0.0,0.0,0.0,0.0,0.0,0.0,0.5841707277168524,0.0
2,summer_commercial,夏季商业制冷日,75.0,9.0,0.25,50.05054162168009,14.251153943384114,22.317195395516734,0.0,5.0,-5.0,21.04866281661404,55.759871375420275,3.552713678800501e-15,0.0,0.0,0.0,0.0,5.1096971634279384,16.351030922969404,7.439065131838912,22.317195395516734,0.0,0.0,0.0,0.0,3.7036706967025594,0.0,44.93673178253208,2.0998769795852894,0.0,55.134433146100626,5.50555957838481,0.0,0.0,0.0,0.0,0.0,14.724340407256731,12.444634246080303,13.19215141257412,6.426208383100325,2.031095991035345,0.0,88.0,13.2,40.0,45.0,0.6253303500732138,0.4274169164645034,1.0,31.302840593704726,7.838134668861263,15.17569286895138,0.0,0.38819956323346444,0.18695618406691347,0.689418147850411,0.22,1.5540337053764945,1.2350056855964966,21.649455786709787,3.1866167964947287,17.278806424819543,4.8700170531819404,55.5561012000649,76.80853419203432,76.80853419203432,3.552713678800501e-15,0.0,0.0,0.0,0.0,0.0,0.0,0.0,7.105427357601002e-15,0.0,0.0,0.0,0.0,0.0,0.590462815896938,0.0
2,summer_commercial,夏季商业制冷日,75.0,9.25,0.25,50.19933607131069,13.855100871088476,23.107270555744112,0.0,5.0,-5.0,22.66946400549373,52.708812611423575,-7.105427357601002e-15,0.0,0.0,0.0,0.0,5.1096971634279384,16.351030922969404,7.70242351858137,23.107270555744112,0.0,0.0,0.0,0.0,1.8448928957531336,0.0,45.372647008684325,2.4959300518809275,0.0,55.6996493168493,5.521926967844176,0.0,0.0,0.0,0.0,0.0,14.48426710943498,12.76814952824087,13.259970498125346,6.489622453680367,2.068671053718672,0.0,88.0,13.2,40.0,45.0,0.6734823958193792,0.4040295933467833,1.0,31.416624335834857,7.620305479098662,15.712943977905997,0.0,0.36787933598267625,0.19586675269844833,0.7242661964525371,0.22327015646150716,1.5620847687376402,1.2615285282395652,21.818264005524384,3.2144361332556155,17.41329545738033,4.7709588298685635,55.72126303915486,75.3782766169173,75.3782766169173,-7.105427357601002e-15,0.0,0.0,0.0,0.0,0.0,0.0,0.0,0.0,0.0,0.0,0.0,0.0,0.0,0.7900751602273779,0.0
2,summer_commercial,夏季商业制冷日,75.0,9.5,0.25,50.36776226654809,13.67868178550727,24.118138692180533,0.0,5.0,-5.0,24.185069473541844,53.19074829189434,3.552713678800501e-15,0.0,0.0,0.0,0.0,5.1096971634279384,16.351030922969404,8.039379564060178,24.118138692180533,0.0,0.0,0.0,0.0,3.318524922079696,0.0,46.15852804532782,2.672349137462133,0.0,56.306482412338134,5.54045384932029,0.0,0.0,0.0,0.0,0.0,14.247695559661754,13.077222929872617,13.323240766499385,6.554417984311854,2.106530659712633,0.0,88.0,13.2,40.0,45.0,0.7185092037531988,0.40772378161156897,1.0,31.53412634335955,7.523274982028999,16.400334310682762,0.0,0.3449114544417721,0.20532025050372663,0.7557446264227379,0.2265263096110026,1.5769281162139328,1.2838091701523742,21.98418941052387,3.242020874292839,17.54562933937081,4.733559857435258,55.908216115868385,77.37581776543618,77.37581776543618,3.552713678800501e-15,0.0,0.0,0.0,0.0,0.0,0.0,0.0,-7.105427357601002e-15,0.0,0.0,0.0,0.0,0.0,1.0108681364364216,0.0
2,summer_commercial,夏季商业制冷日,75.0,9.75,0.25,50.56043529341518,13.433957954070475,25.20522243337638,0.0,5.0,-5.0,25.69317627549269,50.77686849788499,0.0,0.0,0.0,0.0,0.0,5.1096971634279384,16.351030922969404,8.40174081112546,25.20522243337638,0.0,0.0,0.0,0.0,1.8365236231334237,0.0,46.59239447941974,2.9170729688989283,0.0,56.97113400124546,5.56164788227567,0.0,0.0,0.0,0.0,0.0,14.024456330119106,13.367946264551717,13.381956847194502,6.620174344007675,2.144388724825195,0.0,88.0,13.2,40.0,45.0,0.7633132353740265,0.3892206353018332,1.0,31.67765113326237,7.388676874738762,17.13955125469594,0.0,0.3208102055141221,0.21524380604029084,0.7828834162799176,0.2297545161008064,1.5674564711046581,1.302004263429843,22.146519916027373,3.2692317230462646,17.675236158532453,4.677112145128882,56.122083175690854,76.47004477337768,76.47004477337768,0.0,0.0,0.0,0.0,0.0,0.0,0.0,0.0,7.105427357601002e-15,0.0,0.0,0.0,0.0,0.0,1.0870837411958476,0.0
2,summer_commercial,夏季商业制冷日,75.0,10.0,0.25,50.653621109127684,13.142890180897997,25.942443630128405,0.0,5.0,-5.0,26.94134018831849,49.91157333856344,7.105427357601002e-15,0.0,0.0,0.0,0.0,5.1096971634279384,16.351030922969404,8.647481210042802,25.942443630128405,0.0,0.0,0.0,0.0,1.8702157222794682,0.0,47.03424109373714,3.208140742071407,0.0,57.7045818604868,5.571898322004046,0.0,0.0,0.0,0.0,0.0,13.821758047603364,13.63672886368265,13.43618854522113,6.686428654497108,2.181940751190348,0.0,88.0,13.2,40.0,45.0,0.800394677713444,0.38258787629959656,1.0,31.769216969092,7.2285895994938985,17.640861668487318,0.0,0.2969797587686923,0.22554568497605654,0.8048811314800605,0.23294095225512604,1.536045052555029,1.3163198140169565,22.30455795090859,3.295926748497892,17.801553048997047,4.607672878225471,56.22551943113173,76.85291352688193,76.85291352688193,7.105427357601002e-15,0.0,0.0,0.0,0.0,0.0,0.0,0.0,0.0,0.0,0.0,0.0,0.0,0.0,0.7372211967520244,0.0
2,summer_commercial,夏季商业制冷日,75.0,10.25,0.25,51.023072079608205,13.017185858410368,26.9341385910993,0.0,5.0,-5.0,27.846041032749902,47.97231361207263,-7.105427357601002e-15,0.0,0.0,0.0,0.0,5.1096971634279384,16.351030922969404,8.9780461970331,26.9341385910993,0.0,0.0,0.0,0.0,0.0950012759963954,0.0,47.05445218473163,3.3338450645590356,0.0,58.46751777238933,5.612537928756903,0.0,0.0,0.0,0.0,0.0,13.644084206682432,13.88042904028454,13.486070320856909,6.752680268444092,2.2188675697091758,0.0,88.0,13.2,40.0,45.0,0.8272722471195761,0.3677228417850823,1.0,31.998128800862393,7.159452222125703,18.315214241947523,0.0,0.27459184007861787,0.23611582771342954,0.8211637628717757,0.23607197326515808,1.5534709589269702,1.3269761060400285,22.457618159010174,3.3219617521587836,17.924024531320917,4.584422624378082,56.635610008365106,75.81835464482253,75.81835464482253,-7.105427357601002e-15,0.0,0.0,0.0,0.0,0.0,0.0,0.0,-7.105427357601002e-15,0.0,0.0,0.0,0.0,0.0,0.9916949609708929,0.0
2,summer_commercial,夏季商业制冷日,75.0,10.5,0.25,51.09653204826352,12.61578596197451,27.675490475478643,0.0,5.0,-5.0,28.77486317099406,48.97819691294688,3.552713678800501e-15,0.0,0.0,0.0,0.0,5.1096971634279384,16.351030922969404,9.225163491826214,27.675490475478643,0.0,0.0,0.0,0.0,1.70104885511428,0.0,47.45609856521203,3.735244960994894,0.0,59.32540469173942,5.620618525308987,0.0,0.0,0.0,0.0,0.0,13.493377205678009,14.096478086199372,13.531787673434247,6.81839631458311,2.2548396019890076,0.0,88.0,13.2,40.0,45.0,0.8548664310316072,0.3754332530212948,1.0,32.02995217297926,6.938682279085981,18.81933352332548,0.0,0.25451288892042506,0.24682711212296332,0.8314291553327757,0.23913417161825448,1.5872473631762731,1.3341956682251657,22.605023590006365,3.347190569874651,18.042099729252275,4.483762902877533,56.7171505735725,77.75306008394094,77.75306008394094,3.552713678800501e-15,0.0,0.0,0.0,0.0,0.0,0.0,0.0,0.0,0.0,0.0,0.0,0.0,0.0,0.7413518843793447,0.0
2,summer_commercial,夏季商业制冷日,75.0,10.75,0.25,51.346257089845665,12.410908084548328,28.750396704175767,0.0,5.0,-5.0,29.206491308970712,44.68714438685441,3.552713678800501e-15,0.0,0.0,0.0,0.0,5.1096971634279384,16.351030922969404,9.583465568058589,28.750396704175767,0.0,0.0,0.0,0.0,0.00999075759268994,0.0,47.45609856521203,3.9401228384210754,0.0,60.23152116351859,2.8442251169002466,0.0,0.0,0.0,0.0,0.0,13.369436128256174,14.282990739455872,13.573560911182161,6.883018246991057,2.289521569660788,0.0,88.0,13.2,40.0,45.0,0.8676895816979452,0.3425409884975617,1.0,32.18868601957604,6.825999446501581,19.550269758839523,0.0,0.23728359385543868,0.2575373629935046,0.8356722909347525,0.24211443451095005,1.5874285138728554,1.3382123024729033,22.74610072783401,3.3714653391256224,18.155228733290162,4.437809605971759,54.19048220674591,73.89363569582513,73.89363569582513,3.552713678800501e-15,0.0,0.0,0.0,0.0,0.0,0.0,0.0,0.0,0.0,0.0,0.0,0.0,0.0,1.0749062286971238,0.0
2,summer_commercial,夏季商业制冷日,75.0,11.0,0.25,51.75151730884329,12.026759969932073,29.857429046954373,0.0,5.0,-5.0,29.364862156774137,42.56471393405525,-3.552713678800501e-15,0.0,0.0,0.0,0.0,5.1096971634279384,16.351030922969404,9.95247634898479,29.857429046954373,0.0,0.0,0.0,0.0,0.00999075759268994,0.0,47.45609856521203,4.324270953037331,0.0,61.2284197542832,0.10589451198067845,0.0,0.0,0.0,0.0,0.0,13.270441989687328,14.438856093728655,13.611626948260016,6.945969303480762,2.3225775623986644,0.0,70.0,10.5,40.0,45.0,0.8723945883086328,0.3262718928707438,1.0,32.43144274549539,6.614717983462641,20.303051751928976,0.0,0.22314427820839497,0.2680920942169789,0.8341884025142168,0.245,1.6028903349446695,1.3392940216782419,22.88017381413944,3.394636772145445,18.262858465563305,4.3412342970912015,51.85741182082397,71.92957609082939,71.92957609082939,-3.552713678800501e-15,0.0,0.0,0.0,0.0,0.0,0.0,0.0,0.0,0.0,0.0,0.0,0.0,0.0,1.1070323427786057,0.0
2,summer_commercial,夏季商业制冷日,75.0,11.25,0.25,52.01321072167834,11.912236669292591,30.87125917144951,0.0,3.692981737766389,-3.692981737766389,29.449605096395466,39.98424605922627,7.105427357601002e-15,0.0,0.0,0.0,0.0,3.6815316933024276,11.780901418567769,10.290419723816504,30.87125917144951,0.0,0.0,0.0,0.0,0.0,0.24429272094191518,47.38943820214116,0.0,0.13133525072482222,61.16324363632059,0.0,0.0,0.0,0.0,0.0,0.0,13.193527110222497,14.563803261131435,13.646219908200074,7.006662746906379,2.3536763613451477,0.0,70.0,10.5,40.0,45.0,0.8749121986937362,0.30649179663147413,1.0,32.59777291610908,6.551730168110925,20.992456236585667,0.0,0.21209316974828513,0.27832793146246515,0.827553008660918,0.2477785116509801,1.5938511804866473,1.3377700005702295,23.0065590164516,3.4165544829230896,18.364428470904052,4.319621032196563,52.01321072167834,69.43385115562174,69.43385115562174,7.105427357601002e-15,0.0,0.0,0.0,0.0,0.0,0.0,0.0,-7.105427357601002e-15,0.0,0.0,1.307018262233611,0.0,-4.570129504401635,1.0138301244951364,0.0
2,summer_commercial,夏季商业制冷日,75.0,11.5,0.25,52.146187270409,11.649470657204233,31.791215783026406,0.0,3.692981737766389,-3.692981737766389,29.709931328901376,40.694108766808924,0.0,0.0,0.0,0.0,0.0,3.6815316933024276,11.780901418567769,10.597071927675469,31.791215783026406,0.0,0.0,0.0,0.0,0.2862674665570104,0.0,47.455057253538335,0.1314307613635357,0.0,61.16387682032628,0.0,0.0,0.0,0.0,0.0,0.0,13.135320058074466,14.658436760164262,13.677551420646282,7.064510734197663,2.3824969025845952,0.0,70.0,10.5,40.0,45.0,0.8826461766439965,0.3119331171027022,1.0,32.69703122460057,6.407208861462329,21.618026732457956,0.0,0.2039618865278847,0.28807662437953,0.8165802295042037,0.25043807145043606,1.5607363363235331,1.3340516454675837,23.124559057428538,3.437067421201744,18.459367109375,4.255862085218226,52.146187270409,70.4040400957103,70.4040400957103,0.0,0.0,0.0,0.0,0.0,0.0,0.0,0.0,1.4210854715202004e-14,0.0,0.0,0.0,0.0,0.0,0.9199566115768967,0.0
2,summer_commercial,夏季商业制冷日,75.0,11.75,0.25,52.10824736681153,11.348858933297455,32.95926079843381,0.0,3.692981737766389,-3.692981737766389,30.584114042056093,39.86655312822092,3.552713678800501e-15,0.0,0.0,0.0,0.0,3.6630177995544875,11.72165695857436,10.986420266144604,32.95926079843381,0.0,0.0,0.0,0.0,0.0,0.0,47.45268450067565,0.3727980252769054,0.0,61.22183441291939,0.0,0.0,0.0,0.0,0.0,0.0,13.092418964157934,14.724237585173887,13.705791567134506,7.1189336323540084,2.40873375636107,0.0,70.0,10.5,40.0,45.0,0.9086170892291661,0.30558964337288264,1.0,32.68854672945067,6.241872413313601,22.41229734293499,0.0,0.19849321770552364,0.29716952066124336,0.8022628895077216,0.25296729075500346,1.5277529697746455,1.3286402032878022,23.233458955849585,3.4560244682792973,18.547088650769332,4.180767268056601,52.10824736681153,70.45066717027701,70.45066717027701,3.552713678800501e-15,0.0,0.0,0.0,0.0,0.0,0.0,0.0,0.0,0.0,0.0,0.0,0.0,-0.05924445999340833,1.1680450154074045,0.0
2,summer_commercial,夏季商业制冷日,75.0,12.0,0.25,52.27899953562738,11.255306204776668,33.96615902268597,0.0,3.692780453370558,-3.692780453370558,31.827508118619917,38.98360806693272,0.0,0.0,0.0,0.0,0.0,3.5172831889927085,11.255306204776668,11.32205300756199,33.96615902268597,0.0,0.0,0.0,0.0,0.0,0.0,47.45031186645061,0.0,0.0,61.19122349571294,0.0,0.0,0.0,0.0,0.0,0.0,13.061768698594138,14.76352720809155,13.73105145490168,7.169369579523042,2.432102492359528,0.0,70.0,10.5,40.0,45.0,0.9455568254941651,0.29882159233197364,1.0,32.7916175633083,6.190418412627167,23.09698813542646,0.0,0.19540945508670923,0.30544234210896803,0.7856996799290845,0.2553553390593274,1.521740605299229,1.3221170265048505,23.33252352678425,3.473275247221445,18.62699176771199,4.162813752324025,52.27899953562738,70.81111618555263,70.81111618555263,0.0,0.0,0.0,0.0,0.0,0.0,0.0,0.0,0.0,0.0,0.0,0.00020128439583100288,0.0,-0.466350753797693,1.0068982242521614,0.0
2,summer_commercial,夏季商业制冷日,75.0,12.25,0.25,52.58544454299787,10.969866750805657,35.049857290405555,0.0,3.692780453370558,-3.692780453370558,32.3136663710368,39.19948216454965,0.0,0.0,0.0,0.0,0.0,3.5172831889927085,11.255306204776668,11.683285763468518,35.049857290405555,0.0,0.0,0.0,0.0,0.034354586756798255,0.0,47.45609856521203,0.28543945397101034,0.0,61.2284197542832,0.0,0.0,0.0,0.0,0.0,0.0,13.040937198469715,14.779393334761169,13.753368370720553,7.215284073631873,2.4523447998951764,0.0,70.0,10.5,40.0,45.0,0.96,0.30047633505056354,1.0,32.97920438826653,6.033426712943112,23.83390295747578,0.0,0.1944638343970377,0.31274007755748295,0.7680158341812842,0.25759199037394886,1.5143352131953989,1.3151166037890039,23.4209972442476,3.488671193717142,18.698459888409968,4.090207480097266,52.58544454299787,71.51314853558645,71.51314853558645,0.0,0.0,0.0,0.0,0.0,0.0,0.0,0.0,-7.105427357601002e-15,0.0,0.0,0.0,0.0,0.0,1.0836982677195834,0.0
2,summer_commercial,夏季商业制冷日,75.0,12.5,0.25,53.039341323083136,10.785889982719619,35.872278391049484,0.0,2.2047073442016965,-2.2047073442016965,32.313666371036796,38.298156534191484,7.105427357601002e-15,0.0,0.0,0.0,0.0,3.4103481075936175,10.913113944299576,11.957426130349829,35.872278391049484,0.0,0.0,0.0,0.0,0.0,0.0,47.45372576028377,0.12722396157995775,0.0,61.228021235281304,0.0,0.0,0.0,0.0,0.0,0.0,13.02830051528454,14.775578034280047,13.772694387592276,7.256179361629174,2.469233234476344,0.0,70.0,10.5,40.0,45.0,0.96,0.29356739117828745,1.0,33.246745226596126,5.932239490495791,24.39314930591365,0.0,0.19547189749004207,0.31892179119579694,0.7502842400642288,0.2596676670145618,1.5256971318598238,1.3082858280376748,23.498106983697795,3.50206692318912,18.760863802146034,4.04500552629757,53.039341323083136,70.61182290522828,70.61182290522828,7.105427357601002e-15,0.0,0.0,0.0,0.0,0.0,0.0,0.0,0.0,0.0,0.0,1.4880731091688615,0.0,-0.3421922604770913,0.822421100643929,0.0
2,summer_commercial,夏季商业制冷日,75.0,12.75,0.25,53.08874009473965,10.78253487221734,36.7114879303793,0.0,0.27827334062845666,-0.27827334062845666,32.313666371036796,36.720838831032175,7.105427357601002e-15,0.0,0.0,0.0,0.0,3.4103481075936175,10.913113944299576,12.237162643459767,36.7114879303793,0.0,0.0,0.0,0.0,0.019981015647479245,0.0,47.45609856521203,0.13057907208223618,0.0,61.2284197542832,0.0,0.0,0.0,0.0,0.0,0.0,13.0231539344843,14.756330807681888,13.788889166874203,7.291603399816559,2.4825754689579003,0.0,70.0,10.5,40.0,45.0,0.96,0.28147675588197996,1.0,33.27104696451796,5.930394179719538,24.963811792657925,0.0,0.19832300244981288,0.32386513900277547,0.7334536455881493,0.26157348061512725,1.5261403651165955,1.3022351321516648,23.563068035648662,3.513321915162623,18.813566811653807,4.0493016206186025,53.08874009473965,69.03450520206897,69.03450520206897,7.105427357601002e-15,0.0,0.0,0.0,0.0,0.0,0.0,0.0,0.0,0.0,0.0,1.92643400357324,0.0,0.0,0.8392095393298149,0.0
2,summer_commercial,夏季商业制冷日,75.0,13.0,0.25,53.13479430874836,10.743132755489095,37.561991099477815,0.0,0.0,0.0,32.31366637103681,34.02091208532682,-7.105427357601002e-15,0.0,0.0,0.0,0.0,3.3885728992939925,10.843433277740777,12.520663699825938,37.561991099477815,0.0,0.0,0.0,0.0,0.0,0.5196876818208365,47.31696584401512,0.10030052225168262,0.0,61.22162691844084,0.0,2.1897647696838263,0.0,0.0,0.0,0.0,13.025768209732236,14.726231169993511,13.801717521347303,7.321158160333602,2.4922179382602434,0.0,75.60000000000001,11.340000000000002,40.0,45.0,0.96,0.2607809699006995,1.0,33.303105889554544,5.908723015519002,25.542153947644916,0.0,0.2029744745328078,0.3274703915964078,0.718289676431383,0.26330127018922195,1.5128298356864638,1.2974879162561688,23.61509361994115,3.522302517838978,18.85593260008517,4.042369053250479,50.945029539064535,66.33457845636363,66.33457845636363,-7.105427357601002e-15,0.0,0.0,0.0,0.0,0.0,0.0,0.0,7.105427357601002e-15,0.0,0.0,0.27827334062845666,0.0,-0.06968066655879923,0.8505031690985163,0.0
2,summer_commercial,夏季商业制冷日,75.0,13.25,0.25,53.01161909116829,10.685944228049925,38.31604880375769,0.0,0.0,0.0,32.10861769044902,35.566780278008466,0.0,0.0,0.0,0.0,0.0,3.388572899293992,10.843433277740775,12.772016267919229,38.31604880375769,0.0,0.0,0.0,0.0,0.5957834504804375,0.0,47.45609856521203,0.15748904969085054,0.0,61.2284197542832,0.0,2.09259374040446,0.0,0.0,0.0,0.0,13.037406863655322,14.689987278441514,13.81085208825159,7.344507070676325,2.4980487811074754,0.0,75.60000000000001,11.340000000000002,40.0,45.0,0.9539082513539624,0.27263053482756194,1.0,33.2341984230775,5.877269325427459,26.05491318655523,0.0,0.20943208902271285,0.3296637789013064,0.705332918668949,0.26484363707663444,1.4958705046214915,1.294434299418484,23.65340794003539,3.5288842551555737,18.887335832015264,4.02927373010743,50.91902535076383,67.67539796845749,67.67539796845749,0.0,0.0,0.0,0.0,0.0,0.0,0.0,0.0,0.0,0.0,0.0,0.0,0.0,-1.7763568394002505e-15,0.7540577042798731,0.0
2,summer_commercial,夏季商业制冷日,75.0,13.5,0.25,53.15619317606133,10.596837072614372,38.92395512731095,0.0,0.0,0.0,31.150526199439064,35.29368623979358,-3.552713678800501e-15,0.0,0.0,0.0,0.0,2.511726303638063,8.037524171641802,12.974651709103648,38.92395512731095,0.0,0.0,0.0,0.0,0.0,0.0,47.45372576028377,0.0,2.559312900972568,60.52430214941329,0.0,2.1983587495703922,0.0,0.0,0.0,0.0,13.060314374988376,14.65221892820288,13.815881215722763,7.361381391955426,2.5,0.0,75.60000000000001,11.340000000000002,40.0,45.0,0.9254445103222743,0.2705371833036182,1.0,33.334372657155754,5.828260389937905,26.468289486571447,0.0,0.217721019296692,0.3304,0.6948765289923212,0.2661939766255643,1.4770341176576058,1.2932940409454434,23.677262607678188,3.532954396438708,18.907175345345422,4.006024891688458,50.95783442649093,66.44421243923264,66.44421243923264,-3.552713678800501e-15,0.0,0.0,0.0,0.0,0.0,0.0,0.0,0.0,-1.7763568394002505e-15,0.0,0.0,0.0,-2.805909106098973,0.6079063235532587,0.0
2,summer_commercial,夏季商业制冷日,75.0,13.75,0.25,53.11326943258784,10.629284193543556,39.40484525234994,0.0,0.0,0.0,29.895644863971256,36.342643205603764,0.0,0.0,0.0,0.0,0.0,2.236410069730347,7.156512223137112,13.134948417449982,39.40484525234994,0.0,0.0,0.0,0.0,0.0,0.04515205807207723,47.439470953450474,0.0,3.472771970406445,59.58015263770531,0.0,2.201187792121069,0.0,0.0,0.0,0.0,13.097677678135534,14.617234728265517,13.816321904003782,7.371585366938083,2.4980487811074754,0.0,75.60000000000001,11.340000000000002,40.0,45.0,0.8881635014693491,0.27857776770188464,1.0,33.30713921159737,5.846106306448957,26.795294771597963,0.0,0.22785143227483043,0.3296637789013064,0.6869639364432613,0.2673465064747553,1.4793222053845898,1.2940919307313465,23.685956052049338,3.534414726372953,18.914889623087085,4.015575184146588,50.91208164046677,66.23828806957502,66.23828806957502,0.0,0.0,0.0,0.0,0.0,0.0,0.0,0.0,-1.4210854715202004e-14,0.0,0.0,0.0,0.0,-0.8810119485046908,0.48089012503899653,0.0
2,summer_commercial,夏季商业制冷日,75.0,14.0,0.25,53.05497709545065,10.741563871100283,39.8759213832831,0.0,0.0,0.0,28.695010236745127,37.08301251396414,0.0,0.0,0.0,0.0,0.0,2.236410069730347,7.156512223137112,13.2919737944277,39.8759213832831,0.0,0.0,0.0,0.0,0.0,0.6020700982966436,47.27865948035105,0.0,3.585051647963171,58.60692791718563,0.0,2.2032681106027865,0.0,0.0,0.0,0.0,13.153556316098719,14.588814338369328,13.811637378607154,7.375,2.4922179382602434,0.0,75.60000000000001,11.340000000000002,40.0,45.0,0.8524940968000546,0.2842529308437395,1.0,33.26404905944631,5.907860129105156,27.11562654063251,0.0,0.2397828442300811,0.3274703915964078,0.6814054052802366,0.26829629131445343,1.4946518618836404,1.2966474146347555,23.678855316867395,3.533184431850112,18.909974070860954,4.046237112794923,50.85170898484787,65.77802275070927,65.77802275070927,0.0,0.0,0.0,0.0,0.0,0.0,0.0,0.0,0.0,0.0,0.0,0.0,0.0,0.0,0.4710761309331559,0.0
2,summer_commercial,夏季商业制冷日,75.0,14.25,0.25,53.00839667729248,10.7065364692225,40.230995444068384,0.0,0.0,0.0,27.37529112802674,39.83206821010912,7.105427357601002e-15,0.0,0.0,0.0,0.0,2.236410069730347,7.156512223137112,13.410331814689462,40.230995444068384,0.0,0.0,0.0,0.0,0.7570653382526369,0.0,47.45609856521203,0.0,3.550024246085389,57.64340754636246,0.0,2.204844561829065,0.0,0.0,0.0,0.0,13.232771063136221,14.570007179996383,13.8012586214009,7.371585366938083,2.4825754689579003,0.0,75.60000000000001,11.340000000000002,40.0,45.0,0.8132868360137883,0.30532530565114296,1.0,33.238585446322446,5.888595058072376,27.357076901966504,0.0,0.2533912813865018,0.32386513900277547,0.6778107130201492,0.26903926402016154,1.4954829396100353,1.3005789289593293,23.655419457296883,3.529203003787701,18.891999477909142,4.034420625149769,50.80355211546342,67.20735933813586,67.20735933813586,7.105427357601002e-15,0.0,0.0,0.0,0.0,0.0,0.0,0.0,7.105427357601002e-15,0.0,0.0,0.0,0.0,0.0,0.3550740607852845,0.0
2,summer_commercial,夏季商业制冷日,75.0,14.5,0.25,52.9669793959618,10.951275229945322,40.47847394655135,0.0,0.0,0.0,26.118572034551576,40.13892686065812,-7.105427357601002e-15,0.0,0.0,0.0,0.0,2.0039054710154427,6.412497507249418,13.49282464885045,40.47847394655135,0.0,0.0,0.0,0.0,0.0,0.0,47.45372576028377,0.0,4.538777722695904,56.420170652406156,0.0,2.2062106206179957,0.0,0.0,0.0,0.0,13.340737782408976,14.562958938621975,13.784608962353852,7.361381391955426,2.469233234476344,0.0,75.60000000000001,11.340000000000002,40.0,45.0,0.7759512295900762,0.3076774735269449,1.0,33.20868780174332,6.0232013764699275,27.525362283654918,0.0,0.26844318364752034,0.31892179119579694,0.6756340831909542,0.26957224306869054,1.509938493564591,1.3053224422570484,23.61522358878562,3.5224330376192348,18.86063091654064,4.099729557946866,50.760768775343806,66.2574988952097,66.2574988952097,-7.105427357601002e-15,0.0,0.0,0.0,0.0,0.0,0.0,0.0,-7.105427357601002e-15,-1.7763568394002505e-15,0.0,0.0,0.0,-0.744014715887694,0.24747850248296288,0.0
2,summer_commercial,夏季商业制冷日,75.0,14.75,0.25,53.10912844422921,11.173508502034094,40.600296981957605,0.0,0.0,0.0,25.10256225571476,41.0525825675292,-3.552713678800501e-15,0.0,0.0,0.0,0.0,1.9100935692658172,6.112299421650615,13.533432327319202,40.600296981957605,0.0,0.0,0.0,0.0,0.0,0.18981317169553225,47.401402239339035,0.0,5.061209080383479,55.06006344066325,0.0,2.2076963458747456,0.0,0.0,0.0,0.0,13.483233299749033,14.568776392509832,13.761130653205921,7.344507070676325,2.4523447998951764,0.0,75.60000000000001,11.340000000000002,40.0,45.0,0.7457668061797517,0.31468093130595937,1.0,33.2840366088703,6.145429676118752,27.608201947731175,0.0,0.2845797024325819,0.31274007755748295,0.6742268610544881,0.26989294616193016,1.5383645464621003,1.3101629922546905,23.557982523777422,3.512862807083388,18.815646246206786,4.1575650102047845,50.90143209835447,66.15514482324396,66.15514482324396,-3.552713678800501e-15,0.0,0.0,0.0,0.0,0.0,0.0,0.0,7.105427357601002e-15,0.0,0.0,0.0,0.0,-0.3001980855988027,0.12182303540625838,0.0
2,summer_commercial,夏季商业制冷日,75.0,15.0,0.25,53.33964800485175,11.409637446941902,40.54472757587428,0.0,0.0,0.0,23.951220994101924,42.00669940183696,-7.105427357601002e-15,0.0,-0.0,0.0,0.0,1.9100935692658172,6.112299421650615,13.514909191958095,40.54472757587428,0.0,0.0,0.0,0.0,0.0,0.5970782610216137,47.24190631106349,0.0,5.297338025291287,53.63849708649784,0.0,2.209652109115172,0.0,0.0,0.0,0.0,13.666083445248145,14.58743961931447,13.730312216287354,7.321158160333602,2.432102492359528,0.0,75.60000000000001,11.340000000000002,40.0,45.0,0.7115618478671595,0.321994536327051,1.0,33.433302137406436,6.275300595818047,27.570414751594516,0.0,0.301314403630918,0.30544234210896803,0.6728932366883424,0.27,1.5347694632684743,1.3142774416248049,23.48357286898048,3.500508483133627,18.756953341089893,4.2181695865951365,51.129995895736585,65.95792039593888,65.95792039593888,-7.105427357601002e-15,0.0,0.0,0.0,0.0,0.0,0.0,0.0,0.0,0.0,0.0,0.0,0.0,0.0,-0.05556940608332184,0.0
2,summer_commercial,夏季商业制冷日,75.0,15.25,0.25,53.30514694716601,11.640576037154721,40.370589925597315,0.0,0.0,0.0,22.567466026444308,42.59276799699646,3.552713678800501e-15,0.0,0.9243971779775987,0.32353901229215953,0.4159787300899194,1.9100935692658172,6.112299421650615,13.456863308532439,40.370589925597315,0.0,0.0,0.0,0.0,0.0,0.9759028473232172,46.98272767697867,0.0,5.112297885414187,52.26633628916139,0.0,2.2124279419081203,0.0,0.0,0.0,0.0,13.894770107072713,14.617768479479995,13.69171529576672,7.291603399816559,2.40873375636107,0.0,75.60000000000001,11.340000000000002,40.0,45.0,0.670452159053204,0.3264869360690306,1.0,33.41531795705079,6.4023168204350975,27.452001149406176,0.0,0.31804627473363134,0.29716952066124336,0.6709445589113738,0.26989294616193016,1.533321427466617,1.3167861348371623,23.39205245194435,3.4854158738584227,18.684605159120252,4.27626163853364,51.09271900525789,65.16023402344076,65.16023402344076,3.552713678800501e-15,0.18487943559551975,0.04621985889887994,3.4664894174159953,0.0,0.0,0.0,0.0,-7.105427357601002e-15,0.0,0.0,0.0,0.32353901229215953,0.0,-0.17413765027696826,0.0
2,summer_commercial,夏季商业制冷日,75.0,15.5,0.25,53.31105496863023,11.754323459827042,40.25965725301101,0.0,0.0,0.0,21.214287254776032,43.22988954090835,3.552713678800501e-15,0.0,4.67158166151622,1.635053581530677,2.1022117476822992,1.9100935692658172,6.112299421650615,13.419885751003669,40.25965725301101,0.0,0.0,0.0,0.0,0.0,0.3454550633322586,46.889469313402124,0.0,3.5398122904941274,51.308673570886775,0.0,2.2163488483523954,0.0,0.0,0.0,0.0,14.17396376291249,14.657447542263387,13.644999739768254,7.256179361629174,2.3824969025845952,0.0,75.60000000000001,11.340000000000002,40.0,45.0,0.6302508520926945,0.3313706726881213,1.0,33.40562570046441,6.464877902904873,27.376566932047485,0.0,0.33408834441064905,0.28807662437953,0.6677483663002955,0.26957224306869054,1.5549014925578528,1.3168105452995384,23.283676003982023,3.4676615724340527,18.598811817881234,4.300554360147133,51.094706120277834,64.44417679568438,64.44417679568438,3.552713678800501e-15,0.9343163323032441,0.23357908307581102,17.518431230685827,0.0,0.0,0.0,0.0,-7.105427357601002e-15,0.0,0.0,0.0,1.3115145692385175,0.0,-0.11093267258630846,0.0
2,summer_commercial,夏季商业制冷日,75.0,15.75,0.25,53.65737316154999,11.863707836805006,39.98740274525666,0.0,0.0,0.0,19.722492643727485,45.05358955725118,0.0,0.0,8.41876614505484,2.946568150769194,3.7884447652746784,1.9100935692658172,6.112299421650615,13.329134248418887,39.98740274525666,0.0,0.0,0.0,0.0,1.0477363966011948,0.0,47.135962234129224,0.0,1.962963649879712,50.76644985255404,0.0,2.221687024088025,0.0,0.0,0.0,0.0,14.506999702519424,14.703110446329843,13.589945710989277,7.215284073631873,2.3536763613451477,0.0,75.60000000000001,11.340000000000002,40.0,45.0,0.5859314359619938,0.3453499057515089,1.0,33.61393736058653,6.525039310242754,27.19143386677453,0.0,0.34871028648287106,0.27832793146246515,0.6627690889606637,0.26903926402016154,1.5599473626845304,1.313533365289946,23.158906145966295,3.4473534180683827,18.499948938063554,4.322722665238079,51.435686137461964,64.77608220097866,64.77608220097866,0.0,1.6837532290109682,0.42093830725274206,31.570373043955655,0.0,0.0,0.0,0.0,0.0,0.0,0.0,0.0,1.311514569238517,0.0,-0.27225450775434723,0.0
2,summer_commercial,夏季商业制冷日,75.0,16.0,0.25,53.79336542860097,12.04585838524142,39.701122313486714,0.0,0.0,0.0,18.211329232268,45.596987727690795,0.0,0.0,12.16595062859346,4.258082720007711,5.474677782867057,1.9100935692658172,6.112299421650615,13.233707437828905,39.701122313486714,0.0,0.0,0.0,0.0,1.3578658071347913,0.0,47.45609856521203,0.0,0.45888118072374784,50.62030842217415,0.0,2.2286325628639805,0.0,0.0,0.0,0.0,14.89532880307743,14.750481259399088,13.52647175737129,7.169369579523042,2.3225775623986644,0.0,142.56,21.384,40.0,45.0,0.541036596164384,0.34951522329426304,1.0,33.69737640767363,6.625222111882781,26.99676317317097,0.0,0.36119136073684854,0.2680920942169789,0.6555983420918394,0.26829629131445343,1.5496242949948982,1.3062569048378694,23.018418899292996,3.4246301989264083,18.388561654066457,4.364453875461201,51.56473286573699,63.808316959958795,63.808316959958795,0.0,2.433190125718692,0.608297531429673,45.622314857225476,0.0,0.0,0.0,0.0,1.4210854715202004e-14,0.0,0.0,0.0,1.311514569238517,0.0,-0.28628043176994566,0.0
2,summer_commercial,夏季商业制冷日,75.0,16.25,0.25,54.2961552093797,12.0124528147177,39.25851041174253,0.0,0.0,0.0,16.607568749851218,44.484001352337124,-3.552713678800501e-15,0.0,15.913135112132082,5.569597289246229,7.160910800459437,1.5161068794557089,4.851542014258269,13.086170137247509,39.25851041174253,0.0,0.0,0.0,0.0,-0.0,0.0,47.45372576028376,-0.0,0.0,50.594998267963064,0.0,2.237264834648343,0.0,0.0,0.0,0.0,15.33798565850145,14.7945669433848,13.454647965680827,7.1189336323540084,2.289521569660788,0.0,142.56,21.384,40.0,45.0,0.4933908092257628,0.3409838333737625,1.0,33.9940966587357,6.606849048094735,26.69578707998492,0.0,0.3708782839729238,0.2575373629935046,0.6459737406294026,0.2673465064747553,1.5547981568401994,1.2944552861612104,22.863103167695623,3.399660555030794,18.26536386721126,4.345115361248219,52.058890374731355,61.09157010218834,61.09157010218834,-3.552713678800501e-15,3.1826270224264164,0.7956567556066041,59.67425667049531,0.0,0.0,0.0,0.0,7.105427357601002e-15,5.329070518200751e-15,0.0,0.0,1.3115145692385175,-1.2607574073923464,-0.4426119017441863,0.0
2,summer_commercial,夏季商业制冷日,75.0,16.5,0.25,54.57631199959707,12.123544552465841,38.653701772982735,0.0,0.0,0.0,15.273477554100076,43.838105930322975,3.552713678800501e-15,0.0,19.660319595670703,6.881111858484746,8.847143818051817,0.7793432779505904,2.4938984894418894,12.884567257660912,38.653701772982735,0.0,0.0,0.0,0.0,0.0,0.0,47.45135307399575,-0.0,0.7825022449721342,50.363779125415356,0.0,2.2475271923007734,0.0,0.0,0.0,0.0,15.83112623083189,14.82989178597658,13.374703558590024,7.064510734197663,2.2548396019890076,0.0,142.56,21.384,40.0,45.0,0.45375657109210965,0.33603284222500024,1.0,34.16992580718017,6.667949503856213,26.284517205628262,0.0,0.3772414772557969,0.24682711212296332,0.6337861276720743,0.2661939766255643,1.5245218610891689,1.2778159213052742,22.694053894776697,3.3726410716239634,18.131232520542294,4.36562446178427,52.328784807296294,59.11158348442305,59.11158348442305,3.552713678800501e-15,3.9320639191341407,0.9830159797835352,73.72619848376513,0.0,-0.0,0.0,0.0,0.0,0.0,0.0,0.0,1.3115145692385175,-2.357643524816379,-0.604808638759792,0.0
2,summer_commercial,夏季商业制冷日,75.0,16.75,0.25,54.91977740646997,12.246201507142663,38.064186493093246,-0.0,0.0,-0.0,13.776921245416915,42.747686449298335,1.7763568394002505e-15,0.0,23.407504079209325,8.192626427723264,10.533376835644196,0.0,0.0,12.688062164364416,38.064186493093246,0.0,0.0,0.0,0.0,0.0,0.6313975365916331,47.28282325987056,0.0,1.712824671498467,49.887853901247794,0.0,2.2592079118042387,0.0,0.0,0.0,0.0,16.367692087289825,14.850761870470437,13.287028566191712,7.006662746906379,2.2188675697091758,0.0,142.56,21.384,40.0,45.0,0.40929569067578014,0.32767443463301604,1.0,34.373799277493795,6.735410828928465,25.883646815303408,0.0,0.37992287552824344,0.23611582771342954,0.6190759601371484,0.26484363707663444,1.5044016026916422,1.2562662791512358,22.512558882807266,3.343793587722172,17.98719689415963,4.388865604300108,52.66056949466573,56.52460769471525,56.52460769471525,1.7763568394002505e-15,4.681500815841865,1.1703752039604662,87.77814029703497,0.0,0.0,0.0,0.0,0.0,0.0,0.0,-0.0,1.3115145692385175,-2.4938984894418894,-0.5895152798894898,0.0
2,summer_commercial,夏季商业制冷日,75.0,17.0,0.25,55.234519441728175,12.206745702485502,37.56159371325633,-0.0,0.0,-0.0,12.089554397802175,41.612019451641494,0.0,0.0,27.154688562747946,9.50414099696178,12.219609853236577,0.0,0.0,12.52053123775211,37.56159371325633,0.0,0.0,0.0,0.0,0.0,2.277405621468482,46.68114184990007,0.012864150751074277,0.0,49.865965210100555,0.0,2.271930211606355,0.0,0.0,0.0,0.0,16.937257065050225,14.851545546059981,13.192169490081211,6.945969303480762,2.181940751190348,0.0,142.56,21.384,40.0,45.0,0.3591660596054394,0.31896919062337936,1.0,34.58165420068697,6.713710136367027,25.541883725014305,0.0,0.3787692427280859,0.22554568497605654,0.6020202847344334,0.26330127018922195,1.4415014327042486,1.2299830350921401,22.320079544752318,3.3133617786981593,17.834423144113853,4.366315676188664,52.96258923012182,53.70157384944367,53.70157384944367,0.0,5.430937712549589,1.3577344281373973,101.8300821103048,0.0,0.0,0.0,0.0,0.0,0.0,0.0,0.0,1.3115145692385166,0.0,-0.5025927798369167,0.0
2,summer_commercial,夏季商业制冷日,75.0,17.25,0.25,55.72166122825186,12.332126113281063,37.02802928852585,-0.0,0.0,-0.0,10.103396771643851,42.170556324702,0.0,0.0,30.901873046286564,10.815655566200297,13.905842870828954,0.0,0.0,12.342676429508616,37.02802928852585,0.0,0.0,0.0,0.0,0.0,2.6895752190205133,45.971024840433756,1.5737167575478903,0.0,50.21478995741313,0.0,2.285153776193817,0.0,0.0,0.0,0.0,17.526103797182568,14.826954612261414,13.090819165559813,6.883018246991057,2.144388724825195,0.0,142.56,21.384,40.0,45.0,0.3001597153788677,0.32325055107358447,1.0,34.87994733717789,6.782669362304586,25.17905991619758,0.0,0.3738466498862274,0.21524380604029084,0.5829122366524728,0.26157348061512725,1.3981692136029997,1.1993822880955936,22.118226137376066,3.2816071037871106,17.674194523423104,4.389626741946518,53.436507452058045,52.27395309634585,52.27395309634585,0.0,6.1803746092573135,1.5450936523143284,115.88202392357462,0.0,0.0,0.0,0.0,7.105427357601002e-15,0.0,0.0,0.0,1.3115145692385166,0.0,-0.5335644247304785,0.0
2,summer_commercial,夏季商业制冷日,75.0,17.5,0.25,56.012548199750924,12.25954328195673,36.44602557746947,-0.0,0.0,-0.0,8.541193812937443,42.49391255493598,-3.552713678800501e-15,0.0,33.308306520343294,11.657907282120153,14.988737934154482,0.0,0.0,12.148675192489824,36.44602557746947,0.0,0.0,0.0,0.0,0.0,3.1700203247309062,45.13451041426255,2.7291946521977515,0.0,50.83786629233139,0.0,2.298189417516261,0.0,0.0,0.0,0.0,18.11756173522022,14.772310664871231,12.98380129879141,6.81839631458311,2.106530659712633,0.0,142.56,21.384,40.0,45.0,0.25374855227722815,0.3257291780760692,1.0,35.059096126204544,6.742748805076203,24.78329739267924,0.0,0.36543419745537087,0.20532025050372663,0.5621352907345805,0.2596676670145618,1.344798713066726,1.1650914444603406,21.908728273087153,3.248804237616708,17.50788791859187,4.357319342862808,53.71435878223466,51.035106367873425,51.035106367873425,-3.552713678800501e-15,6.661661304068659,1.6654153260171647,124.90614945128735,0.0,0.0,0.0,0.0,0.0,0.0,0.0,0.0,0.8422517159198559,0.0,-0.5820037110563803,0.0
2,summer_commercial,夏季商业制冷日,75.0,17.75,0.25,56.45831401093102,12.429930400109965,35.64802799750975,-0.0,0.0,-0.0,6.808836744061054,42.43674131659613,3.552713678800501e-15,0.0,33.308306520343294,11.657907282120153,14.988737934154482,0.0,0.0,11.882675999169917,35.64802799750975,0.0,0.0,0.0,0.0,0.0,5.127277278731611,43.78297019433878,2.558807534044517,0.0,51.4201641485208,0.0,2.3102273885920006,0.0,0.0,0.0,0.0,18.692615981019294,14.683781813848869,12.872050395847415,6.752680268444092,2.068671053718672,0.0,142.56,21.384,40.0,45.0,0.2022823160716098,0.32529094258881075,1.0,35.31213625071902,6.836461720060481,24.24065903830663,0.0,0.3539978038122754,0.19586675269844833,0.5401345943984381,0.25759199037394886,1.3224576971763427,1.12790533619112,21.693401718010175,3.2152361276397343,17.336947498300347,4.392955723175679,54.14808662233902,49.24557806065718,49.24557806065718,3.552713678800501e-15,6.661661304068659,1.6654153260171647,124.90614945128735,0.0,0.0,0.0,0.0,0.0,0.0,0.0,0.0,0.0,0.0,-0.7979975799597199,0.0
2,summer_commercial,夏季商业制冷日,75.0,18.0,0.25,56.45886422727668,12.620446524790438,34.855625131566015,-0.0,0.0,-0.0,5.069448496910709,38.967605867708926,-8.881784197001252e-16,0.0,33.308306520343294,11.657907282120153,14.988737934154482,0.0,0.0,11.618541710522004,34.855625131566015,0.0,0.0,0.0,0.0,0.0,10.062065775482012,41.13286899964959,2.368291409364044,0.0,51.9569232761705,0.0,2.3203785155768815,0.0,0.0,0.0,0.0,19.230769370474007,14.558576741148748,12.756587996795925,6.686428654497108,2.031095991035345,0.0,142.56,21.384,40.0,45.0,0.15060719205160655,0.29869893045201995,1.0,35.303233374050905,6.941245588634741,23.70182508946489,0.0,0.34014748071260315,0.18695618406691347,0.5173876303438241,0.2553553390593274,1.2741827530940275,1.0887308600576557,21.47411264232838,3.181188835452766,17.162856393913785,4.434236597687454,54.13848571169979,44.037054364619635,44.037054364619635,-8.881784197001252e-16,6.661661304068659,1.6654153260171647,124.90614945128735,0.0,0.0,0.0,0.0,0.0,0.0,0.0,0.0,0.0,0.0,-0.7924028659437354,0.0
2,summer_commercial,夏季商业制冷日,75.0,18.25,0.25,56.61311197802556,12.762293946313228,34.18193618812129,-0.0,0.0,-0.0,3.8225447053080046,34.78705878261431,-8.881784197001252e-16,0.0,33.308306520343294,11.657907282120153,14.988737934154482,0.0,0.0,11.393978729373764,34.18193618812129,0.0,0.0,0.0,0.0,0.0,15.411854052085552,37.0750612898613,2.226443987841254,0.0,52.459725261644714,0.0,2.327725885271307,0.0,0.0,0.0,0.0,19.71111178079266,14.395085702761358,12.638496270716306,6.620174344007675,1.9940699735316383,0.0,142.56,21.384,40.0,45.0,0.11356318639177497,0.2666537248199017,1.0,35.362358826161525,7.019261670472276,23.24371660792248,0.0,0.32458354264801875,0.17864268797677899,0.49437622304435463,0.25296729075500346,1.2682197016967565,1.048525614837669,21.25274058825562,3.1469463285842987,16.9871074079481,4.4619888477240135,54.28538609275425,38.609603487922314,38.609603487922314,-8.881784197001252e-16,6.661661304068659,1.6654153260171647,124.90614945128735,0.0,0.0,0.0,0.0,-7.105427357601002e-15,0.0,0.0,0.0,0.0,0.0,-0.6736889434447235,0.0
2,summer_commercial,夏季商业制冷日,75.0,18.5,0.25,56.60970746192911,12.804409166983822,33.546397179912944,-0.0,0.0,-0.0,2.657551904900984,32.2589123313563,8.881784197001252e-16,0.0,33.308306520343294,11.657907282120153,14.988737934154482,0.0,0.0,11.182132393304315,33.546397179912944,0.0,0.0,0.0,0.0,0.0,18.88608484324226,32.103185209627796,2.18432876717066,0.0,52.95227348121693,0.0,2.3313834936137368,0.0,0.0,0.0,0.0,20.113524139478418,14.192961404826635,12.518890110770762,6.554417984311854,1.9578333617716144,0.0,142.56,21.384,40.0,45.0,0.07895265734969854,0.2472746887153868,1.0,35.34700745783588,7.042425041841103,22.811550082340805,0.0,0.3080383351366096,0.1709624091442977,0.471561551787004,0.25043807145043606,1.2245929972298946,1.0082364897223624,21.03114145685423,3.11278539005838,16.811173773384954,4.461998010619309,54.27832396831538,34.91646423625728,34.91646423625728,8.881784197001252e-16,6.661661304068659,1.6654153260171647,124.90614945128735,0.0,0.0,0.0,0.0,0.0,0.0,0.0,0.0,0.0,0.0,-0.6355390082083474,0.0
2,summer_commercial,夏季商业制冷日,75.0,18.75,0.25,56.527486079209844,12.805223397771817,32.754155572328976,3.115998603188182,0.0,3.115998603188182,1.5008093454158171,30.803359192037213,2.6645352591003757e-15,0.0,33.308306520343294,11.657907282120153,14.988737934154482,0.0,0.0,10.918051857442991,32.754155572328976,0.0,0.0,0.0,0.0,0.0,18.036906300717042,27.355025760704923,2.183514536382665,0.0,53.444382046867204,0.0,2.330557213174422,0.0,0.0,0.0,0.0,20.41992381186487,13.953136451817752,12.398888890148088,6.489622453680367,1.922600443223189,0.0,142.56,21.384,40.0,45.0,0.044587233000913065,0.23611741702138797,1.0,35.28052995586456,7.0428728687745,22.272825789183706,0.0,0.2912201767589911,0.16393472143466806,0.4493634050070509,0.24777851165098014,1.1858955912781701,0.9687438533469195,20.811111787051644,3.0789708059893384,16.636480963601322,4.4507004274507125,54.19692886603542,32.30416853745303,32.30416853745303,2.6645352591003757e-15,8.375460535822159,2.0938651339555396,157.03988504666546,0.0,0.0,0.0,0.0,-1.4210854715202004e-14,0.0,0.0,3.115998603188182,0.0,0.0,-0.7922416075839678,0.0
2,summer_commercial,夏季商业制冷日,75.0,19.0,0.25,56.218473629943425,12.83587107577996,31.679716182773827,3.3170653632931604,0.0,3.3170653632931604,0.670749533787955,28.272603627586637,-1.3322676295501878e-15,0.0,33.308306520343294,11.657907282120153,14.988737934154482,0.0,0.0,10.559905394257942,31.679716182773827,0.0,0.0,0.0,0.0,0.0,20.53545037942543,21.949592120094405,2.152866858374523,0.0,53.928965734707724,0.0,2.3246028379880324,0.0,0.0,0.0,0.0,20.6154462086356,13.677777992550384,12.279589001575207,6.426208383100325,1.8885581275123642,0.0,142.56,21.384,40.0,45.0,0.019927158529234233,0.21671838124528195,1.0,35.0860445264103,7.059729091678978,21.542207004286205,0.0,0.27476534528040114,0.15756384648939167,0.4281444477416163,0.245,1.1293953359221531,0.9308159841171072,20.594355512187896,3.045750977199803,16.46438048250384,4.448081034818641,53.89387079195539,28.943353161374592,28.943353161374592,-1.3322676295501878e-15,8.486047253879898,2.1215118134699744,159.1133860102481,0.0,0.0,0.0,0.0,0.0,0.0,0.0,0.20106676010497848,0.0,0.0,-1.074439389555149,0.0
2,summer_commercial,夏季商业制冷日,75.0,19.25,0.25,55.56307418163136,13.098064775215517,30.665384651062833,3.3170653632931604,0.0,3.3170653632931604,0.30830321079041667,31.094348375413386,-1.1102230246251565e-16,0.0,33.308306520343294,11.657907282120153,14.988737934154482,0.0,0.0,10.221794883687611,30.665384651062833,0.0,0.0,0.0,0.0,0.0,17.094168907658762,17.450029138472935,1.8906731589389647,0.0,54.35103612708838,0.0,2.313075926043089,0.0,0.0,0.0,0.0,20.68945685519949,13.370183983431371,12.162038210481265,6.364550775640581,1.8558652521421384,0.0,142.56,21.384,40.0,45.0,0.009159316029334355,0.23834794045006993,1.0,34.65228083417454,7.203935626368535,20.852461562722727,0.0,0.259202323709624,0.1518407512250093,0.4081998162429818,0.24211443451095008,1.1159709963356161,0.8950768592911823,20.382454238263982,3.0133540803443264,16.296126452768625,4.510677944497176,53.24999825558827,31.402651586203802,31.402651586203802,-1.1102230246251565e-16,8.486047253879898,2.1215118134699744,159.1133860102481,0.0,0.0,0.0,0.0,0.0,0.0,0.0,0.0,0.0,0.0,-1.0143315317109938,0.0
2,summer_commercial,夏季商业制冷日,75.0,19.5,0.25,54.787920243730625,13.035128104377282,29.75512863152044,3.3170653632931604,0.0,3.3170653632931604,0.0,32.49713757853493,0.0,0.0,33.308306520343294,11.657907282120153,14.988737934154482,0.0,0.0,9.918376210506812,29.75512863152044,0.0,0.0,0.0,0.0,0.0,14.938417505278437,13.517994135626948,1.9536098297772,0.0,54.78784294359692,0.0,2.2957687250107566,0.0,0.0,0.0,0.0,20.636299627902776,13.034628869736677,12.047212713111756,6.304976723146637,1.8246524673583497,0.0,142.56,21.384,40.0,45.0,0.0,0.24910076001113177,1.0,34.16896416770957,7.169320457407506,20.2334874694339,0.0,0.24493049347178397,0.14674521415945654,0.3897519363083301,0.2391341716182545,1.0669919846396796,0.861988647073182,20.17684190361674,2.981984878558642,16.132855674631287,4.482671451201873,52.492151518719865,32.49713757853493,32.49713757853493,0.0,8.486047253879898,2.1215118134699744,159.1133860102481,0.0,0.0,0.0,0.0,7.105427357601002e-15,0.0,0.0,0.0,0.0,0.0,-0.9102560195423948,0.0
2,summer_commercial,夏季商业制冷日,75.0,19.75,0.25,54.30844785075935,13.028855531598518,28.900515990255634,3.3170653632931604,0.0,3.3170653632931604,0.0,33.19455929865642,0.0,0.0,33.308306520343294,11.657907282120153,14.988737934154482,0.0,0.0,9.633505330085212,28.900515990255634,0.0,0.0,0.0,0.0,0.0,13.499690643233457,9.964768066648205,1.959882402555964,0.0,55.225921092732165,0.0,2.2727305935413717,0.0,0.0,0.0,0.0,20.455709546283863,12.676169216773264,11.935997616519531,6.247764191248742,1.795022656174443,0.0,142.56,21.384,40.0,45.0,0.0,0.2544467164083895,1.0,33.8574459132274,7.165870542379186,19.652350873373834,0.0,0.23221338979544398,0.14224795782605748,0.37295011241984355,0.23607197326515808,1.0413552569393958,0.8318485050590297,19.978784463942716,2.9518222527654947,15.975571657804753,4.471004762258884,52.03571725721798,33.19455929865642,33.19455929865642,0.0,8.486047253879898,2.1215118134699744,159.1133860102481,0.0,0.0,0.0,0.0,-7.105427357601002e-15,0.0,0.0,0.0,0.0,0.0,-0.8546126412648043,0.0
2,summer_commercial,夏季商业制冷日,75.0,20.0,0.25,53.311902301288306,13.10174955419146,27.780452316021357,3.3170653632931604,0.0,3.3170653632931604,0.0,35.69879209149385,0.0,0.0,33.308306520343294,11.657907282120153,14.988737934154482,0.0,0.0,9.260150772007119,27.780452316021357,0.0,0.0,0.0,0.0,0.0,9.654018440706082,7.423738659638008,1.8869883799630216,0.0,55.64646787242702,0.0,2.244269895682182,0.0,0.0,0.0,0.0,20.1528499510045,12.30042172597082,11.8291713594307,6.1931418178771125,1.7670518352263433,0.0,142.56,21.384,40.0,45.0,0.0,0.27364244681489275,1.0,33.23241650581044,7.2059622548053035,18.890707574894524,0.0,0.22118484928684853,0.1383127560824312,0.3578741719232368,0.23294095225512607,1.0092915270006673,0.804797825752103,19.78936501253416,2.92301749409936,15.82513294509323,4.48201055094452,51.067632405606126,35.69879209149385,35.69879209149385,0.0,8.486047253879898,2.1215118134699744,159.1133860102481,0.0,0.0,0.0,0.0,-7.105427357601002e-15,0.0,0.0,0.0,0.0,0.0,-1.1200636742342773,0.0
2,summer_commercial,夏季商业制冷日,75.0,20.25,0.25,52.30563325669013,12.911238331015333,26.642478827308164,3.3170653632931604,0.0,3.3170653632931604,0.0,38.22414638762903,0.0,0.0,33.308306520343294,11.657907282120153,14.988737934154482,0.0,0.0,8.880826275769389,26.642478827308164,0.0,0.0,0.0,0.0,0.0,5.776403337906011,5.903261331150814,2.077499603139149,0.0,56.11205079423635,0.0,2.2109371615111604,0.0,0.0,0.0,0.0,19.737970326362728,11.913327043087309,11.727394384068832,6.141289648305275,1.7407904742722486,0.0,142.56,21.384,40.0,45.0,0.0,0.2930000801739663,1.0,32.592132945626375,7.101181082058434,18.116885602569553,0.0,0.21186511414784542,0.13489843965175155,0.344541280911342,0.2297545161008064,0.9970979486806174,0.7808410546604749,19.609474506646354,2.895693367123104,15.682245858592244,4.419792189917721,50.09469609517897,38.22414638762903,38.22414638762903,0.0,8.486047253879898,2.1215118134699744,159.1133860102481,0.0,0.0,0.0,0.0,-7.105427357601002e-15,0.0,0.0,0.0,0.0,0.0,-1.1379734887131931,0.0
2,summer_commercial,夏季商业制冷日,75.0,20.5,0.25,51.16427038304497,12.927189182717454,25.525407675252413,3.3170653632931604,0.0,3.3170653632931604,0.0,40.92761778111272,0.0,0.0,31.032329066359058,10.86131517322567,13.964548079861576,0.0,0.0,8.508469225084138,25.525407675252413,0.0,0.0,0.0,0.0,0.0,2.3932501434547717,5.2731634987540525,1.0373588971441219,0.0,56.330367506910974,0.0,2.173491147042781,0.0,0.0,0.0,0.0,19.22571792332078,11.520912784231822,11.631202161374672,6.0923407116461,1.7162651668298874,0.0,142.56,21.384,40.0,45.0,0.0,0.3137230369930912,1.0,31.89970363667414,7.109954050494601,17.357277219171642,0.0,0.20418331773262943,0.13196073947815107,0.33291497539419923,0.2265263096110026,0.9387334064071621,0.7598707111586983,19.43980803985066,2.869943924163834,15.547461618005409,4.415927958121955,48.99077923600219,40.92761778111272,40.92761778111272,0.0,8.030851763083051,2.007712940770763,150.5784705578072,0.0,0.0,0.0,0.0,-7.105427357601002e-15,0.0,0.0,0.0,-0.7965921088944832,0.0,-1.1170711520557504,0.0
2,summer_commercial,夏季商业制冷日,75.0,20.75,0.25,49.96717794479549,13.023270106008486,24.592018941329833,0.6906723609087919,0.0,0.6906723609087919,0.0,45.79119356566958,0.0,0.0,27.285144582820433,9.549800603987151,12.278315062269195,0.0,0.0,8.197339647109944,24.592018941329833,0.0,0.0,0.0,0.0,0.0,0.0,5.2728998405791145,0.0,0.7449550437392904,56.1061615221735,0.0,2.132851061339908,0.0,0.0,0.0,0.0,18.634169111584043,11.129068326507944,11.541002476848133,6.046383329976434,1.6934805816070466,0.0,142.56,21.384,40.0,45.0,0.0,0.3510038720013131,1.0,31.16385832820102,7.162798558304668,16.722572880104288,0.0,0.19800274338699517,0.1294539242493043,0.32291546364664436,0.22327015646150716,0.8991729717831178,0.74169524493335,19.280866388431615,2.8458350245710844,15.421177614478353,4.43505280076976,47.83432688345558,45.79119356566958,45.79119356566958,0.0,5.836898715063922,1.4592246787659806,109.44185090744854,0.0,0.0,0.0,0.0,0.0,0.0,0.0,-2.6263930023843685,-1.3115145692385184,0.0,-0.9333887339225804,0.0
2,summer_commercial,夏季商业制冷日,75.0,21.0,0.25,48.47327170565159,13.05177476378041,23.704412670830443,0.0,0.0,0.0,0.0,49.97062575901301,0.0,0.0,23.537960099281815,8.238286034748635,10.592082044676816,0.0,-0.0,7.901470890276815,23.704412670830443,0.0,0.0,0.0,0.0,3.924208658050171,0.0,6.204635751874001,0.0,2.459692719103593,55.430820883753576,0.0,2.090039460216931,0.0,0.0,0.0,0.0,17.983671069494836,10.743342259340881,11.457076710910421,6.003464041952302,1.6724216238937528,0.0,142.56,21.384,40.0,45.0,0.0,0.3830405316382071,1.0,30.23343712551598,7.1784761200792255,16.1190006161647,0.0,0.19314570572330614,0.12733220470161175,0.31443033799936343,0.22,0.8807388669761712,0.7260667655372237,19.132962376756478,2.8234054901172905,15.303642479792611,4.4358099495155745,46.38323224543466,49.97062575901301,49.97062575901301,0.0,4.707592019856363,1.1768980049640907,88.26735037230681,0.0,0.0,0.0,0.0,0.0,0.0,0.0,-0.6906723609087919,-1.3115145692385166,-0.0,-0.8876062704993899,0.0
2,summer_commercial,夏季商业制冷日,75.0,21.25,0.25,47.43913631706021,13.031068948578838,22.918383936780717,0.0,0.0,0.0,0.0,51.563820060100596,0.0,0.0,19.790775615743193,6.926771465510117,8.905849027084438,0.0,-0.0,7.639461312260239,22.918383936780717,0.0,0.0,0.0,0.0,5.458114892256833,0.0,7.5006278069974055,0.0,4.1252199214944,54.317521283444755,0.0,2.046120995966567,0.0,0.0,0.0,0.0,17.295598248815807,10.368771149385628,11.379584703508304,5.963591017812332,1.6530557377363582,0.0,142.56,21.384,40.0,45.0,0.0,0.39525286604111337,1.0,29.584362053963574,7.167087921718362,15.58450107701089,0.0,0.18941567645829024,0.12555089224037952,0.30732496762187395,0.21672984353849287,0.8719496983726849,0.7127063503773057,18.996231459056993,2.802668809929215,15.19496447522526,4.423336619819606,45.39301532109364,51.563820060100596,51.563820060100596,0.0,3.958155123148639,0.9895387807871597,74.21540855903697,0.0,0.0,0.0,0.0,0.0,0.0,0.0,0.0,-1.3115145692385175,0.0,-0.7860287340497258,0.0
2,summer_commercial,夏季商业制冷日,75.0,21.5,0.25,46.0273182738683,12.886262786089446,22.040063349697455,0.0,0.0,0.0,0.0,53.23763915198706,0.0,0.0,16.043591132204572,5.6152568962716,7.219616009492057,0.0,-0.0,7.346687783232485,22.040063349697455,0.0,0.0,0.0,0.0,7.48103229333481,0.0,9.276997945274072,0.0,5.666646776597389,52.79913968685636,0.0,2.002142302176935,0.0,0.0,0.0,0.0,16.59112984864744,10.009745649848288,11.308572682495774,5.926737841814067,1.6353352832366128,0.0,142.56,21.384,40.0,45.0,0.0,0.4080832147726726,1.0,28.725560765152224,7.087444532349196,14.98724307779427,0.0,0.18661517828787932,0.12406731236663851,0.30145200754394297,0.2134736903889974,0.8269386820314764,0.7013254182133892,18.870645807546452,2.7836152957380795,15.095122640237161,4.376652958432761,44.02517597169137,53.23763915198706,53.23763915198706,0.0,3.2087182264409146,0.8021795566102287,60.16346674576715,0.0,0.0,0.0,0.0,0.0,0.0,0.0,0.0,-1.3115145692385175,0.0,-0.8783205870832624,0.0
2,summer_commercial,夏季商业制冷日,75.0,21.75,0.25,44.94420779631268,12.768458623427998,21.301473059581294,0.0,0.0,0.0,0.0,54.51771717148388,0.0,0.0,12.29640664866595,4.303742327033082,5.5333829918996775,0.0,-0.0,7.100491019860431,21.301473059581294,0.0,0.0,0.0,0.0,8.73583848930166,0.0,11.351295736585953,0.0,7.2350756315283205,50.86877284555811,0.0,1.959077806957808,0.0,0.0,0.0,0.0,15.890144801200037,9.669917210172176,11.243983661466974,5.892847541038627,1.6191999284026473,0.0,142.56,21.384,40.0,45.0,0.0,0.4178954145936446,1.0,28.040974626441244,7.0226522428854,14.485001680515282,0.0,0.18455883617672247,0.12284148401967926,0.29665963371041704,0.21024548389919362,0.8323816557614907,0.6916424192995054,18.756031130908248,2.7662145810115724,15.003980089687365,4.338052204955407,42.985129989354874,54.51771717148388,54.51771717148388,0.0,2.4592813297331904,0.6148203324332976,46.11152493249732,0.0,0.0,0.0,0.0,0.0,0.0,0.0,0.0,-1.3115145692385175,0.0,-0.7385902901161607,0.0
2,summer_commercial,夏季商业制冷日,75.0,22.0,0.25,43.9302403330482,12.68824951727959,20.673444834741666,0.0,0.0,0.0,0.0,54.817418953503505,0.0,0.0,8.549222165127327,2.992227757794564,3.8471499743072974,0.0,-0.0,6.891148278247222,20.673444834741666,0.0,0.0,0.0,0.0,8.906043407130602,0.0,13.465913480992642,0.0,8.841099542972293,48.516733316247894,0.0,1.9177853071279487,0.0,0.0,0.0,0.0,15.210311521702177,9.35214593197582,11.18566967513114,5.861836745664072,1.6045790012890015,0.0,62.0,9.299999999999999,40.0,45.0,0.0,0.42019272282571146,1.0,27.399366093013317,6.978537234503776,14.057942487624334,0.0,0.18308168911423775,0.12183658405036155,0.2927982824148416,0.20705904774487396,0.83996396276146,0.6833947434355374,18.652085422084212,2.7504183555188497,14.921298828801472,4.3104810247234315,42.01245502592025,54.817418953503505,54.817418953503505,0.0,1.7098444330254656,0.4274611082563664,32.05958311922748,0.0,0.0,0.0,0.0,0.0,0.0,0.0,0.0,-1.311514569238518,0.0,-0.6280282248396283,0.0
2,summer_commercial,夏季商业制冷日,75.0,22.25,0.25,43.0497721301178,12.595728648442217,20.04457325400285,-0.0,0.0,-0.0,0.0,54.07207415081231,0.0,0.0,4.802037681588706,1.680713188556047,2.160916956714918,0.0,-0.0,6.68152441800095,20.04457325400285,0.0,0.0,0.0,0.0,7.900464646910485,0.0,15.341600538959833,0.0,10.4348116917273,45.74647187281943,0.0,1.8789738556608717,0.0,0.0,0.0,0.0,14.566424019067494,9.05848766272033,11.133405216853182,5.833599874704633,1.5913937553560473,0.0,62.0,9.299999999999999,40.0,45.0,0.0,0.41447942095806145,1.0,26.861196976229934,6.92765075664322,13.630309812721938,0.0,0.182043365555862,0.12101922165231094,0.2897258220570208,0.20392802673484192,0.8161418934933121,0.6763462295227507,18.558398846913864,2.736163229647546,14.84675546524782,4.27994288750428,41.17079827445693,54.07207415081231,54.07207415081231,0.0,0.9604075363177412,0.2401018840794353,18.007641305957648,0.0,0.0,0.0,0.0,0.0,0.0,0.0,-0.0,-1.3115145692385173,0.0,-0.6288715807388172,0.0
2,summer_commercial,夏季商业制冷日,75.0,22.5,0.25,42.027359742733374,12.55804717201902,19.474693269807002,0.0,0.0,0.0,0.0,54.107582046498095,0.0,0.0,1.0548531980500846,0.36919861931752956,0.4746839391225381,0.0,-0.0,6.491564423269001,19.474693269807002,0.0,0.0,0.0,0.0,7.801041598142575,0.0,17.193580838491744,0.0,12.083363232896481,42.54376620717342,0.0,1.843185098329325,0.0,0.0,0.0,0.0,13.970007574155687,8.790216369867089,11.086901269739792,5.808013252255753,1.5795595087182277,0.0,62.0,9.299999999999999,40.0,45.0,0.0,0.4147516001240064,1.0,26.22327412152184,6.906925944610461,13.242791423468763,0.0,0.18132900225654827,0.12035955086472266,0.2873112072951605,0.20086582838174552,0.8128707733777916,0.6702909605213789,18.474474030713772,2.7233736296928206,14.779957233614109,4.265214979915067,40.18417464440405,54.107582046498095,54.107582046498095,0.0,0.21097063961001694,0.052742659902504235,3.9556994926878177,0.0,0.0,0.0,0.0,0.0,0.0,0.0,0.0,-1.3115145692385173,0.0,-0.5698799841958468,0.0
2,summer_commercial,夏季商业制冷日,75.0,22.75,0.25,41.648731111117606,12.43866785265082,18.99254288698426,0.0,0.0,0.0,0.0,53.91980568202539,0.0,0.0,0.0,0.0,0.0,0.0,-0.0,6.3308476289947535,18.99254288698426,0.0,0.0,0.0,0.0,7.751014766988135,0.0,19.033587166609504,0.0,12.43866785265082,39.249160678635405,0.0,1.8107878250750995,0.0,0.0,0.0,0.0,13.429189713014853,8.547876295826716,11.045819374464855,5.784939071873083,1.5689876259172395,0.0,62.0,9.299999999999999,40.0,45.0,0.0,0.41331223534951705,1.0,25.98762501569686,6.841267318957952,12.914929163149298,0.0,0.18084786708158976,0.11983125050059483,0.2854367561620599,0.19788556548904992,0.805874896058153,0.6650541623599965,18.399746072255176,2.71196463557473,14.720457804553853,4.2280398971571795,39.8379432860425,53.91980568202539,53.91980568202539,0.0,0.0,0.0,0.0,0.0,0.0,0.0,0.0,0.0,0.0,0.0,0.0,-0.36919861931752956,0.0,-0.48215038282274136,0.0
2,summer_commercial,夏季商业制冷日,75.0,23.0,0.25,40.66478419891482,12.374466258015852,18.531854335885257,0.0,0.0,0.0,0.0,55.579687387921865,0.0,0.0,0.0,0.0,0.0,0.0,-0.0,6.177284778628419,18.531854335885257,0.0,0.0,0.0,0.0,10.519602742312827,0.0,21.53104113855047,0.0,12.374466258015852,35.97309760934455,0.0,1.781984331934204,0.0,0.0,0.0,0.0,12.948808732370972,8.331357405875728,11.00978524794961,5.764229140256898,1.5595873187619862,0.0,62.0,9.299999999999999,40.0,45.0,0.0,0.42603574964268043,1.0,25.37025569080739,6.8059564419087195,12.601660948401975,0.0,0.18053058166192898,0.11941140039645429,0.28399924928051967,0.195,0.810325067626453,0.6604910294086008,18.333601706968494,2.701844685127832,14.667772423530257,4.206714600842148,38.88279986698062,55.579687387921865,55.579687387921865,0.0,0.0,0.0,0.0,0.0,0.0,0.0,0.0,0.0,0.0,0.0,0.0,0.0,0.0,-0.460688551099004,0.0
2,summer_commercial,夏季商业制冷日,75.0,23.25,0.25,40.049872684061974,12.315588328637277,18.079017135983772,0.0,0.0,0.0,0.0,53.02762533987816,0.0,0.0,0.0,0.0,0.0,1.6145001056652866,5.166400338128917,6.026339045327924,18.079017135983772,0.0,0.0,0.0,0.0,7.0937398340281765,0.0,23.214727797075238,0.0,7.14918799050836,34.07374579987978,0.0,1.7568263292051949,0.0,0.0,0.0,0.0,12.530714753909406,8.139987205333004,10.978401550785753,5.745728345355169,1.5512672503706577,0.0,62.0,9.299999999999999,40.0,45.0,0.0,0.40647339298197693,1.0,24.981765511401534,6.7735735807505035,12.293731652468965,0.0,0.18032568600964824,0.1190802811046671,0.28291007965179904,0.1922214883490199,0.8155480121829694,0.6564842148365522,18.27539714651158,2.692918083339765,14.621392006885205,4.18725110471357,38.29304635485678,53.02762533987816,53.02762533987816,0.0,0.0,0.0,0.0,0.0,0.0,0.0,0.0,0.0,0.0,0.0,0.0,0.0,5.166400338128917,-0.4528371999014844,0.0
2,summer_commercial,夏季商业制冷日,75.0,23.5,0.25,39.48836214007042,12.191868724632656,17.805107118480954,0.0,0.0,0.0,0.0,53.41290766021247,0.0,0.0,0.0,0.0,0.0,3.781573247170616,12.101034390945971,5.935035706160318,17.805107118480954,0.0,0.0,0.0,0.0,5.9431742015056805,0.0,24.625070933542972,0.0,0.09083433368668459,34.03280515495703,0.0,1.7352376346945722,0.0,0.0,0.0,0.0,12.174208270260884,7.972632073124122,10.951259491787086,5.729277807833476,1.5439369336234074,0.0,62.0,9.299999999999999,40.0,45.0,0.0,0.4094267029029566,1.0,24.628928291415583,6.705527798547961,12.10747284056705,0.0,0.1801960958381208,0.11882112143762404,0.28209468634590784,0.18956192854956397,0.8174142376205384,0.6529405918966537,18.224474233243967,2.6850872698216257,14.58079591053957,4.149974115576035,37.75312450537585,53.41290766021247,53.41290766021247,0.0,0.0,0.0,0.0,0.0,0.0,0.0,0.0,0.0,0.0,0.0,0.0,0.0,6.934634052817054,-0.27391001750281774,0.0
2,summer_commercial,夏季商业制冷日,75.0,23.75,0.25,38.849781874838285,12.101034390945971,17.493323051819615,0.0,0.0,0.0,0.0,54.074514777435255,0.0,0.0,0.0,0.0,0.0,3.781573247170616,12.101034390945971,5.831107683939872,17.493323051819615,0.0,0.0,0.0,0.0,7.3290927279969615,0.0,26.364499202895573,0.0,0.0,34.01578875237956,0.0,1.7170407565104782,0.0,0.0,0.0,0.0,11.876558385707586,7.827801757402305,10.92794904964467,5.71471768814865,1.5375079216242937,0.0,62.0,9.299999999999999,40.0,45.0,0.0,0.4144981291272105,1.0,24.24359473457962,6.655568915020285,11.895459675237339,0.0,0.1801158137317086,0.11861981497916076,0.28149149160536524,0.18703270924499654,0.7952544718723622,0.6497877447407479,18.180174659417613,2.678254812581462,14.545463174100174,4.122218470409137,37.13274111832781,54.074514777435255,54.074514777435255,0.0,0.0,0.0,0.0,0.0,0.0,0.0,0.0,0.0,0.0,0.0,0.0,0.0,0.0,-0.31178406666133895,0.0
3,autumn_processing,秋季农产品加工日,60.0,0.0,0.25,40.930566115074974,25.522746642736912,7.3338027525972995,0.0,0.0,0.0,0.0,61.49355951128468,0.0,0.0,0.028999673364756364,0.010149885677664727,0.013049853014140364,10.696980703344114,34.230338250701166,2.444600917532433,7.3338027525972995,0.0,0.0,0.0,0.0,2.9291993883525764,0.0,27.058865832669166,8.720641460978396,0.0,36.06993320498574,4.502362272658247,0.0,0.0,0.0,0.0,0.0,10.000230459329856,5.508627751869952,11.625870429315905,5.1785218607002745,8.00707135563148,0.0,52.0,7.8,42.5,45.0,0.0,0.47136743576359497,1.0,28.644029927271234,18.376377582770576,4.546957706610326,0.20000042915901994,0.20700008945084003,0.10000721175353074,0.0,0.1846446609406726,0.6966935493918661,0.48031913129306164,24.811463645647656,4.088794084682884,19.286799111123308,9.001923652836023,45.43292838773322,61.49355951128468,61.49355951128468,0.0,0.005799934672951273,0.0014499836682378183,0.0869990200942691,0.0,0.0,0.0,0.0,0.0,-3.552713678800501e-15,0.0,0.0,-1.3115145692385173,0.0,-0.8602083762694841,0.0
3,autumn_processing,秋季农产品加工日,60.0,0.25,0.25,40.78384190558245,25.557617499685765,7.386080879796008,0.0,0.0,0.0,0.0,63.00524981397305,0.0,0.0,0.0,0.0,0.0,10.696980703344119,34.23033825070118,2.4620269599320026,7.386080879796008,0.0,0.0,0.0,0.0,4.576177635500413,0.0,28.14435507780887,8.672720751015415,0.0,38.11166941674943,4.486222609614069,0.0,0.0,0.0,0.0,0.0,10.002573497766807,5.511389523958711,11.640018860480977,5.17937447421421,8.009844404749426,0.0,52.0,7.8,42.5,45.0,0.0,0.48295501643561883,1.0,28.54906607044014,18.40148459977375,4.579370145473525,0.20000088466333102,0.20700021940326377,0.10001045666848735,0.0,0.18240800962605114,0.6826010668977213,0.47819748336083767,24.82923773944461,4.0912554376611485,19.30056473041897,9.012254850704048,45.270064515196516,63.00524981397305,63.00524981397305,0.0,0.0,0.0,0.0,0.0,0.0,0.0,0.0,0.0,0.0,0.0,0.0,-0.010149885677664727,1.4210854715202004e-14,0.052278127198708724,0.0
3,autumn_processing,秋季农产品加工日,60.0,0.5,0.25,40.74434518510403,25.583463337685735,7.320515225406026,0.0,0.0,0.0,0.0,65.65544550595409,0.0,0.0,0.0,0.0,0.0,10.696980703344119,34.23033825070118,2.4401717418020086,7.320515225406026,0.0,0.0,0.0,0.0,7.292069905342485,0.0,29.87481446257382,8.646874913015445,0.0,40.14624637388222,4.4818779703614435,0.0,0.0,0.0,0.0,0.0,10.009349150666443,5.514943859784401,11.656345069569939,5.1804123152455706,8.013596124629373,0.0,52.0,7.8,42.5,45.0,0.0,0.5032695982801059,1.0,28.520071645706004,18.42009360313373,4.538719439751736,0.20000178879352262,0.20700052340517017,0.10001505670250135,0.0,0.18033233298543824,0.6817146338522696,0.4762302598297696,24.850353509444883,4.094226772511057,19.31689295510889,9.020250022204939,45.226223155465476,65.65544550595409,65.65544550595409,0.0,0.0,0.0,0.0,0.0,0.0,0.0,0.0,0.0,0.0,0.0,0.0,0.0,0.0,-0.06556565438998252,0.0
3,autumn_processing,秋季农产品加工日,60.0,0.75,0.25,41.05578872031957,25.712173623886695,7.2857014412781576,0.0,0.0,0.0,0.0,67.60250663180733,0.0,0.0,0.0,0.0,0.0,10.696980703344119,34.23033825070118,2.428567147092719,7.2857014412781576,0.0,0.0,0.0,0.0,8.905033301815768,0.0,31.988266131031935,8.518164626814485,0.0,42.14923734956372,4.5161367592351525,0.0,0.0,0.0,0.0,0.0,10.020641493680687,5.519488090340794,11.675090595162596,5.181670276630986,8.018628585602091,0.0,52.0,7.8,42.5,45.0,0.0,0.5181944329695013,1.0,28.75001723818096,18.51276500919842,4.517134893592457,0.20000354784637903,0.20700121442080058,0.1000215303190446,0.0,0.17842651938487275,0.6620878979804259,0.47442666254356225,24.875389457395674,4.097809810045549,19.336219683762977,9.057295382227132,45.57192547955472,67.60250663180733,67.60250663180733,0.0,0.0,0.0,0.0,0.0,0.0,0.0,0.0,0.0,0.0,0.0,0.0,0.0,0.0,-0.034813784127868175,0.0
3,autumn_processing,秋季农产品加工日,60.0,1.0,0.25,41.01405484511537,25.92553536596657,7.369876523188905,0.0,0.0,0.0,0.0,68.16700006473133,0.0,0.0,0.0,0.0,0.0,10.696980703344119,34.23033825070118,2.456625507729635,7.369876523188905,0.0,0.0,0.0,0.0,9.48779297557951,0.0,34.24001754942552,8.30480288473461,0.0,44.10055341601341,4.51154603296269,0.0,0.0,0.0,0.0,0.0,10.036583118789409,5.525259519071628,11.696506231371472,5.18318857146193,8.025321177756105,0.0,52.0,7.8,42.5,45.0,0.0,0.5225214523207545,1.0,28.715280695470913,18.66638546349593,4.569323444377122,0.20000690226780407,0.20700274054318837,0.10003057420178106,0.0,0.17669872981077805,0.6676476291223573,0.4727956442758054,24.905015980589507,4.102125349734067,19.359048279911406,9.118362800183695,45.52560087807806,68.16700006473133,68.16700006473133,0.0,0.0,0.0,0.0,0.0,0.0,0.0,0.0,7.105427357601002e-15,0.0,0.0,0.0,0.0,0.0,0.08417508191074763,0.0
3,autumn_processing,秋季农产品加工日,60.0,1.25,0.25,41.07493902598057,26.138268236288205,7.449659936367261,0.0,0.0,0.0,0.0,67.70113341735765,0.0,0.0,0.0,0.0,0.0,10.696980703344119,34.23033825070118,2.4832199787890867,7.449659936367261,0.0,0.0,0.0,0.0,8.927750416386028,0.0,36.35864627243973,8.092070014412975,0.0,46.000369767728486,4.518243292857862,0.0,0.0,0.0,0.0,0.0,10.05738739604516,5.532540945684865,11.720849024039383,5.1850132711982955,8.03414502534278,0.0,52.0,7.8,42.5,45.0,0.0,0.5189504382385397,1.0,28.778217995441132,18.819553130127506,4.618789160547702,0.20001317168119073,0.20700601506560223,0.10004311653534873,0.0,0.1751563629233656,0.6365507043408785,0.47134617029334946,24.94000732058046,4.10731617727583,19.385958070228057,9.179662272418263,45.59318231883843,67.70113341735765,67.70113341735765,0.0,0.0,0.0,0.0,0.0,0.0,0.0,0.0,-7.105427357601002e-15,0.0,0.0,0.0,0.0,0.0,0.07978341317835547,0.0
3,autumn_processing,秋季农产品加工日,60.0,1.5,0.25,41.558667953733476,26.441490055353153,7.37269014352631,0.0,0.0,0.0,0.0,69.1785514589072,0.0,0.0,0.0,0.0,0.0,10.696980703344119,34.23033825070118,2.457563381175437,7.37269014352631,0.0,0.0,0.0,0.0,9.893885945743486,0.0,38.706626252240184,7.788848195348027,0.0,47.82722102923978,4.571453474910682,0.0,0.0,0.0,0.0,0.0,10.083391339407553,5.541666264799497,11.748378621679441,5.187196840685258,8.045678388943415,0.0,52.0,7.8,42.5,45.0,0.0,0.5302753112712723,1.0,29.107090483595915,19.03787283985427,4.571067888986312,0.20002465545497108,0.20701284045314294,0.10006038327302245,0.0,0.17380602337443565,0.6486639555648447,0.470087684877874,24.981253851308114,4.113550111492431,19.417613047938545,9.266815072763517,46.13012142864416,69.1785514589072,69.1785514589072,0.0,0.0,0.0,0.0,0.0,0.0,0.0,0.0,-7.105427357601002e-15,0.0,0.0,0.0,0.0,0.0,-0.07696979284095029,0.0
3,autumn_processing,秋季农产品加工日,60.0,1.75,0.25,41.55010499728833,26.631150820463052,7.330475809893322,0.0,0.0,0.0,0.0,66.60349823683994,0.0,0.0,0.0,0.0,0.0,10.696980703344119,34.23033825070118,2.443491936631107,7.330475809893322,0.0,0.0,0.0,0.0,7.34240904987467,0.0,40.44851307027281,7.599187430238128,0.0,49.60811443340672,4.570511549701716,0.0,0.0,0.0,0.0,0.0,10.115109715811682,5.553025929154917,11.77935297923482,5.189798655513758,8.060622557272982,0.0,52.0,7.8,42.5,45.0,0.0,0.5105367200450174,1.0,29.0980148068784,19.174428590733395,4.54489500213386,0.20004526966049666,0.20702665978218746,0.10008397954363103,0.0,0.17265349352524473,0.6515565684148353,0.46903090666695546,25.02977419202156,4.121023078100711,19.45477040878154,9.322818182479892,46.12061654699004,66.60349823683994,66.60349823683994,0.0,0.0,0.0,0.0,0.0,0.0,0.0,0.0,7.105427357601002e-15,0.0,0.0,0.0,0.0,0.0,-0.04221433363298832,0.0
3,autumn_processing,秋季农产品加工日,60.0,2.0,0.25,41.80338250183421,26.867571160124037,7.242891569324793,0.0,0.0,0.0,0.0,65.27085610569871,0.0,0.0,0.0,0.0,0.0,10.696980703344119,34.23033825070118,2.414297189774931,7.242891569324793,0.0,0.0,0.0,0.0,5.757823635543691,0.0,41.813973758060925,7.362767090577144,0.0,51.33196756020209,4.5983720752017625,0.0,0.0,0.0,0.0,0.0,10.153299311641868,5.5670720125138695,11.814023434895214,5.1928854844265695,8.079817524807646,0.0,52.0,7.8,42.5,45.0,0.0,0.5003215998090307,1.0,29.283264569404032,19.344651235289305,4.490592772981372,0.2000815312047496,0.20705383554423248,0.10011598836770236,0.0,0.17170370868554657,0.638989022092481,0.46818913358482644,25.086726444129432,4.12996205484189,19.49828841368662,9.392717918054235,46.40175457703597,65.27085610569871,65.27085610569871,0.0,0.0,0.0,0.0,0.0,0.0,0.0,0.0,7.105427357601002e-15,0.0,0.0,0.0,0.0,0.0,-0.0875842405685292,0.0
3,autumn_processing,秋季农产品加工日,60.0,2.25,0.25,41.86171376787425,27.312763058351162,7.416504588240271,0.0,0.0,0.0,0.0,63.38485003049992,0.0,0.0,0.0,0.0,0.0,10.696980703344119,34.23033825070118,2.4721681960800903,7.416504588240271,0.0,0.0,0.0,0.0,3.7491988487352916,0.0,42.702317785947656,6.917575192350018,0.0,52.94922568460512,4.6047885144661675,0.0,0.0,0.0,0.0,0.0,10.199029566159561,5.5843225517373,11.852629205484138,5.196531916720409,8.104256526605523,0.0,52.0,7.8,42.5,45.0,0.0,0.4858647712473685,1.0,29.324149264816533,19.665189402012835,4.598232844708968,0.2001440332922892,0.20710573478415248,0.10015908873524831,0.0,0.17096073597983846,0.6380438253417386,0.4675803050437779,25.15341764881007,4.140627685520985,19.549132927813154,9.522062384464952,46.466502282340414,63.38485003049992,63.38485003049992,0.0,0.0,0.0,0.0,0.0,0.0,0.0,0.0,7.105427357601002e-15,0.0,0.0,0.0,0.0,0.0,0.17361301891547853,0.0
3,autumn_processing,秋季农产品加工日,60.0,2.5,0.25,41.81571482714538,27.62220595982373,7.54229937017659,0.0,0.0,0.0,0.0,61.32084185575688,0.0,0.0,0.0,0.0,0.0,10.696980703344119,34.23033825070118,2.514099790058863,7.54229937017659,0.0,0.0,0.0,0.0,1.6943179042225263,0.0,43.10258317231121,6.60813229087745,0.0,54.49218249084621,4.599728630985991,0.0,0.0,0.0,0.0,0.0,10.253752091964921,5.605364793957556,11.89539137376926,5.200820711933314,8.135098269852099,0.0,52.0,7.8,42.5,45.0,0.0,0.47004350071992107,1.0,29.279388009576284,19.887988291073086,4.676225609509485,0.2002495883567642,0.20720197746761554,0.10021669479906908,0.0,0.1704277569313095,0.6554892914022641,0.4672301345561045,25.231310355554676,4.153316312367769,19.608381838096186,9.614601014278687,46.41544345813137,61.32084185575688,61.32084185575688,0.0,0.0,0.0,0.0,0.0,0.0,0.0,0.0,0.0,0.0,0.0,0.0,0.0,0.0,0.12579478193631832,0.0
3,autumn_processing,秋季农产品加工日,60.0,2.75,0.25,42.31591723545282,28.125213476854373,7.41945534639988,0.0,0.0,0.0,0.0,62.79394128533705,0.0,0.0,0.0,0.0,0.0,10.696980703344119,34.23033825070118,2.4731517821332933,7.41945534639988,0.0,0.0,0.0,0.0,2.653140668507003,0.0,43.73054895192301,6.105124773846807,0.0,55.914903533389406,4.65475089589981,0.0,0.0,0.0,0.0,0.0,10.319357187532734,5.630856927221694,11.942506470666501,5.205843046657778,8.173675479634962,0.0,52.0,7.8,42.5,45.0,0.0,0.4813352702363465,1.0,29.6264220970997,20.250153703335148,4.600062314767925,0.20042423662733308,0.20737525304654184,0.10029311740868342,0.0,0.17010705383806982,0.6598523349762953,0.46717666676612724,25.32202499695924,4.168361130398072,19.677226412582733,9.76278880358614,46.97066813135263,62.79394128533705,62.79394128533705,0.0,0.0,0.0,0.0,0.0,0.0,0.0,0.0,7.105427357601002e-15,0.0,0.0,0.0,0.0,0.0,-0.12284402377671011,0.0
3,autumn_processing,秋季农产品加工日,60.0,3.0,0.25,42.43128503582167,28.371478845000254,7.518532222149347,0.0,0.0,0.0,0.0,65.34284038915943,0.0,0.0,0.0,0.0,0.0,10.696980703344119,34.23033825070118,2.506177407383116,7.518532222149347,0.0,0.0,0.0,0.0,5.040955888670146,0.0,44.92558944803457,5.858859405700926,0.0,57.27842519047669,4.667441353940384,0.0,0.0,0.0,0.0,0.0,10.398200924913274,5.661527835970989,11.994139785701867,5.211698631222615,8.22149818566607,0.0,52.0,7.8,42.5,45.0,0.0,0.5008733819367824,1.0,29.711278192195778,20.42746476840018,4.661489977732596,0.20070731750622073,0.20767808134313465,0.10039374840127292,0.0,0.16999999999999998,0.6544256064398741,0.4674765916285171,25.42733660259055,4.186132128750829,19.756968549378474,9.840819640517774,47.09872638976206,65.34284038915943,65.34284038915943,0.0,0.0,0.0,0.0,0.0,0.0,0.0,0.0,0.0,0.0,0.0,0.0,0.0,0.0,0.09907687574946777,0.0
3,autumn_processing,秋季农产品加工日,60.0,3.25,0.25,42.65209897668432,28.70869647116249,7.560467709078665,0.0,0.0,0.0,0.0,64.57059387745771,0.0,0.0,0.0,0.0,0.0,10.696980703344119,34.23033825070118,2.5201559030262217,7.560467709078665,0.0,0.0,0.0,0.0,4.0096274069677715,0.0,45.875629677717015,5.52164177953869,0.0,58.56117590052189,4.691730887435275,0.0,0.0,0.0,0.0,0.0,10.493082784548367,5.698174401310606,12.050418569044123,5.218495667393227,8.28025004248385,0.0,52.0,7.8,42.5,45.0,0.0,0.4949538700254347,1.0,29.846451677422483,20.670261459236993,4.687489979628772,0.20115675945633454,0.20819172384222062,0.10052526693149218,0.0,0.17010705383806982,0.6831873144861745,0.46821351388378074,25.5491642789212,4.207034457762522,19.849012788400962,9.94635967296405,47.3438298641196,64.57059387745771,64.57059387745771,0.0,0.0,0.0,0.0,0.0,0.0,0.0,0.0,0.0,0.0,0.0,0.0,0.0,0.0,0.04193548692931781,0.0
3,autumn_processing,秋季农产品加工日,60.0,3.5,0.25,42.99574940813405,29.24647831238044,7.785178533746812,0.0,0.0,0.0,0.0,64.47882117618727,0.0,0.0,0.0,0.0,0.0,10.696980703344119,34.23033825070118,2.5950595112489374,7.785178533746812,0.0,0.0,0.0,0.0,3.4614991185654183,0.0,46.695441936892394,4.983859938320741,0.0,59.7155620479228,4.729532434894746,0.0,0.0,0.0,0.0,0.0,10.607152462632039,5.7416558654963765,12.111425316519579,5.226350617313072,8.35177592606901,0.0,52.0,7.8,42.5,45.0,0.0,0.49425040346381843,1.0,30.07980075698073,21.057464384913917,4.826810690923024,0.20185564166705766,0.209037068932719,0.10069586562510512,0.0,0.1704277569313095,0.6953312852811604,0.46950807098371206,25.689551859901663,4.2315048528338846,19.9548519445442,10.110441643543991,47.725281843028796,64.47882117618727,64.47882117618727,0.0,0.0,0.0,0.0,0.0,0.0,0.0,0.0,0.0,0.0,0.0,0.0,0.0,0.0,0.22471082466814707,0.0
3,autumn_processing,秋季农产品加工日,60.0,3.75,0.25,43.2998077894805,29.709330146412988,7.989048536364422,0.0,0.0,0.0,0.0,64.63537889863026,0.0,0.0,0.0,0.0,0.0,10.696980703344119,34.23033825070118,2.6630161787881406,7.989048536364422,0.0,0.0,0.0,0.0,3.2125953701746544,0.0,47.45609856521203,4.521008104288192,0.0,60.75944369166729,4.762978856842855,0.0,0.0,0.0,0.0,0.0,10.743726880835009,5.79288480563595,12.177191353710693,5.235387753815113,8.438059113425217,0.0,52.0,7.8,42.5,45.0,0.0,0.49545046754798316,1.0,30.27737097265175,21.39071770541735,4.953210092545941,0.2029198973153593,0.21038666381150897,0.1009154924615823,0.0,0.17096073597983846,0.7200339301561431,0.47152927112470266,25.850638220951026,4.260005763085551,20.076045285841495,10.256294101717387,48.06278664632335,64.63537889863026,64.63537889863026,0.0,0.0,0.0,0.0,0.0,0.0,0.0,0.0,0.0,0.0,0.0,0.0,0.0,0.0,0.20387000261760946,0.0
3,autumn_processing,秋季农产品加工日,60.0,4.0,0.25,43.995392299430414,30.282122011015627,7.823104113055635,-0.0,0.0,-0.0,0.0,59.15765765682017,0.0,0.0,0.0,0.0,0.0,9.933775286993857,31.78808091838034,2.607701371018545,7.823104113055635,0.0,0.0,0.0,0.0,0.0,0.0,47.45372576028377,1.5059589073647146,0.0,61.086729210320605,2.620788699377359,0.0,0.0,0.0,0.0,0.0,10.906005849727691,5.852814317999734,12.247690954873722,5.245738463133685,8.541186555136457,0.0,52.0,7.8,42.5,45.0,0.0,0.45346201483683424,1.0,30.7551365141533,21.80312784793125,4.850324550094494,0.20450674979563901,0.2124761421518508,0.10119610203089346,0.0,0.17170370868554657,0.7373482463740375,0.47450567701384255,26.034615973143865,4.29301688007893,20.21418834279472,10.436066820059633,46.61618099880777,59.15765765682017,59.15765765682017,0.0,0.0,0.0,0.0,0.0,0.0,0.0,0.0,0.0,0.0,0.0,-0.0,0.0,-2.442257332320839,-0.16594442330878678,0.0
3,autumn_processing,秋季农产品加工日,60.0,4.25,0.25,44.56009039030867,31.062885513884538,7.736110801889641,-0.0,0.0,-0.0,0.0,57.343233761368225,0.0,0.0,0.0,0.0,0.0,9.933775286993857,31.78808091838034,2.5787036006298805,7.736110801889641,0.0,0.0,0.0,0.0,0.0,0.0,47.451353073995755,0.7251954044958033,0.0,61.2284197542832,0.2706644834358143,0.0,0.0,0.0,0.0,0.0,11.096687861144517,5.922421105353917,12.322836245310848,5.257540273096758,8.663301115661433,0.0,52.0,7.8,42.5,45.0,0.0,0.4395538861517412,1.0,31.15198727300507,22.365277569996866,4.796388697171578,0.20682309978165314,0.21561219002359663,0.10155190720389393,0.0,0.17265349352524473,0.7411573621193998,0.4787341532725832,26.243677634069037,4.331023844040233,20.370873709481906,10.67760536655447,44.83075487374449,57.343233761368225,57.343233761368225,0.0,0.0,0.0,0.0,0.0,0.0,0.0,0.0,0.0,0.0,0.0,0.0,0.0,0.0,-0.08699331116599396,0.0
3,autumn_processing,秋季农产品加工日,60.0,4.5,0.25,44.8481189115815,31.68181115011988,7.758188336888718,-0.0,0.0,-0.0,0.0,55.215247566004976,0.0,0.0,0.0,0.0,0.0,9.933775286993857,31.78808091838034,2.5860627789629063,7.758188336888718,0.0,0.0,0.0,0.0,0.0,2.1527094115332837,46.88247802962277,0.10626976826046075,0.0,61.22304461436792,0.0,0.0,0.0,0.0,0.0,0.0,11.317505545336891,6.0026842877241195,12.402473140380435,5.270935583206797,8.806540194919112,0.0,52.0,7.8,42.5,45.0,0.0,0.4232422040142869,1.0,31.358469570153964,22.810904028086313,4.8100767688710055,0.2101326351042705,0.2201731233593118,0.10199961937688362,0.0,0.17380602337443565,0.7425666517657246,0.484582988282922,26.479948918506345,4.374504024705081,20.547642591396347,10.877759203775552,44.8481189115815,55.215247566004976,55.215247566004976,0.0,0.0,0.0,0.0,0.0,0.0,0.0,0.0,-7.105427357601002e-15,0.0,0.0,0.0,0.0,0.0,0.022077534999077386,0.0
3,autumn_processing,秋季农产品加工日,60.0,4.75,0.25,45.686849939896256,32.412166637514105,7.794846079878623,-0.0,0.0,-0.0,0.0,57.67034316652562,0.0,0.0,1.386857153630585,0.4854000037707047,0.6240857191337632,9.933775286993857,31.78808091838034,2.5982820266262077,7.794846079878623,0.0,0.0,0.0,0.0,0.0,0.06316408321999667,46.86351177855813,0.0,0.0,61.19243309206074,0.0,0.0,0.0,0.0,0.0,0.0,11.568721378689224,6.094559922417775,12.486378569055232,5.286070077726755,8.972960858114199,0.0,52.0,7.8,42.5,45.0,0.0,0.44206128241809167,1.0,31.94360472925314,23.336759979010154,4.832804569524747,0.2147599705087012,0.2265974776748122,0.10255866241721266,0.0,0.1751563629233656,0.7566797052533456,0.4924855650031026,26.745409504896188,4.423909431062567,20.745927368550316,11.113425219182647,45.686849939896256,57.67034316652562,57.67034316652562,0.0,0.277371430726117,0.06934285768152924,4.160571460891755,0.0,0.0,0.0,0.0,0.0,0.0,0.0,0.0,0.4854000037707047,0.0,0.036657742989905095,0.0
3,autumn_processing,秋季农产品加工日,60.0,5.0,0.25,46.34511205837483,33.17264807586119,7.78297865214821,-0.0,0.0,-0.0,0.0,55.93007811173093,0.0,0.0,2.364905134440096,0.8277167970540337,1.0642073104980434,9.933775286993857,31.78808091838034,2.594326217382737,7.78297865214821,0.0,0.0,0.0,0.0,0.0,2.1154186539664614,46.304479483504345,0.0,0.3203598469828073,61.0775316526245,0.0,0.0,0.0,0.0,0.0,0.0,11.848644711242066,6.198951420061325,12.574259213621621,5.3030908090363456,9.164452473978255,0.0,52.0,7.8,42.5,45.0,0.0,0.42872160452422975,1.0,32.40699493108334,23.884306614620055,4.825446764331891,0.22108972818368647,0.23535618902018068,0.10325134241556064,0.0,0.17669872981077805,0.7678632120738524,0.5029207386726604,27.041802496636222,4.479646995536353,20.966986063660464,11.362190171280126,46.34511205837483,55.93007811173093,55.93007811173093,0.0,0.47298102688801924,0.11824525672200481,7.094715403320288,0.0,0.0,0.0,0.0,-7.105427357601002e-15,0.0,0.0,0.0,0.342316793283329,0.0,-0.011867427730413382,0.0
3,autumn_processing,秋季农产品加工日,60.0,5.25,0.25,47.12943369795165,34.10332042808891,7.599599232879393,-0.0,0.0,-0.0,0.0,57.03612983413446,0.0,0.0,2.364905134440096,0.8277167970540337,1.0642073104980434,9.933775286993857,31.78808091838034,2.533199744293131,7.599599232879393,0.0,0.0,0.0,0.0,0.0,1.732562098050142,45.84622686530645,0.0,1.251032199210524,60.71777388700595,0.0,0.0,0.0,0.0,0.0,0.0,12.153246440496071,6.316676275220832,12.665751968884981,5.322143946123236,9.382638862291229,0.0,52.0,7.8,42.5,45.0,0.0,0.437199838153161,1.0,32.95677521367946,24.554390708224012,4.711751524385224,0.22955826109942332,0.24690541318276354,0.10410295255905022,0.0,0.17842651938487275,0.7860077231688558,0.5163770313315069,27.370534777299447,4.54205669627245,21.211830310245954,11.663576230767173,47.12943369795165,57.03612983413446,57.03612983413446,0.0,0.47298102688801924,0.11824525672200481,7.094715403320288,0.0,0.0,0.0,0.0,0.0,0.0,0.0,0.0,0.0,0.0,-0.1833794192688174,0.0
3,autumn_processing,秋季农产品加工日,60.0,5.5,0.25,47.82756250776741,34.88279141323623,7.564245677519665,-0.0,0.0,-0.0,0.0,54.719483999889675,0.0,0.0,2.364905134440096,0.8277167970540337,1.0642073104980434,9.933775286993857,31.78808091838034,2.5214152258398883,7.564245677519665,0.0,0.0,0.0,0.0,0.0,3.8519388010846725,44.830266448414584,0.0,2.030503184357844,60.15307205681039,0.0,0.8836134225727736,0.0,0.0,0.0,0.0,12.47595278954371,6.448429785326559,12.760426283691972,5.343372192075292,9.628773028753082,0.0,52.0,7.8,42.5,45.0,0.0,0.4194420206656242,1.0,33.436906937434145,25.115609817530082,4.689832320062192,0.24063583481986098,0.2616200415836501,0.10514179014121908,0.0,0.18033233298543824,0.8224095953740181,0.5332998987587698,27.732571504520344,4.611388214942267,21.48114916716671,11.927830516247724,46.94394908519464,54.719483999889675,54.719483999889675,0.0,0.47298102688801924,0.11824525672200481,7.094715403320288,0.0,0.0,0.0,0.0,-7.105427357601002e-15,7.105427357601002e-15,0.0,0.0,0.0,0.0,-0.03535355535972773,0.0
3,autumn_processing,秋季农产品加工日,60.0,5.75,0.25,48.3750087656846,35.51036805097514,7.616203874323304,-0.0,0.0,-0.0,0.0,57.613978830713734,0.0,0.0,2.364905134440096,0.8277167970540337,1.0642073104980434,9.933775286993857,31.78808091838034,2.5387346247744347,7.616203874323304,0.0,0.0,0.0,0.0,0.0,0.0,44.82802493509217,0.0,2.658079822096756,59.423500830756524,0.0,2.4058230496851216,0.0,0.0,0.0,0.0,12.807690723526726,6.59474669961735,12.857788494831153,5.366911884728261,9.903628650216993,0.0,52.0,7.8,42.5,45.0,0.0,0.44162923209198734,1.0,33.8087484375697,25.5674649967021,4.722046402080449,0.254797645491182,0.2797124046250423,0.1063990612206606,0.0,0.18240800962605114,0.8682604597318684,0.5540246234027865,28.12832902977641,4.687777061678564,21.77523187499084,12.15490916209036,45.96918571599947,57.613978830713734,57.613978830713734,0.0,0.47298102688801924,0.11824525672200481,7.094715403320288,0.0,0.0,0.0,0.0,0.0,7.105427357601002e-15,0.0,0.0,0.0,0.0,0.05195819680363911,0.0
3,autumn_processing,秋季农产品加工日,60.0,6.0,0.25,49.100282359203476,36.02197958117681,7.647542133261675,-0.0,0.0,-0.0,0.135860156392269,54.24081537711219,2.248201624865942e-15,0.0,2.364905134440096,0.8277167970540337,1.0642073104980434,9.933775286993857,31.78808091838034,2.549180711087225,7.647542133261675,0.0,0.0,0.0,0.0,0.0,2.9512335000242125,44.0491431391022,0.0,3.1696913522984254,58.55965977710472,0.0,3.427612526701851,0.0,0.0,0.0,0.0,13.137232885936893,6.755962007398548,12.957288199185621,5.392889806010945,10.207393482115103,0.0,52.0,7.8,42.5,45.0,0.00403624115688348,0.41577287542354874,1.0,34.310166404107036,25.935825298447302,4.741476122622238,0.27248314324284467,0.3011458661775548,0.10790864805221334,0.0,0.1846446609406726,0.9124752356218724,0.578701417599915,28.55757148731167,4.7712213150495675,22.09389333565707,12.354916293991101,45.672669832501626,54.37667553350446,54.37667553350446,2.248201624865942e-15,0.47298102688801924,0.11824525672200481,7.094715403320288,0.0,0.0,0.0,0.0,0.0,0.0,0.0,0.0,0.0,0.0,0.031338258938371055,0.0
3,autumn_processing,秋季农产品加工日,60.0,6.25,0.25,49.966481548465644,36.64190510288183,7.750686750935881,-0.0,0.0,-0.0,0.7104053489120545,55.69369761157385,-9.992007221626409e-16,0.0,2.364905134440096,0.8277167970540337,1.0642073104980434,9.933775286993857,31.78808091838034,2.5835622503119606,7.750686750935881,0.0,0.0,0.0,0.0,0.0,1.7400200589537573,43.589040666431096,0.0,3.789616874003444,57.53311234879421,0.0,3.5119792692777665,0.0,0.0,0.0,0.0,13.45185113683954,6.932172326468697,13.058326635822345,5.421419737755537,10.539570698547848,0.0,52.0,7.8,42.5,45.0,0.021105284900968337,0.4269096737934496,1.0,34.91461242581402,26.382171674074915,4.805425785580247,0.29404474812821724,0.32555783884887557,0.10970671546551213,0.0,0.18703270924499654,0.9559256069324681,0.6072232667407965,29.01931707212573,4.861560302775205,22.43640665336564,12.59056973356597,46.45450227918788,56.40410296048591,56.40410296048591,-9.992007221626409e-16,0.47298102688801924,0.11824525672200481,7.094715403320288,0.0,0.0,0.0,0.0,0.0,0.0,0.0,0.0,0.0,0.0,0.10314461767420635,0.0
3,autumn_processing,秋季农产品加工日,60.0,6.5,0.25,51.04457659699509,36.86710965768844,7.791235344633329,-0.0,0.0,-0.0,1.428912381142851,58.03372376857948,-3.1086244689504383e-15,0.0,2.364905134440096,0.8277167970540337,1.0642073104980434,9.933775286993857,31.78808091838034,2.59707844821111,7.791235344633329,0.0,0.0,0.0,0.0,0.0,0.0,43.58686121439777,0.0,4.014821428810056,56.4478138376698,0.0,3.2850773854236945,0.0,0.0,0.0,0.0,13.738239998577866,7.123199570844414,13.160266967660982,5.452598814468941,10.898894746609848,0.0,52.0,7.8,42.5,45.0,0.042451261028264436,0.4448467087937583,1.0,35.67513111301107,26.544318953535676,4.830565913672664,0.3196890691264989,0.35220967993395413,0.11183113515097548,0.0,0.18956192854956397,0.9932032982735678,0.6391698039060062,29.51176052873977,4.958456666977893,22.801447432777948,12.72079966370005,47.759499211571395,59.46263614972233,59.46263614972233,-3.1086244689504383e-15,0.47298102688801924,0.11824525672200481,7.094715403320288,0.0,0.0,0.0,0.0,0.0,7.105427357601002e-15,0.0,0.0,0.0,0.0,0.0405485936974479,0.0
3,autumn_processing,秋季农产品加工日,60.0,6.75,0.25,52.01510586550125,37.2135395347037,7.808189637392734,-0.0,0.0,-0.0,2.4532351613548897,60.747988536751336,-4.440892098500626e-16,0.0,2.364905134440096,0.8277167970540337,1.0642073104980434,9.933775286993857,31.78808091838034,2.6027298791309113,7.808189637392734,0.0,0.0,0.0,0.0,0.0,0.0,43.584681871337054,0.0,4.361251305825315,55.271892218691676,0.0,0.5226705364657513,0.0,0.0,0.0,0.0,13.983622741974894,7.32855874385238,13.262446265319886,5.486503736387345,11.283268507968318,0.0,52.0,7.8,42.5,45.0,0.07288265366914873,0.4656524002177822,1.0,36.343523385914494,26.793748464986663,4.841077575183495,0.349415911494491,0.3799804997059127,0.11432071156928099,0.0,0.1922214883490199,1.0583309901392943,0.6737809731611325,30.032218509675545,5.061383296141138,23.18705462597982,12.889699700062323,51.492435329035494,63.201223698106226,63.201223698106226,-4.440892098500626e-16,0.47298102688801924,0.11824525672200481,7.094715403320288,0.0,0.0,0.0,0.0,-7.105427357601002e-15,0.0,0.0,0.0,0.0,0.0,0.01695429275940441,0.0
3,autumn_processing,秋季农产品加工日,60.0,7.0,0.25,52.88949898523715,37.370781750318585,8.139492955882032,-0.0,0.0,-0.0,3.887457001277525,60.53742850186771,4.884981308350689e-15,0.0,2.364905134440096,0.8277167970540337,1.0642073104980434,9.933775286993857,31.78808091838034,2.713164318627344,8.139492955882032,0.0,0.0,0.0,0.0,0.0,0.0,43.582502637243486,0.0,4.518493521440106,54.055179030098095,0.0,0.2838362906590788,0.0,0.0,0.0,0.0,14.176913169248692,7.547431800518047,13.364188907195219,5.523186918596117,11.689728335149224,0.0,88.0,13.2,42.5,45.0,0.11549165230508897,0.46403839145806525,1.0,36.951713772560254,26.90696286022938,5.04648563264686,0.38296231001599634,0.40741721838244743,0.11721420006985696,0.0,0.195,1.1155816550598965,0.7099716414361832,30.577104160940564,5.169616547943557,23.59061249891237,13.009824943903753,52.605662694578065,64.42488550314523,64.42488550314523,4.884981308350689e-15,0.47298102688801924,0.11824525672200481,7.094715403320288,0.0,0.0,0.0,0.0,7.105427357601002e-15,-9.237055564881302e-14,0.0,0.0,0.0,0.0,0.33130331848929817,0.0
3,autumn_processing,秋季农产品加工日,60.0,7.25,0.25,54.00516154678616,37.2326951599541,8.178770402753889,0.0,0.0,0.0,5.223444451148183,63.44322159147636,4.440892098500626e-15,0.0,0.0,0.0,0.0,11.216615716590002,35.89317029308801,2.726256800917963,8.178770402753889,0.0,0.0,0.0,0.0,0.0,0.0,43.580323512111626,0.0,1.3395248668660855,53.67564489667093,0.7186319783304089,0.0,0.0,0.0,0.0,0.0,14.309784422849622,7.77864953573197,13.464821023858946,5.5626726635783195,12.114442814527765,0.0,88.0,13.2,42.5,45.0,0.15518222585837033,0.48631220758440363,1.0,37.72916252691829,26.80754051516695,5.0708376497074115,0.41976011093117943,0.432844361527752,0.12054911680174364,0.0,0.19788556548904995,1.1726330572336172,0.7463925842315059,31.141936501965027,5.2822370215032795,24.00885771574732,13.050768164488414,54.72379352511657,68.66666604262454,68.66666604262454,4.440892098500626e-15,0.0,0.0,0.0,0.0,0.0,0.0,0.0,7.105427357601002e-15,0.0,0.0,0.0,-0.8277167970540337,4.105089374707671,0.03927744687185708,0.0
3,autumn_processing,秋季农产品加工日,60.0,7.5,0.25,55.22611665014925,37.094975303028676,8.430498198595373,0.0,0.0,0.0,6.741278689190636,66.14727144164944,-6.217248937900877e-15,0.0,0.0,0.0,0.0,11.216615716590002,35.89317029308801,2.8101660661984575,8.430498198595373,0.0,0.0,0.0,0.0,0.0,0.0,43.57814449593602,0.0,1.2018050099406636,53.332542597922426,3.6356516979023557,0.0,0.0,0.0,0.0,0.0,14.377498513103541,8.020683368460157,13.563685535955084,5.604953454714412,12.55274988299242,0.0,88.0,13.2,42.5,45.0,0.20027524785685155,0.5070395984556235,1.0,38.57731456695607,26.708382218180645,5.2269088831291315,0.4589158110928265,0.4545254638594489,0.1243603509825903,0.0,0.20086582838174552,1.2321461422564197,0.7815352114310931,31.721388873661915,5.398138860421536,24.4379146048539,13.094484340163818,58.861768348051605,72.88855013084007,72.88855013084007,-6.217248937900877e-15,0.0,0.0,0.0,0.0,0.0,0.0,0.0,1.4210854715202004e-14,0.0,0.0,0.0,0.0,0.0,0.2517277958414841,0.0
3,autumn_processing,秋季农产品加工日,60.0,7.75,0.25,56.19262840443179,36.77790645713908,8.831988703620539,0.0,0.0,0.0,8.539367691470972,65.42492744956034,5.329070518200751e-15,0.0,0.0,0.0,0.0,11.216615716590002,35.89317029308801,2.9439962345401796,8.831988703620539,0.0,0.0,0.0,0.0,0.0,0.0,43.57596558871123,0.0,0.8847361640510698,53.073051020294244,3.611054785469344,0.0,0.0,0.0,0.0,0.0,14.37937816844001,8.271648697825473,13.660157267660423,5.649986476440852,12.999235210996195,0.0,88.0,13.2,42.5,45.0,0.25369430041401725,0.5015026050209241,1.0,39.2319061418329,26.480092649140136,5.475832996244734,0.49922013255373776,0.4708560506798216,0.12867860273305876,0.0,0.20392802673484192,1.3097177014241181,0.813868649727536,32.30937895509747,5.516048184297768,24.87336039043152,13.089675064093527,59.80368318990113,73.96429514103131,73.96429514103131,5.329070518200751e-15,0.0,0.0,0.0,0.0,0.0,0.0,0.0,7.105427357601002e-15,0.0,0.0,0.0,0.0,0.0,0.4014905050251656,0.0
3,autumn_processing,秋季农产品加工日,60.0,8.0,0.25,57.11730604264152,36.38769530722186,9.137296007034308,0.0,0.0,0.0,10.186631886768609,66.74777408263701,-5.329070518200751e-15,0.0,0.0,0.0,0.0,11.216615716590002,35.89317029308801,3.045765335678103,9.137296007034308,0.0,0.0,0.0,0.0,0.0,0.0,43.57378679043179,-0.0,0.4945250141338491,52.91637633316993,5.554718874495991,0.0,0.0,0.0,0.0,0.0,14.318852125322003,8.529321199854733,13.753657567192246,5.6976904724469435,13.447852625355692,0.0,88.0,13.2,42.5,45.0,0.3026325301193016,0.5116426396895536,1.0,39.86767481866097,26.19914062119974,5.665123524361271,0.5391920658809507,0.4805590228415551,0.13352868346558616,0.0,0.20705904774487396,1.3663283724459594,0.8419904495240791,32.89920066499488,5.634550770681772,25.31032059897042,13.064983396381903,62.67202491713751,76.93440596940562,76.93440596940562,-5.329070518200751e-15,0.0,0.0,0.0,0.0,-0.0,0.0,0.0,0.0,0.0,0.0,0.0,0.0,0.0,0.30530730341376966,0.0
3,autumn_processing,秋季农产品加工日,60.0,8.25,0.25,57.68192062570543,35.89317029308801,9.63354609333696,0.0,0.0,0.0,11.688613014331423,67.88475162041507,1.7763568394002505e-15,0.0,0.0,0.0,0.0,11.216615716590002,35.89317029308801,3.2111820311123203,9.63354609333696,0.0,0.0,0.0,0.0,1.118634992511156,0.0,43.837283911813664,-0.0,0.0,52.88991814500336,6.345011268827597,0.0,0.0,0.0,0.0,0.0,14.203067364864626,8.791167015656038,13.843667836270596,5.747943055948842,13.892084888583007,0.0,88.0,13.2,42.5,45.0,0.347254575352544,0.5203579294005827,1.0,40.24299830717467,25.843082611023366,5.972798577868915,0.5771580487929054,0.4828496088855635,0.13892773002937972,0.0,0.2102454838991936,1.42730620121031,0.8647682100280869,33.48369578080245,5.752128565911525,25.743593060186832,13.010498406485492,64.02693189453302,79.5733646347465,79.5733646347465,1.7763568394002505e-15,0.0,0.0,0.0,0.0,0.0,0.0,0.0,0.0,0.0,0.0,0.0,0.0,0.0,0.496250086302652,0.0
3,autumn_processing,秋季农产品加工日,60.0,8.5,0.25,58.42875311753627,35.196011472459865,10.118748517051435,0.0,0.0,0.0,13.550895983388713,66.40123394257873,3.552713678800501e-15,0.0,0.0,0.0,0.0,11.274817030135598,36.07941449643391,3.3729161723504784,10.118748517051435,0.0,0.0,0.0,0.0,0.4484807630161103,0.0,43.9416062288344,0.8834030239740471,0.0,53.0732814041247,6.42716284292899,0.0,0.0,0.0,0.0,0.0,14.042125424524812,9.054387260897604,13.92974136580569,5.800578585294906,14.325140525004464,0.0,88.0,13.2,42.5,45.0,0.4025807531302976,0.5089863007411073,1.0,40.7606949038206,25.341128260171104,6.2736240805718895,0.6113620596886408,0.4775403886289402,0.1448833975799133,0.0,0.2134736903889974,1.4584033358250557,0.8814500566227518,34.05546047610506,5.867204024750748,26.16779702668527,12.897454793613159,64.85591596046525,79.95212992596744,79.95212992596744,3.552713678800501e-15,0.0,0.0,0.0,0.0,0.0,0.0,0.0,1.4210854715202004e-14,0.0,0.0,0.0,0.0,0.18624420334590042,0.4852024237144743,0.0
3,autumn_processing,秋季农产品加工日,60.0,8.75,0.25,59.1341691056073,34.64072779632058,10.461052772718796,0.0,0.0,0.0,15.329805423367219,66.15226195376744,1.7763568394002505e-15,0.0,0.0,0.0,0.0,11.274817030135598,36.07941449643391,3.4870175909062655,10.461052772718796,0.0,0.0,0.0,0.0,1.0813050488686886,0.0,44.196219097629275,1.4386867001133297,0.0,53.38843285469955,6.504758601616803,0.0,0.0,0.0,0.0,0.0,13.848052841132166,9.315976677598782,14.0115128984607,5.855386713589334,14.740179765374604,0.0,88.0,13.2,42.5,45.0,0.45543000405621686,0.5070778522974714,1.0,41.22938581477612,24.94132401335082,6.485852719085654,0.6400974541028691,0.4650669612587242,0.15139210845489745,0.0,0.21672984353849284,1.5089425570529535,0.891727230788087,34.60707937742464,5.978190704643777,26.57754206555589,12.82106707782434,65.6389277072241,81.48206737713465,81.48206737713465,1.7763568394002505e-15,0.0,0.0,0.0,0.0,0.0,0.0,0.0,1.4210854715202004e-14,0.0,0.0,0.0,0.0,0.0,0.34230425566736145,0.0
3,autumn_processing,秋季农产品加工日,60.0,9.0,0.25,59.810425184399435,33.85236373727246,10.885185011977956,0.0,0.0,0.0,17.002277071092223,65.86174576921928,0.0,0.0,0.0,0.0,0.0,11.274817030135598,36.07941449643391,3.6283950039926522,10.885185011977956,0.0,0.0,0.0,0.0,1.5712388514998814,0.0,44.56717851390562,2.2270507591614503,0.0,53.89066319357306,6.579146770283938,0.0,0.0,0.0,0.0,0.0,13.633648525237714,9.572795573907925,14.08870539206945,5.912111712452298,15.130560267112676,0.0,88.0,13.2,42.5,45.0,0.5051171167279965,0.504850954553275,1.0,41.7020391539977,24.373701890836173,6.748814707426333,0.6618472410256578,0.44642949771848406,0.15843744412450295,0.0,0.22,1.5157133679369612,0.8957408824739718,35.13137737163442,6.083548014054536,26.967609670844276,12.675131631512755,66.38957195468338,82.8640228403115,82.8640228403115,0.0,0.0,0.0,0.0,0.0,0.0,0.0,0.0,0.0,0.0,0.0,0.0,0.0,0.0,0.4241322392591602,0.0
3,autumn_processing,秋季农产品加工日,60.0,9.25,0.25,60.063988949737364,33.150905807368936,11.080844942887067,0.0,0.0,0.0,18.851207553707994,62.83874326842256,7.105427357601002e-15,0.0,0.0,0.0,0.0,11.274817030135598,36.07941449643391,3.6936149809623555,11.080844942887067,0.0,0.0,0.0,0.0,4.614866937207035,0.0,45.66098105256659,2.9285086890649765,0.0,54.55923867562922,2.042662924088207,0.0,0.0,0.0,0.0,0.0,13.411358434662016,9.821653483262208,14.161133541687265,5.970452657385938,15.490091255046035,0.0,88.0,13.2,42.5,45.0,0.5600466082604734,0.4816786914995158,1.0,41.881321355537835,23.868652181305634,6.870123864589981,0.6754170241877749,0.42306123638007764,0.1659887734732613,0.0,0.22327015646150716,1.5107232542492364,0.8940353686961424,35.62167745411924,6.1818375794420675,27.333139151501122,12.548106264562465,62.10665187382557,81.68995082213056,81.68995082213056,7.105427357601002e-15,0.0,0.0,0.0,0.0,0.0,0.0,0.0,-7.105427357601002e-15,0.0,0.0,0.0,0.0,0.0,0.1956599309091107,0.0
3,autumn_processing,秋季农产品加工日,60.0,9.5,0.25,60.45930068206459,32.560437337207176,11.398029369248349,0.0,0.0,0.0,20.415848440772308,61.602582972925674,-3.552713678800501e-15,0.0,0.0,0.0,0.0,11.274817030135598,36.07941449643391,3.799343123082783,11.398029369248349,0.0,0.0,0.0,0.0,-0.0,0.0,45.65869800351396,3.5189771592267363,0.0,55.367716131607764,6.48497057841502,0.0,0.0,0.0,0.0,0.0,13.192310703390511,10.059402253748166,14.228703731212935,6.030064545566906,15.813283301116714,0.0,88.0,13.2,42.5,45.0,0.6065301992691384,0.47220313481826354,1.0,42.15708686177659,23.443514882789167,7.066778208933976,0.6800446260885122,0.3966481726080379,0.17400021229129375,0.0,0.2265263096110026,1.5027044868826274,0.8874695251492226,36.07205157789655,6.271778392193273,27.669808396337665,12.445718612264372,66.94427126047961,82.01843141369798,82.01843141369798,-3.552713678800501e-15,0.0,0.0,0.0,0.0,0.0,0.0,0.0,0.0,0.0,0.0,0.0,0.0,0.0,0.3171844263612815,0.0
3,autumn_processing,秋季农产品加工日,60.0,9.75,0.25,60.971634088088784,31.758883044672086,11.755925332834602,0.0,0.0,0.0,21.815544977425823,61.056427668099865,0.0,0.0,0.0,0.0,0.0,11.274817030135598,36.07941449643391,3.918641777611534,11.755925332834602,0.0,0.0,0.0,0.0,-0.0,0.0,45.65641506861379,4.320531451761827,0.0,56.366158493335405,6.706879749689766,0.0,0.0,0.0,0.0,0.0,12.985607713073245,10.283035588116705,14.291410225159177,6.090560396487061,16.095580272170423,0.0,88.0,13.2,42.5,45.0,0.6481134928440131,0.468016682975007,1.0,42.51800580194571,22.8663957921639,7.288673706357454,0.6754726879382156,0.3689317363412404,0.18241000511889055,0.0,0.2297545161008064,1.484630729766361,0.8771034511200111,36.47755089381666,6.352297758264266,27.973999712565735,12.276936533217825,67.67851383777855,82.87197264552569,82.87197264552569,0.0,0.0,0.0,0.0,0.0,0.0,0.0,0.0,0.0,0.0,0.0,0.0,0.0,0.0,0.35789596358625353,0.0
3,autumn_processing,秋季农产品加工日,60.0,10.0,0.25,61.33534760975583,30.991719353340216,11.943370547202344,0.0,0.0,0.0,23.38242313782112,57.67124360366428,-3.552713678800501e-15,0.0,0.0,0.0,0.0,11.274817030135598,36.07941449643391,3.9811235157341147,11.943370547202344,0.0,0.0,0.0,0.0,4.462378585859867,0.0,46.71394716200208,5.087695143093697,0.0,57.546303010573496,0.0,0.0,0.0,0.0,0.0,0.0,12.797924118151261,10.489791433602038,14.349327572566256,6.151514362137339,16.33356012623964,0.0,88.0,13.2,42.5,45.0,0.6946635505412022,0.4420681845513962,1.0,42.809175516380066,22.314037934404954,7.404889739265453,0.661975050326179,0.34152672258399613,0.1911404109966581,0.0,0.23294095225512604,1.4137829405876137,0.864080247962322,36.83440206094323,6.422575121665393,28.24294114893233,12.109843390629385,61.33534760975583,81.0536667414854,81.0536667414854,-3.552713678800501e-15,0.0,0.0,0.0,0.0,0.0,0.0,0.0,0.0,0.0,0.0,0.0,0.0,0.0,0.18744521436774164,0.0
3,autumn_processing,秋季农产品加工日,60.0,10.25,0.25,61.71941616144377,30.414580594167226,12.276971846730106,0.0,0.0,0.0,24.587698175450676,55.00353138023049,7.105427357601002e-15,0.0,0.0,0.0,0.0,11.274817030135598,36.07941449643391,4.092323948910035,12.276971846730106,0.0,0.0,0.0,0.0,-0.0,0.0,46.71161146464398,5.664833902266686,0.0,58.862927910856556,2.5046724151917665,0.0,0.0,0.0,0.0,0.0,12.633411302483733,10.677253107911184,14.402599371788932,6.212465846968564,16.52509227337895,0.0,88.0,13.2,42.5,45.0,0.7304708161989759,0.4216193329950893,1.0,43.08981669573191,21.898498027800404,7.6117225449726655,0.6403337795879619,0.3157806160904105,0.20009815907917758,0.0,0.23607197326515808,1.3761351273870814,0.849519971892234,37.140157492136446,6.4820760772123815,28.474814575221174,11.98759644333252,64.22408857663554,79.59122955568117,79.59122955568117,7.105427357601002e-15,0.0,0.0,0.0,0.0,0.0,0.0,0.0,0.0,0.0,0.0,0.0,0.0,0.0,0.3336012995277624,0.0
3,autumn_processing,秋季农产品加工日,60.0,10.5,0.25,62.12145031532813,29.907380975239377,12.656869555891978,0.0,0.0,0.0,25.366398655348533,54.14774819649088,3.552713678800501e-15,0.0,0.0,0.0,0.0,11.274817030135598,36.07941449643391,4.21895651863066,12.656869555891978,0.0,0.0,0.0,0.0,1.8989229877450207,0.0,47.16027009366019,6.172033521194535,0.0,60.29935440818483,0.0,0.0,0.0,0.0,0.0,0.0,12.493867783035192,10.843444681691825,14.451423728910362,6.27292460941646,16.66944111382777,0.0,88.0,13.2,42.5,45.0,0.7536050669558625,0.41505948627138617,1.0,43.3840208615058,21.53331430217235,7.847259124653027,0.6117703091489876,0.2926898222584888,0.209175518748274,0.0,0.23913417161825448,1.3363318184539525,0.8344379136938761,37.39378945215459,6.5305743222063155,28.66882327460423,11.876400042309342,62.12145031532813,79.51414685183941,79.51414685183941,3.552713678800501e-15,0.0,0.0,0.0,0.0,0.0,0.0,0.0,0.0,0.0,0.0,0.0,0.0,0.0,0.37989770916187204,0.0
3,autumn_processing,秋季农产品加工日,60.0,10.75,0.25,62.26280351037801,29.405129584158438,13.145918262329147,0.0,0.0,0.0,26.23347863265326,50.862525657545106,0.0,0.0,0.0,0.0,0.0,10.451228025710641,33.44392968227405,4.381972754109715,13.145918262329147,0.0,0.0,0.0,0.0,0.0,0.0,47.157912080155505,4.038800098115615,0.0,61.2284197542832,0.0,0.0,0.0,0.0,0.0,0.0,12.379107526163123,10.986915953427594,14.496035924563476,6.332376787231772,16.767308032419162,0.0,88.0,13.2,42.5,45.0,0.7793649658374894,0.3898772243174093,1.0,43.48928089962345,21.171693300594075,8.15046932264407,0.5778401917041663,0.27287613293375446,0.21825200253686833,0.0,0.24211443451095005,1.3062491897997506,0.8196928752186703,37.59572074421441,6.568159899781552,28.825213841520632,11.758141872378356,62.26280351037801,77.09600429019837,77.09600429019837,0.0,0.0,0.0,0.0,0.0,0.0,0.0,0.0,-1.4210854715202004e-14,0.0,0.0,0.0,0.0,-2.6354848141598595,0.4890487064371687,0.0
3,autumn_processing,秋季农产品加工日,60.0,11.0,0.25,62.78279896478505,28.93656111528076,13.738265477802218,0.0,0.0,0.0,26.62674888294473,48.745231003556505,-3.552713678800501e-15,0.0,2.105307011960519,0.7368574541861816,0.9473881553822336,8.746616549968289,27.989172959898525,4.579421825934072,13.738265477802218,0.0,0.0,0.0,0.0,0.0,0.0,47.1555541845515,0.0,0.0,61.197805544406066,0.0,0.0,0.0,0.0,0.0,0.0,12.287446286747524,11.106812379791272,14.53668897386992,6.3902917592023005,16.820807408580215,0.0,70.0,10.5,42.5,45.0,0.7910485499886893,0.37364749620054155,1.0,43.874306546557094,20.83432400300215,8.517724596237375,0.5403053948617548,0.2566159199396542,0.2271966900143889,0.0,0.245,1.2565968313782339,0.8059650531723221,37.747788141652435,6.595232823408452,28.94524964671027,11.641205786559237,62.78279896478505,75.37197988650124,75.37197988650124,-3.552713678800501e-15,0.4210614023921038,0.10526535059802596,6.315921035881558,0.0,0.0,0.0,0.0,0.0,0.0,0.0,0.0,0.7368574541861816,-5.454756722375528,0.5923472154730707,0.0
3,autumn_processing,秋季农产品加工日,60.0,11.25,0.25,63.071755479831914,28.61126975548591,14.210695402819612,0.0,0.0,0.0,26.546322168510187,47.96946384329004,-7.105427357601002e-15,0.0,4.553151050654913,1.5936028677292193,2.048917972794711,8.300734932090998,26.562351782691195,4.7368984676065375,14.210695402819612,0.0,0.0,0.0,0.0,0.0,0.0,47.15319640684227,0.0,0.0,61.16720664163387,0.0,0.0,0.0,0.0,0.0,0.0,12.21622880576157,11.202925585485719,14.573632911669982,6.446129727153869,16.83337588813057,0.0,70.0,10.5,42.5,45.0,0.788659169440824,0.36770099741285467,1.0,44.075658361176714,20.600114223949856,8.81063114974816,0.5010002187863076,0.24390714521052786,0.23587112835802132,0.0,0.2477785116509801,1.240470220741217,0.7937586798132275,37.85313852695442,6.612481995676819,29.031135875908923,11.556853569571867,63.071755479831914,74.51578601180023,74.51578601180023,-7.105427357601002e-15,0.9106302101309827,0.22765755253274567,13.65945315196474,0.0,0.0,0.0,0.0,-7.105427357601002e-15,-3.552713678800501e-15,0.0,0.0,0.8567454135430377,-1.42682117720733,0.4724299250173942,0.0
3,autumn_processing,秋季农产品加工日,60.0,11.5,0.25,62.99213968333018,28.2208845532872,14.785307745854873,0.0,0.0,0.0,26.936031049194774,46.50655532393095,7.105427357601002e-15,0.0,6.720031894811026,2.352011163183859,3.024014352664962,7.874021937694448,25.196870200622236,4.9284359152849575,14.785307745854873,0.0,0.0,0.0,0.0,0.0,0.0,47.15083874702193,0.0,0.0,61.136623038313054,0.0,0.0,0.0,0.0,0.0,0.0,12.162333387105987,11.27572058474174,14.607093750204768,6.499349875461849,16.80961801163677,0.0,70.0,10.5,42.5,45.0,0.8002369496023641,0.3564873444220813,1.0,44.032683899377375,20.319036878366784,9.166890802430022,0.4617065082128121,0.23455616950706737,0.24413273252502546,0.0,0.25043807145043606,1.20748014661946,0.7834222236798686,37.916061637303386,6.620850190167793,29.08589898643538,11.447526907051984,62.99213968333018,73.44258637312572,73.44258637312572,7.105427357601002e-15,1.3440063789622052,0.3360015947405513,20.160095684433077,0.0,0.0,0.0,0.0,-7.105427357601002e-15,0.0,0.0,0.0,0.7584082954546396,-1.3654815820689592,0.5746123430352608,0.0
3,autumn_processing,秋季农产品加工日,60.0,11.75,0.25,62.97587993403925,27.684213976925445,15.394923214646598,-0.0,0.0,-0.0,27.887066873985304,45.41803164267061,0.0,0.0,7.039468752553178,2.4638140633936123,3.1677609386489305,7.661391574461411,24.516453038276516,5.131641071548866,15.394923214646598,0.0,0.0,0.0,0.0,0.0,0.0,47.14848120508458,0.0,0.0,61.1060547267939,0.0,0.0,0.0,0.0,0.0,0.0,12.122610151998087,11.326336603979913,14.637253129949473,6.549418941765688,16.755095042051778,0.0,70.0,10.5,42.5,45.0,0.8284910753123836,0.3481434687303599,1.0,44.03714858392784,19.93263406338632,9.544852393080891,0.4240510813176851,0.22826720036135217,0.2518385768315622,0.0,0.25296729075500346,1.1730656199706087,0.7751785640797956,37.94176711376694,6.621486694363152,29.113226161556362,11.2914505364497,62.97587993403925,73.30509851665592,73.30509851665592,0.0,1.4078937505106357,0.3519734376276589,21.118406257659537,0.0,0.0,0.0,0.0,1.4210854715202004e-14,3.552713678800501e-15,0.0,-0.0,0.11180290020975336,-0.6804171623457194,0.6096154687917252,0.0
3,autumn_processing,秋季农产品加工日,60.0,12.0,0.25,62.70705686366666,27.29974692630238,15.90444219696346,0.0,0.0,0.0,28.770478477495473,44.0404586920431,-3.552713678800501e-15,0.0,7.600043497413968,2.660015224094889,3.4200195738362855,7.462414797645654,23.879727352466094,5.301480732321154,15.90444219696346,0.0,0.0,0.0,0.0,0.0,0.0,47.14612378102432,0.0,0.0,61.075501699430504,0.0,0.0,0.0,0.0,0.0,0.0,12.094230276476052,11.356559390839653,14.6642297091183,6.595820013161198,16.676067223061896,0.0,70.0,10.5,42.5,45.0,0.8547361670835204,0.3375839396597518,1.0,43.870057412490695,19.655817786937714,9.860754162117345,0.3894338124453357,0.2247208733497156,0.2588494424652272,0.0,0.2553553390593274,1.1343441544309953,0.7691585160257339,37.936116945341396,6.615689956536829,29.117272785035468,11.173286840568704,62.70705686366666,72.81093716953858,72.81093716953858,-3.552713678800501e-15,1.5200086994827937,0.38000217487069843,22.800130492241905,0.0,0.0,0.0,0.0,7.105427357601002e-15,0.0,0.0,0.0,0.19620116070127658,-0.636725685810422,0.5095189823168624,0.0
3,autumn_processing,秋季农产品加工日,60.0,12.25,0.25,62.780334710993024,27.158114249947012,16.229736303779106,-0.0,0.0,-0.0,29.88098603700746,41.89928614260087,3.552713678800501e-15,0.0,9.980912786247828,3.4933194751867394,4.491410753811523,7.08334484254234,22.66670349613549,5.409912101259702,16.229736303779106,0.0,0.0,0.0,0.0,0.0,0.0,47.14376647483527,0.0,0.0,61.044963948580794,0.0,0.0,0.0,0.0,0.0,0.0,12.07494185043492,11.368764103662437,14.688063308536513,6.638061347741322,16.57920249465755,0.0,70.0,10.5,42.5,45.0,0.8877280054249308,0.3211711799792397,1.0,43.91643208227534,19.553842259961847,10.062436508343046,0.35898944730909216,0.22363340955659336,0.2650339640317652,0.0,0.25759199037394886,1.136049810216301,0.7654326517316378,37.905327150935385,6.604843188442481,29.102447935869456,11.119573346842829,62.780334710993024,71.78027217960833,71.78027217960833,3.552713678800501e-15,1.9961825572495657,0.49904563931239143,29.942738358743487,0.0,0.0,0.0,0.0,0.0,0.0,0.0,-0.0,0.8333042510918505,-1.2130238563306044,0.32529410681564563,0.0
3,autumn_processing,秋季农产品加工日,60.0,12.5,0.25,62.8756352450293,26.861242350806243,16.671268953413026,0.0,0.0,0.0,30.7719864289626,40.150206293112156,3.552713678800501e-15,0.0,12.034997011402131,4.212248953990746,5.415748655130959,6.701716779898526,21.445493695675285,5.557089651137676,16.671268953413026,0.0,0.0,0.0,0.0,0.0,0.0,47.141409286511525,0.0,0.0,61.014441466606506,0.0,0.0,0.0,0.0,0.0,0.0,12.063241217856055,11.365829257138497,14.708702744030587,6.675685012698839,16.471266702574443,0.0,70.0,10.5,42.5,45.0,0.9141985509351612,0.3077639339171871,1.0,43.999285628508034,19.340094492580494,10.336186751116076,0.3335809346176488,0.22479268211354836,0.27027270440321777,0.0,0.2596676670145618,1.1109956646212398,0.7640379222223905,37.855654459303864,6.590346306135839,29.07318927711846,11.020030665705056,62.8756352450293,70.92219272207475,70.92219272207475,3.552713678800501e-15,2.4069994022804266,0.6017498505701067,36.1049910342064,0.0,0.0,0.0,0.0,0.0,0.0,0.0,0.0,0.7189294788040064,-1.2212098004602048,0.44153264963392047,0.0
3,autumn_processing,秋季农产品加工日,60.0,12.75,0.25,62.41848468010308,26.526681550226634,17.187261237319778,0.0,0.0,0.0,30.941833898292757,38.66099644729407,7.105427357601002e-15,0.0,13.929843359120854,4.875445175692299,6.268429511604384,6.3307037620694535,20.258252038622253,5.729087079106592,17.187261237319778,0.0,0.0,0.0,0.0,0.0,0.0,47.1390522160472,0.0,0.0,60.98393424587321,0.0,0.0,0.0,0.0,0.0,0.0,12.05847586526324,11.351023698216837,14.725998139380218,6.708275127831233,16.358811429651563,0.0,70.0,10.5,42.5,45.0,0.9192445141101447,0.29634867300342665,1.0,43.71152185531678,19.099210716163174,10.656101967138262,0.31381766482434575,0.2280714528172848,0.2744619822057419,0.0,0.26157348061512725,1.0663060156936026,0.764996790230159,37.79308469686302,6.573547814258593,29.033739388000555,10.908718901627237,62.41848468010308,69.60283034558682,69.60283034558682,7.105427357601002e-15,2.785968671824171,0.6964921679560427,41.78953007736256,0.0,0.0,0.0,0.0,1.4210854715202004e-14,3.552713678800501e-15,0.0,0.0,0.6631962217015532,-1.1872416570530326,0.5159922839067512,0.0
3,autumn_processing,秋季农产品加工日,60.0,13.0,0.25,62.25385027928633,26.408522272331222,17.53935559044754,-0.0,0.0,-0.0,30.342261259159095,36.851451022780786,-3.552713678800501e-15,0.0,16.44742498138356,5.756598743484245,7.401341241622601,5.9397440720964445,19.007181030708622,5.846451863482513,17.53935559044754,0.0,0.0,0.0,0.0,0.0,0.0,47.136695263436394,0.0,0.0,60.95344227875027,0.0,1.089735189441165,0.0,0.0,0.0,0.0,12.06089649049281,11.32787013076424,14.739698323768964,6.735465507506913,16.247875683138307,0.0,70.0,10.5,42.5,45.0,0.9014319351548754,0.28247793932937343,1.0,43.607080463588744,19.01413603607848,10.874400466077473,0.3000891236167872,0.23342064571272897,0.27751728101390494,0.0,0.26330127018922195,1.0556316239553487,0.768327404857061,37.72303951441418,6.555680240493947,28.98793552085532,10.857841099818192,61.16411508984517,67.19371228193988,67.19371228193988,-3.552713678800501e-15,3.289484996276712,0.822371249069178,49.34227494415068,0.0,0.0,0.0,0.0,0.0,3.552713678800501e-15,0.0,-0.0,0.8811535677919462,-1.2510710079136302,0.35209435312776094,0.0
3,autumn_processing,秋季农产品加工日,60.0,13.25,0.25,62.22231822313389,26.172239097721384,17.758028342379745,0.0,0.0,0.0,29.255582875444773,36.77229259011307,-3.552713678800501e-15,0.0,16.44742498138356,5.756598743484245,7.401341241622601,5.86590558003087,18.770897856098784,5.919342780793248,17.758028342379745,0.0,0.0,0.0,0.0,0.0,0.0,47.134338428673225,0.0,0.0,60.9229655576109,0.0,2.2230923749159244,0.0,0.0,0.0,0.0,12.071673021903075,11.29999021418578,14.749453686482282,6.756946505022219,16.143716796579398,0.0,70.0,10.5,42.5,45.0,0.8691480328459503,0.2818711650960686,1.0,43.59400992574344,18.844012150359397,11.009977572275442,0.2926034059173393,0.24084690237611975,0.27937608381466644,0.0,0.26484363707663444,1.050938264058046,0.774043954390355,37.650116988083894,6.5378025085293405,28.93902396331245,10.774651691148057,59.99922584821797,66.02787546555784,66.02787546555784,-3.552713678800501e-15,3.289484996276712,0.822371249069178,49.34227494415068,0.0,0.0,0.0,0.0,0.0,3.552713678800501e-15,0.0,0.0,0.0,-0.23628317460983794,0.21867275193220692,0.0
3,autumn_processing,秋季农产品加工日,60.0,13.5,0.25,61.9784480904726,25.93827603876274,17.98552825183995,0.0,0.0,0.0,27.832778734811733,37.24499087918509,7.105427357601002e-15,0.0,16.44742498138356,5.756598743484245,7.401341241622601,5.854882029114391,18.73562249316605,5.9951760839466495,17.98552825183995,0.0,0.0,0.0,0.0,0.0,0.0,47.13198171175179,0.19868769602591208,0.0,60.93969240263825,0.0,2.994137846052565,0.0,0.0,0.0,0.0,12.092883680544793,11.270937637079138,14.754824599315574,6.772470880598991,16.05058412054993,0.0,70.0,10.5,42.5,45.0,0.826878240265806,0.28549454585627365,1.0,43.43806929709768,18.67555874790917,11.151027516140768,0.2914208017773349,0.25037917219119576,0.28,0.0,0.2661939766255643,1.041416207404753,0.7821469789501905,37.5778796004645,6.520752216946672,28.88950871157723,10.693620103000477,58.98431024442003,65.07776961399682,65.07776961399682,7.105427357601002e-15,3.289484996276712,0.822371249069178,49.34227494415068,0.0,0.0,0.0,0.0,0.0,-3.552713678800501e-15,0.0,0.0,0.0,-0.035275362932733145,0.22749990946020304,0.0
3,autumn_processing,秋季农产品加工日,60.0,13.75,0.25,61.97931295932433,25.829109862267938,18.268473150245033,0.0,0.0,0.0,26.26729912402805,37.654579191656644,3.552713678800501e-15,0.0,16.44742498138356,5.756598743484245,7.401341241622601,5.854882029114391,18.73562249316605,6.089491050081677,18.268473150245033,0.0,0.0,0.0,0.0,0.0,0.0,47.129625112666204,0.30785387252071494,0.0,60.9823378511606,0.0,4.2452089793514585,0.0,0.0,0.0,0.0,12.127479331606976,11.244026714050397,14.755295237285592,6.781858537583036,15.971546516323137,0.0,70.0,10.5,42.5,45.0,0.7803697317884339,0.2886341688363522,1.0,43.44881022593179,18.596959100832915,11.326453353151921,0.29647500069703947,0.26202914711605496,0.27937608381466644,0.0,0.2673465064747553,1.0418759362923802,0.7926043098094195,37.508700291191765,6.505110198830307,28.841042119156832,10.649577817379832,57.73410397997287,63.921878315684694,63.921878315684694,3.552713678800501e-15,3.289484996276712,0.822371249069178,49.34227494415068,0.0,0.0,0.0,0.0,0.0,-3.552713678800501e-15,0.0,0.0,0.0,0.0,0.2829448984050842,0.0
3,autumn_processing,秋季农产品加工日,60.0,14.0,0.25,61.740381330230704,25.977240818690934,18.53866091674994,0.0,0.0,0.0,24.88489659486011,39.68781832840227,-3.552713678800501e-15,0.0,16.44742498138356,5.756598743484245,7.401341241622601,5.854882029114391,18.73562249316605,6.179553638916647,18.53866091674994,0.0,0.0,0.0,0.0,0.0,0.0,47.12726863141057,0.15972291609771894,0.0,60.98978087480823,0.0,3.4455033315151073,0.0,0.0,0.0,0.0,12.179218811202517,11.222164875668714,14.750292346085311,6.785,15.908381512161348,0.0,70.0,10.5,42.5,45.0,0.7393002222885545,0.3042195850295081,1.0,43.264357657665634,18.703613389457473,11.493969768384963,0.30757791164159914,0.27575027086459325,0.27751728101390494,0.0,0.26829629131445343,1.0846196597669686,0.8053244883410201,37.44367385824666,6.491179014205734,28.794362718702715,10.679936101422506,58.2948779987156,64.57271492326238,64.57271492326238,-3.552713678800501e-15,3.289484996276712,0.822371249069178,49.34227494415068,0.0,0.0,0.0,0.0,-7.105427357601002e-15,-3.552713678800501e-15,0.0,0.0,0.0,0.0,0.2701877665049075,0.0
3,autumn_processing,秋季农产品加工日,60.0,14.25,0.25,61.69510150148088,26.136963734788655,18.70185440933661,0.0,0.0,0.0,23.36170206040198,44.29776195751275,3.552713678800501e-15,0.0,16.44742498138356,5.756598743484245,7.401341241622601,5.854882029114391,18.73562249316605,6.23395146977887,18.70185440933661,0.0,0.0,0.0,0.0,0.0,0.0,47.124912267979,-0.0,0.0,60.95928598437083,0.0,0.36787223897516697,0.0,0.0,0.0,0.0,12.252565799200204,11.207697830766447,14.739208236447563,6.781858537583036,15.86153044817739,0.0,70.0,10.5,42.5,45.0,0.6940479523576363,0.33955624995406436,1.0,43.21763892181153,18.818613889047832,11.595149733788698,0.32440808906189256,0.29139997359447706,0.2744619822057419,0.0,0.26903926402016154,1.12722575245315,0.8201258974921175,37.38259722220799,6.47897622373768,28.749282689438232,10.715974009419398,61.32722926250571,67.65946401791473,67.65946401791473,3.552713678800501e-15,3.289484996276712,0.822371249069178,49.34227494415068,0.0,0.0,0.0,0.0,0.0,-3.552713678800501e-15,0.0,0.0,0.0,0.0,0.1631934925866716,0.0
3,autumn_processing,秋季农产品加工日,60.0,14.5,0.25,62.17243827044038,26.183680507074648,18.747559344549238,-0.0,0.0,-0.0,21.99071698587619,46.52919101837742,7.105427357601002e-15,0.0,16.44742498138356,5.756598743484245,7.401341241622601,5.854882029114391,18.73562249316605,6.249186448183079,18.747559344549238,0.0,0.0,0.0,0.0,0.0,0.0,47.1225560223656,0.0,0.04671677228599336,60.91651245393497,0.0,0.0,0.0,0.0,0.0,0.0,12.352534983712014,11.202276106632288,14.721427047174016,6.772470880598991,15.830120253786582,0.0,70.0,10.5,42.5,45.0,0.6533176416453725,0.35666085412509346,1.0,43.539664500395844,18.852249965093744,11.623486793620527,0.3464866713882691,0.3087096611946484,0.27027270440321777,0.0,0.26957224306869054,1.1682120737324595,0.8367061627003001,37.32401818155959,6.468242460001749,28.704724636837206,10.722649858110405,62.17243827044038,68.51990800425361,68.51990800425361,7.105427357601002e-15,3.289484996276712,0.822371249069178,49.34227494415068,0.0,0.0,0.0,0.0,0.0,-3.552713678800501e-15,0.0,-0.0,0.0,0.0,0.045704935212626197,0.0
3,autumn_processing,秋季农产品加工日,60.0,14.75,0.25,62.10042940054785,26.297980267474482,18.761382366638284,0.0,0.0,0.0,20.69224999563167,47.66849072028417,3.552713678800501e-15,0.0,16.709613817026188,5.848364835959165,7.519326217661785,5.854882029114391,18.73562249316605,6.253794122212761,18.761382366638284,0.0,0.0,0.0,0.0,0.0,0.0,47.12019989456448,0.0,0.04303155664664615,60.87473010385362,0.0,0.0,0.0,0.0,0.0,0.0,12.4844752775454,11.20675107116141,14.696353124783023,6.756946505022219,15.81204890213321,0.0,70.0,10.5,42.5,45.0,0.6147417556310258,0.36539394395306907,1.0,43.47385999486534,18.934545792581627,11.632057067315735,0.37314797956861556,0.32726665779746916,0.2650339640317652,0.0,0.26989294616193016,1.215797007582597,0.8546173197896663,37.26534853193846,6.458463504347268,28.658804641185778,10.75015899767861,62.10042940054785,68.36074071591584,68.36074071591584,3.552713678800501e-15,3.341922763405238,0.8354806908513095,50.12884145107857,0.0,0.0,0.0,0.0,-7.105427357601002e-15,0.0,0.0,0.0,0.09176609247491996,0.0,0.013823022089045622,0.0
3,autumn_processing,秋季农产品加工日,60.0,15.0,0.25,62.29293515440018,26.523478954283828,18.632612065747406,0.0,0.0,0.0,19.494698458630268,47.732969252528875,7.105427357601002e-15,0.0,19.376302441375035,6.781705854481262,8.719336098618767,5.854882029114391,18.73562249316605,6.210870688582468,18.632612065747406,0.0,0.0,0.0,0.0,0.0,0.0,47.11784388456975,0.9314796375009902,0.0,61.06551915270819,0.0,0.34931430645663664,0.0,0.0,0.0,0.0,12.653780967822355,11.221107399472668,14.663440230986495,6.735465507506913,15.804128282568962,0.0,70.0,10.5,42.5,45.0,0.5791639458486054,0.36588819214178236,1.0,43.58991028660686,19.096904847084357,11.552219480763391,0.4035139748808098,0.3465115641755557,0.2588494424652272,0.0,0.27,1.269138294033066,0.8732524843498768,37.20303402106237,6.448904841234796,28.608956080075064,10.81015443866244,61.94362084794355,67.22766771115914,67.22766771115914,7.105427357601002e-15,3.875260488275007,0.9688151220687518,58.12890732412511,0.0,0.0,0.0,0.0,-7.105427357601002e-15,-3.552713678800501e-15,0.0,0.0,0.9333410185220972,0.0,-0.12877030089087782,0.0
3,autumn_processing,秋季农产品加工日,60.0,15.25,0.25,62.706813543335684,26.64050233430538,18.583053373854742,-0.0,0.0,-0.0,18.033860492779894,51.37463013017134,-3.552713678800501e-15,0.0,19.376302441375035,6.781705854481262,8.719336098618767,5.854882029114391,18.73562249316605,6.194351124618247,18.583053373854742,0.0,0.0,0.0,0.0,1.4341497803641703,0.0,47.45609856521203,0.8144562574794367,0.0,61.2284197542832,0.0,0.0,0.0,0.0,0.0,0.0,12.865527876919177,11.244437291907689,14.622220218779994,6.708275127831233,15.802275409518089,0.0,70.0,10.5,42.5,45.0,0.5357642142578454,0.3938026658436979,1.0,43.86613035328438,19.181161680699873,11.52149309178994,0.43648226849979155,0.365753215943676,0.2518385768315622,0.0,0.26989294616193016,1.314983128840475,0.8918490631377398,37.13277075612932,6.438656539357201,28.55208667543628,10.840412237545262,62.706813543335684,69.40849062295123,69.40849062295123,-3.552713678800501e-15,3.875260488275007,0.9688151220687518,58.12890732412511,0.0,0.0,0.0,0.0,0.0,0.0,0.0,-0.0,0.0,0.0,-0.049558691892663376,0.0
3,autumn_processing,秋季农产品加工日,60.0,15.5,0.25,62.757188764732774,26.836552011275934,18.367301857821214,0.0,0.0,0.0,16.388543362831015,48.62267076983467,7.105427357601002e-15,0.0,23.12348692491366,8.09322042371978,10.405569116211147,5.134682154707746,16.430982895064787,6.1224339526070715,18.367301857821214,0.0,0.0,0.0,0.0,0.0,0.0,47.45372576028377,0.0,0.0,61.197805544406066,0.0,0.9098703156621237,0.0,0.0,0.0,0.0,13.124040521215267,11.274959647894914,14.572329819169981,6.675685012698839,15.80174068810127,0.0,70.0,10.5,42.5,45.0,0.48688382951244097,0.3727080335388388,1.0,43.89627931982059,19.32231744811867,11.387727151849154,0.4707361454247402,0.38420159607224635,0.24413273252502546,0.0,0.26957224306869054,1.347520962613364,0.9095118583370103,37.04975551997009,6.426685831968468,28.484759665306502,10.892602688031397,61.84731844907065,65.01121413266569,65.01121413266569,7.105427357601002e-15,4.624697384982732,1.156174346245683,69.37046077474098,0.0,0.0,0.0,0.0,7.105427357601002e-15,0.0,0.0,0.0,1.3115145692385175,-2.3046395981012644,-0.21575151603352793,0.0
3,autumn_processing,秋季农产品加工日,60.0,15.75,0.25,63.09391325435706,27.230270433036157,18.29236806680747,0.0,0.0,0.0,14.79747823381976,46.601853597405196,1.7763568394002505e-15,0.0,26.870671408452278,9.404734992958296,12.091802133803526,4.730771343510197,15.138468299232631,6.0974560222691565,18.29236806680747,0.0,0.0,0.0,0.0,0.0,0.0,47.451353073995755,0.0,0.0,61.16720664163387,0.0,3.1180737959531637,0.0,0.0,0.0,0.0,13.43240713196243,11.310084958715263,14.513534254454568,6.638061347741322,15.797360481274225,0.0,70.0,10.5,42.5,45.0,0.439615206190271,0.3572178356012756,1.0,44.120966386514326,19.605794711786032,11.34126820142063,0.5047821989270429,0.4010168294553017,0.23587112835802132,0.0,0.26903926402016154,1.3857567973145124,0.9252568665845489,36.948956083470115,6.411894459008316,28.40338902404954,10.999045515698791,59.9758394584039,61.399331831224956,61.399331831224956,1.7763568394002505e-15,5.374134281690456,1.343533570422614,80.61201422535683,0.0,0.0,0.0,0.0,0.0,0.0,0.0,0.0,1.3115145692385166,-1.2925145958321558,-0.07493379101374487,0.0
3,autumn_processing,秋季农产品加工日,60.0,16.0,0.25,63.52956486798399,27.547678104881236,17.993226661065357,0.0,0.0,0.0,13.002238617301757,48.35687585514158,-1.7763568394002505e-15,0.0,30.617855891990896,10.716249562196813,13.778035151395903,4.303013422964166,13.769642953485333,5.997742220355119,17.993226661065357,0.0,0.0,0.0,0.0,0.0,0.0,47.44898050634205,0.0,0.0,61.136623038313054,0.0,1.754956476663132,0.0,0.0,0.0,0.0,13.791971113960582,11.346524045691606,14.445746536998465,6.595820013161198,15.783820517930295,0.0,132.0,19.8,42.5,45.0,0.3862808054426659,0.37067063208779916,1.0,44.41984602559496,19.834328235514487,11.155800529860521,0.5370170267312674,0.4153700648473758,0.2271966900143889,0.0,0.26829629131445343,1.4127469778637485,0.9380735025107875,36.82538706808996,6.393177700753496,28.304438283087247,11.082103163647094,61.77460839132086,61.35911447244334,61.35911447244334,-1.7763568394002505e-15,6.12357117839818,1.530892794599545,91.8535676759727,0.0,0.0,0.0,0.0,-7.105427357601002e-15,0.0,0.0,0.0,1.3115145692385166,-1.3688253457472985,-0.29914140574211245,0.0
3,autumn_processing,秋季农产品加工日,60.0,16.25,0.25,63.5185624177899,27.854292207498972,17.746148408878664,0.0,0.0,0.0,11.42429597388422,47.75776653737555,3.552713678800501e-15,0.0,33.308306520343294,11.657907282120153,14.988737934154482,4.181492325537655,13.380775441720496,5.915382802959555,17.746148408878664,0.0,0.0,0.0,0.0,0.039960033243340534,0.0,47.45609856521203,0.5152211683760075,0.0,61.2284197542832,0.0,2.815427786150531,0.0,0.0,0.0,0.0,14.201838572686528,11.380436110296,14.369041516746515,6.549418941765688,15.755916745296158,0.0,132.0,19.8,42.5,45.0,0.33940203531837604,0.36607827111371005,1.0,44.4115718685857,20.055090389399258,11.002612013504772,0.5658196238378864,0.42651002656886233,0.21825200253686833,0.0,0.2673465064747553,1.4263167060612647,0.9469998703756628,36.67437720380836,6.36948207549256,28.184612729594004,11.159220347594275,60.70313463163937,59.18206251125977,59.18206251125977,3.552713678800501e-15,6.661661304068659,1.6654153260171647,99.92491956102988,0.0,0.0,0.0,0.0,-1.4210854715202004e-14,0.0,0.0,0.0,0.9416577199233398,-0.38886751176483614,-0.247078252186693,0.0
3,autumn_processing,秋季农产品加工日,60.0,16.5,0.25,63.893613987504054,28.161696212863326,17.49270657547892,0.0010035559164727204,0.0,0.0010035559164727204,9.740180702118906,45.38638604456988,1.7763568394002505e-15,0.0,33.308306520343294,11.657907282120153,14.988737934154482,1.771790859134103,5.66973074922913,5.830902191826307,17.49270657547892,0.0,0.0,0.0,0.0,0.00999075759268994,0.0,47.45609856521203,0.0,7.503227529479714,59.22327198401667,0.0,4.7208202113317315,0.0,0.0,0.0,0.0,14.65845021373323,11.40760906613583,14.283663994610707,6.499349875461849,15.708801015390595,0.0,132.0,19.8,42.5,45.0,0.289369004639325,0.34790089528773444,1.0,44.665420693469564,20.276421273261594,10.84547807679693,0.5896614007468814,0.4338276988441664,0.209175518748274,0.0,0.2661939766255643,1.4447317455761834,0.9512031241200576,36.49181488546316,6.339858880322348,28.041035539774768,11.232807112408988,59.17279377617232,55.12656674668879,55.12656674668879,1.7763568394002505e-15,6.662213259822718,1.6655533149556796,99.93319889734077,0.0,0.0,0.0,0.0,0.0,0.0,0.0,0.0010035559164727204,0.0,-7.711044692491367,-0.25344183339974435,0.0
3,autumn_processing,秋季农产品加工日,60.0,16.75,0.25,64.09195700244223,28.546914611269038,17.480234543833596,3.317065363293154,0.0,3.317065363293154,8.033847785065973,41.93121327872163,0.0,0.0,33.308306520343294,11.657907282120153,14.988737934154482,0.47255544411796857,1.5121774211774994,5.826744847944532,17.480234543833596,0.0,0.0,0.0,0.0,0.0,0.7268377539682215,47.262452667134234,0.0,12.045999255937057,56.0236605438307,0.0,4.724385831335601,0.0,0.0,0.0,0.0,15.15527045119428,11.423662977284952,14.190030507583382,6.446129727153869,15.638200418268948,0.0,132.0,19.8,42.5,45.0,0.23867591455286394,0.3214159114991602,1.0,44.78933378858264,20.553778520113706,10.83774541717683,0.6072219917723533,0.4369113068574799,0.20009815907917758,0.0,0.26484363707663444,1.46441646205934,0.9500554103146222,36.2743606530062,6.30351110381687,27.871399662421005,11.32370254461605,59.367571171106626,49.9650610637876,49.9650610637876,0.0,8.486047253879894,2.1215118134699735,127.29070880819842,0.0,0.0,0.0,0.0,0.0,0.0,0.0,3.3160618073766814,0.0,-4.15755332805163,-0.012472031645323511,0.0
3,autumn_processing,秋季农产品加工日,60.0,17.0,0.25,64.48120277684534,28.97452092226098,17.224440711481876,3.317065363293154,0.0,3.317065363293154,6.1968783441383835,44.027318815841504,2.6645352591003757e-15,0.0,33.308306520343294,11.657907282120153,14.988737934154482,0.4725554441179686,1.5121774211774996,5.7414802371606255,17.224440711481876,0.0,0.0,0.0,0.0,0.0,0.7722032848427556,47.056878153752784,0.0,12.473605566928997,52.71312093278801,0.0,4.723865367887978,0.0,0.0,0.0,0.0,15.68264543060206,11.424265804661523,14.088724698144985,6.3902917592023005,15.54060101670585,0.0,132.0,19.8,42.5,45.0,0.18410177112260545,0.337483218384213,1.0,45.055685544099696,20.861655064027904,10.679153241118764,0.6174969240018547,0.43558462913729873,0.1911404109966581,0.0,0.26330127018922195,1.4633602000936425,0.9431957403735114,36.019617474053135,6.259831704109099,27.674088909495275,11.42139738197631,59.757337408957355,50.22419715997989,50.22419715997989,2.6645352591003757e-15,8.486047253879894,2.1215118134699735,127.29070880819842,0.0,0.0,0.0,0.0,7.105427357601002e-15,0.0,0.0,0.0,0.0,2.220446049250313e-16,-0.2557938323517206,0.0
3,autumn_processing,秋季农产品加工日,60.0,17.25,0.25,64.87334590068815,29.436642493594245,17.034623486653384,3.317065363293154,0.0,3.317065363293154,4.7580663572706285,42.25886512807926,1.7763568394002505e-15,0.0,33.308306520343294,11.657907282120153,14.988737934154482,0.4725554441179686,1.5121774211774996,5.678207828884461,17.034623486653384,0.0,0.0,0.0,0.0,0.0,4.314010196128154,45.91925946875873,0.0,12.935727138262264,49.28262565172629,0.0,4.7181948467992365,0.0,0.0,0.0,0.0,16.227873886280154,11.40534970173955,13.980486487491063,6.332376787231772,15.413389057998849,0.0,132.0,19.8,42.5,45.0,0.1413564047648254,0.32392746577057235,1.0,45.322148939439714,21.194382595387857,10.561466561725098,0.6198832638765847,0.4299236473691615,0.18241000511889055,0.0,0.26157348061512725,1.4568038539265418,0.93056950670659,35.726252332721685,6.208431792960393,27.448263619021525,11.523260071624724,60.155151053888915,47.016931485349886,47.016931485349886,1.7763568394002505e-15,8.486047253879894,2.1215118134699735,127.29070880819842,0.0,0.0,0.0,0.0,-7.105427357601002e-15,3.552713678800501e-15,0.0,0.0,0.0,0.0,-0.1898172248284915,0.0
3,autumn_processing,秋季农产品加工日,60.0,17.5,0.25,65.10073888191188,29.79365673997176,16.77781925630382,3.317065363293154,0.0,3.317065363293154,3.149852659127262,39.84791739719603,-1.7763568394002505e-15,0.0,33.308306520343294,11.657907282120153,14.988737934154482,0.47288962829384884,1.5132468105403163,5.59260641876794,16.77781925630382,0.0,0.0,0.0,0.0,0.0,8.487125644727321,43.68350938875179,0.0,13.291671995276962,45.760175919090706,0.0,4.706366582509755,0.0,0.0,0.0,0.0,16.775520125203908,11.363315896054793,13.86619556181607,6.27292460941646,15.254945286194673,0.0,132.0,19.8,42.5,45.0,0.09357831816548359,0.3054467946450387,1.0,45.46645827141081,21.451432852779664,10.402247938908369,0.6142316444874159,0.42024932707367646,0.17400021229129375,0.0,0.2596676670145618,1.452141464536675,0.9124400792481671,35.3940654574272,6.14915786007572,27.19390830837486,11.589948007460452,60.39437229940212,42.99777005632329,42.99777005632329,-1.7763568394002505e-15,8.486047253879894,2.1215118134699735,127.29070880819842,0.0,0.0,0.0,0.0,0.0,0.0,0.0,0.0,0.0,0.0010693893628166418,-0.25680423034956235,0.0
3,autumn_processing,秋季农产品加工日,60.0,17.75,0.25,65.10219031921248,30.272379329672706,16.450307382424487,3.317065363293154,0.0,3.317065363293154,1.9331479109113232,34.96979090860991,1.3322676295501878e-15,0.0,33.308306520343294,11.657907282120153,14.988737934154482,0.6224904375753948,1.9919694002412633,5.483435794141496,16.450307382424487,0.0,0.0,0.0,0.0,0.0,14.64274012235061,39.827972549505866,0.0,13.291671995276962,42.239487411321434,0.0,4.687464963644225,0.0,0.0,0.0,0.0,17.30797776020305,11.295216779883745,13.746849937312774,6.212465846968564,15.064690596800894,0.0,132.0,19.8,42.5,45.0,0.05743148961079424,0.26805442392313655,1.0,45.461084634904665,21.796113117364346,10.199190577103183,0.6008572872556105,0.4070974743841167,0.1659887734732613,0.0,0.25759199037394886,1.4283130830479989,0.8893705695895319,35.02400638108223,6.082097776228071,26.91184080919357,11.684907787490005,60.41472535556826,36.90293881952123,36.90293881952123,1.3322676295501878e-15,8.486047253879894,2.1215118134699735,127.29070880819842,0.0,0.0,0.0,0.0,7.105427357601002e-15,3.552713678800501e-15,0.0,0.0,0.0,0.47872258970094705,-0.32751187387933456,0.0
3,autumn_processing,秋季农产品加工日,60.0,18.0,0.25,65.43206776135527,30.45331225271923,16.19115369025909,3.317065363293154,0.0,3.317065363293154,0.9788211674635292,35.62415293888077,-8.881784197001252e-16,0.0,33.308306520343294,11.657907282120153,14.988737934154482,0.6790319760274333,2.1729023232877864,5.397051230086363,16.19115369025909,0.0,0.0,0.0,0.0,0.0,15.269499454800986,35.8076918206676,0.0,13.291671995276962,38.72055924780605,0.0,4.66070476091047,0.0,0.0,0.0,0.0,17.80626793562408,11.198905185499036,13.623540579102446,6.151514362137339,14.843083816729632,0.0,132.0,19.8,42.5,45.0,0.02907959468218144,0.2730703142817559,1.0,45.686059185122296,21.926384821957843,10.038515287960635,0.580508082533798,0.3911696028194936,0.15843744412450295,0.0,0.2553553390593274,1.3979515292932543,0.8621778226788885,34.61813875796942,6.007575894357533,26.603684351183354,11.690803666743705,60.7713630004448,36.6029741063443,36.6029741063443,-8.881784197001252e-16,8.486047253879894,2.1215118134699735,127.29070880819842,0.0,0.0,0.0,0.0,7.105427357601002e-15,0.0,0.0,0.0,0.0,0.1809329230465231,-0.2591536921653983,0.0
3,autumn_processing,秋季农产品加工日,60.0,18.25,0.25,65.16441408472477,30.654459652624915,15.754397081526353,3.317065363293154,0.0,3.317065363293154,0.4449727858796635,33.96991137591299,2.220446049250313e-16,0.0,33.308306520343294,11.657907282120153,14.988737934154482,0.7418905384979602,2.3740497231934725,5.251465693842118,15.754397081526353,0.0,0.0,0.0,0.0,0.0,17.142443055704458,31.294732210891176,0.0,13.291671995276962,35.203390548372425,0.0,4.625470454154429,0.0,0.0,0.0,0.0,18.25102942665987,11.073142848277968,13.497423201735861,6.090560396487061,14.591574720022926,0.0,132.0,19.8,42.5,45.0,0.013219604038103181,0.2603900334545159,1.0,45.50453093417096,22.071210949889938,9.76772619054634,0.5542935604533574,0.37327107404522153,0.15139210845489745,0.0,0.25296729075500346,1.346318924219099,0.8318643218169911,34.17955831824585,5.926138093981018,26.27180583674935,11.696976984058068,60.53894363057034,34.414884161792656,34.414884161792656,2.220446049250313e-16,8.486047253879894,2.1215118134699735,127.29070880819842,0.0,0.0,0.0,0.0,7.105427357601002e-15,0.0,0.0,0.0,0.0,0.2011473999056861,-0.43675660873273614,0.0
3,autumn_processing,秋季农产品加工日,60.0,18.5,0.25,64.9688825244378,30.876085558857422,15.32263452962408,3.317065363293154,0.0,3.317065363293154,0.1166766963627488,30.679122047991772,1.7486012637846216e-15,0.0,33.308306520343294,11.657907282120153,14.988737934154482,0.8111486341956187,2.5956756294259797,5.107544843208027,15.32263452962408,0.0,0.0,0.0,0.0,0.0,20.53545037942543,25.889101584958148,0.0,13.291671995276962,31.687980433288516,0.0,4.581354232648184,0.0,0.0,0.0,0.0,18.623633462480015,10.917662619097412,13.369688467813436,6.030064545566906,14.312517391282487,0.0,132.0,19.8,42.5,45.0,0.0034663237288553653,0.23516510031569224,1.0,45.377666961965964,22.230781602377345,9.50003340836693,0.5235836861312604,0.354244085407101,0.1448833975799133,0.0,0.25043807145043606,1.2858388296732086,0.7995363756307481,33.71227040466283,5.838528060421803,25.919225035805407,11.70396225055628,60.38752829178962,30.79579874435452,30.79579874435452,1.7486012637846216e-15,8.486047253879894,2.1215118134699735,127.29070880819842,0.0,0.0,0.0,0.0,-7.105427357601002e-15,3.552713678800501e-15,0.0,0.0,0.0,0.22162590623250722,-0.4317625519022723,0.0
3,autumn_processing,秋季农产品加工日,60.0,18.75,0.25,64.32557612827618,31.188512414950743,14.923428621336459,3.317065363293154,0.0,3.317065363293154,0.0,31.476218140391694,0.0,0.0,33.308306520343294,11.657907282120153,14.988737934154482,0.9087820267247815,2.9081024855193007,4.974476207112153,14.923428621336459,0.0,0.0,0.0,0.0,0.0,19.22945391345755,20.827424521074285,0.0,13.291671995276962,28.174328023262145,0.0,4.528189662850573,0.0,0.0,0.0,0.0,18.90733686283784,10.733181886013655,13.241531824429998,5.970452657385938,14.009050636577143,0.0,132.0,19.8,42.5,45.0,0.0,0.24127509206308465,1.0,44.93130548582714,22.455728938764533,9.252525745228604,0.48989001434487245,0.33490320327283973,0.13892773002937972,0.0,0.24777851165098014,1.2327372776753642,0.766318290406566,33.221035118393075,5.74565643730804,25.54950056674285,11.73204880336097,59.79738646542561,31.476218140391694,31.476218140391694,0.0,8.486047253879894,2.1215118134699735,127.29070880819842,0.0,0.0,0.0,0.0,0.0,0.0,0.0,0.0,0.0,0.312426856093321,-0.39920590828762137,0.0
3,autumn_processing,秋季农产品加工日,60.0,19.0,0.25,63.51309975272065,31.216374894574503,14.524777800568474,3.317065363293154,0.0,3.317065363293154,0.0,33.16861388170614,0.0,0.0,33.308306520343294,11.657907282120153,14.988737934154482,0.9174890516072065,2.935964965143061,4.841592600189491,14.524777800568474,0.0,0.0,0.0,0.0,0.0,16.66251719581164,16.441510203582006,0.0,13.291671995276962,24.662432439440803,0.0,4.466077681586255,0.0,0.0,0.0,0.0,19.088376119107036,10.521367686577218,13.114124176439542,5.912111712452298,13.684953258653099,0.0,132.0,19.8,42.5,45.0,0.0,0.2542478366435025,1.0,44.37021238619936,22.475789924093643,9.005362236352454,0.4547433062383259,0.3159801470724613,0.13352868346558616,0.0,0.245,1.1746135942260716,0.7332720752531645,32.71118914754494,5.64856472631784,25.166599276562053,11.676845494034604,59.04702207113439,33.16861388170614,33.16861388170614,0.0,8.486047253879894,2.1215118134699735,127.29070880819842,0.0,0.0,0.0,0.0,-7.105427357601002e-15,3.552713678800501e-15,0.0,0.0,0.0,0.027862479623760095,-0.3986508207679851,0.0
3,autumn_processing,秋季农产品加工日,60.0,19.25,0.25,62.7256586137287,31.400257852962802,14.069198720285618,3.317065363293154,0.0,3.317065363293154,0.0,33.29796095503443,0.0,0.0,33.308306520343294,11.657907282120153,14.988737934154482,0.97495247610355,3.11984792353136,4.689732906761873,14.069198720285618,0.0,0.0,0.0,0.0,0.0,15.722008736067618,12.303317408054035,0.0,13.291671995276962,21.152292803411356,0.0,4.39540166007876,0.0,0.0,0.0,0.0,19.156904495555082,10.284756910331824,12.988584496630478,5.855386713589334,13.344482633477131,0.0,132.0,19.8,42.5,45.0,0.0,0.2552393225610983,1.0,43.85221675654947,22.608185654133216,8.722903206577083,0.4195811110469304,0.29808267226606755,0.12867860273305876,0.0,0.24211443451095008,1.0815356967977825,0.7013307146978284,32.18845384369695,5.548385927406706,24.774755977162137,11.662510009942617,58.330256953649936,33.29796095503443,33.29796095503443,0.0,8.486047253879894,2.1215118134699735,127.29070880819842,0.0,0.0,0.0,0.0,0.0,0.0,0.0,0.0,0.0,0.18388295838829904,-0.4555790802828561,0.0
3,autumn_processing,秋季农产品加工日,60.0,19.5,0.25,61.861507600759985,31.37388181724506,13.657317508973733,3.317065363293154,0.0,3.317065363293154,0.0,34.051593248637346,0.0,0.0,33.308306520343294,11.657907282120153,14.988737934154482,0.97495247610355,3.11984792353136,4.552439169657911,13.657317508973733,0.0,0.0,0.0,0.0,0.0,14.04550451755689,8.606516842826554,0.0,13.265295959559218,17.650849299230913,0.0,4.316828834913906,0.0,0.0,0.0,0.0,19.107684840650716,10.026637592105136,12.865955324682458,5.800578585294906,12.99220515314225,0.0,132.0,19.8,42.5,45.0,0.0,0.2610161506479332,1.0,43.2614693179568,22.58919490841644,8.467536855563715,0.3856563158022558,0.2816700674925515,0.1243603509825903,0.0,0.2391341716182545,1.0183379132463364,0.6712505366972487,31.65873906311961,5.446303918006273,24.378330446868354,11.587330123217814,57.54467876584608,34.051593248637346,34.051593248637346,0.0,8.486047253879894,2.1215118134699735,127.29070880819842,0.0,0.0,0.0,0.0,0.0,0.0,0.0,0.0,0.0,0.0,-0.4118812113118846,0.0
3,autumn_processing,秋季农产品加工日,60.0,19.75,0.25,60.64766970796518,31.530654071537338,13.263948490285848,3.317065363293154,0.0,3.317065363293154,0.0,38.69153116423304,0.0,0.0,33.308306520343294,11.657907282120153,14.988737934154482,1.0157012944080923,3.2502441421058954,4.421316163428616,13.263948490285848,0.0,0.0,0.0,0.0,0.0,8.186886972750646,6.451642576786875,0.0,13.291671995276962,14.14421545477157,0.0,4.231296383404898,0.0,0.0,0.0,0.0,18.940471802114686,9.750899397517895,12.74718192055484,5.747943055948842,12.632826768908181,0.0,132.0,19.8,42.5,45.0,0.0,0.2965827311932546,1.0,42.41601141789027,22.70207093150688,8.223648063977226,0.3539738484097968,0.26704539826476054,0.12054911680174364,0.0,0.23607197326515808,0.9727751187679876,0.6435852054522306,31.127951745411863,5.343513469697172,23.981668199762673,11.562327402909833,56.41637332456028,38.69153116423304,38.69153116423304,0.0,8.486047253879894,2.1215118134699735,127.29070880819842,0.0,0.0,0.0,0.0,0.0,3.552713678800501e-15,0.0,0.0,0.0,0.13039621857453554,-0.3933690186878849,0.0
3,autumn_processing,秋季农产品加工日,60.0,20.0,0.25,59.62991073246618,31.58907054026989,12.86609432426906,3.317065363293154,0.0,3.317065363293154,0.0,41.36161817264181,0.0,0.0,33.308306520343294,11.657907282120153,14.988737934154482,1.033956440887015,3.308660610838448,4.288698108089687,12.86609432426906,0.0,0.0,0.0,0.0,0.0,4.475992733272815,5.273427170112559,0.0,13.291671995276962,10.63933492723446,0.0,4.139981730114955,0.0,0.0,0.0,0.0,18.660046250930094,9.4618628661314,12.633095626576477,5.6976904724469435,12.271031134891508,0.0,132.0,19.8,42.5,45.0,0.0,0.317049786221812,1.0,41.71551367600579,22.74413078899432,7.976978481046817,0.32525833999381004,0.2543625766798758,0.11721420006985696,0.0,0.23294095225512607,0.9201496344278788,0.6186809073789876,30.60181723391493,5.241182609905758,23.588970812155907,11.509540593351797,55.489929002351225,41.36161817264181,41.36161817264181,0.0,8.486047253879894,2.1215118134699735,127.29070880819842,0.0,0.0,0.0,0.0,7.105427357601002e-15,3.552713678800501e-15,0.0,0.0,0.0,0.05841646873255257,-0.39785416601678847,0.0
3,autumn_processing,秋季农产品加工日,60.0,20.25,0.25,58.46993854306271,31.714859211206033,12.228935652958295,3.317065363293154,0.0,3.317065363293154,0.0,44.695070346191144,0.0,0.0,33.308306520343294,11.657907282120153,14.988737934154482,1.1680507131836189,3.7377622821875804,4.0763118843194315,12.228935652958295,0.0,0.0,0.0,0.0,0.0,0.0,5.2731634987540525,0.0,12.98835899486397,7.216026050596114,0.0,4.04425814896131,0.0,0.0,0.0,0.0,18.27589845033586,9.164097725451775,12.524401769393899,5.649986476440852,11.911331793925557,0.0,132.0,19.8,42.5,45.0,0.0,0.3426017434637437,1.0,40.92912114509023,22.834698632068342,7.581940104834143,0.29995137422673773,0.2436448812700222,0.11432071156928099,0.0,0.2297545161008064,0.8521795194716651,0.5966898285764928,30.08572003976031,5.140418772750244,23.204180641492776,11.47619922015956,54.4256803941014,44.695070346191144,44.695070346191144,0.0,8.486047253879894,2.1215118134699735,127.29070880819842,0.0,0.0,0.0,0.0,0.0,0.0,0.0,0.0,0.0,0.42910167134913246,-0.6371586713107646,0.0
3,autumn_processing,秋季农产品加工日,60.0,20.5,0.25,57.2191420545481,31.80889787555834,11.726596636172863,0.9628401480372206,0.0,0.9628401480372206,0.0,49.3319253811187,0.0,0.0,33.308306520343294,11.657907282120153,14.988737934154482,4.770303390763506,15.26497085044322,3.908865545390954,11.726596636172863,0.0,0.0,0.0,0.0,-0.0,0.0,5.2728998405791145,0.0,1.5551890909606385,6.803157750475911,0.0,3.945638179426481,0.0,0.0,0.0,0.0,17.80159066974146,8.862240603255247,12.421672211176835,5.604953454714412,11.557943551461126,0.0,132.0,19.8,42.5,45.0,0.0,0.37814469276106366,1.0,40.0613342583787,22.902406470402003,7.270489914427174,0.2782335984832168,0.23481081539252383,0.11183113515097548,0.0,0.2265263096110026,0.8138036083074164,0.577597346010223,29.58456921735237,5.0422398685112615,22.830883652824337,11.435317520796492,53.27350387512162,49.3319253811187,49.3319253811187,0.0,7.19122338548913,1.7978058463722826,107.86835078233696,0.0,0.0,0.0,0.0,-7.105427357601002e-15,0.0,0.0,-2.3542252152559335,0.0,11.52720856825564,-0.5023390167854327,0.0
3,autumn_processing,秋季农产品加工日,60.0,20.75,0.25,56.091016644913275,31.524155606143967,11.249495141754222,0.0,0.0,0.0,0.0,50.525084687656445,0.0,0.0,33.308306520343294,11.657907282120153,14.988737934154482,5.171793784174659,16.549740109358908,3.749831713918074,11.249495141754222,0.0,0.0,0.0,0.0,0.002220223860913812,0.0,5.2731634987540525,0.01432243736942203,0.0,6.803157750475911,0.0,2.831870397090326,0.0,0.0,0.0,0.0,17.25386028850374,8.560821789621496,12.32534245100286,5.5626726635783195,11.21467674636287,0.0,132.0,19.8,42.5,45.0,0.0,0.38729063336443625,1.0,39.28075714594211,22.697392036423654,6.974686987887618,0.2600648307077429,0.22770315489504442,0.10970671546551213,0.0,0.22327015646150716,0.777445853184017,0.5612575917316338,29.10269186094405,4.947551057764272,22.47223285984085,11.290419197151895,53.25914624782295,50.525084687656445,50.525084687656445,0.0,6.661661304068659,1.6654153260171647,99.92491956102988,0.0,0.0,0.0,0.0,-7.105427357601002e-15,0.0,0.0,-0.9628401480372206,0.0,1.2847692589156878,-0.47710149441864047,0.0
3,autumn_processing,秋季农产品加工日,60.0,21.0,0.25,54.60399372045727,31.344461710945094,10.916328614978724,0.0,0.0,0.0,0.0,49.80899848855732,0.0,0.0,33.308306520343294,11.657907282120153,14.988737934154482,5.171793784174659,16.549740109358908,3.638776204992908,10.916328614978724,0.0,0.0,0.0,0.0,-0.0,0.0,5.2728998405791145,0.19401633256829598,0.0,6.845835050585644,0.0,1.9476579389473543,0.0,0.0,0.0,0.0,16.65154728656929,8.264109430262216,12.235712992234431,5.523186918596117,10.884856644005794,0.0,132.0,19.8,42.5,45.0,0.0,0.38180160787725315,1.0,38.27271550343978,22.568012431880465,6.768123741286809,0.2452344816370877,0.22211756158180204,0.10790864805221334,0.0,0.22,0.7107317797250653,0.5474321449272341,28.643756554836344,4.857127666096708,22.130893667619688,11.177578428473359,52.65633578150992,49.80899848855732,49.80899848855732,0.0,6.661661304068659,1.6654153260171647,99.92491956102988,0.0,0.0,0.0,0.0,-1.4210854715202004e-14,0.0,0.0,0.0,0.0,0.0,-0.3331665267754982,0.0
3,autumn_processing,秋季农产品加工日,60.0,21.25,0.25,53.188942936723784,31.205902844614464,10.552489667504704,0.0,0.0,0.0,0.0,53.624494183918976,0.0,0.0,33.308306520343294,11.657907282120153,14.988737934154482,5.171793784174659,16.549740109358908,3.517496555834901,10.552489667504704,0.0,0.0,0.0,0.0,3.40416818930579,0.0,6.081126140547211,0.33257519889892606,0.0,6.921398742798846,0.0,0.0,0.0,0.0,0.0,0.0,16.0144428229776,7.975977807219714,12.152954537727314,5.486503736387345,10.571268735731614,0.0,132.0,19.8,42.5,45.0,0.0,0.41104858002170375,1.0,37.27976580396945,22.468250048122414,6.542543593852916,0.23341499392968873,0.21782802792703376,0.1063990612206606,0.0,0.21672984353849287,0.6976023223166827,0.5358273738844774,28.210727009846273,4.771604338937955,21.809011242447184,11.079401467834728,53.188942936723784,53.624494183918976,53.624494183918976,0.0,6.661661304068659,1.6654153260171647,99.92491956102988,0.0,0.0,0.0,0.0,-7.105427357601002e-15,0.0,0.0,0.0,0.0,0.0,-0.36383894747402046,0.0
3,autumn_processing,秋季农产品加工日,60.0,21.5,0.25,51.64886183760789,30.794968940522786,10.098229517157222,0.0,0.0,0.0,0.0,54.17124516023546,0.0,0.0,33.308306520343294,11.657907282120153,14.988737934154482,7.2905353175185255,23.329713016059284,3.366076505719074,10.098229517157222,0.0,0.0,0.0,0.0,3.52367878151012,0.0,6.917695794848837,7.523482009690977,0.0,8.704765020729054,0.0,0.0,0.0,0.0,0.0,0.0,15.362157267266147,7.699804346037144,12.077116457034323,5.452598814468941,10.276129406514727,0.0,132.0,19.8,42.5,45.0,0.0,0.4152395978739106,1.0,36.18218848150938,22.172377637176403,6.260902300637477,0.22421227301478436,0.2146074550310612,0.10514179014121908,0.0,0.2134736903889974,0.7116313369852894,0.526127131073562,27.80584467801799,4.691470230881768,21.508198989620663,10.908502501676546,51.64886183760789,54.17124516023546,54.17124516023546,0.0,6.661661304068659,1.6654153260171647,99.92491956102988,0.0,0.0,0.0,0.0,0.0,3.552713678800501e-15,0.0,0.0,0.0,6.779972906700376,-0.4542601503474817,0.0
3,autumn_processing,秋季农产品加工日,60.0,21.75,0.25,50.30864774837327,30.579887882119266,9.633926744782235,0.0,0.0,0.0,0.0,53.75106911858303,0.0,0.0,33.308306520343294,11.657907282120153,14.988737934154482,9.025881857263043,28.88282194324174,3.2113089149274114,9.633926744782235,0.0,0.0,0.0,0.0,2.8631378801394582,0.0,7.597345156592215,13.291671995276957,0.0,11.857184737096969,0.0,0.0,0.0,0.0,0.0,0.0,14.713097038148181,7.438397853978596,12.008137890887062,5.421419737755537,10.001080291245833,0.0,132.0,19.8,42.5,45.0,0.0,0.4120188166262963,1.0,35.23005886365346,22.01751927512587,5.973034581764986,0.21720886170947123,0.21224266160323083,0.10410295255905022,0.0,0.21024548389919362,0.7200191313368232,0.5180188317279556,27.430637919888433,4.617069763776527,21.229546339058672,10.796276638438089,50.30864774837327,53.75106911858303,53.75106911858303,0.0,6.661661304068659,1.6654153260171647,99.92491956102988,0.0,0.0,0.0,0.0,-7.105427357601002e-15,0.0,0.0,0.0,0.0,5.553108927182457,-0.46430277237498707,0.0
3,autumn_processing,秋季农产品加工日,60.0,22.0,0.25,48.97403948720031,30.168130640948426,9.526148233478052,-0.0,0.0,-0.0,0.0,57.35011532503703,0.0,0.0,30.006475541673726,10.502266439585803,13.502913993753177,9.361527700772564,29.956888642472208,3.175382744492684,9.526148233478052,0.0,0.0,0.0,0.0,6.341431832157273,0.0,9.103055349471738,13.291671995276957,0.0,15.008028243606699,0.0,0.0,0.0,0.0,0.0,0.0,14.083621779353868,7.1939584092121684,11.945860818101217,5.392889806010945,9.74720372315027,0.0,62.0,9.299999999999999,42.5,45.0,0.0,0.439606635497305,1.0,34.28361857893867,21.721054061482867,5.906211904756392,0.21199751034570122,0.2105439424813734,0.10325134241556064,0.0,0.20705904774487396,0.7277446485587604,0.5112121918895917,27.08595434726243,4.548608282347175,20.973643351956557,10.633004434113484,48.97403948720031,57.35011532503703,57.35011532503703,0.0,6.001295108334745,1.5003237770836864,90.01942662502118,0.0,0.0,0.0,0.0,7.105427357601002e-15,0.0,0.0,-0.0,-1.1556408425343498,1.0740666992304675,-0.1077785113041827,0.0
3,autumn_processing,秋季农产品加工日,60.0,22.25,0.25,47.873734158660724,29.695776962672184,9.297864565307533,-0.0,0.0,-0.0,0.0,61.363343890701984,0.0,0.0,26.259291058135105,9.190751870347286,11.816680976160798,9.740864994308858,31.170767981788345,3.0992881884358443,9.297864565307533,0.0,0.0,0.0,0.0,9.840208419643838,0.0,11.439649696369676,13.291671995276957,0.0,18.157296328363174,0.0,0.0,0.0,0.0,0.0,0.0,13.487429647284715,6.968067432861792,11.890044406348059,5.366911884728261,9.515056010483105,0.0,62.0,9.299999999999999,42.5,45.0,0.0,0.47036929215866724,1.0,33.50509756904577,21.38095941312397,5.76467603049067,0.20820450771334104,0.2093498703892413,0.10255866241721266,0.0,0.20392802673484192,0.7313817865178063,0.5054509085457295,26.77201230155943,4.486161790319137,20.740619185365627,10.456880582213433,47.873734158660724,61.363343890701984,61.363343890701984,0.0,5.251858211627021,1.3129645529067553,78.77787317440531,0.0,0.0,0.0,0.0,7.105427357601002e-15,0.0,0.0,0.0,-1.3115145692385166,1.2138793393161365,-0.22828366817051915,0.0
3,autumn_processing,秋季农产品加工日,60.0,22.5,0.25,46.73665558466237,29.353922760676674,9.082852211218711,-0.0,0.0,-0.0,0.0,60.56223711269261,0.0,0.0,22.51210657459648,7.879237301108767,10.130447958568416,10.160983374182878,32.51514679738521,3.0276174037395704,9.082852211218711,0.0,0.0,0.0,0.0,8.51621805121655,0.0,13.461679501048788,13.291671995276957,0.0,21.30498977907727,0.0,0.0,0.0,0.0,0.0,0.0,12.935192198292302,6.761704899897761,11.840379996809487,5.343372192075292,9.304714866400865,0.0,62.0,9.299999999999999,42.5,45.0,0.0,0.46422855724717105,1.0,32.7154675287747,21.134824387687203,5.631368370955601,0.20550346651129045,0.2085283525950305,0.10199961937688362,0.0,0.20086582838174552,0.7152994785518353,0.5005182544973265,26.488467055285643,4.429689864798881,20.530191186504773,10.321416824307649,46.73665558466237,60.56223711269261,60.56223711269261,0.0,4.502421314919296,1.125605328729824,67.53631972378943,0.0,0.0,0.0,0.0,7.105427357601002e-15,0.0,0.0,0.0,-1.3115145692385193,1.344378815596869,-0.21501235408882202,0.0
3,autumn_processing,秋季农产品加工日,60.0,22.75,0.25,45.84503591565853,28.938331737216217,8.739657401672568,0.0,0.0,0.0,0.0,62.25281696227675,0.0,0.0,18.764922091057862,6.567722731870251,8.444214940976039,10.558058997349104,33.785788791517135,2.913219133890856,8.739657401672568,0.0,0.0,0.0,0.0,12.199552802277818,0.0,16.358400207614718,13.291671995276957,0.0,24.45110938306601,0.0,2.695327155029302,0.0,0.0,0.0,0.0,12.434434919458196,6.575289458328243,11.796506128069264,5.322143946123236,9.115837151792075,0.0,62.0,9.299999999999999,42.5,45.0,0.0,0.47718738244748893,1.0,32.09365793688909,20.835598850795677,5.418587589036992,0.20362111680990788,0.2079750471438282,0.10155190720389393,0.0,0.19788556548904992,0.70586447379161,0.4962379275822495,26.234487225984576,4.379050819064751,20.341721322850304,10.169355089432976,43.149708760629224,62.25281696227675,62.25281696227675,0.0,3.7529844182115726,0.9382461045528931,56.294766273173586,0.0,0.0,0.0,0.0,-7.105427357601002e-15,0.0,0.0,0.0,-1.3115145692385157,1.2706419941319211,-0.34319480954614257,0.0
3,autumn_processing,秋季农产品加工日,60.0,23.0,0.25,45.028141502459626,28.76978553416131,8.579095111332933,-0.0,0.0,-0.0,0.0,64.33547890373418,0.0,0.0,15.01773760751924,5.256208162631734,6.757981923383658,10.696980703344114,34.230338250701166,2.859698370444311,8.579095111332933,0.0,0.0,0.0,0.0,14.113350532058092,0.0,19.709503038968133,12.218534639923515,0.0,27.34078580535631,0.0,3.1064840419402215,0.0,0.0,0.0,0.0,11.989637715158308,6.408736466058253,11.758023080334537,5.3030908090363456,8.947723147939667,0.0,62.0,9.299999999999999,42.5,45.0,0.0,0.49315163995200156,1.0,31.523854937797417,20.714245584596142,5.319038969026418,0.20233706691196635,0.2076101689112183,0.10119610203089346,0.0,0.195,0.6975938534416662,0.4924715834848451,26.00883703731055,4.334018207813413,20.174276764948758,10.090377380917214,41.921657460519405,64.33547890373418,64.33547890373418,0.0,3.0035475215038483,0.7508868803759621,45.053212822557725,0.0,0.0,0.0,0.0,0.0,0.0,0.0,-0.0,-1.3115145692385175,0.44454945918403155,-0.16056229033963554,0.0
3,autumn_processing,秋季农产品加工日,60.0,23.25,0.25,44.41266152945475,28.402751053140708,8.381598759580289,-0.0,0.0,-0.0,0.0,61.92950297043933,0.0,0.0,11.27055312398062,3.9446935933932163,5.071748905791279,10.696980703344114,34.230338250701166,2.7938662531934297,8.381598759580289,0.0,0.0,0.0,0.0,11.026689128104088,0.0,22.327356231740904,10.89933610335174,0.0,29.915707736999675,0.0,3.056001050263841,0.0,0.0,0.0,0.0,11.602513661027226,6.261528619486926,11.724506510547892,5.286070077726755,8.799383820755047,0.0,62.0,9.299999999999999,42.5,45.0,0.0,0.4747090792155719,1.0,31.102290050390696,20.449980758261308,5.196591230939779,0.2014795245123685,0.20737453891109545,0.1009154924615823,0.0,0.1922214883490199,0.6795534117024493,0.4891143679640887,25.809960409029692,4.2942978358226735,20.026691696015998,9.959544988833448,41.356660479190914,61.92950297043933,61.92950297043933,0.0,2.254110624796124,0.563527656199031,33.81165937194186,0.0,0.0,0.0,0.0,-7.105427357601002e-15,0.0,0.0,0.0,-1.3115145692385175,0.0,-0.19749635175264402,0.0
3,autumn_processing,秋季农产品加工日,60.0,23.5,0.25,43.949885625305335,28.162350551690448,8.375606156118451,-0.0,0.0,-0.0,0.0,60.86334355846628,0.0,0.0,7.523368640441999,2.6331790241546993,3.3855158881988996,10.696980703344114,34.230338250701166,2.79186871870615,8.375606156118451,0.0,0.0,0.0,0.0,9.07002265771549,0.0,24.48037024513674,9.45350358720962,0.0,32.145956985093456,0.0,3.0122351224501056,0.0,0.0,0.0,0.0,11.272415065056373,6.13279390240317,11.69551984559786,5.270935583206797,8.669607929738786,0.0,62.0,9.299999999999999,42.5,45.0,0.0,0.4665366326678203,1.0,30.762138921763828,20.27689239721712,5.19287581679344,0.2009187462696719,0.2072255102138389,0.10069586562510512,0.0,0.18956192854956397,0.6983864935409406,0.48608952952875273,25.636063358543446,4.2595445309915,19.897627790536102,9.867662428482852,40.93765050285523,60.86334355846628,60.86334355846628,0.0,1.5046737280883997,0.37616843202209993,22.570105921325997,0.0,0.0,0.0,0.0,0.0,3.552713678800501e-15,0.0,0.0,-1.311514569238517,0.0,-0.005992603461837831,0.0
3,autumn_processing,秋季农产品加工日,60.0,23.75,0.25,43.419191973515574,27.988969560134453,8.194011128866784,-0.0,0.0,-0.0,0.0,60.48940066422123,0.0,0.0,3.7761841569033776,1.321664454916182,1.69928287060652,10.696980703344114,34.230338250701166,2.7313370429555945,8.194011128866784,0.0,0.0,0.0,0.0,7.938328321141424,0.0,26.364499202895573,7.940651561173233,0.0,34.01578875237956,0.0,2.974772921819296,0.0,0.0,0.0,0.0,10.996813320099616,6.0213859672325425,11.670625198649649,5.257540273096758,8.557026328483346,0.0,62.0,9.299999999999999,42.5,45.0,0.0,0.46367024300712806,1.0,30.387365697559993,20.152058083296804,5.080286899897406,0.200559617669453,0.20713318579146486,0.10052526693149218,0.0,0.18703270924499654,0.6991594202290425,0.48334291025942355,25.485191800229753,4.22937806526171,19.785631246317948,9.79777943781239,40.44441905169628,60.48940066422123,60.48940066422123,0.0,0.7552368313806755,0.18880920784516889,11.328552470710132,0.0,0.0,0.0,0.0,0.0,-3.552713678800501e-15,0.0,0.0,-1.3115145692385173,0.0,-0.18159502725166732,0.0
4,winter_heating,冬季采暖日,80.0,0.0,0.25,35.25530356230701,46.338452365657176,2.221182884414139,0.0,5.0,-5.0,0.0,66.01887525043176,0.0,0.0,0.0,0.0,0.0,17.67586392455694,56.56276455858221,0.740394294804713,2.221182884414139,0.0,0.0,0.0,0.0,7.347313468763094,0.0,28.10816792676666,10.224312192925034,0.0,36.427055003823064,0.0,0.0,0.0,0.0,0.0,0.0,11.80027194200923,5.949317972019548,10.991732042262308,4.14281748856022,1.5033616864879322,0.0,52.0,7.8,46.0,45.0,0.0,0.5060554013478763,1.0,27.51934046598023,42.6313761764046,0.6663548653242417,0.0,0.2430001050075079,0.14501045704261956,0.0,0.22157359312880712,0.6293598858143848,0.51110439831598,16.63791121731046,2.395454564039661,13.2187944473977,13.576797165036655,35.25530356230701,66.01887525043176,66.01887525043176,0.0,0.0,0.0,0.0,0.0,0.0,0.0,0.0,7.105427357601002e-15,0.0,0.0,-3.4637110550293357,0.0,-1.0732782826959877,-0.21291444104818602,0.0
4,winter_heating,冬季采暖日,80.0,0.25,0.25,35.31420965577262,46.613349556981056,2.3083780553326574,0.0,5.0,-5.0,0.0,68.38198525981517,0.0,0.0,0.0,0.0,0.0,17.67586392455694,56.56276455858221,0.7694593517775524,2.3083780553326574,0.0,0.0,0.0,0.0,9.62245232770805,0.0,30.392094946200988,9.949415001601153,0.0,38.771827539201446,0.0,0.0,0.0,0.0,0.0,0.0,11.803036727364832,5.952300685875409,11.005108740818377,4.143499579371369,1.5041430289633455,0.0,52.0,7.8,46.0,45.0,0.0,0.5241693813224122,1.0,27.57351820331135,42.884281592422575,0.6925134165997971,0.0,0.24300025756035315,0.14501516216930666,0.0,0.21888961155126135,0.6155439556533567,0.5085589572183215,16.652751349153093,2.3973544395569877,13.230377436951322,13.653963587517808,35.31420965577262,68.38198525981517,68.38198525981517,0.0,0.0,0.0,0.0,0.0,0.0,0.0,0.0,7.105427357601002e-15,0.0,0.0,0.0,0.0,0.0,0.08719517091851836,0.0
4,winter_heating,冬季采暖日,80.0,0.5,0.25,35.34483334757414,46.81028989777492,2.3110991302417423,0.0,5.0,-5.0,0.0,68.19969706204574,0.0,0.0,0.0,0.0,0.0,17.675863924556943,56.56276455858222,0.7703663767472474,2.3110991302417423,0.0,0.0,0.0,0.0,9.408633413167415,0.0,32.62512577708094,9.752474660807295,0.0,41.06865435737358,0.0,0.0,0.0,0.0,0.0,0.0,11.811031997786403,5.956139368567153,11.02054442941158,4.144329852196457,1.5050860692310126,0.0,52.0,7.8,46.0,45.0,0.0,0.5227720850683748,1.0,27.581315694129323,43.06546670595293,0.6933297390725227,0.0,0.24300061443215631,0.14502183221862697,0.0,0.2163987995825259,0.6331451995912579,0.5061989387026733,16.669960350839048,2.3995636401555744,13.243810297676315,13.70934305201428,35.34483334757414,68.19969706204574,68.19969706204574,0.0,0.0,0.0,0.0,0.0,0.0,0.0,0.0,0.0,0.0,0.0,0.0,0.0,7.105427357601002e-15,0.0027210749090849085,0.0
4,winter_heating,冬季采暖日,80.0,0.75,0.25,35.494660495064274,47.217792058542514,2.4087124634762147,0.0,5.0,-5.0,0.0,70.29677912526891,0.0,0.0,0.0,0.0,0.0,17.675863924556943,56.56276455858222,0.8029041544920715,2.4087124634762147,0.0,0.0,0.0,0.0,11.323350551155627,0.0,35.312790276691544,9.344972500039702,0.0,43.26755099895433,0.0,0.0,0.0,0.0,0.0,0.0,11.82435696254321,5.961047137568058,11.03826747179009,4.145336221304789,1.5062194231045318,0.0,52.0,7.8,46.0,45.0,0.0,0.5388468773325295,1.0,27.722864333986095,43.440368693859114,0.7226137390428644,0.0,0.2430014256244181,0.14503121896261464,0.0,0.2141118232618473,0.5987258708541504,0.5040353271022007,16.689823116199413,2.40212088953267,13.259315762953651,13.823728170255105,35.494660495064274,70.29677912526891,70.29677912526891,0.0,0.0,0.0,0.0,0.0,0.0,0.0,0.0,0.0,0.0,0.0,0.0,0.0,0.0,0.09761333323447241,0.0
4,winter_heating,冬季采暖日,80.0,1.0,0.25,35.70630297515263,47.4834023740044,2.4755022974713126,0.0,5.0,-5.0,0.0,74.21485407818959,0.0,0.0,0.0,0.0,0.0,17.675863924556943,56.56276455858222,0.8251674324904376,2.4755022974713126,0.0,0.0,0.0,0.0,15.007519745989583,0.0,38.87531057685023,9.079362184577818,0.0,45.40226574229209,0.0,0.0,0.0,0.0,0.0,0.0,11.843168080171502,5.967280280597358,11.058514982387573,4.146550857169545,1.50757567744426,0.0,52.0,7.8,46.0,45.0,0.0,0.5688801516846,1.0,27.89333854326558,43.684730184084046,0.7426506892413938,0.0,0.2430032171593951,0.14504433259258254,0.0,0.21203847577293367,0.5893031803623838,0.5020787033291878,16.71264151700138,2.4050676012147636,13.277129911187982,13.898440355234763,35.70630297515263,74.21485407818959,74.21485407818959,0.0,0.0,0.0,0.0,0.0,0.0,0.0,0.0,-7.105427357601002e-15,0.0,0.0,0.0,0.0,0.0,0.06678983399509786,0.0
4,winter_heating,冬季采暖日,80.0,1.25,0.25,35.593630530881086,47.783231547175426,2.5623098666883393,0.0,5.0,-5.0,0.0,77.16975836180812,0.0,0.0,0.0,0.0,0.0,17.675863924556943,56.56276455858222,0.8541032888961131,2.5623098666883393,0.0,0.0,0.0,0.0,18.04616061747398,0.0,43.15932995797146,8.77953301140679,0.0,47.46470369963006,0.0,0.0,0.0,0.0,0.0,0.0,11.867717127333288,5.975144221339654,11.081529986364508,4.148010616958637,1.5091917114992284,0.0,52.0,7.8,46.0,45.0,0.0,0.591530420528454,1.0,27.811315797123918,43.960573023401395,0.7686929600065018,0.0,0.24300706116396786,0.14506251897625563,0.0,0.2101876355080387,0.5795583084479164,0.5003394636260443,16.73873231482237,2.408447685946126,13.297500552228188,13.982800190635674,35.593630530881086,77.16975836180812,77.16975836180812,0.0,0.0,0.0,0.0,0.0,0.0,0.0,0.0,0.0,0.0,0.0,0.0,0.0,0.0,0.0868075692170267,0.0
4,winter_heating,冬季采暖日,80.0,1.5,0.25,35.68320226072845,47.95657613793442,2.6956063267810078,0.0,5.0,-5.0,0.0,76.72764732955987,0.0,0.0,0.0,0.0,0.0,17.675863924556943,56.56276455858222,0.8985354422603359,2.6956063267810078,0.0,0.0,0.0,0.0,17.47004570201414,0.0,47.306307845701916,8.606188420647797,0.0,49.48494109768409,0.0,0.0,0.0,0.0,0.0,0.0,11.898401780500912,5.984999565983458,11.107557969587834,4.149757472548207,1.5111089965382423,0.0,52.0,7.8,46.0,45.0,0.0,0.5881415006927855,1.0,27.874755310889956,44.12005004689967,0.8086818980343023,0.0,0.2430150735754287,0.14508755574588256,0.0,0.2085672280493228,0.5858598343579312,0.49882821832095103,16.76842443867428,2.4123072806476307,13.320685120177503,14.031821535802377,35.68320226072845,76.72764732955987,76.72764732955987,0.0,0.0,0.0,0.0,0.0,0.0,0.0,0.0,0.0,0.0,0.0,0.0,0.0,0.0,0.1332964600926685,0.0
4,winter_heating,冬季采暖日,80.0,1.75,0.25,35.78372358535162,48.474205367794816,2.6842008668633537,0.0,5.0,-5.0,0.0,63.93118771564775,0.0,17.242498075391367,0.0,0.0,0.0,17.675863924556943,56.56276455858222,0.8947336222877845,2.6842008668633537,0.0,0.0,0.0,0.0,0.6406569890627248,0.0,47.45609856521203,8.0885591907874,0.0,51.38123143494726,3.9362095943886786,0.0,0.0,0.0,0.0,0.0,11.935829464657784,5.997268003487311,11.136842816731102,4.151838924411007,1.5133738613170247,0.0,52.0,7.8,46.0,45.0,0.0,0.622221781059532,1.0,27.98017061183159,44.59626893837123,0.8052602600590061,0.0,0.2430312962660462,0.14512177033826498,0.0,0.20718419223029366,0.5496029077591341,0.4975564833094498,16.802055602459134,2.4166943938914587,13.346948052191983,14.177331911972495,39.7199331797403,81.17368579103912,63.93118771564775,17.242498075391367,0.0,0.0,0.0,0.0,0.0,0.0,0.0,-7.105427357601002e-15,0.0,0.0,0.0,0.0,0.0,-0.01140545991765407,0.0
4,winter_heating,冬季采暖日,80.0,2.0,0.25,35.75918371864463,48.944062512009786,2.531339917035826,0.0,5.0,-5.0,0.0,63.22232858219044,0.0,14.591228175691498,0.0,0.0,0.0,17.675863924556943,56.56276455858222,0.8437799723452754,2.531339917035826,0.0,0.0,0.0,0.0,0.00999075759268994,0.0,47.45609856521203,7.61870204657243,0.0,53.16498255529074,3.933510209050909,0.0,0.0,0.0,0.0,0.0,11.980893187737404,6.012437773514979,11.169622156628202,4.154308387541256,1.5160377092753505,0.0,52.0,7.8,46.0,45.0,0.0,0.5964653373151516,1.0,27.95149390745361,45.028537511049,0.7594019751107478,0.0,0.2430631982475773,0.14516818313316843,0.0,0.20604445042265587,0.5605220827998457,0.4965378314946788,16.83996825344481,2.4216584645933876,13.376557646133731,14.309568962035604,39.69269392769554,77.81355675788194,63.22232858219044,14.591228175691498,0.0,0.0,0.0,0.0,0.0,0.0,0.0,0.0,0.0,0.0,0.0,0.0,0.0,-0.15286094982752774,0.0
4,winter_heating,冬季采暖日,80.0,2.25,0.25,36.10863594110014,49.460671402950176,2.56519120397064,0.0,5.0,-5.0,0.0,63.62150431142766,0.0,12.234912511536976,0.0,0.0,0.0,17.67586392455694,56.56276455858221,0.85506373465688,2.56519120397064,0.0,0.0,0.0,0.0,0.00999075759268994,0.0,47.45609856521203,7.1020931556320335,0.0,54.825147188475704,3.9719499535210154,0.0,0.0,0.0,0.0,0.0,12.034854888068281,6.031068355876284,11.206122157912276,4.157225533376328,1.519157171837129,0.0,52.0,7.8,46.0,45.0,0.0,0.5814632453906599,1.0,28.202315185236124,45.503817690714165,0.769557361191192,0.0,0.24312412344226597,0.14523067866611006,0.0,0.20515288317580616,0.5874494680103703,0.49578973622610106,16.88250486312573,2.4272498327613805,13.409782405597952,14.45501432642684,40.08058589462115,75.85641682296463,63.62150431142766,12.234912511536976,0.0,0.0,0.0,0.0,0.0,0.0,0.0,0.0,0.0,0.0,0.0,0.0,-7.105427357601002e-15,0.033851286934813984,0.0
4,winter_heating,冬季采暖日,80.0,2.5,0.25,36.055688156747244,50.123857732819566,2.5702581761597565,0.0,5.0,-5.0,0.0,63.56442126152565,0.0,8.727675622135948,0.0,0.0,0.0,17.67586392455694,56.56276455858221,0.8567527253865855,2.5702581761597565,0.0,0.0,0.0,0.0,0.00999075759268994,0.0,47.45609856521203,6.438906825762643,0.0,56.326974986000096,3.9661256972421968,0.0,0.0,0.0,0.0,0.0,12.099427468518607,6.053793977474161,11.246551844290934,4.160656569546652,1.5227941808836123,0.0,52.0,7.8,46.0,45.0,0.0,0.5541416142575326,1.0,28.178129889425694,46.113949114194,0.771077452847927,0.0,0.2432371039837226,0.14531420745865017,0.0,0.2045133083175714,0.5649272759490261,0.4953364024030838,16.9300025947212,2.4335191236277045,13.446886898593252,14.641635643312261,40.02181385398944,72.2920968836616,63.56442126152565,8.727675622135948,0.0,0.0,0.0,0.0,0.0,0.0,0.0,0.0,0.0,0.0,0.0,0.0,0.0,0.005066972189116559,0.0
4,winter_heating,冬季采暖日,80.0,2.75,0.25,35.81439031407422,50.801900156715426,2.669839980071661,0.0,5.0,-5.0,0.0,63.32977459079589,0.0,9.662034683152058,0.0,0.0,0.0,17.67586392455694,56.56276455858221,0.8899466600238869,2.669839980071661,0.0,0.0,0.0,0.0,0.00999075759268994,0.0,47.45609856521203,5.760864401866783,0.0,57.66701679395046,3.939582934548164,0.0,0.0,0.0,0.0,0.0,12.176841481288626,6.081325481399429,11.291097026811965,4.164674437326223,1.5270159424802652,0.0,52.0,7.8,46.0,45.0,0.0,0.5595051293606187,1.0,27.997717038892475,46.73774814417819,0.8009519940214982,0.0,0.24344051444594048,0.14542502024259096,0.0,0.20412846460568376,0.5547696484503915,0.49521291970588976,16.982787406618453,2.440516549281814,13.488127175599676,14.832568868512867,39.75397324862238,72.99180927394795,63.32977459079589,9.662034683152058,0.0,0.0,0.0,0.0,0.0,0.0,0.0,0.0,0.0,0.0,0.0,0.0,0.0,0.0995818039119043,0.0
4,winter_heating,冬季采暖日,80.0,3.0,0.25,36.03584602820735,51.4223865686978,2.6930090522045256,0.0,5.0,-5.0,0.0,63.583313457527964,0.0,3.667542772662472,0.0,0.0,0.0,17.67586392455694,56.56276455858221,0.8976696840681752,2.6930090522045256,0.0,0.0,0.0,0.0,0.00999075759268994,0.0,47.45609856521203,5.140377989884406,0.0,58.85902305815103,3.9639430631028088,0.0,0.0,0.0,0.0,0.0,12.269877091397662,6.114450062848668,11.339913979209037,4.169358904978092,1.5318947933621572,0.0,52.0,7.8,46.0,45.0,0.0,0.5154989222621568,1.0,28.167512286052073,47.30859564320198,0.8079027156613576,0.0,0.24379600853324507,0.14557093518184575,0.0,0.204,0.5588700815212745,0.49547104763693267,17.041167677549286,2.448291134940815,13.53374581328496,15.007558014438823,39.99978909131016,67.25085623019044,63.583313457527964,3.667542772662472,0.0,0.0,0.0,0.0,0.0,0.0,0.0,0.0,0.0,0.0,0.0,0.0,0.0,0.023169072132864788,0.0
4,winter_heating,冬季采暖日,80.0,3.25,0.25,35.76804335715052,52.37862235307533,2.705959090746179,0.0,5.0,-5.0,0.0,63.29036917216877,0.0,3.879075110957288,0.0,0.0,0.0,17.67586392455694,56.56276455858221,0.9019863635820596,2.705959090746179,0.0,0.0,0.0,0.0,0.00999075759268994,0.0,47.45609856521203,4.18414220550688,0.0,59.82332732042984,3.934484769286557,0.0,0.0,0.0,0.0,0.0,12.381837685767072,6.1540283534154545,11.393123010732625,4.174796533914582,1.5375079216242937,0.0,52.0,7.8,46.0,45.0,0.0,0.5148748741336496,1.0,27.94149756555665,48.1883325648293,0.8117877272238537,0.0,0.24439898016260686,0.14576163705066364,0.0,0.20412846460568376,0.5817475049430468,0.4961868008348216,17.1054274662715,2.456889880149884,13.58396667110748,15.276749407466632,39.70252812643707,67.16944428312605,63.29036917216877,3.879075110957288,0.0,0.0,0.0,0.0,0.0,0.0,0.0,7.105427357601002e-15,0.0,0.0,0.0,0.0,0.0,0.012950038541653441,0.0
4,winter_heating,冬季采暖日,80.0,3.5,0.25,36.07876321588515,53.39144832399925,2.583385581082893,0.0,5.0,-5.0,0.0,63.59441037880977,0.0,3.4493290561369747,0.0,0.0,0.0,17.67586392455694,56.56276455858221,0.8611285270276311,2.583385581082893,0.0,0.0,0.0,0.0,0.00999075759268994,0.0,47.45609856521203,3.17131623458296,0.0,60.546603262483075,3.9686639537473662,0.0,0.0,0.0,0.0,0.0,12.516439905905806,6.2009883347360875,11.450802117436693,4.181080493850458,1.5439369336234074,0.0,52.0,7.8,46.0,45.0,0.0,0.5139113070150726,1.0,28.19484549346825,49.12013245807931,0.775015674324868,0.0,0.24539134179058322,0.14600900515640242,0.0,0.2045133083175714,0.5693070534846527,0.4974696867958633,17.175819544910556,2.4663568683826353,13.638989468520867,15.562000618280042,40.04742716963251,67.04373943494674,63.59441037880977,3.4493290561369747,0.0,0.0,0.0,0.0,0.0,0.0,0.0,0.0,0.0,0.0,0.0,0.0,0.0,-0.12257350966328584,0.0
4,winter_heating,冬季采暖日,80.0,3.75,0.25,36.506000524973835,54.5259942286575,2.557616067893291,0.0,5.0,-5.0,0.0,64.06005395416835,0.0,1.3767136534653304,0.0,0.0,0.0,17.67586392455694,56.56276455858221,0.8525386892977637,2.557616067893291,0.0,0.0,0.0,0.0,0.00999075759268994,0.0,47.45609856521203,2.036770329924707,0.0,61.000062914209,4.015660057747122,0.0,0.0,0.0,0.0,0.0,12.67759771938531,6.256315590086826,11.512980916235565,4.18831020305209,1.5512672503706577,0.0,52.0,7.8,46.0,45.0,0.0,0.5015933635490436,1.0,28.526064393760553,50.163914690364905,0.7672848203679873,0.0,0.24697564882220624,0.1463274640692943,0.0,0.20515288317580616,0.5744729827871389,0.49947291085492507,17.252558369658313,2.476732341579188,13.698984309555412,15.881571305334987,40.521660582720955,65.43676760763368,64.06005395416835,1.3767136534653304,0.0,0.0,0.0,0.0,0.0,0.0,0.0,7.105427357601002e-15,0.0,0.0,0.0,0.0,0.0,-0.0257695131896023,0.0
4,winter_heating,冬季采暖日,80.0,4.0,0.25,36.678409847033365,55.47284088897673,2.6108609877943416,0.0,5.0,-5.0,0.0,62.779596614131584,0.0,0.0,0.0,0.0,0.0,17.67586392455694,56.56276455858221,0.8702869959314472,2.6108609877943416,0.0,0.0,0.0,0.0,-0.0,0.0,47.45372576028377,1.0899236696054828,0.0,61.2284197542832,2.5550358466098366,0.0,0.0,0.0,0.0,0.0,12.869086902678674,6.321039463439713,11.579635084607881,4.196590770506949,1.5595873187619862,0.0,52.0,7.8,46.0,45.0,0.0,0.48122531382893197,1.0,28.64353632377729,51.03501361785859,0.7832582963383025,0.0,0.2494285146999988,0.1467343479447955,0.0,0.20604445042265587,0.6000339208340633,0.5024031013418382,17.335813173876815,2.4880517589718334,13.764086298138755,16.1488484279312,39.233445693643205,62.779596614131584,62.779596614131584,0.0,0.0,0.0,0.0,0.0,0.0,0.0,0.0,-7.105427357601002e-15,0.0,0.0,0.0,0.0,0.0,0.053244919901050736,0.0
4,winter_heating,冬季采暖日,80.0,4.25,0.25,37.192040165925235,56.72089559772213,2.5947950024658244,0.0,5.0,-5.0,0.0,64.93363899670275,0.0,0.7219248011237482,0.0,0.0,0.0,17.765561729389656,56.84979753404691,0.8649316674886082,2.5947950024658244,0.0,0.0,0.0,0.0,0.019981015647479245,0.0,47.45609856521203,0.1289019363247833,0.0,61.2284197542832,4.091124418251776,0.0,0.0,0.0,0.0,0.0,13.09409167615053,6.396214793782231,11.650681541021164,4.206032218477407,1.5689876259172395,0.0,52.0,7.8,46.0,45.0,0.0,0.5032705050244384,1.0,29.03421782296548,52.18322394990436,0.7784385007397473,0.0,0.25310996220161347,0.14725026544564618,0.0,0.20718419223029366,0.6180778224579447,0.50652719506099,17.42570138541581,2.500344861950266,13.834390400547491,16.500751117505494,41.28316458417701,65.6555637978265,64.93363899670275,0.7219248011237482,0.0,0.0,0.0,0.0,0.0,0.0,0.0,7.105427357601002e-15,0.0,0.0,0.0,0.0,0.2870329754646974,-0.01606598532851722,0.0
4,winter_heating,冬季采暖日,80.0,4.5,0.25,37.80370102558888,57.83461351955978,2.4991455256652855,0.0,5.0,-5.0,0.0,62.32457147235336,0.0,0.0,0.0,0.0,0.0,18.011263387899437,57.6360428412782,0.8330485085550952,2.4991455256652855,0.0,0.0,0.0,0.0,0.00999075759268994,0.0,47.45609856521203,0.0,0.19857067828158392,61.14555010275302,0.6665677927172623,0.0,0.0,0.0,0.0,0.0,13.35465654349753,6.4828990307420495,11.725974605450592,4.216748466565439,1.5795595087182277,0.0,52.0,7.8,46.0,45.0,0.0,0.4777374032901282,1.0,29.545944686779006,53.207844437995,0.7497436576995856,0.0,0.2584641013348443,0.14789944809648126,0.0,0.2085672280493228,0.5809171205748764,0.5121732408680808,17.522282580734256,2.5136347685538603,13.909946719774863,16.81535237437126,38.47026881830614,62.32457147235336,62.32457147235336,0.0,0.0,0.0,0.0,0.0,0.0,0.0,0.0,0.0,0.0,0.0,0.0,0.0,0.7862453072312903,-0.09564947680053892,0.0
4,winter_heating,冬季采暖日,80.0,4.75,0.25,38.22204873936158,59.10880286134117,2.368167775051888,0.0,5.0,-5.0,0.0,60.06750088528891,0.0,0.0,0.0,0.0,0.0,18.011263387899437,57.6360428412782,0.7893892583506293,2.368167775051888,0.0,0.0,0.0,0.0,0.0,1.9552005003227393,46.93919931283042,0.0,1.472760020062971,60.72740890136929,0.0,0.0,0.0,0.0,0.0,0.0,13.651091226853284,6.582124716211198,11.805303374379491,4.228856062181404,1.5913937553560473,0.0,52.0,7.8,46.0,45.0,0.0,0.46043624877220235,1.0,29.874185502997996,54.38009863243388,0.7104503325155664,0.0,0.2660057346617361,0.14871006050495836,0.0,0.2101876355080387,0.5881203027619903,0.5197213224503145,17.625553191916943,2.527937122296522,13.990756349348366,17.17522416211413,38.22204873936158,60.06750088528891,60.06750088528891,0.0,0.0,0.0,0.0,0.0,0.0,0.0,0.0,-7.105427357601002e-15,0.0,0.0,0.0,0.0,0.0,-0.13097775061339734,0.0
4,winter_heating,冬季采暖日,80.0,5.0,0.25,39.17442175305361,60.25982393466976,2.2761362788853563,0.0,5.0,-5.0,0.0,60.30864423068588,0.0,0.0,0.0,0.0,0.0,18.011263387899437,57.6360428412782,0.7587120929617854,2.2761362788853563,0.0,0.0,0.0,0.0,0.0,2.635753003228956,46.24323314148874,0.0,2.623781093391564,60.00657648813136,0.0,0.0,0.0,0.0,0.0,0.0,13.981400759265638,6.6948675336662316,11.888390529242258,4.242472647229077,1.6045790012890015,0.0,52.0,7.8,46.0,45.0,0.0,0.4622846882067478,1.0,30.608852626320836,55.43903801989618,0.6828408836656069,0.0,0.2762877001541252,0.1497144465025629,0.0,0.21203847577293367,0.611252929494178,0.5295809439444812,17.735442177760337,2.543259320293885,14.076767970354048,17.50097273371788,39.17442175305361,60.30864423068588,60.30864423068588,0.0,0.0,0.0,0.0,0.0,0.0,0.0,0.0,0.0,0.0,0.0,0.0,0.0,0.0,-0.09203149616653183,0.0
4,winter_heating,冬季采暖日,80.0,5.25,0.25,39.626101205345414,61.51018422953103,2.2206816089743553,0.0,5.0,-5.0,0.0,59.58191461826511,0.0,0.0,0.0,0.0,0.0,18.011263387899437,57.6360428412782,0.7402272029914517,2.2206816089743553,0.0,0.0,0.0,0.0,0.0,3.795677177971193,45.242058564576084,0.0,3.8741413882528306,58.95706230824182,0.0,0.0,0.0,0.0,0.0,0.0,14.340830799785364,6.822010377238499,11.974892770582164,4.257715156898589,1.6191999284026473,0.0,52.0,7.8,46.0,45.0,0.0,0.4567140776156112,1.0,30.97286691014932,56.58936949116855,0.6662044826923066,0.0,0.2898454850406355,0.15094928121062282,0.0,0.2141118232618473,0.6123646855600788,0.5421524247167603,17.8518078558834,2.559599844960188,14.167875344436782,17.854924783933054,39.626101205345414,59.58191461826511,59.58191461826511,0.0,0.0,0.0,0.0,0.0,0.0,0.0,0.0,7.105427357601002e-15,0.0,0.0,0.0,0.0,0.0,-0.05545466991100101,0.0
4,winter_heating,冬季采暖日,80.0,5.5,0.25,40.45158370746353,62.54845008661435,2.2919057456417913,0.0,5.0,-5.0,0.0,59.442719039367056,0.0,0.0,0.0,0.0,0.0,18.011263387899437,57.6360428412782,0.7639685818805971,2.2919057456417913,0.0,0.0,0.0,0.0,0.0,4.784096637876509,43.98082366220667,0.0,4.912407245336155,57.63484502831503,0.0,0.0,0.0,0.0,0.0,0.0,14.721624291661577,6.964304168152685,12.064403031854226,4.274697753660234,1.6353352832366128,0.0,52.0,7.8,46.0,45.0,0.0,0.4556470998114923,1.0,31.61022370890593,57.544574079685205,0.6875717236925374,0.0,0.3071191792503719,0.15245559570476766,0.0,0.2163987995825259,0.6407485950366367,0.5577723212129508,17.974436068751075,2.5769477217934043,14.26391583692446,18.14990219552743,40.45158370746353,59.442719039367056,59.442719039367056,0.0,0.0,0.0,0.0,0.0,0.0,0.0,0.0,7.105427357601002e-15,0.0,0.0,0.0,0.0,0.0,0.07122413666743599,0.0
4,winter_heating,冬季采暖日,80.0,5.75,0.25,41.3787722562968,63.468817852773896,2.134953766350596,0.0,5.0,-5.0,0.0,61.934553576062825,0.0,0.0,0.0,0.0,0.0,18.011263387899437,57.6360428412782,0.7116512554501987,2.134953766350596,0.0,0.0,0.0,0.0,0.0,3.167133323583606,43.14516848323839,0.0,5.832775011495698,56.07108681330201,0.0,0.0,0.0,0.0,0.0,0.0,15.113075053761536,7.122326435586738,12.15645457693127,4.29352950778261,1.6530557377363582,0.0,52.0,7.8,46.0,45.0,0.0,0.4747477936930021,1.0,32.32457897323985,58.391312424551984,0.6404861299051788,0.0,0.32835804021200626,0.15427863876995787,0.0,0.21888961155126135,0.6762947701111782,0.5766465340150647,18.103039822450242,2.595282122934621,14.364670077869613,18.412301392191843,41.3787722562968,61.934553576062825,61.934553576062825,0.0,0.0,0.0,0.0,0.0,0.0,0.0,0.0,-7.105427357601002e-15,0.0,0.0,0.0,0.0,0.0,-0.1569519792911951,0.0
4,winter_heating,冬季采暖日,80.0,6.0,0.25,42.1597387369157,64.40560695992357,2.08694399277572,0.0,5.0,-5.0,0.0,62.12049923037433,0.0,0.0,0.0,0.0,0.0,18.011263387899437,57.6360428412782,0.6956479975919067,2.08694399277572,0.0,0.0,0.0,0.0,0.0,3.7461508920327162,42.157182042700356,0.0,6.769564118645377,54.26158702814658,0.0,0.0,0.0,0.0,0.0,0.0,15.501934805405533,7.296438967990432,12.250527024684587,4.314311844808757,1.6724216238937528,0.0,52.0,7.8,46.0,45.0,0.0,0.47617312549946733,1.0,32.923141582706236,59.25315840312969,0.626083197832716,0.0,0.35351906029539043,0.15646753967570934,0.0,0.22157359312880712,0.7182482993272913,0.5987790413872784,18.237260493387097,2.6145721322843523,14.469862834993013,18.679750788664176,42.1597387369157,62.12049923037433,62.12049923037433,0.0,0.0,0.0,0.0,0.0,0.0,0.0,0.0,0.0,0.0,0.0,0.0,0.0,0.0,-0.048009773574876125,0.0
4,winter_heating,冬季采暖日,80.0,6.25,0.25,42.99975392744615,65.145291600575,2.221516131833329,0.0,5.0,-5.0,0.0,65.49909792179672,0.0,0.0,0.0,0.0,0.0,18.011263387899437,57.6360428412782,0.7405053772777763,2.221516131833329,0.0,0.0,0.0,0.0,0.0,1.252424770826643,41.82548871759121,0.0,7.50924875929681,52.25833814008072,0.0,0.0,0.0,0.0,0.0,0.0,15.873184341470656,7.486746112586193,12.346054273868399,4.33713579020443,1.6934805816070466,0.0,52.0,7.8,46.0,45.0,0.0,0.5020711449718603,1.0,33.57602653017665,59.93366827252901,0.6664548395499986,0.0,0.38217659343128874,0.15907473742499256,0.0,0.22443925109399585,0.7534483344295324,0.6239081676236914,18.376670645679877,2.634776683054555,14.579165131950234,18.892479016066627,42.99975392744615,65.49909792179672,65.49909792179672,0.0,0.0,0.0,0.0,0.0,0.0,0.0,0.0,-7.105427357601002e-15,0.0,0.0,0.0,0.0,0.0,0.1345721390576089,0.0
4,winter_heating,冬季采暖日,80.0,6.5,0.25,43.79320403731152,65.60431946334232,2.4277778341675065,0.0,5.0,-5.0,0.0,70.15244166356295,0.0,0.0,0.0,0.0,0.0,18.011263387899437,57.6360428412782,0.8092592780558355,2.4277778341675065,0.0,0.0,0.0,0.0,2.5387149602961685,0.0,42.42634224622568,0.0,7.968276622064124,50.13529407046749,0.0,0.0,0.0,0.0,0.0,0.0,16.211123198321882,7.6930555365119675,12.442434223970382,4.3620790515751535,1.7162651668298874,0.0,52.0,7.8,46.0,45.0,0.0,0.5377404853827111,1.0,34.193891156810636,60.35597390627494,0.7283333502502519,0.0,0.4134635373137723,0.16215514596891445,0.0,0.22747431425947676,0.7900932029878405,0.6514647060381664,18.520778442375423,2.655844672862549,14.692197599169049,19.027103503891244,43.79320403731152,70.15244166356295,70.15244166356295,0.0,0.0,0.0,0.0,0.0,0.0,0.0,0.0,-7.105427357601002e-15,0.0,0.0,0.0,0.0,0.0,0.2062617023341775,0.0
4,winter_heating,冬季采暖日,80.0,6.75,0.25,44.152815082327464,66.02252797766603,2.5645471986166344,0.0,5.0,-5.0,0.0,70.32681422557955,0.0,0.0,0.0,0.0,0.0,18.011263387899437,57.6360428412782,0.8548490662055448,2.5645471986166344,0.0,0.0,0.0,0.0,2.307886689147111,0.0,42.97234401778581,0.0,8.386485136387833,47.903256650698616,0.0,0.0,0.0,0.0,0.0,0.0,16.500674835530376,7.914843443360571,12.539040105393347,4.389202989109877,1.7407904742722486,0.0,52.0,7.8,46.0,45.0,0.0,0.5390771058040775,1.0,34.4846371839288,60.74072573945275,0.7693641595849903,0.0,0.4460640648721585,0.16576503177545743,0.0,0.23066578601882387,0.8142621166832456,0.6805658707263054,18.669033568775472,2.6777152550268744,14.808534994317325,19.150786358244286,44.152815082327464,70.32681422557955,70.32681422557955,0.0,0.0,0.0,0.0,0.0,0.0,0.0,0.0,0.0,0.0,0.0,0.0,0.0,0.0,0.1367693644491279,0.0
4,winter_heating,冬季采暖日,80.0,7.0,0.25,44.7295899359731,65.94822546142366,2.7574025086043563,0.0,5.0,-5.0,0.0,71.32153898488605,0.0,0.0,0.0,0.0,0.0,18.011263387899437,57.6360428412782,0.9191341695347854,2.7574025086043563,0.0,0.0,0.0,0.0,2.6615514914787255,0.0,43.60231387981112,0.0,8.312182620145464,45.69188854338762,0.0,0.0,0.0,0.0,0.0,0.0,16.728757539713456,8.151226344559491,12.635233148620934,4.418549534876894,1.7670518352263433,0.0,93.28,13.991999999999999,46.0,45.0,0.0,0.5467019833166374,1.0,34.90733175104534,60.67236742450977,0.8272207525813069,0.0,0.4782723867967862,0.16996059010129258,0.0,0.23399999999999999,0.8869276934135818,0.7100552018489136,18.820834518724173,2.7003182978621485,14.927711777281424,19.13705642232952,44.7295899359731,71.32153898488605,71.32153898488605,0.0,0.0,0.0,0.0,0.0,0.0,0.0,0.0,-7.105427357601002e-15,0.0,0.0,0.0,0.0,0.0,0.19285530998772193,0.0
4,winter_heating,冬季采暖日,80.0,7.25,0.25,45.20167927370281,65.82746932980781,2.8153324235594828,0.0,5.0,-5.0,0.1764037279760231,72.20306810664248,3.3306690738754696e-16,0.0,0.0,0.0,0.0,18.011263387899437,57.6360428412782,0.9384441411864942,2.8153324235594828,0.0,0.0,0.0,0.0,3.228085031829764,0.0,44.3668039591767,0.0,8.191426488529615,43.51340404950287,0.0,0.0,0.0,0.0,0.0,0.0,16.885545618962553,8.400941498590528,12.730376240739366,4.450138130862656,1.795022656174443,0.0,93.28,13.991999999999999,46.0,45.0,0.005240741700817061,0.5534591807365885,1.0,35.26504067507769,60.56127178342319,0.8445997270678448,0.0,0.5081216417934481,0.1747962193625283,0.0,0.23746267858685993,0.9370005766021797,0.7385912913392061,18.975537027776465,2.7235749968023795,15.04922857276419,19.1108065409266,45.20167927370281,72.3794718346185,72.3794718346185,3.3306690738754696e-16,0.0,0.0,0.0,0.0,0.0,0.0,0.0,0.0,0.0,0.0,0.0,0.0,0.0,0.05792991495512645,0.0
4,winter_heating,冬季采暖日,80.0,7.5,0.25,45.65797956941416,65.45027868363952,2.876786180868667,0.0,5.0,-5.0,0.9974436553061565,70.02615310504085,-2.220446049250313e-15,0.0,0.0,0.0,0.0,18.011263387899437,57.6360428412782,0.9589287269562224,2.876786180868667,0.0,0.0,0.0,0.0,1.3954250760771885,0.0,44.695999074547075,0.0,7.814235842361327,41.43526949422514,0.0,0.0,0.0,0.0,0.0,0.0,16.965448245462177,8.66233803793697,12.823848143084806,4.4839627637715305,1.8246524673583497,0.0,93.28,13.991999999999999,46.0,45.0,0.02963284630406935,0.5367724439411367,1.0,35.61727337002058,60.214256388948364,0.8630358542606001,0.0,0.533573370617614,0.18032250892475593,0.0,0.24103899405809462,0.9752940460798297,0.7647786618198,19.132463374214687,2.7473986174678893,15.172559304947677,19.013232496645294,45.65797956941416,71.023596760347,71.023596760347,-2.220446049250313e-15,0.0,0.0,0.0,0.0,0.0,0.0,0.0,0.0,0.0,0.0,0.0,0.0,0.0,0.061453757309184454,0.0
4,winter_heating,冬季采暖日,80.0,7.75,0.25,46.07055484138256,64.85945051305862,2.9155226977622988,0.0,5.0,-5.0,1.8508503952984228,67.08188266569343,6.661338147750939e-16,0.0,0.0,0.0,0.0,18.011263387899437,57.6360428412782,0.9718408992540996,2.9155226977622988,0.0,0.0,0.0,0.0,0.0,1.1209260675442394,44.39878373050276,0.0,7.223407671780421,39.513655103746345,0.0,0.0,0.0,0.0,0.0,0.0,16.96766623875921,8.933380593651512,12.915057780333491,4.519989181152683,1.8558652521421384,0.0,93.28,13.991999999999999,46.0,45.0,0.054986529819441105,0.5142036868514602,1.0,35.9444896547467,59.670694472013935,0.8746568093286896,0.0,0.5527440594937038,0.1865839739629352,0.0,0.2447136320818103,0.9972660131046839,0.787324368689954,19.29091221362831,2.7716953417187717,15.297158745993771,18.85630102353421,46.07055484138256,68.93273306099185,68.93273306099185,6.661338147750939e-16,0.0,0.0,0.0,0.0,0.0,0.0,0.0,-7.105427357601002e-15,0.0,0.0,0.0,0.0,0.0,0.038736516893631556,0.0
4,winter_heating,冬季采暖日,80.0,8.0,0.25,46.34764811340974,64.05216044987515,2.8921385579132513,0.0,5.0,-5.0,3.1058982886085147,68.67214715042743,5.773159728050814e-15,0.0,0.0,0.0,0.0,18.011263387899437,57.6360428412782,0.9640461859710837,2.8921385579132513,0.0,0.0,0.0,0.0,1.4550877517556913,0.0,44.74214713235821,0.0,6.416117608596949,37.80544627393212,0.0,0.0,0.0,0.0,0.0,0.0,16.896245507879964,9.211666895843113,13.003458063527212,4.558152377957555,1.8885581275123642,0.0,93.28,13.991999999999999,46.0,45.0,0.09227248690469508,0.5263935632923813,1.0,36.159869546122884,58.927987613885136,0.8676415673739754,0.0,0.5641345050748691,0.19361659102509993,0.0,0.24847085729384874,1.0211440797959779,0.8051963999041546,19.45016856899713,2.796365183708345,15.422470186403624,18.639197579153873,46.34764811340974,71.77804543903595,71.77804543903595,5.773159728050814e-15,0.0,0.0,0.0,0.0,0.0,0.0,0.0,-7.105427357601002e-15,0.0,0.0,0.0,0.0,0.0,-0.023384139849047525,0.0
4,winter_heating,冬季采暖日,80.0,8.25,0.25,46.501086395299325,62.94792565431822,2.974171966670183,0.0,5.0,-5.0,4.472368070406276,70.45732156432742,1.7763568394002505e-15,0.0,0.0,0.0,0.0,18.011263387899437,57.6360428412782,0.9913906555567277,2.974171966670183,0.0,0.0,0.0,0.0,4.425949195978205,0.0,45.79107295904642,0.0,5.311882813040022,36.388679652626735,0.0,0.0,0.0,0.0,0.0,0.0,16.75961949054026,9.494460376908522,13.088558681564926,4.5983544447590745,1.922600443223189,0.0,93.28,13.991999999999999,46.0,45.0,0.13286865372350093,0.5400774855203081,1.0,36.303606665633836,57.91209160197276,0.8922515900010549,0.0,0.5668234539091398,0.2014452085426006,0.0,0.2522945806790323,1.0064072817557104,0.817756957069819,19.60951356954719,2.821302939353526,15.547932913234144,18.339355618570004,46.501086395299325,74.92968963473369,74.92968963473369,1.7763568394002505e-15,0.0,0.0,0.0,0.0,0.0,0.0,0.0,0.0,0.0,0.0,0.0,0.0,0.0,0.08203340875693188,0.0
4,winter_heating,冬季采暖日,80.0,8.5,0.25,46.813064989863875,61.82344600487478,2.9532027626231674,0.0,5.0,-5.0,6.104757366580301,72.18422223115455,7.105427357601002e-15,0.0,0.0,0.0,0.0,18.011263387899437,57.6360428412782,0.9844009208743891,2.9532027626231674,0.0,0.0,0.0,0.0,3.1547068333852337,0.0,46.53802627832746,0.0,4.187403163596585,35.26853711185396,4.325543465711917,0.0,0.0,0.0,0.0,0.0,16.56970800093928,9.778738241769414,13.169937291307198,4.640462868235925,1.9578333617716144,0.0,93.28,13.991999999999999,46.0,45.0,0.18136496814146738,0.5533147211854735,1.0,36.555682344797155,56.8775703244848,0.8859608287869501,0.0,0.5605908909991908,0.2100809264908743,0.0,0.2561684284667969,1.0043010408735205,0.8248464645846775,19.768233521314734,2.8463991308290852,15.672989174378072,18.034211915942706,51.13860845557579,78.28897959773485,78.28897959773485,7.105427357601002e-15,0.0,0.0,0.0,0.0,0.0,0.0,0.0,0.0,0.0,0.0,0.0,0.0,0.0,-0.020969204047015744,0.0
4,winter_heating,冬季采暖日,80.0,8.75,0.25,46.92907169479802,60.59370910523226,3.1505978453299073,0.0,5.0,-5.0,5.858282689097791,74.16981456474507,1.6787967574672154,0.0,0.0,0.0,0.0,18.011263387899437,57.6360428412782,1.0501992817766357,3.1505978453299073,0.0,0.0,0.0,0.0,3.8753650029410007,0.0,47.45609856521203,0.0,2.95766626395406,34.4725696159417,5.162197886427782,0.0,0.0,0.0,0.0,0.0,16.340702352535956,10.061254811806684,13.247248558544662,4.684309370871468,1.9940699735316383,0.0,93.28,13.991999999999999,46.0,45.0,0.22391752720414831,0.5685349096766709,1.0,36.64757446227145,55.74621237681368,0.9451793535989721,0.0,0.5459481719124154,0.2195185572596013,0.0,0.2600758122461914,1.005005004073358,0.8268024435062138,19.925627902947767,2.871540907959184,15.797090315557078,17.699915894370445,52.0912695812258,81.70689401131007,80.02809725384286,1.6787967574672154,0.0,0.0,0.0,0.0,0.0,0.0,0.0,-7.105427357601002e-15,0.0,0.0,0.0,0.0,0.0,0.1973950827067399,0.0
4,winter_heating,冬季采暖日,80.0,9.0,0.25,47.06493496436403,59.065733961176804,3.253891224472131,0.0,5.0,-5.0,2.9523689959578405,73.39559336813574,6.416500919879361,0.0,0.0,0.0,0.0,18.011263387899437,57.6360428412782,1.084630408157377,3.253891224472131,0.0,0.0,0.0,0.0,0.00999075759268994,0.0,47.45609856521203,0.0,1.4296911198986066,34.079098825897255,5.177142846080043,0.0,0.0,0.0,0.0,0.0,16.087705259780503,10.33861921982056,13.320230552502023,4.729689369961839,2.031095991035345,0.0,93.28,13.991999999999999,46.0,45.0,0.2783378096415969,0.5626002611856757,1.0,36.73959680934607,54.340475244282665,0.9761673673416392,0.0,0.5240694103651771,0.22973429398052927,0.0,0.264,1.0198229675589425,0.8244094518381003,20.081015913499208,2.89661287092115,15.919701802664209,17.282377937112816,52.24207781044407,82.76446328397293,76.34796236409358,6.416500919879361,0.0,0.0,0.0,0.0,0.0,0.0,0.0,0.0,0.0,0.0,0.0,0.0,0.0,0.1032933791422237,0.0
4,winter_heating,冬季采暖日,80.0,9.25,0.25,47.32937683138222,57.606348270425585,3.3150722337120238,0.0,5.0,-5.0,5.009307705592519,71.65257880063788,6.035973351323957,0.0,0.0,0.0,0.0,18.011263387899437,57.6360428412782,1.105024077904008,3.3150722337120238,0.0,0.0,0.0,0.0,0.00999075759268994,0.0,47.45609856521203,0.0296945708526124,0.0,34.0691117370618,5.2062314514520445,0.0,0.0,0.0,0.0,0.0,15.825402952901179,10.607385761923187,13.38870807577705,4.776362125908751,2.068671053718672,0.0,93.28,13.991999999999999,46.0,45.0,0.3281419599028805,0.5492395074139043,1.0,36.942262079313984,52.99784040879154,0.994521670113607,0.0,0.49663710357661295,0.24068372153622888,0.0,0.2679241877538086,1.0172322428416722,0.8187893002523532,20.23374125540447,2.921497783574929,16.040306886065068,16.884247275461227,52.53560828283426,82.69785985755436,76.6618865062304,6.035973351323957,0.0,0.0,0.0,0.0,0.0,0.0,0.0,1.4210854715202004e-14,0.0,0.0,0.0,0.0,0.0,0.06118100923989278,0.0
4,winter_heating,冬季采暖日,80.0,9.5,0.25,47.33179146198865,56.177357827194626,3.457416568155401,0.0,5.0,-5.0,6.018894304310095,70.69312055337457,6.515492223352091,0.0,0.0,0.0,0.0,18.011263387899437,57.6360428412782,1.1524721893851337,3.457416568155401,0.0,0.0,0.0,0.0,0.00999075759268994,0.0,47.45609856521203,1.4586850140835708,0.0,34.39851487203813,5.2064970608187515,0.0,0.0,0.0,0.0,0.0,15.566926630000802,10.86415443404802,13.45259261860132,4.824051636453525,2.106530659712633,0.0,93.28,13.991999999999999,46.0,45.0,0.37238148492308054,0.5418849587859013,1.0,36.93688044796812,51.683169201019055,1.0372249704466203,0.0,0.4656304634963924,0.25230030782237595,0.0,0.2718315715332031,1.0168826754194669,0.8112515944441561,20.38317491476748,2.946077153930572,16.158408724852155,16.494759841279055,52.538288522807406,83.22750708103675,76.71201485768466,6.515492223352091,0.0,0.0,0.0,0.0,0.0,0.0,0.0,0.0,0.0,0.0,0.0,0.0,0.0,0.14234433444337746,0.0
4,winter_heating,冬季采暖日,80.0,9.75,0.25,47.42284029776081,54.72951799838483,3.636624336620945,0.0,5.0,-5.0,9.420448323129975,67.45236666508363,4.610672311385155,0.0,0.0,0.0,0.0,18.011263387899437,57.6360428412782,1.2122081122069817,3.636624336620945,0.0,0.0,0.0,0.0,0.00999075759268994,0.0,47.45609856521203,2.9065248428933685,0.0,35.07161526478929,5.216512432753689,0.0,0.0,0.0,0.0,0.0,15.323017101426428,11.105678435166043,13.511878758332314,4.872448317189649,2.144388724825195,0.0,93.28,13.991999999999999,46.0,45.0,0.4168476475082928,0.5170435629973834,1.0,37.01905087504467,50.35115655851404,1.0909873009862836,0.0,0.43309377744406485,0.2644945074223913,0.0,0.2757054193209677,0.9921735980188151,0.8031308492459168,20.528715800347157,2.9702316675555576,16.27353086615644,16.10005087539146,52.639352730514496,81.48348729959876,76.8728149882136,4.610672311385155,0.0,0.0,0.0,0.0,0.0,0.0,0.0,7.105427357601002e-15,0.0,0.0,0.0,0.0,0.0,0.17920776846554398,0.0
4,winter_heating,冬季采暖日,80.0,10.0,0.25,47.68479266024926,53.357997139697396,3.6849191788669833,0.0,5.0,-5.0,12.459477364322964,64.7202030270015,3.444963565547356,0.0,0.0,0.0,0.0,18.011263387899437,57.6360428412782,1.228306392955661,3.6849191788669833,0.0,0.0,0.0,0.0,0.00999075759268994,0.0,47.45609856521203,4.278045701580801,0.0,36.070115311282336,5.2453271926274185,0.0,0.0,0.0,0.0,0.0,15.101550459418487,11.328974748290202,13.566636977699005,4.921211489709872,2.181940751190348,0.0,88.0,13.2,46.0,45.0,0.47250173091966646,0.4961006711172512,1.0,37.24489175216469,49.089357368521604,1.105475753660095,0.0,0.40092267433773465,0.27715359594515426,0.0,0.27952914270615126,0.9549786112661952,0.7956367939578968,20.669789218599227,2.993841470733534,16.385216064612763,15.726685453506324,52.93011985287668,80.62464395687182,77.17968039132447,3.444963565547356,0.0,0.0,0.0,0.0,0.0,0.0,0.0,7.105427357601002e-15,0.0,0.0,0.0,0.0,0.0,0.04829484224603808,0.0
4,winter_heating,冬季采暖日,80.0,10.25,0.25,48.07760229467804,52.20136070860809,3.8229658109578706,0.0,5.0,-5.0,14.788515450663645,62.873199178907065,2.437366800742776,0.0,0.0,0.0,0.0,18.011263387899437,57.6360428412782,1.2743219369859569,3.8229658109578706,0.0,0.0,0.0,0.0,0.00999075759268994,0.0,47.45609856521203,5.434682132670105,0.0,37.342817260135845,5.288536252414584,0.0,0.0,0.0,0.0,0.0,14.907425336930803,11.53143335654408,13.617003042418625,4.969972677574852,2.2188675697091758,0.0,88.0,13.2,46.0,45.0,0.5117601565686887,0.48194280686868707,1.0,37.580513690209465,48.02525185191945,1.146889743287361,0.0,0.37069898410613417,0.2901423306648075,0.0,0.2832863679181897,0.9099429944029634,0.7897394359949008,20.80584328970265,3.0167863123897267,16.493023525991507,15.413374975163908,53.36613854709262,80.09908143031349,77.66171462957071,2.437366800742776,0.0,0.0,0.0,0.0,0.0,0.0,0.0,1.4210854715202004e-14,0.0,0.0,0.0,0.0,0.0,0.1380466320908873,0.0
4,winter_heating,冬季采暖日,80.0,10.5,0.25,48.410290325876325,51.13146982597273,3.841627065679696,0.0,5.0,-5.0,18.088330525285613,56.0222486340417,3.552713678800501e-15,0.0,0.0,0.0,0.0,18.011263387899437,57.6360428412782,1.2805423552265653,3.841627065679696,0.0,0.0,0.0,0.0,0.00999075759268994,0.0,47.45609856521203,6.504573015305468,0.0,38.86898194264083,1.398492332732306,0.0,0.0,0.0,0.0,0.0,14.742763983981526,11.71092025622717,13.663164252787977,5.018339687533169,2.2548396019890076,0.0,88.0,13.2,46.0,45.0,0.5373824531356338,0.4294281205089915,1.0,37.86090517045203,47.040952239894914,1.1524881197039087,0.0,0.34359240004257385,0.30330450218499727,0.0,0.2869610059419054,0.8784909889392488,0.7861016876411093,20.936343542310155,3.038945566528109,16.596524761885235,15.12414985463304,49.80878265860863,74.11057915932732,74.11057915932732,3.552713678800501e-15,0.0,0.0,0.0,0.0,0.0,0.0,0.0,0.0,0.0,0.0,0.0,0.0,0.0,0.018661254721825227,0.0
4,winter_heating,冬季采暖日,80.0,10.75,0.25,48.714453557000205,50.090833285222445,4.197793985985609,0.0,4.101049919237727,-4.101049919237727,18.955569986863487,53.270461539269085,-7.105427357601002e-15,0.0,0.0,0.0,0.0,18.011263387899437,57.6360428412782,1.399264661995203,4.197793985985609,0.0,0.0,0.0,0.0,0.0,0.0,47.45372576028377,7.545209556055752,0.0,40.64153472123275,0.0,0.0,0.0,0.0,0.0,0.0,14.607346880872484,11.865869229701802,13.705343055950921,5.065901429785418,2.289521569660788,0.0,88.0,13.2,46.0,45.0,0.5631470901023933,0.40833480867375305,1.0,38.10731684030566,46.08356662240465,1.2593381957956826,0.0,0.3203328517048422,0.31646540367845905,0.0,0.29053732141314004,0.8654092935910124,0.7850623148464857,21.060766055397128,3.0601981694008593,16.695298343412947,14.84281931678406,48.714453557000205,72.22603152613257,72.22603152613257,-7.105427357601002e-15,0.0,0.0,0.0,0.0,0.0,0.0,0.0,7.105427357601002e-15,0.0,0.0,0.8989500807622726,0.0,0.0,0.3561669203059128,0.0
4,winter_heating,冬季采暖日,80.0,11.0,0.25,48.59151542674832,49.04774880038662,4.496414766406469,0.0,1.1548132739837467,-1.1548132739837467,19.466297561130396,49.81008046528408,-7.105427357601002e-15,0.0,0.0,0.0,0.0,18.011263387899437,57.6360428412782,1.4988049221354895,4.496414766406469,0.0,0.0,0.0,0.0,0.019981015647479245,0.0,47.45609856521203,8.588294040891576,0.0,42.66093378858388,0.0,0.0,0.0,0.0,0.0,0.0,14.499186618362078,11.995357370174574,13.743778666204287,5.112233407361841,2.3225775623986644,0.0,70.0,10.5,46.0,45.0,0.5783201894859933,0.3818099015684836,1.0,38.02058199911835,45.12392889635569,1.3489244299219405,0.0,0.3012447755813332,0.3294352005208639,0.0,0.294,0.8557218681039138,0.7866630233757107,21.17858963596479,3.080422516997352,16.788923934897568,14.560412297928963,48.59151542674832,69.27637802641448,69.27637802641448,-7.105427357601002e-15,0.0,0.0,0.0,0.0,0.0,0.0,0.0,7.105427357601002e-15,0.0,0.0,2.9462366452539808,0.0,0.0,0.29862078042086004,0.0
4,winter_heating,冬季采暖日,80.0,11.25,0.25,48.763767164869996,48.1440056466119,4.732857723536569,0.0,-0.0,0.0,19.319802940438798,47.451671455412985,3.552713678800501e-15,0.0,0.0,0.0,0.0,18.011263387899437,57.6360428412782,1.5776192411788565,4.732857723536569,0.0,0.0,0.0,0.0,0.0,0.0,47.45372576028377,9.492037194666295,0.0,44.893962155422834,0.0,1.5811753980965015,0.0,0.0,0.0,0.0,14.415149990798652,12.099159632324577,13.778707480124346,5.156903781723095,2.3536763613451477,0.0,70.0,10.5,46.0,45.0,0.5739680112388978,0.36373195623079835,1.0,38.13927686880059,44.29248519488295,1.4198573170609707,0.0,0.2863257791601849,0.3420131361191309,0.0,0.2973342139811761,0.8809857576916259,0.7907073712014645,21.28928762319259,3.099496377821011,16.87697606694736,14.316535628631307,47.1825917667735,66.77147439585178,66.77147439585178,3.552713678800501e-15,0.0,0.0,0.0,0.0,0.0,-0.0,0.0,-7.105427357601002e-15,0.0,0.0,1.1548132739837467,0.0,0.0,0.23644295713010077,0.0
4,winter_heating,冬季采暖日,80.0,11.5,0.25,48.814044229517954,47.535170731266106,4.931176470394881,0.0,-0.0,0.0,19.217566604884375,46.46359709479771,3.552713678800501e-15,0.0,0.0,0.0,0.0,18.011263387899437,57.6360428412782,1.643725490131627,4.931176470394881,0.0,0.0,0.0,0.0,0.0,0.8304668945695219,47.2328091543722,10.10087211001209,0.0,47.270472300472996,0.0,1.95740251329741,0.0,0.0,0.0,0.0,14.351553396785064,12.17777823152108,13.81034318201178,5.1994799003694805,2.3824969025845952,0.0,70.0,10.5,46.0,45.0,0.5709306931888416,0.35615805611168905,1.0,38.16901855773479,43.73235707276482,1.4793529411184643,0.0,0.27534854681264437,0.3539924621612869,0.0,0.30052568574052324,0.9009904377650371,0.7968366001675063,21.392319984965855,3.117296882476531,16.95901816614785,14.154655639249297,46.856641716220544,65.68116369968209,65.68116369968209,3.552713678800501e-15,0.0,0.0,0.0,0.0,0.0,-0.0,0.0,7.105427357601002e-15,0.0,0.0,0.0,0.0,0.0,0.19831874685831163,0.0
4,winter_heating,冬季采暖日,80.0,11.75,0.25,49.07900669519257,46.957622934102965,5.187634174876703,0.0,0.0,0.0,20.07230554969901,48.560260582031574,7.105427357601002e-15,0.0,0.0,0.0,0.0,18.011263387899437,57.6360428412782,1.7292113916255678,5.187634174876703,0.0,0.0,0.0,0.0,0.9501096896739109,0.0,47.45609856521203,10.678419907175233,0.0,49.78296179227688,0.0,1.1370250326608997,0.0,0.0,0.0,0.0,14.304679979357742,12.232443532298307,13.8388575046795,5.23953515341255,2.40873375636107,0.0,70.0,10.5,46.0,45.0,0.5963239549004722,0.3722296398594996,1.0,38.36713385792171,43.20101309937473,1.556290252463011,0.0,0.2679658439024569,0.36516593640576517,0.0,0.30356074890600415,0.9219224478027082,0.8046081449576125,21.48712641445312,3.133700654575234,17.034597390164773,14.000869309966829,47.94198166253167,68.63256613173058,68.63256613173058,7.105427357601002e-15,0.0,0.0,0.0,0.0,0.0,0.0,0.0,7.105427357601002e-15,0.0,0.0,0.0,0.0,0.0,0.25645770448182237,0.0
4,winter_heating,冬季采暖日,80.0,12.0,0.25,49.29896689180379,46.36880286687079,5.43752595197697,0.0,-0.0,0.0,20.534854559410064,46.23569595342343,0.0,0.0,0.0,0.0,0.0,17.632526775349195,56.42408568111743,1.81250865065899,5.43752595197697,0.0,0.0,0.0,0.0,0.0,0.0,47.45372576028377,10.055282814246652,0.0,52.14619997976432,0.0,1.9734518049784793,0.0,0.0,0.0,0.0,14.27119172624174,12.265084142106826,13.864362634075484,5.276656010528959,2.432102492359528,0.0,70.0,10.5,46.0,45.0,0.6100657273203487,0.3544111223275506,1.0,38.53353907984788,42.659298637521125,1.631257785593091,0.0,0.26380276436705746,0.3753316915745794,0.0,0.3064264068711929,0.940026461231774,0.8135655440016949,21.57312113696397,3.148584146303367,17.10324081813264,13.843175732190854,47.32551508682531,66.7705505128335,66.7705505128335,0.0,0.0,0.0,0.0,0.0,0.0,-0.0,0.0,0.0,-7.105427357601002e-15,0.0,0.0,0.0,-1.2119571601607646,0.24989177710026667,0.0
4,winter_heating,冬季采暖日,80.0,12.25,0.25,49.31697616906983,45.915787756606186,5.529284869717188,0.0,0.0,0.0,21.23845377711958,45.50614670051733,-7.105427357601002e-15,0.0,0.0,0.0,0.0,17.56533632871439,56.20907625188606,1.843094956572396,5.529284869717188,0.0,0.0,0.0,0.0,0.0,0.0,47.451353073995755,10.293288495279882,0.0,54.56478289740341,0.0,1.980806976719716,0.0,0.0,0.0,0.0,14.248431383513205,12.278265231955434,13.886896218979976,5.3104490781930584,2.4523447998951764,0.0,70.0,10.5,46.0,45.0,0.6309688102836162,0.34881889830704177,1.0,38.53797447074016,42.24252473607769,1.6587854609151562,0.0,0.2625261764360009,0.38429924784605957,0.0,0.3091103884487386,0.9648198163170042,0.8232925155929559,21.64969009706821,3.161824236329286,17.16445351397494,13.722678562086312,47.33616919235011,66.74460047763691,66.74460047763691,-7.105427357601002e-15,0.0,0.0,0.0,0.0,0.0,0.0,0.0,7.105427357601002e-15,-7.105427357601002e-15,0.0,0.0,0.0,-0.21500942923137245,0.0917589177402176,0.0
4,winter_heating,冬季采暖日,80.0,12.5,0.25,49.08491340666564,45.46947165447996,5.504994709281415,0.0,-0.0,0.0,21.46970652686904,42.94350557942166,-3.552713678800501e-15,0.0,0.0,0.0,0.0,15.917785465424494,50.93691348935838,1.8349982364271382,5.504994709281415,0.0,0.0,0.0,0.0,0.0,0.43702807870043614,47.33397311721036,5.4674418348784215,0.0,55.83601794173833,0.0,1.9874569235261443,0.0,0.0,0.0,0.0,14.234624637070144,12.275095597709578,13.906409867083463,5.340548010159072,2.469233234476344,0.0,70.0,10.5,46.0,45.0,0.6378390501756288,0.3291754497307475,1.0,38.375235556781675,41.831913922121565,1.6514984127844243,0.0,0.2638870616115568,0.39189542138466577,0.0,0.31160120041747413,0.9544164912672009,0.8334479627708893,21.71619111171888,3.1732991374634443,17.21771891388487,13.603157886272855,47.097456483139496,64.4132121062907,64.4132121062907,-3.552713678800501e-15,0.0,0.0,0.0,0.0,0.0,-0.0,0.0,7.105427357601002e-15,0.0,0.0,0.0,0.0,-5.272162762527678,-0.024290160435772812,0.0
4,winter_heating,冬季采暖日,80.0,12.75,0.25,49.26787601804776,45.1071180540666,5.629769039081866,0.0,0.0,0.0,21.44521369529862,44.1479334759327,-3.552713678800501e-15,0.0,0.0,0.0,0.0,15.917785465424492,50.936913489358375,1.8765896796939554,5.629769039081866,0.0,0.0,0.0,0.0,0.5241774596106499,0.0,47.45609856521203,5.829795435291771,0.0,57.192676348649265,0.0,1.99328145154553,0.0,0.0,0.0,0.0,14.229001521010623,12.259105594074185,13.922761877232205,5.366620102264988,2.4825754689579003,0.0,70.0,10.5,46.0,45.0,0.637111397731687,0.3384077676133441,1.0,38.51215308732681,41.49854860974128,1.6889307117245598,0.0,0.2677360533072474,0.39796987419832575,0.0,0.31388817673815267,0.9750924342887858,0.8437818919948115,21.771957448455094,3.1828896468463004,17.262501889838695,13.50618624773227,47.27459456650223,65.59314717123132,65.59314717123132,-3.552713678800501e-15,0.0,0.0,0.0,0.0,0.0,0.0,0.0,-1.4210854715202004e-14,0.0,0.0,0.0,0.0,-7.105427357601002e-15,0.12477432980045133,0.0
4,winter_heating,冬季采暖日,80.0,13.0,0.25,49.208274265843464,44.89690376310639,5.717569292955376,0.0,0.0,0.0,20.721910870253616,43.40004349608831,0.0,0.0,0.0,0.0,0.0,15.229395275336536,48.73406488107692,1.9058564309851251,5.717569292955376,0.0,0.0,0.0,0.0,0.0,0.22334595009910174,47.39495051025769,3.837161117970531,0.0,58.07540577599294,0.0,1.9982256557240983,0.0,0.0,0.0,0.0,14.231857858781515,12.234099741225378,13.935714778836111,5.388372406005531,2.4922179382602434,0.0,70.0,10.5,46.0,45.0,0.6156229443921559,0.33267495616391346,1.0,38.46604238137784,41.30515146205788,1.7152707878866127,0.0,0.27401554061929057,0.40240005747016216,0.0,0.3159615242270663,0.9878793899390114,0.8541343781723623,21.816305123101884,3.1904807529585826,17.298254712204297,13.450802075037076,47.210048610119365,64.12195436634192,64.12195436634192,0.0,0.0,0.0,0.0,0.0,0.0,0.0,0.0,0.0,0.0,0.0,0.0,0.0,-2.2028486082814567,0.08780025387350943,0.0
4,winter_heating,冬季采暖日,80.0,13.25,0.25,49.32355068344466,44.88716953592342,5.766809152235518,0.0,-0.0,0.0,19.82948892367552,43.563782063500575,-3.552713678800501e-15,0.0,0.0,0.0,0.0,15.229395275336536,48.73406488107692,1.9222697174118393,5.766809152235518,0.0,0.0,0.0,0.0,0.0,1.0796425201070008,47.108464310072435,3.8468953451534986,0.0,58.96000571757891,0.0,2.0023021689099334,0.0,0.0,0.0,0.0,14.244574165845629,12.203989431320643,13.944938030855974,5.405557204017775,2.4980487811074754,0.0,70.0,10.5,46.0,45.0,0.5891101662110062,0.333930063678751,1.0,38.5502537322491,41.29619597304955,1.7300427456706553,0.0,0.2827333201806624,0.4050953215312663,0.0,0.3178123644919613,1.0083803341150095,0.8644208597719666,21.848544015981222,3.195963592269561,17.32442598192033,13.450500826979326,47.32124851453472,63.393270987176095,63.393270987176095,-3.552713678800501e-15,0.0,0.0,0.0,0.0,0.0,-0.0,0.0,0.0,0.0,0.0,0.0,0.0,0.0,0.049239859280142184,0.0
4,winter_heating,冬季采暖日,80.0,13.5,0.25,49.47741586192031,44.98331804294376,5.662920427126808,0.0,0.0,0.0,18.36899793439038,46.44499165756616,0.0,0.0,0.0,0.0,0.0,15.229395275336536,48.73406488107692,1.8876401423756028,5.662920427126808,0.0,0.0,0.0,0.0,0.22512991751273148,0.0,47.15957724226621,3.7507468381331606,0.0,59.82132808877675,0.0,2.0055916051886347,0.0,0.0,0.0,0.0,14.269602743042855,12.172612648045469,13.95001598480745,5.4179767044791936,2.5,0.0,70.0,10.5,46.0,45.0,0.5457207428749273,0.3560154395952799,1.0,38.668871741141885,41.38465259950826,1.6988761281380425,0.0,0.2939233760505342,0.406,0.0,0.31943277195067715,1.0232309330057454,0.8746074965885172,21.867992689286645,3.1992377249831483,17.34047243400192,13.478767188382587,47.47182425673168,64.81398959195654,64.81398959195654,0.0,0.0,0.0,0.0,0.0,0.0,0.0,0.0,-7.105427357601002e-15,0.0,0.0,0.0,0.0,0.0,-0.1038887251087095,0.0
4,winter_heating,冬季采暖日,80.0,13.75,0.25,49.28968296893673,44.811829612880324,5.789904347444621,0.0,1.1583113018680803e-13,-1.1583113018680803e-13,17.261224107949502,48.43802011634676,-3.552713678800501e-15,0.0,0.0,0.0,0.0,15.229395275336536,48.73406488107692,1.9299681158148736,5.789904347444621,0.0,0.0,0.0,0.0,1.2584391655071037,0.0,47.45609856521203,3.9222352681965944,0.0,60.72294830092906,0.0,2.0082413012990963,0.0,0.0,0.0,0.0,14.31042561129623,12.14354885117443,13.950460951615469,5.425486830066429,2.4980487811074754,0.0,70.0,10.5,46.0,45.0,0.5128101204413046,0.37129262832017207,1.0,38.51717861028148,41.2268832438499,1.736971304233386,0.0,0.3075994335710211,0.4050953215312663,0.0,0.3208158077697063,1.042890404805439,0.8846804102590755,21.873996562789372,3.200213675449458,17.34587333851458,13.431000018611151,47.28144166763764,65.69924422429627,65.69924422429627,-3.552713678800501e-15,0.0,0.0,0.0,0.0,0.0,0.0,0.0,7.105427357601002e-15,0.0,0.0,-1.1583113018680803e-13,0.0,0.0,0.12698392031781225,0.0
4,winter_heating,冬季采暖日,80.0,14.0,0.25,49.164780967288685,44.85513616249801,5.936417146849104,0.0,1.1583113018680803e-13,-1.1583113018680803e-13,16.10409259225677,47.48521403484687,-3.552713678800501e-15,0.0,0.0,0.0,0.0,14.446191264945417,46.22781204782534,1.978805715616368,5.936417146849104,0.0,0.0,0.0,0.0,0.00999075759268994,0.0,47.45609856521203,1.3726758853273253,0.0,61.01859734954384,0.0,2.010462078339634,0.0,0.0,0.0,0.0,14.37147819721897,12.119938065722211,13.945730945389748,5.428000000000001,2.4922179382602434,0.0,70.0,10.5,46.0,45.0,0.4784331406733668,0.36398907063078273,1.0,38.407928125591546,41.266725269498174,1.7809251440547311,0.0,0.3237068397106095,0.40240005747016216,0.0,0.3219555495773441,1.0707867186060032,0.8946126116190496,21.865948883649992,3.198815659864023,17.340147052951377,13.44227735438629,47.15431888894905,63.58930662710364,63.58930662710364,-3.552713678800501e-15,0.0,0.0,0.0,0.0,0.0,0.0,0.0,0.0,0.0,0.0,0.0,0.0,-2.5062528332515797,0.14651279940448347,0.0
4,winter_heating,冬季采暖日,80.0,14.25,0.25,49.332703390598425,44.89093406972761,5.910370007796833,0.0,-0.0,0.0,14.609932428794501,49.035005427285945,-3.552713678800501e-15,0.0,0.0,0.0,0.0,14.344642822334782,45.90285703147131,1.9701233359322776,5.910370007796833,0.0,0.0,0.0,0.0,0.00999075759268994,0.0,47.45609856521203,1.011922961743707,0.0,61.2284197542832,0.0,2.01252245037773,0.0,0.0,0.0,0.0,14.458027643056239,12.104313657227763,13.935251423550422,5.425486830066429,2.4825754689579003,0.0,70.0,10.5,46.0,45.0,0.4340434468375276,0.3758687081152325,1.0,38.54344312834739,41.2996593441494,1.7731110023390497,0.0,0.34207822987177744,0.39796987419832575,0.0,0.3228471168241938,1.0774332371680786,0.9043324086717215,21.843313722574752,3.194984403408746,17.322869121876145,13.450364070341466,47.320180940220695,63.644937856080446,63.644937856080446,-3.552713678800501e-15,0.0,0.0,0.0,0.0,0.0,-0.0,0.0,0.0,-7.105427357601002e-15,0.0,1.1583113018680803e-13,0.0,-0.324955016354032,-0.026047139052271184,0.0
4,winter_heating,冬季采暖日,80.0,14.5,0.25,49.444298132853085,44.935726346967144,5.965738073120631,-0.0,0.0,-0.0,13.015061088186776,49.688862892091784,1.7763568394002505e-15,0.0,-0.0,0.0,0.0,13.28578603644908,42.51451531663706,1.988579357706877,5.965738073120631,0.0,0.0,0.0,0.0,0.0,0.0,47.45372576028377,0.0,2.4212110303300776,60.560644746950786,0.0,2.0147395467304796,0.0,0.0,0.0,0.0,14.575991280780174,12.098458195162872,13.91844011732816,5.4179767044791936,2.469233234476344,0.0,70.0,10.5,46.0,45.0,0.38666174556590294,0.3808807308211852,1.0,38.6411635811735,41.340868239209776,1.7897214219361894,0.0,0.3623982979241525,0.39189542138466577,0.0,0.32348669168242866,1.0757512914657974,0.913697044891413,21.8056500562837,3.1886799324704294,17.29369118619104,13.459903495714878,47.4295585861226,62.70392398027856,62.70392398027856,1.7763568394002505e-15,0.0,0.0,0.0,0.0,0.0,0.0,0.0,0.0,-7.105427357601002e-15,0.0,-0.0,0.0,-3.3883417148342474,0.055368065323798454,0.0
4,winter_heating,冬季采暖日,80.0,14.75,0.25,49.73578381698221,45.11472749174941,6.057798955183352,-0.0,0.0,-0.0,11.559155672988823,49.433114629053996,1.7763568394002505e-15,0.0,-0.0,0.0,0.0,12.565304452928793,40.20897424937214,2.019266318394451,6.057798955183352,0.0,0.0,0.0,0.0,0.0,1.3106182634454857,47.106453530983785,0.0,4.905753242377273,59.239376729214875,0.0,2.017466022817156,0.0,0.0,0.0,0.0,14.73168082750357,12.103291156854324,13.89473386343122,5.405557204017775,2.4523447998951764,0.0,70.0,10.5,46.0,45.0,0.3434085540975777,0.3789203401086099,1.0,38.88378867812671,41.50554929240946,1.8173396865550056,0.0,0.3841825982839856,0.38429924784605957,0.0,0.3238715353943162,1.067433076415718,0.9224751004848439,21.75263586734417,3.1798842163118843,17.252359864856167,13.505990337992392,47.71831779416506,60.99227030204282,60.99227030204282,1.7763568394002505e-15,0.0,0.0,0.0,0.0,0.0,0.0,0.0,0.0,0.0,0.0,0.0,0.0,-2.305541067264919,0.09206088206272067,0.0
4,winter_heating,冬季采暖日,80.0,15.0,0.25,49.76371523391301,45.38471772248019,6.015719484370675,0.0,0.0,0.0,9.889094049194796,52.42409303966728,-1.7763568394002505e-15,0.0,-0.0,0.0,0.0,12.56530445292879,40.20897424937213,2.005239828123558,6.015719484370675,0.0,0.0,0.0,0.0,0.0,0.0,47.104098208307235,0.0,5.175743473108049,57.847719284769205,0.0,2.0210724261032915,0.0,0.0,0.0,0.0,14.931461542030378,12.118795991430483,13.863616218387232,5.388372406005531,2.432102492359528,0.0,70.0,10.5,46.0,45.0,0.29379304032600234,0.40184712845912546,1.0,38.90283951489043,41.75394030468178,1.8047158453112024,0.0,0.4067744449017393,0.3753316915745794,0.0,0.324,1.0810243607821217,0.9303406338483391,21.684091116752292,3.16860352760656,17.19873471400566,13.576569203399613,47.742642807809716,62.31318708886207,62.31318708886207,-1.7763568394002505e-15,0.0,0.0,0.0,0.0,0.0,0.0,0.0,7.105427357601002e-15,-7.105427357601002e-15,0.0,0.0,0.0,-7.105427357601002e-15,-0.042079470812677044,0.0
4,winter_heating,冬季采暖日,80.0,15.25,0.25,49.53243794970358,45.654494895001584,6.129871608657463,-0.0,0.0,-0.0,8.49904551099894,52.95702574903504,3.552713678800501e-15,0.0,1.8829623487617704,0.6590368220666196,0.8473330569427967,12.565304452928793,40.20897424937214,2.0432905362191542,6.129871608657463,0.0,0.0,0.0,0.0,0.0,0.0,47.10174300339682,0.0,4.598187588686646,56.60874605968297,0.0,2.0259248567509274,0.0,0.0,0.0,0.0,15.181322894764628,12.143992275260304,13.824644570482901,5.366620102264988,2.40873375636107,0.0,70.0,10.5,46.0,45.0,0.25249637713262046,0.405932224957778,1.0,38.74788095440157,42.00213530340146,1.8389614825972387,0.0,0.42936247089040236,0.36516593640576517,0.0,0.3238715353943162,1.056797022282423,0.9368810310130706,21.599998429108958,3.1548703932650817,17.132804357504522,13.646160254926636,47.50651309295265,61.45607126003398,61.45607126003398,3.552713678800501e-15,0.3765924697523541,0.09414811743808853,7.531849395047082,0.0,0.0,0.0,0.0,0.0,0.0,0.0,-0.0,0.6590368220666196,7.105427357601002e-15,0.11415212428678778,0.0
4,winter_heating,冬季采暖日,80.0,15.5,0.25,50.070096147778806,46.05188887106398,6.1215116076474345,-0.0,0.0,-0.0,7.063723510364028,54.670696311480576,1.7763568394002505e-15,0.0,2.5975038647659945,0.909126352668098,1.1688767391446975,12.565304452928793,40.20897424937214,2.0405038692158115,6.1215116076474345,0.0,0.0,0.0,0.0,0.0,0.0,47.09938791624665,0.0,4.674037882547142,55.350431717561776,0.0,2.03235829541071,0.0,0.0,0.0,0.0,15.486367815034015,12.176956419726508,13.777475465397073,5.340548010159072,2.3824969025845952,0.0,70.0,10.5,46.0,45.0,0.20985469405067358,0.41906804772008327,1.0,39.140402532513264,42.36773776137886,1.8364534822942302,0.0,0.4510192649543763,0.3539924621612869,0.0,0.32348669168242866,1.0972968221355546,0.9416190585115287,21.500520378140738,3.1387450162448927,17.054699921607426,13.750622167175868,48.037737852368096,61.734419821844604,61.734419821844604,1.7763568394002505e-15,0.519500772953199,0.12987519323829974,10.39001545906398,0.0,0.0,0.0,0.0,0.0,0.0,0.0,0.0,0.2500895306014784,0.0,-0.008360001010028206,0.0
4,winter_heating,冬季采暖日,80.0,15.75,0.25,50.6492033972168,46.59114142785386,6.041320780223284,-0.0,0.0,-0.0,5.766379940212552,54.107797625970065,1.7763568394002505e-15,0.0,6.344688348304616,2.2206409219066154,2.855109756737077,11.610955398398776,37.155057274876086,2.013773593407761,6.041320780223284,0.0,0.0,0.0,0.0,0.0,0.13846728180210377,47.060594188481865,0.0,6.580974396240698,53.590921134271234,0.0,2.040646619132005,0.0,0.0,0.0,0.0,15.850240415715666,12.214891755412486,13.721886931484319,5.3104490781930584,2.3536763613451477,0.0,70.0,10.5,46.0,45.0,0.17131218349044414,0.41475325260832696,1.0,39.59490847541531,42.86385011362555,1.812396234066985,0.0,0.47075888675187594,0.3420131361191309,0.0,0.3228471168241938,1.0968179213209157,0.944047804216515,21.386012371022524,3.1203160653488013,16.964704993972305,13.894017271096654,48.6085567780848,59.87417756618262,59.87417756618262,1.7763568394002505e-15,1.2689376696609234,0.31723441741523084,25.378753393218467,0.0,0.0,0.0,0.0,7.105427357601002e-15,0.0,0.0,0.0,1.3115145692385175,-3.0539169744960546,-0.08019082742415051,0.0
4,winter_heating,冬季采暖日,80.0,16.0,0.25,51.086552731531455,47.10532991312451,6.110469177218224,0.0,0.0,0.0,4.510697761072642,53.22179453932965,2.6645352591003757e-15,0.0,10.091872831843238,3.532155491145133,4.541342774329458,11.610955398398776,37.155057274876086,2.0368230590727414,6.110469177218224,0.0,0.0,0.0,0.0,0.0,1.4187123740728573,46.68489579717432,0.0,5.408929863918964,52.14072307793596,0.0,2.0509710233826883,0.0,0.0,0.0,0.0,16.274525914473486,12.254245969346934,13.657796725889458,5.276656010528959,2.3225775623986644,0.0,132.0,19.8,46.0,45.0,0.1340073825392658,0.40796176084321484,1.0,39.907079955728655,43.33690352007455,1.833140753165467,0.0,0.48760833699474554,0.3294352005208639,0.0,0.3219555495773441,1.133469824781353,0.9436752884635764,21.25703029881708,3.0997007527296536,16.86326146017572,14.029688817748939,49.03558170814877,57.73249230040229,57.73249230040229,2.6645352591003757e-15,2.0183745663686476,0.5045936415921619,40.36749132737295,0.0,0.0,0.0,0.0,0.0,0.0,0.0,0.0,1.3115145692385175,0.0,0.06914839699494024,0.0
4,winter_heating,冬季采暖日,80.0,16.25,0.25,51.21598504169662,47.533918300482696,6.093179943593974,0.0,0.0,0.0,3.3388086279761993,53.52314635427975,2.6645352591003757e-15,0.0,13.83905731538186,4.8436700603836504,6.227575791921837,11.610955398398776,37.155057274876086,2.0310599811979912,6.093179943593974,0.0,0.0,0.0,0.0,0.0,1.0889861531064504,46.3959862489354,0.0,4.151285233684774,51.02220923384837,0.0,2.063389225547329,0.0,0.0,0.0,0.0,16.758169515770103,12.29087099911968,13.585275615833067,5.23953515341255,2.289521569660788,0.0,132.0,19.8,46.0,45.0,0.09919197178225712,0.4102717170956199,1.0,40.01194480691918,43.731204836444086,1.8279539830781921,0.0,0.5006856833634471,0.31646540367845905,0.0,0.3208158077697063,1.123842800833882,0.940073859046247,21.114332338906404,3.0770441468396004,16.750970742440355,14.140773818947102,49.15259581614929,56.86195498225595,56.86195498225595,2.6645352591003757e-15,2.767811463076372,0.691952865769093,55.35622926152744,0.0,0.0,0.0,0.0,7.105427357601002e-15,0.0,0.0,0.0,1.3115145692385175,0.0,-0.0172892336242505,0.0
4,winter_heating,冬季采暖日,80.0,16.5,0.25,51.67992444494474,48.28085566522162,5.924632875156874,0.0,0.0,0.0,2.0310255763493004,54.00233977667296,-8.881784197001252e-16,0.0,17.58624179892048,6.155184629622167,7.913808809514216,11.610955398398776,37.155057274876086,1.9748776250522913,5.924632875156874,0.0,0.0,0.0,0.0,0.0,0.9993991447124753,46.13066667469862,0.0,3.2119895808313217,50.1514377132232,0.0,2.0778083410389057,0.0,0.0,0.0,0.0,17.29697125220521,12.320217791426698,13.504555049450122,5.1994799003694805,2.2548396019890076,0.0,132.0,19.8,46.0,45.0,0.06033931683601668,0.41394488509147837,1.0,40.36683729632476,44.41838721200389,1.777389862547062,0.0,0.5092759942953258,0.30330450218499727,0.0,0.31943277195067715,1.123630964177572,0.9329283813263688,20.95887455180861,3.052517700438103,16.628590166320933,14.340469106649635,49.602116103905836,56.03336535302226,56.03336535302226,-8.881784197001252e-16,3.5172483597840962,0.8793120899460241,70.34496719568193,0.0,0.0,0.0,0.0,0.0,0.0,0.0,0.0,1.3115145692385166,0.0,-0.16854706843709977,0.0
4,winter_heating,冬季采暖日,80.0,16.75,0.25,52.063807131626696,48.92201747006991,6.008567063532839,0.0,0.0,0.0,0.9212691957226085,49.993390398685904,2.6645352591003757e-15,0.0,21.333426282459104,7.466699198860686,9.600041827106597,11.610955398398776,37.155057274876086,2.0028556878442796,6.008567063532839,0.0,0.0,0.0,0.0,0.0,5.2022948311894615,44.75933518578871,0.0,2.166918368087231,49.55612031855417,0.0,2.0939645934110964,0.0,0.0,0.0,0.0,17.88321913240925,12.337556015467749,13.416028843533379,5.156903781723095,2.2188675697091758,0.0,132.0,19.8,46.0,45.0,0.027369795112027997,0.3832150297468541,1.0,40.6785662626321,45.00825607246432,1.8025701190598515,0.0,0.5128958819631286,0.2901423306648075,0.0,0.3178123644919613,1.0939490529187261,0.9220769612398799,20.79180019496565,3.026317007270181,16.497024400428508,14.510113356705075,49.9698425382156,50.91465959440851,50.91465959440851,2.6645352591003757e-15,4.266685256491821,1.0666713141229553,85.33370512983643,0.0,0.0,0.0,0.0,7.105427357601002e-15,0.0,0.0,0.0,1.3115145692385193,0.0,0.08393418837596478,0.0
4,winter_heating,冬季采暖日,80.0,17.0,0.25,52.96030870163693,49.57211306791943,5.934303678375473,0.0,0.0,0.0,0.2165783396143368,49.761507584369966,-1.5543122344752192e-15,0.0,24.95776325170865,8.735217138098026,11.230993463268891,11.610955398398776,37.155057274876086,1.9781012261251576,5.934303678375473,0.0,0.0,0.0,0.0,0.0,5.724649309460375,43.25061055864511,0.0,1.1860623297744581,49.21922059266478,0.0,2.111412954618162,0.0,0.0,0.0,0.0,18.50552160811043,12.338207069034446,13.320248805518894,5.112233407361841,2.181940751190348,0.0,139.92000000000002,20.988000000000003,46.0,45.0,0.006434280890395006,0.3814375751898173,1.0,41.36028453709201,45.60634402248588,1.7802911035126419,0.0,0.511338477682916,0.27715359594515426,0.0,0.3159615242270663,1.0978139345246032,0.907538618744393,20.614422964071082,2.9986588352492753,16.357312139492972,14.68191966682065,50.84889574701877,49.9780859239843,49.9780859239843,-1.5543122344752192e-15,4.99155265034173,1.2478881625854326,99.83105300683461,0.0,0.0,0.0,0.0,7.105427357601002e-15,0.0,0.0,0.0,1.2685179392373396,0.0,-0.07426338515736575,0.0
4,winter_heating,冬季采暖日,80.0,17.25,0.25,53.09665033499947,50.26123082008916,5.782366544801959,0.0,0.0,0.0,0.0,50.059346684047966,0.0,0.0,24.957763251708656,8.73521713809803,11.230993463268895,11.610955398398776,37.155057274876086,1.9274555149339863,5.782366544801959,0.0,0.0,0.0,0.0,0.0,5.710968073863246,41.74556169289001,0.0,1.8751800819441797,48.701142539751565,0.0,2.1295293523229923,0.0,0.0,0.0,0.0,19.14889118581058,12.317777677878714,13.217914497264278,5.065901429785418,2.144388724825195,0.0,139.92000000000002,20.988000000000003,46.0,45.0,0.0,0.38372060537706143,1.0,41.471532586072136,46.24033235448203,1.7347099634405876,0.0,0.5046929773464071,0.2644945074223913,0.0,0.31388817673815267,1.0684340819888805,0.8895239087238822,20.42820465187489,2.9697775164946316,16.210608419355736,14.864406714476335,50.96712098267648,50.059346684047966,50.059346684047966,0.0,4.991552650341731,1.2478881625854328,99.83105300683462,0.0,0.0,0.0,0.0,7.105427357601002e-15,0.0,0.0,0.0,3.552713678800501e-15,0.0,-0.15193713357351424,0.0
4,winter_heating,冬季采暖日,80.0,17.5,0.25,53.37928799193048,50.91147073567654,5.6893130780716525,0.0,0.0,0.0,0.0,45.24142824218756,0.0,0.0,24.957763251708656,8.73521713809803,11.230993463268895,11.610955398398776,37.155057274876086,1.8964376926905508,5.6893130780716525,0.0,0.0,0.0,0.0,0.0,10.762508485882389,38.91123533957315,0.0,2.525419997531557,48.012207758604966,0.0,2.1475272168518305,0.0,0.0,0.0,0.0,19.79511374774061,12.272381167739177,13.109857622080646,5.018339687533169,2.106530659712633,0.0,139.92000000000002,20.988000000000003,46.0,45.0,0.0,0.34678974823191405,1.0,41.66691149616485,46.838553076822414,1.7067939234214957,0.0,0.4933361665647507,0.25230030782237595,0.0,0.31160120041747413,1.0735382968884541,0.8684267340320643,20.23472796932645,2.9399208035424267,16.058163151494526,15.035854499740362,51.231760775078655,45.24142824218756,45.24142824218756,0.0,4.991552650341731,1.2478881625854328,99.83105300683462,0.0,0.0,0.0,0.0,0.0,0.0,0.0,0.0,0.0,0.0,-0.09305346673030623,0.0
4,winter_heating,冬季采暖日,80.0,17.75,0.25,53.75156761035374,51.452280838058655,5.490264032349716,0.0,0.0,0.0,0.0,42.8000711836125,0.0,0.0,24.957763251708656,8.73521713809803,11.230993463268895,11.610955398398776,37.155057274876086,1.8300880107832385,5.490264032349716,0.0,0.0,0.0,0.0,0.0,13.492833779503822,35.3585440463578,0.0,3.0662300999136747,47.18129899685364,0.0,2.164488918321398,0.0,0.0,0.0,0.0,20.423413757039597,12.198834122274446,12.997021758913895,4.969972677574852,2.068671053718672,0.0,139.92000000000002,20.988000000000003,46.0,45.0,0.0,0.32807598006448996,1.0,41.9409263747513,47.33609837101397,1.6470792097049147,0.0,0.47789703514657184,0.24068372153622888,0.0,0.3091103884487386,1.0642237235078589,0.8447981430115079,20.035665490207418,2.9093453248512486,15.901296633344655,15.176597238531773,51.58707869203234,42.8000711836125,42.8000711836125,0.0,4.991552650341731,1.2478881625854328,99.83105300683462,0.0,0.0,0.0,0.0,0.0,0.0,0.0,0.0,0.0,0.0,-0.19904904572193693,0.0
4,winter_heating,冬季采暖日,80.0,18.0,0.25,54.044723102444635,51.8915052045283,5.430408523216555,0.0,0.0,0.0,0.0,43.044761966969794,0.0,0.0,24.957763251708656,8.73521713809803,11.230993463268895,11.610955398398776,37.155057274876086,1.8101361744055184,5.430408523216555,0.0,0.0,0.0,0.0,0.0,13.506424397424194,31.80245390930701,0.0,3.50545446638332,46.23522032988593,0.0,2.179411172756918,0.0,0.0,0.0,0.0,21.011396164036416,12.09481760033896,12.880438365696858,4.921211489709872,2.031095991035345,0.0,139.92000000000002,20.988000000000003,46.0,45.0,0.0,0.32995161172450055,1.0,42.1684964164601,47.74018478816604,1.6291225569649666,0.0,0.4591990989620143,0.22973429398052927,0.0,0.3064264068711929,1.0329396459361981,0.8193053203835196,19.832745846442073,2.878311790059176,15.741372919939487,15.288915654831078,51.86531192968772,43.044761966969794,43.044761966969794,0.0,4.991552650341731,1.2478881625854328,99.83105300683462,0.0,0.0,0.0,0.0,7.105427357601002e-15,0.0,0.0,0.0,0.0,0.0,-0.05985550913316029,0.0
4,winter_heating,冬季采暖日,80.0,18.25,0.25,54.124643439028695,52.501006972746204,5.21228044171843,0.0,0.0,0.0,0.0,41.87864105783516,0.0,0.0,24.957763251708656,8.73521713809803,11.230993463268895,11.610955398398776,37.155057274876086,1.7374268139061433,5.21228044171843,0.0,0.0,0.0,0.0,0.0,14.667905519603135,27.94088864987388,0.0,4.114956234601223,45.129219500089086,0.0,2.191261935797286,0.0,0.0,0.0,0.0,21.536214723458645,11.958994276140206,12.761200118004814,4.872448317189649,1.9940699735316383,0.0,139.92000000000002,20.988000000000003,46.0,45.0,0.0,0.32101292892425976,1.0,42.23636659368952,48.30092641492651,1.5636841325155288,0.0,0.4381877825748253,0.2195185572596013,0.0,0.30356074890600415,0.9917130122430574,0.7926808607967228,19.6277184087261,2.847080105431675,15.579772025769632,15.449010412979804,51.93338150323141,41.87864105783516,41.87864105783516,0.0,4.991552650341731,1.2478881625854328,99.83105300683462,0.0,0.0,0.0,0.0,7.105427357601002e-15,0.0,0.0,0.0,0.0,0.0,-0.21812808149812568,0.0
4,winter_heating,冬季采暖日,80.0,18.5,0.25,54.45811460808443,53.08669050847555,4.974254934555919,0.0,0.0,0.0,0.0,39.98184868762965,0.0,0.0,24.957763251708656,8.73521713809803,11.230993463268895,11.610955398398776,37.155057274876086,1.6580849781853064,4.974254934555919,0.0,0.0,0.0,0.0,0.0,16.811044309433033,23.51553257664322,0.0,4.700639770330568,43.86964442446258,0.0,2.199044849507797,0.0,0.0,0.0,0.0,21.975887485726417,11.791075628625205,12.64043273320543,4.824051636453525,1.9578333617716144,0.0,139.92000000000002,20.988000000000003,46.0,45.0,0.0,0.3064734200256791,1.0,42.49564230980864,48.83975526779751,1.4922764803667756,0.0,0.415851752434423,0.2100809264908743,0.0,0.30052568574052324,0.9581481365341086,0.76566846199938,19.422317731430567,2.8159045621360415,15.417861959725828,15.602607478408327,52.25906975857663,39.98184868762965,39.98184868762965,0.0,4.991552650341731,1.2478881625854328,99.83105300683462,0.0,0.0,0.0,0.0,7.105427357601002e-15,0.0,0.0,0.0,0.0,0.0,-0.23802550716251059,0.0
4,winter_heating,冬季采暖日,80.0,18.75,0.25,54.06917313935657,53.64478177227475,4.720583014941524,0.0,0.0,0.0,0.0,42.07994058095069,0.0,0.0,24.957763251708656,8.73521713809803,11.230993463268895,11.610955398398776,37.155057274876086,1.5735276716471747,4.720583014941524,0.0,0.0,0.0,0.0,0.0,14.23663232529103,19.76787460914833,0.0,5.258731034129767,42.46383301432146,0.0,2.201866165062773,0.0,0.0,0.0,0.0,22.31065749814865,11.591836436894749,12.519266452188361,4.776362125908751,1.922600443223189,0.0,139.92000000000002,20.988000000000003,46.0,45.0,0.0,0.32255595295450784,1.0,42.20878408360658,49.35319923049277,1.4161749044824572,0.0,0.393147238624638,0.2014452085426006,0.0,0.29733421398117615,0.9027464398708313,0.7389712580077045,19.2182290213203,2.7850292544352797,15.256971580109143,15.748715946089805,51.8673069742938,42.07994058095069,42.07994058095069,0.0,4.991552650341731,1.2478881625854328,99.83105300683462,0.0,0.0,0.0,0.0,7.105427357601002e-15,0.0,0.0,0.0,0.0,0.0,-0.25367191961439506,0.0
4,winter_heating,冬季采暖日,80.0,19.0,0.25,54.047351874608985,54.221453809959314,4.5026376087243865,0.0,0.0,0.0,0.0,42.6817302551358,0.0,0.0,24.957763251708656,8.73521713809803,11.230993463268895,11.610955398398776,37.155057274876086,1.5008792029081288,4.5026376087243865,0.0,0.0,0.0,0.0,0.0,13.543240671980005,16.20287551226524,0.0,5.8354030718143335,40.90696871049474,0.0,2.1989984107020573,0.0,0.0,0.0,0.0,22.5242838205463,11.363077101503396,12.398808312270113,4.729689369961839,1.8885581275123642,0.0,139.92000000000002,20.988000000000003,46.0,45.0,0.0,0.3271688597018817,1.0,42.18382161822999,49.88373750516257,1.3507912826173158,0.0,0.3709332161285416,0.19361659102509993,0.0,0.294,0.8798987527917842,0.713208183212569,19.017055809744317,2.7546838721182647,15.09836519354677,15.900322679337782,51.848353463906925,42.6817302551358,42.6817302551358,0.0,4.991552650341731,1.2478881625854328,99.83105300683462,0.0,0.0,0.0,0.0,0.0,0.0,0.0,0.0,0.0,0.0,-0.21794540621713754,0.0
4,winter_heating,冬季采暖日,80.0,19.25,0.25,53.64136488903271,54.63042088028738,4.288627679754855,0.0,0.0,0.0,0.0,43.54062035049178,0.0,0.0,24.957763251708656,8.73521713809803,11.230993463268895,11.610955398398776,37.155057274876086,1.429542559918285,4.288627679754855,0.0,0.0,0.0,0.0,0.0,12.216090324088572,12.987304756887372,0.0,6.244370142142401,39.24325992557571,0.0,2.189935034671389,0.0,0.0,0.0,0.0,22.605147304754997,11.107537463158371,12.280116251359724,4.684309370871468,1.8558652521421384,0.0,139.92000000000002,20.988000000000003,46.0,45.0,0.0,0.3337525218783476,1.0,41.87861637634166,50.25998720986439,1.2865883039264565,0.0,0.3499231370079924,0.1865839739629352,0.0,0.2905373214131401,0.8340134165622614,0.6888822278147194,18.820290874373327,2.7250799923913016,14.943219716552388,16.00531834153577,51.45142985436132,43.54062035049178,43.54062035049178,0.0,4.991552650341731,1.2478881625854328,99.83105300683462,0.0,0.0,0.0,0.0,7.105427357601002e-15,0.0,0.0,0.0,0.0,0.0,-0.21400992896953142,0.0
4,winter_heating,冬季采暖日,80.0,19.5,0.25,52.942971061445235,55.00319336020831,4.298246467496602,0.0,0.0,0.0,0.0,47.59881079882443,0.0,0.0,24.957763251708656,8.73521713809803,11.230993463268895,11.610955398398776,37.155057274876086,1.4327488224988674,4.298246467496602,0.0,0.0,0.0,0.0,0.0,7.478216473171113,11.018703688183445,0.0,6.6171426220633265,37.48228497401731,0.0,2.174430872249305,0.0,0.0,0.0,0.0,22.547068111967842,10.828768599473547,12.164175943336142,4.640462868235925,1.8246524673583497,0.0,139.92000000000002,20.988000000000003,46.0,45.0,0.0,0.36485982548336726,1.0,41.333352012020136,50.60293789139165,1.2894739402489805,0.0,0.3306561661869084,0.18032250892475593,0.0,0.2869610059419054,0.805805058865482,0.6663625300079263,18.629291278930417,2.6964079723016403,14.7926050789831,16.100568614441706,50.76854018919593,47.59881079882443,47.59881079882443,0.0,4.991552650341731,1.2478881625854328,99.83105300683462,0.0,0.0,0.0,0.0,0.0,0.0,0.0,0.0,0.0,0.0,0.00961878774174707,0.0
4,winter_heating,冬季采暖日,80.0,19.75,0.25,52.24705875690209,55.18832438749284,4.047252140754068,0.0,0.0,0.0,0.0,48.64225718712236,0.0,0.0,24.957763251708656,8.73521713809803,11.230993463268895,11.610955398398776,37.155057274876086,1.3490840469180228,4.047252140754068,0.0,0.0,0.0,0.0,0.0,5.677099358288967,9.524179237659835,0.0,6.80227364934786,35.67347181854402,0.0,2.1525245187095328,0.0,0.0,0.0,0.0,22.34975672649533,10.530971349319326,12.051881088524576,4.5983544447590745,1.795022656174443,0.0,139.92000000000002,20.988000000000003,46.0,45.0,0.0,0.37285816957529644,1.0,40.805436864315816,50.773258436493414,1.2141756422262204,0.0,0.3134880762238494,0.1747962193625283,0.0,0.2832863679181897,0.7604477774013697,0.6458803003052502,18.44525818945809,2.6688345150379598,14.647468383987572,16.143703262190122,50.09453423819256,48.64225718712236,48.64225718712236,0.0,4.991552650341731,1.2478881625854328,99.83105300683462,0.0,0.0,0.0,0.0,7.105427357601002e-15,0.0,0.0,0.0,0.0,0.0,-0.25099432674253386,0.0
4,winter_heating,冬季采暖日,80.0,20.0,0.25,51.41815436740751,55.223397861817574,3.8623771673194947,0.0,0.0,0.0,0.0,48.14505330870369,0.0,0.0,22.48310690123173,7.869087415431104,10.117398105554278,11.610955398398776,37.155057274876086,1.2874590557731649,3.8623771673194947,0.0,0.0,0.0,0.0,0.0,6.177887695717383,7.897943108772324,0.0,7.950942481387209,33.56328179805917,0.0,2.124540401727276,0.0,0.0,0.0,0.0,22.01885457609751,10.218811895421911,11.944017683308669,4.558152377957555,1.7670518352263433,0.0,139.92000000000002,20.988000000000003,46.0,45.0,0.0,0.36904694578073116,1.0,40.16003774431033,50.80552603287217,1.1587131501958483,0.0,0.2985995465372455,0.16996059010129258,0.0,0.27952914270615126,0.7354609762892382,0.6275368992380788,18.269221896492567,2.6425009537791952,14.508622159387226,16.145272921886267,49.29361396568024,48.14505330870369,48.14505330870369,0.0,4.496621380246346,1.1241553450615864,89.93242760492691,0.0,0.0,0.0,0.0,-7.105427357601002e-15,0.0,0.0,0.0,-0.8661297226669253,0.0,-0.1848749734345736,0.0
4,winter_heating,冬季采暖日,80.0,20.25,0.25,50.469534560262154,55.27845947543101,3.7375907465850697,0.0,0.0,0.0,0.0,50.95845364608903,0.0,0.0,18.735922417693107,6.5575728461925875,8.4311650879619,11.610955398398776,37.155057274876086,1.2458635821950232,3.7375907465850697,0.0,0.0,0.0,0.0,0.0,3.719256716890145,6.918796444014216,0.0,9.692237112593034,30.995911443319873,0.0,2.0910703316841865,0.0,0.0,0.0,0.0,21.565560171396314,9.897225543487918,11.841252581972414,4.519989181152683,1.7407904742722486,0.0,139.92000000000002,20.988000000000003,46.0,45.0,0.0,0.3906125424602729,1.0,39.417067541001344,50.856182717396536,1.1212772239755209,0.0,0.2860179040995913,0.16576503177545743,0.0,0.2757054193209677,0.7185777254175358,0.6113212098225449,18.102032237397346,2.6175222667840674,14.376736851205811,16.152910072981904,48.37846422857797,50.95845364608903,50.95845364608903,0.0,3.7471844835386214,0.9367961208846554,74.94368967077243,0.0,0.0,0.0,0.0,-7.105427357601002e-15,7.105427357601002e-15,0.0,0.0,-1.3115145692385166,0.0,-0.12478642073442492,0.0
4,winter_heating,冬季采暖日,80.0,20.5,0.25,49.24314921254652,55.20252258431479,3.726520061171183,0.0,0.0,0.0,0.0,52.60567491252412,0.0,0.0,14.988737934154484,5.246058276954069,6.744932070369518,11.610955398398776,37.155057274876086,1.2421733537237276,3.726520061171183,0.0,0.0,0.0,0.0,0.0,2.1916084554729665,6.341711436962295,0.0,11.302533239069191,28.006062635211517,0.0,2.0529363197178623,0.0,0.0,0.0,0.0,21.005876990294922,9.571219851515666,11.744126454203553,4.4839627637715305,1.7162651668298874,0.0,139.92000000000002,20.988000000000003,46.0,45.0,0.0,0.40323901051100075,1.0,38.448636193340285,50.786320777569614,1.1179560183513548,0.0,0.27564747893904973,0.16215514596891445,0.0,0.2718315715332031,0.7155808359383361,0.5971328595859007,17.94435438480497,2.593986808685877,14.252337531239807,16.124351074739245,47.190212892828654,52.60567491252412,52.60567491252412,0.0,2.997747586830897,0.7494368967077243,59.95495173661794,0.0,0.0,0.0,0.0,0.0,0.0,0.0,0.0,-1.3115145692385184,0.0,-0.011070685413886672,0.0
4,winter_heating,冬季采暖日,80.0,20.75,0.25,48.02412355981341,55.13869941865416,3.6180347249964986,0.0,0.0,0.0,0.0,52.121236678670094,0.0,0.0,11.241553450615863,3.9345437077155516,5.058699052777138,11.610955398398776,37.155057274876086,1.206011574998833,3.6180347249964986,0.0,0.0,0.0,0.0,0.0,2.7741719063993244,5.611349112864309,0.0,12.92494309100094,24.590758790472613,0.0,2.011138240426046,0.0,0.0,0.0,0.0,20.359555140434413,9.245687532791216,11.653051044584522,4.450138130862656,1.6934805816070466,0.0,139.92000000000002,20.988000000000003,46.0,45.0,0.0,0.3995256393890101,1.0,37.493082674573465,50.727603465161835,1.0854104174989496,0.0,0.2673037035724435,0.15907473742499256,0.0,0.2679241877538086,0.7058224828593842,0.584807834549322,17.796669757054225,2.571956716858971,14.135804626074885,16.099673392381447,46.01298531938737,52.121236678670094,52.121236678670094,0.0,2.2483106901231724,0.5620776725307931,44.96621380246345,0.0,0.0,0.0,0.0,-7.105427357601002e-15,0.0,0.0,0.0,-1.3115145692385175,0.0,-0.10848533617468448,0.0
4,winter_heating,冬季采暖日,80.0,21.0,0.25,46.84180210045749,54.65539540604831,3.4990330104168543,0.0,0.0,0.0,0.0,54.13526973029154,0.0,0.0,7.494368967077242,2.6230291384770346,3.372466035184759,11.999980919787207,38.399938943319064,1.166344336805618,3.4990330104168543,0.0,0.0,0.0,0.0,0.0,1.2830372261252059,5.273427170112559,0.0,12.882990427544485,21.188202772249888,0.0,1.966791262156533,0.0,0.0,0.0,0.0,19.648825798151762,8.925238184683195,11.568310465385279,4.418549534876894,1.6724216238937528,0.0,139.92000000000002,20.988000000000003,46.0,45.0,0.0,0.41496383491112354,1.0,36.569507088562844,50.28296377356445,1.0497099031250563,0.0,0.26074670272646333,0.15646753967570934,0.0,0.264,0.6939000351418828,0.5741434776166627,17.659281624155927,2.5514689293807,14.02737833219815,15.958030568784555,44.87501083830096,54.13526973029154,54.13526973029154,0.0,1.4988737934154486,0.37471844835386214,29.97747586830897,0.0,0.0,0.0,0.0,0.0,0.0,0.0,0.0,-1.311514569238517,1.2448816684429787,-0.11900171457964426,0.0
4,winter_heating,冬季采暖日,80.0,21.25,0.25,45.6169813681411,54.20742729439865,3.37121007254056,0.0,0.0,0.0,0.0,59.11037836507416,0.0,0.0,3.747184483538621,1.3115145692385173,1.6862330175923794,15.602233597367094,49.9271475115747,1.1237366908468533,3.37121007254056,0.0,0.0,0.0,0.0,0.0,0.0,5.2731634987540525,0.0,2.5940467652315675,20.494964785276508,0.0,1.9210587220423712,0.0,0.0,0.0,0.0,18.897042531113566,8.614056031797292,11.490066108396734,4.389202989109877,1.6530557377363582,0.0,139.92000000000002,20.988000000000003,46.0,45.0,0.0,0.453099604225184,1.0,35.63412058091006,49.87083311084676,1.0113630217621679,0.0,0.25571116321869186,0.15427863876995787,0.0,0.2600758122461914,0.6564685859229903,0.5649206107799282,17.53232483524297,2.5325367333493842,13.927166266354124,15.826765914352958,43.69592264609872,59.11037836507416,59.11037836507416,0.0,0.7494368967077243,0.18735922417693107,14.988737934154486,0.0,0.0,0.0,0.0,7.105427357601002e-15,0.0,0.0,0.0,-1.3115145692385173,11.527208568255638,-0.1278229378762945,0.0
4,winter_heating,冬季采暖日,80.0,21.5,0.25,44.395760605906545,53.77500908838223,3.1419208418448603,0.0,0.0,0.0,0.0,61.02611194796808,0.0,0.0,-0.0,0.0,0.0,17.45813061569803,55.8660179702337,1.04730694728162,3.1419208418448603,0.0,0.0,0.0,0.0,0.0,0.0,5.2728998405791145,2.0910088818514794,0.0,20.981331912323597,0.0,1.8750862209181127,0.0,0.0,0.0,0.0,18.12734557537405,8.315788693720116,11.418364650286996,4.3620790515751535,1.6353352832366128,0.0,139.92000000000002,20.988000000000003,46.0,45.0,0.0,0.46778430346444666,1.0,34.68590731270283,49.47300836131165,0.942576252553458,0.0,0.2519304906886371,0.15245559570476766,0.0,0.2561684284667969,0.6406504443129104,0.5569213866597938,17.415778985098765,2.515151749630022,13.835153815508852,15.700329219855627,42.52067438498843,61.02611194796808,61.02611194796808,0.0,0.0,0.0,0.0,0.0,0.0,0.0,0.0,0.0,-7.105427357601002e-15,0.0,0.0,-1.3115145692385173,5.938870458658997,-0.2292892306956995,0.0
4,winter_heating,冬季采暖日,80.0,21.75,0.25,43.178048328779894,53.241855766046726,3.146062438714218,0.0,1.5362889449706643,-1.5362889449706643,0.0,65.08953691562664,0.0,0.0,0.0,0.0,0.0,18.011263387899437,57.6360428412782,1.048687479571406,3.146062438714218,0.0,0.0,0.0,0.0,1.3152487744052408,0.0,5.58500777950833,4.394187075231471,0.0,22.01446067673491,0.0,0.0,0.0,0.0,0.0,0.0,17.36145450501485,8.033469682296884,11.35314855138413,4.33713579020443,1.6191999284026473,0.0,139.92000000000002,20.988000000000003,46.0,45.0,0.0,0.49893173130315377,1.0,33.73878178375765,48.98250730476299,0.9438187316142653,0.0,0.24915442883857536,0.15094928121062282,0.0,0.2522945806790323,0.6282541251439887,0.549942304921644,17.30948426999121,2.4992862526514754,13.751216598105339,15.546146464821915,43.178048328779894,65.08953691562664,65.08953691562664,0.0,0.0,0.0,0.0,0.0,0.0,0.0,0.0,-7.105427357601002e-15,0.0,0.0,-1.5362889449706643,0.0,1.7700248710444981,0.004141596869357667,0.0
4,winter_heating,冬季采暖日,80.0,22.0,0.25,42.01369662890231,52.713050438962824,3.069763982605852,0.0,1.5362889449706645,-1.5362889449706645,0.0,67.91442798716513,0.0,0.0,0.0,0.0,0.0,18.011263387899437,57.6360428412782,1.0232546608686173,3.069763982605852,0.0,0.0,0.0,0.0,5.3299243645241035,0.0,6.850585565693829,4.922992402315373,0.0,23.172664141946445,0.0,0.0,0.0,0.0,0.0,0.0,16.61867369963756,7.7694750819491425,11.29426840984115,4.314311844808757,1.6045790012890015,0.0,62.0,9.299999999999999,46.0,45.0,0.0,0.5205854080667864,1.0,32.854839027275204,48.4960064038458,0.9209291947817555,0.0,0.247160280304221,0.1497144465025629,0.0,0.24847085729384874,0.5892908407218072,0.5438025124944176,17.21315925593891,2.4848957215300946,13.67513442713971,15.393623290726314,42.01369662890231,67.91442798716513,67.91442798716513,0.0,0.0,0.0,0.0,0.0,0.0,0.0,0.0,0.0,0.0,0.0,-2.220446049250313e-16,0.0,0.0,-0.07629845610836616,0.0
4,winter_heating,冬季采暖日,80.0,22.25,0.25,41.06880263906872,52.37369261481956,2.9047576496032055,0.0,1.5362889449706645,-1.5362889449706645,0.0,67.88478515775329,0.0,0.0,0.0,0.0,0.0,18.011263387899437,57.6360428412782,0.9682525498677351,2.9047576496032055,0.0,0.0,0.0,0.0,6.300177635946731,0.0,8.346535224952893,5.262350226458636,0.0,24.4108859886594,0.0,0.0,0.0,0.0,0.0,0.0,15.915166983795963,7.525512827490736,11.241496529638164,4.29352950778261,1.5913937553560473,0.0,62.0,9.299999999999999,46.0,45.0,0.0,0.520358186474807,1.0,32.105982749129836,48.183797205634,0.8714272948809616,0.0,0.24575854350041373,0.14871006050495836,0.0,0.2447136320818103,0.5974760188797967,0.538347985382472,17.126419792776822,2.47192152113578,13.606606173667167,15.294567168736176,41.06880263906872,67.88478515775329,67.88478515775329,0.0,0.0,0.0,0.0,0.0,0.0,0.0,0.0,-7.105427357601002e-15,0.0,0.0,0.0,0.0,0.0,-0.16500633300264633,0.0
4,winter_heating,冬季采暖日,80.0,22.5,0.25,39.96757025000506,51.733175355925894,2.8717453826566572,0.0,1.5362889449706645,-1.5362889449706645,0.0,67.80942805141852,0.0,0.0,0.0,0.0,0.0,18.011263387899437,57.6360428412782,0.9572484608855524,2.8717453826566572,0.0,0.0,0.0,0.0,7.337057007657812,0.0,10.088668937510375,5.902867485352303,0.0,25.800611573436242,0.0,0.0,0.0,0.0,0.0,0.0,15.263526793984916,7.302641291889582,11.194541087892606,4.274697753660234,1.5795595087182277,0.0,62.0,9.299999999999999,46.0,45.0,0.0,0.5197805506010361,1.0,31.211766154991246,47.59452132745182,0.8615236147969971,0.0,0.2447941530463402,0.14789944809648126,0.0,0.24103899405809462,0.6363988394707224,0.5334524547744611,17.048798350271067,2.460293618123965,13.54526496298116,15.11158563152135,39.96757025000506,67.80942805141852,67.80942805141852,0.0,0.0,0.0,0.0,0.0,0.0,0.0,0.0,-7.105427357601002e-15,0.0,0.0,0.0,0.0,0.0,-0.03301226694654824,0.0
4,winter_heating,冬季采暖日,80.0,22.75,0.25,39.29599070651184,51.41263101166973,2.7642806135650337,0.0,1.5362889449706645,-1.5362889449706645,0.0,70.71558903765998,0.0,0.0,0.0,0.0,0.0,18.011263387899437,57.6360428412782,0.9214268711883445,2.7642806135650337,0.0,0.0,0.0,0.0,10.950619127089702,0.0,12.688936546747303,6.223411829608466,0.0,27.26577157718154,0.0,0.0,0.0,0.0,0.0,0.0,14.67263320496067,7.1013126149945025,11.153060339265485,4.257715156898589,1.5689876259172395,0.0,62.0,9.299999999999999,46.0,45.0,0.0,0.5420571867705435,1.0,30.68676416288296,47.299620530736156,0.8292841840695101,0.0,0.24414462056014619,0.14725026544564618,0.0,0.2374626785868599,0.6322110335217617,0.5290160179507007,16.979763122081312,2.449933246655397,13.490693190220277,15.018571668484515,39.29599070651184,70.71558903765998,70.71558903765998,0.0,0.0,0.0,0.0,0.0,0.0,0.0,0.0,-7.105427357601002e-15,0.0,0.0,0.0,0.0,0.0,-0.1074647690916235,0.0
4,winter_heating,冬季采暖日,80.0,23.0,0.25,38.46549317551717,50.96765680801544,2.549756998098103,0.0,1.5362889449706645,-1.5362889449706645,0.0,72.60939681323109,0.0,0.0,0.0,0.0,0.0,18.011263387899437,57.6360428412782,0.8499189993660344,2.549756998098103,0.0,0.0,0.0,0.0,13.74643230547779,0.0,15.953079772470941,6.668386033262756,0.0,28.835880374292856,0.0,0.0,0.0,0.0,0.0,0.0,14.147772503886802,6.921435383342914,11.116676366861743,4.242472647229077,1.5595873187619862,0.0,62.0,9.299999999999999,46.0,45.0,0.0,0.5565738178144221,1.0,30.039937406717534,46.89024426337421,0.7649270994294309,0.0,0.24371628524360414,0.1467343479447955,0.0,0.23399999999999999,0.6257815166752551,0.5249623128208388,16.918736332852806,2.44075545065228,13.442436912277795,14.891067435399808,38.46549317551717,72.60939681323109,72.60939681323109,0.0,0.0,0.0,0.0,0.0,0.0,0.0,0.0,-7.105427357601002e-15,0.0,0.0,0.0,0.0,0.0,-0.21452361546693055,0.0
4,winter_heating,冬季采暖日,80.0,23.25,0.25,37.83013193761159,50.635233652560245,2.58712933437329,0.0,1.5362889449706645,-1.5362889449706645,0.0,70.71816872999959,0.0,0.0,0.0,0.0,0.0,18.011263387899437,57.6360428412782,0.8623764447910967,2.58712933437329,0.0,0.0,0.0,0.0,12.478108014726807,0.0,18.915832771979936,7.000809188717952,0.0,30.484154616426224,0.0,0.0,0.0,0.0,0.0,0.0,13.690966120012126,6.762450909045881,11.084987973608916,4.228856062181404,1.5512672503706577,0.0,62.0,9.299999999999999,46.0,45.0,0.0,0.5420769609220619,1.0,29.53973893626658,46.584414960355424,0.776138800311987,0.0,0.24343967611302514,0.1463274640692943,0.0,0.23066578601882387,0.6269217470895153,0.5212349876593652,16.865111286160978,2.4326714431072674,13.400019253157836,14.7954020127581,37.83013193761159,70.71816872999959,70.71816872999959,0.0,0.0,0.0,0.0,0.0,0.0,0.0,0.0,-7.105427357601002e-15,0.0,0.0,0.0,0.0,0.0,0.03737233627518677,0.0
4,winter_heating,冬季采暖日,80.0,23.5,0.25,37.23494987844804,50.31223025967734,2.529483609919074,0.0,1.5362889449706645,-1.5362889449706645,0.0,73.23449409170519,0.0,0.0,0.0,0.0,0.0,18.011263387899437,57.6360428412782,0.8431612033063579,2.529483609919074,0.0,0.0,0.0,0.0,15.60883067708069,0.0,22.621984266147994,7.323812581600855,0.0,32.20831802724821,0.0,0.0,0.0,0.0,0.0,0.0,13.30144977676652,6.6234174145954245,11.05758239947434,4.216748466565439,1.5439369336234074,0.0,62.0,9.299999999999999,46.0,45.0,0.0,0.5613653846646557,1.0,29.08012686711104,46.28725183890316,0.7588450829757222,0.0,0.2432647293814631,0.14600900515640242,0.0,0.22747431425947676,0.6165744254265673,0.5177940137542892,16.818267799663186,2.4255907373158494,13.362952545045115,14.702672998087104,37.23494987844804,73.23449409170519,73.23449409170519,0.0,0.0,0.0,0.0,0.0,0.0,0.0,0.0,0.0,0.0,0.0,0.0,0.0,0.0,-0.05764572445421612,0.0
4,winter_heating,冬季采暖日,80.0,23.75,0.25,36.66484247586565,49.95783280277307,2.434097325462325,0.0,1.5362889449706645,-1.5362889449706645,0.0,72.78648073530411,0.0,0.0,0.0,0.0,0.0,18.011263387899437,57.6360428412782,0.8113657751541083,2.434097325462325,0.0,0.0,0.0,0.0,15.762720151414257,0.0,26.364499202895573,7.678210038505128,0.0,34.01578875237956,0.0,0.0,0.0,0.0,0.0,0.0,12.976239717717545,6.503096844611147,11.034045642359668,4.206032218477407,1.5375079216242937,0.0,62.0,9.299999999999999,46.0,45.0,0.0,0.5579312216616852,1.0,28.641254862185008,45.96120617855122,0.7302291976386975,0.0,0.24315634853780663,0.14576163705066364,0.0,0.22443925109399585,0.6050441985276352,0.5146122058613579,16.77758578246137,2.419423019166438,13.330749012500604,14.601427188147028,36.66484247586565,72.78648073530411,72.78648073530411,0.0,0.0,0.0,0.0,0.0,0.0,0.0,0.0,0.0,0.0,0.0,0.0,0.0,0.0,-0.0953862844567488,0.0
5,holiday_return,春节返乡日,30.0,0.0,0.25,34.36564543454299,34.702979936087765,3.4720535789939304,0.0,5.0,-5.0,0.0,61.28633757522986,0.0,0.0,0.0,0.0,0.0,13.734456206898313,43.9502598620746,1.1573511929979767,3.4720535789939304,0.0,0.0,0.0,0.0,7.0288847407905735,0.0,28.03254110387319,9.247279925986838,0.0,36.19500984042524,0.0,0.0,0.0,0.0,0.0,0.0,14.200327252248394,6.169663082094346,7.609660644643136,4.503062487565456,1.1275212648659492,0.0,52.0,7.8,45.0,45.0,0.0,0.469779014579191,1.0,24.82205883932151,30.538622343757233,1.2152187526478755,0.0,0.18000007778333918,0.12500901469191342,0.0,0.21234136008177348,0.5019976851363728,0.4402324597487443,13.240244397074543,1.9717652033894673,10.619984352831423,10.28003320878568,34.36564543454299,61.28633757522986,61.28633757522986,0.0,0.0,0.0,0.0,0.0,0.0,0.0,0.0,0.0,0.0,0.0,-5.0,0.0,-0.14556516050483026,-0.10980469738637266,0.0
5,holiday_return,春节返乡日,30.0,0.25,0.25,34.1581611111117,34.94053222660779,3.414775164246354,0.0,5.0,-5.0,0.0,62.626160490909946,0.0,0.0,0.0,0.0,0.0,13.734456206898313,43.9502598620746,1.138258388082118,3.414775164246354,0.0,0.0,0.0,0.0,8.595284784817814,0.0,30.072519613212215,9.00972763546681,0.0,38.31672264892842,0.0,0.0,0.0,0.0,0.0,0.0,14.203654366828866,6.172756266833757,7.618921435951184,4.503803890621053,1.1281072717225091,0.0,52.0,7.8,45.0,45.0,0.0,0.4800491777826324,1.0,24.657742119734266,30.74766835941486,1.1951713074862238,0.0,0.18000019078544677,0.1250130708356092,0.0,0.2097692110699588,0.5193424001173369,0.43779264781832183,13.250832598294746,1.9731388724048837,10.628267301616237,10.34671264360992,34.1581611111117,62.626160490909946,62.626160490909946,0.0,0.0,0.0,0.0,0.0,0.0,0.0,0.0,-7.105427357601002e-15,0.0,0.0,0.0,0.0,0.0,-0.057278414747576445,0.0
5,holiday_return,春节返乡日,30.0,0.5,0.25,34.08742382018034,35.114109618072675,3.2450607601756847,0.0,5.0,-5.0,0.0,67.75432996885415,0.0,0.0,0.0,0.0,0.0,13.734456206898313,43.9502598620746,1.0816869200585615,3.2450607601756847,0.0,0.0,0.0,0.0,13.850763021716942,0.0,33.36057220488933,8.836150244001928,0.0,40.39614997055441,0.0,0.0,0.0,0.0,0.0,0.0,14.213275793946348,6.17673712295853,7.629607681900323,4.504706361083105,1.1288145519232595,0.0,52.0,7.8,45.0,45.0,0.0,0.5193582065035361,1.0,24.60460058611286,30.900416463903955,1.1357712660614896,0.0,0.1800004551349306,0.12501882087812669,0.0,0.20738218293325397,0.5192706883171415,0.4355303311713567,13.263128594906687,1.974739268246115,10.63788793979847,10.395513821293186,34.08742382018034,67.75432996885415,67.75432996885415,0.0,0.0,0.0,0.0,0.0,0.0,0.0,0.0,-7.105427357601002e-15,0.0,0.0,0.0,0.0,0.0,-0.1697144040706693,0.0
5,holiday_return,春节返乡日,30.0,0.75,0.25,34.02714243463909,35.32539163721898,3.3635622966442176,0.0,5.0,-5.0,0.0,69.29536552852794,0.0,0.0,0.0,0.0,0.0,13.734456206898313,43.9502598620746,1.1211874322147393,3.3635622966442176,0.0,0.0,0.0,0.0,15.412579454775793,0.0,37.019391796788334,8.624868224855625,0.0,42.42435809897235,0.0,0.0,0.0,0.0,0.0,0.0,14.229310921026574,6.18182666118169,7.641877480470062,4.505800240548684,1.129664567328399,0.0,52.0,7.8,45.0,45.0,0.0,0.5311707277814863,1.0,24.56238282872141,31.0863446407527,1.177246803825476,0.0,0.18000105601808747,0.12502691289880574,0.0,0.20519049729260364,0.514743968705963,0.43345593324955983,13.277342288347144,1.9765955457674182,10.649011130114966,10.45491329978432,34.02714243463909,69.29536552852794,69.29536552852794,0.0,0.0,0.0,0.0,0.0,0.0,0.0,0.0,0.0,0.0,0.0,0.0,0.0,0.0,0.1185015364685329,0.0
5,holiday_return,春节返乡日,30.0,1.0,0.25,34.07288760261142,35.51221653913066,3.408825253526362,0.0,5.0,-5.0,0.0,69.80417167032017,0.0,0.0,0.0,0.0,0.0,13.734456206898313,43.9502598620746,1.1362750845087872,3.408825253526362,0.0,0.0,0.0,0.0,15.860552776301654,0.0,40.78442211157014,8.43804332294394,0.0,44.40718120912205,0.0,0.0,0.0,0.0,0.0,0.0,14.25194802868096,6.188290661360224,7.655894987806781,4.5071204969234175,1.130681758083195,0.0,52.0,7.8,45.0,45.0,0.0,0.5350708865666248,1.0,24.615452211282925,31.250750554434983,1.1930888387342267,0.0,0.1800023830810334,0.12503821775222632,0.0,0.20320353928239474,0.4841754014573578,0.43157942645200204,13.293697242813394,1.9787390747613318,10.661812583663327,10.507512987165434,34.07288760261142,69.80417167032017,69.80417167032017,0.0,0.0,0.0,0.0,0.0,0.0,0.0,0.0,0.0,0.0,0.0,0.0,0.0,0.0,0.04526295688214432,0.0
5,holiday_return,春节返乡日,30.0,1.25,0.25,33.94356639655971,35.79894228297481,3.389080477454121,0.0,5.0,-5.0,0.0,70.10108462509436,0.0,0.0,0.0,0.0,0.0,13.734456206898313,43.9502598620746,1.129693492484707,3.389080477454121,0.0,0.0,0.0,0.0,16.29336852915163,0.0,44.65205791613807,8.151317579099796,0.0,46.320915543553696,0.0,0.0,0.0,0.0,0.0,0.0,14.281490102384126,6.196445859167049,7.671828452098505,4.508707192346344,1.1318937836244212,0.0,52.0,7.8,45.0,45.0,0.0,0.5373468175624752,1.0,24.498819273329456,31.50306920901783,1.1861781671089422,0.0,0.18000523049182804,0.1250538956691859,0.0,0.2014298173618704,0.5145264251859099,0.4299104939403238,13.312429428069269,1.981203341271535,10.676477902264272,10.58814129567305,33.94356639655971,70.10108462509436,70.10108462509436,0.0,0.0,0.0,0.0,0.0,0.0,0.0,0.0,0.0,0.0,0.0,0.0,0.0,0.0,-0.0197447760722409,0.0
5,holiday_return,春节返乡日,30.0,1.5,0.25,33.855130023368126,35.98388419137586,3.4134190527129404,0.0,5.0,-5.0,0.0,65.54327995788557,0.0,4.340688487590569,0.0,0.0,0.0,13.734456206898313,43.9502598620746,1.1378063509043135,3.4134190527129404,0.0,0.0,0.0,0.0,11.815887376714823,0.0,47.45609856521203,7.966375670698746,0.0,48.189769307572874,0.0,0.0,0.0,0.0,0.0,0.0,14.318415701958726,6.206666216575438,7.689847825099269,4.510605948421964,1.1333317474036817,0.0,52.0,7.8,45.0,45.0,0.0,0.5356825538954705,1.0,24.444492034064176,31.665818088410756,1.194696668449529,0.0,0.18001116561142866,0.12507547909127806,0.0,0.199876926880601,0.4995283477883254,0.4284588276467213,13.333785520924915,1.9840237941566756,10.69320127735097,10.64033576399166,33.855130023368126,69.88396844547614,65.54327995788557,4.340688487590569,0.0,0.0,0.0,0.0,0.0,0.0,0.0,-7.105427357601002e-15,0.0,0.0,0.0,0.0,0.0,0.02433857525881944,0.0
5,holiday_return,春节返乡日,30.0,1.75,0.25,33.96124618272164,36.27736296613194,3.5105809067846465,0.0,5.0,-5.0,0.0,57.6116238629069,0.0,7.361342347719436,0.0,0.0,0.0,13.734456206898313,43.9502598620746,1.170193635594882,3.5105809067846465,0.0,0.0,0.0,0.0,0.00999075759268994,0.0,47.45609856521203,7.672896895942665,0.0,49.98798743570547,3.7357370800993803,0.0,0.0,0.0,0.0,0.0,14.363455796452588,6.219389040653508,7.710121950044608,4.51286839609892,1.1350303959877686,0.0,52.0,7.8,45.0,45.0,0.0,0.49803818025914465,1.0,24.517945257756388,31.924079410196107,1.2287033173746262,0.0,0.18002318241929346,0.1251049744295388,0.0,0.19855151755403141,0.5019258891105702,0.42723464635642017,13.358020742131298,1.9872376324204675,10.712183826791058,10.722996573482657,37.69698326282102,64.97296621062634,57.6116238629069,7.361342347719436,0.0,0.0,0.0,0.0,0.0,0.0,0.0,-7.105427357601002e-15,0.0,0.0,0.0,0.0,0.0,0.09716185407170608,0.0
5,holiday_return,春节返乡日,30.0,2.0,0.25,34.307395912275204,36.53240202110907,3.5672462698933454,0.0,5.0,-5.0,0.0,54.24092496673066,0.0,14.07845130999263,0.0,0.0,0.0,13.734456206898313,43.9502598620746,1.1890820899644485,3.5672462698933454,0.0,0.0,0.0,0.0,0.00999075759268994,0.0,47.45609856521203,7.4178578409655325,0.0,51.72473467921694,0.0,0.0,0.0,0.0,0.0,0.0,14.417685022531453,6.235120654015534,7.732815339204139,4.515552595153539,1.137028281956513,0.0,52.0,7.8,45.0,45.0,0.0,0.5236894638147849,1.0,24.754627325648016,32.14851377857598,1.2485361944626707,0.0,0.1800468135167239,0.12514498545962793,0.0,0.19745926498837854,0.5179823462561978,0.4262495581143315,13.38539621631419,1.9908835298625667,10.733631559419962,10.794981864274996,34.307395912275204,68.31937627672329,54.24092496673066,14.07845130999263,0.0,0.0,0.0,0.0,0.0,0.0,0.0,0.0,0.0,0.0,0.0,0.0,0.0,0.05666536310869885,0.0
5,holiday_return,春节返乡日,30.0,2.25,0.25,34.59811905930396,37.04343775778925,3.8049880957122695,0.0,5.0,-5.0,0.0,58.416688485555824,0.0,11.245435642575018,0.0,0.0,0.0,13.734456206898313,43.9502598620746,1.2683293652374232,3.8049880957122695,0.0,0.0,0.0,0.0,0.00999075759268994,0.0,47.45609856521203,6.906822104285356,0.0,53.3392425616451,3.805793096523436,0.0,0.0,0.0,0.0,0.0,14.482621983946576,6.254441257945776,7.758084570862344,4.518723405843835,1.1393678788778467,0.0,52.0,7.8,45.0,45.0,0.0,0.5339820475686804,1.0,24.960496950094896,32.59822522685454,1.3317458334992942,0.0,0.18009194329056738,0.1251988609190604,0.0,0.19660484637681422,0.521759321933998,0.425517939188525,13.416175855584026,1.9950012949084976,10.757752967090376,10.938746662846508,38.4039121558274,69.66212412813084,58.416688485555824,11.245435642575018,0.0,0.0,0.0,0.0,0.0,0.0,0.0,0.0,0.0,0.0,0.0,0.0,0.0,0.2377418258189241,0.0
5,holiday_return,春节返乡日,30.0,2.5,0.25,34.679197980391535,37.344681084688936,3.607310598885315,0.0,5.0,-5.0,0.0,54.62608181117765,0.0,16.10590832752846,0.0,0.0,0.0,13.734456206898313,43.9502598620746,1.202436866295105,3.607310598885315,0.0,0.0,0.0,0.0,0.00999075759268994,0.0,47.45609856521203,6.605578777385669,0.0,54.88139789999338,0.0,0.0,0.0,0.0,0.0,0.0,14.560327970590187,6.278008569232464,7.7860743537398776,4.522452792985491,1.1420956356627092,0.0,52.0,7.8,45.0,45.0,0.0,0.542182906358176,1.0,25.012468253385485,32.86331935452626,1.2625587096098603,0.0,0.18017563258053526,0.12527086849883634,0.0,0.1959919204710059,0.5300185297211136,0.425059048902783,13.450622782388077,1.9996314650319695,10.784756255561778,11.02388414157103,34.679197980391535,70.73199013870611,54.62608181117765,16.10590832752846,0.0,0.0,0.0,0.0,0.0,0.0,0.0,7.105427357601002e-15,0.0,0.0,0.0,0.0,0.0,-0.19767749682695435,0.0
5,holiday_return,春节返乡日,30.0,2.75,0.25,34.798066183027025,37.87647164221119,3.7692449683335933,0.0,5.0,-5.0,0.0,54.79892813696255,0.0,17.112845388368832,0.0,0.0,0.0,13.734456206898313,43.9502598620746,1.2564149894445311,3.7692449683335933,0.0,0.0,0.0,0.0,0.00999075759268994,0.0,47.45609856521203,6.073788219863412,0.0,56.29648190326095,0.0,0.0,0.0,0.0,0.0,0.0,14.653487206296482,6.306559758488298,7.816913326254436,4.526820040571981,1.145261956860199,0.0,52.0,7.8,45.0,45.0,0.0,0.5512263163368746,1.0,25.096666741726843,33.33129504514585,1.3192357389167575,0.0,0.18032630699699292,0.1253663967608543,0.0,0.19562311191378026,0.531723664379685,0.4249001283007552,13.488995323686616,2.0048148369627325,10.814846238309707,11.17370481529973,34.798066183027025,71.91177352533138,54.79892813696255,17.112845388368832,0.0,0.0,0.0,0.0,0.0,0.0,0.0,-7.105427357601002e-15,0.0,0.0,0.0,0.0,0.0,0.16193436944827821,0.0
5,holiday_return,春节返乡日,30.0,3.0,0.25,34.85205589255267,38.50033912067869,3.8321159497198267,0.0,5.0,-5.0,0.0,58.70760098846441,0.0,12.174690075311588,0.0,0.0,0.0,13.734456206898313,43.9502598620746,1.2773719832399422,3.8321159497198267,0.0,0.0,0.0,0.0,0.00999075759268994,0.0,47.45609856521203,5.449920741395917,0.0,57.562689838390845,3.833726148180794,0.0,0.0,0.0,0.0,0.0,14.765445313376848,6.340911176287508,7.850709677913948,4.531911853237057,1.1489210950216178,0.0,52.0,7.8,45.0,45.0,0.0,0.5433350101265404,1.0,25.13984533525226,33.88029842619725,1.3412405824019393,0.0,0.18058963595055189,0.12549218550159116,0.0,0.19549999999999998,0.5259939159756692,0.4250807121168183,13.531542626172623,2.0105919358371,10.848220930972312,11.349453699152889,38.685782040733464,70.882291063776,58.70760098846441,12.174690075311588,0.0,0.0,0.0,0.0,0.0,0.0,0.0,-7.105427357601002e-15,0.0,0.0,0.0,0.0,0.0,0.06287098138623337,0.0
5,holiday_return,春节返乡日,30.0,3.25,0.25,34.980179560655195,39.18126555214227,3.78505914558118,0.0,5.0,-5.0,0.0,58.83413265867866,0.0,8.686453500167381,0.0,0.0,0.0,13.734456206898313,43.9502598620746,1.2616863818603934,3.78505914558118,0.0,0.0,0.0,0.0,0.00999075759268994,0.0,47.45609856521203,4.7689943099323315,0.0,58.66654464208059,3.8478197516720716,0.0,0.0,0.0,0.0,0.0,14.900177554058681,6.381955329467879,7.88754669973797,4.5378223194723715,1.1531309412182202,0.0,52.0,7.8,45.0,45.0,0.0,0.517566486830374,1.0,25.253640647568538,34.4795136858852,1.3247707009534129,0.0,0.181036281601931,0.12565658366436522,0.0,0.19562311191378026,0.49687071505635355,0.42565827873737166,13.578499960428562,2.0170024285415917,10.885067898218974,11.541343709576907,38.827999312327265,67.52058615884604,58.83413265867866,8.686453500167381,0.0,0.0,0.0,0.0,0.0,0.0,0.0,0.0,0.0,0.0,0.0,0.0,0.0,-0.04705680413864677,0.0
5,holiday_return,春节返乡日,30.0,3.5,0.25,35.48214251154512,39.96663398009658,3.8311925715048853,0.0,5.0,-5.0,0.0,59.40668934280772,0.0,7.816452953534814,0.0,0.0,0.0,13.734456206898313,43.9502598620746,1.2770641905016284,3.8311925715048853,0.0,0.0,0.0,0.0,0.00999075759268994,0.0,47.45609856521203,3.9836258819780213,0.0,59.583322516729325,3.903035676269963,0.0,0.0,0.0,0.0,0.0,15.062156496937494,6.4306545693559425,7.927478388994633,4.54465271070702,1.1579527002175556,0.0,52.0,7.8,45.0,45.0,0.0,0.5152864862601326,1.0,25.619539354751044,35.17063790248499,1.34091740002671,0.0,0.1817713642893209,0.12586983203138138,0.0,0.1959919204710059,0.4921088636662068,0.42671512827822344,13.630083799919207,2.0240844886544815,10.92556041878049,11.762661217322764,39.385178187815086,67.22314229634253,59.40668934280772,7.816452953534814,0.0,0.0,0.0,0.0,0.0,0.0,0.0,0.0,0.0,0.0,0.0,0.0,0.0,0.046133425923705396,0.0
5,holiday_return,春节返乡日,30.0,3.75,0.25,35.4699398900809,40.79808330614687,3.847593339809337,0.0,5.0,-5.0,0.0,59.39861135575058,0.0,6.2827323999061875,0.0,0.0,0.0,13.734456206898313,43.9502598620746,1.282531113269779,3.847593339809337,0.0,0.0,0.0,0.0,0.00999075759268994,0.0,47.45609856521203,3.1521765559277313,0.0,60.3021727875038,3.901693387908899,0.0,0.0,0.0,0.0,0.0,15.256092170785712,6.488030982312265,7.970525249701544,4.552511090274011,1.1634504377779933,0.0,52.0,7.8,45.0,45.0,0.0,0.5034681164932348,1.0,25.60163304418545,35.902313309409244,1.3466576689332679,0.0,0.18294492505348608,0.12614436557697786,0.0,0.19660484637681422,0.507068968454845,0.42836598061469383,13.686486777753547,2.0318741225246657,10.96985354760301,11.997085291743085,39.3716332779898,65.68134375565677,59.39861135575058,6.2827323999061875,0.0,0.0,0.0,0.0,0.0,0.0,0.0,0.0,0.0,0.0,0.0,0.0,0.0,0.016400768304451585,0.0
5,holiday_return,春节返乡日,30.0,4.0,0.25,35.963304038668554,41.62614860133441,3.7282927926322977,0.0,5.0,-5.0,0.0,55.95051526737032,0.0,9.1305426532994,0.0,0.0,0.0,13.734456206898313,43.9502598620746,1.242764264210766,3.7282927926322977,0.0,0.0,0.0,0.0,0.00999075759268994,0.0,47.45609856521203,2.324111260740196,0.0,60.823998125535844,0.0,0.0,0.0,0.0,0.0,0.0,15.486528306613321,6.555152036159702,8.01667044319007,4.56151170707277,1.1696904890714896,0.0,52.0,7.8,45.0,45.0,0.0,0.4988667371453516,1.0,25.96076775584087,36.63101076917428,1.304902477421304,0.0,0.18476186274073983,0.12649512753861683,0.0,0.19745926498837854,0.5049671839482214,0.43076522044223264,13.74787263933433,2.040404468051635,11.018080165902312,12.230786832972324,35.963304038668554,65.08105792066972,55.95051526737032,9.1305426532994,0.0,0.0,0.0,0.0,0.0,0.0,0.0,0.0,0.0,0.0,0.0,0.0,0.0,-0.1193005471770392,0.0
5,holiday_return,春节返乡日,30.0,4.25,0.25,36.21817567639274,42.53691207428009,3.816625497543949,0.0,5.0,-5.0,0.0,56.234831140065054,0.0,9.87391420045445,0.0,0.0,0.0,13.734456206898313,43.9502598620746,1.2722084991813163,3.816625497543949,0.0,0.0,0.0,0.0,0.00999075759268994,0.0,47.45609856521203,1.413347787794514,0.0,61.12925622607427,0.0,0.0,0.0,0.0,0.0,0.0,15.757296762825213,6.633111637996388,8.06585645147619,4.57177415051892,1.1767407194379296,0.0,52.0,7.8,45.0,45.0,0.0,0.5067442837975698,1.0,26.137201151604664,37.432482625366475,1.335818924140382,0.0,0.18748886089008404,0.12693988400486741,0.0,0.19855151755403141,0.5194407990303841,0.43411203990376934,13.81437132143304,2.049705079546893,11.07034711959301,12.487890642338767,36.21817567639274,66.1087453405195,56.234831140065054,9.87391420045445,0.0,0.0,0.0,0.0,0.0,0.0,0.0,-7.105427357601002e-15,0.0,0.0,0.0,0.0,0.0,0.08833270491165113,0.0
5,holiday_return,春节返乡日,30.0,4.5,0.25,36.466724469287435,43.404036045982124,3.656355632574625,0.0,5.0,-5.0,0.0,56.42995664463665,0.0,9.707376362832633,0.0,0.0,0.0,13.734456206898313,43.9502598620746,1.2187852108582085,3.656355632574625,0.0,0.0,0.0,0.0,0.00999075759268994,0.0,47.45609856521203,0.5462238160924784,0.0,61.2284197542832,0.0,0.0,0.0,0.0,0.0,0.0,16.070857874378383,6.7230064022510145,8.117982419158102,4.583422246266781,1.1846696315386707,0.0,52.0,7.8,45.0,45.0,0.0,0.5069634172380743,1.0,26.29580370536651,38.19555172046427,1.2797244714011187,0.0,0.19145488987766246,0.12749952422110453,0.0,0.199876926880601,0.5540124830144036,0.43865107524992875,13.886074296963553,2.0598012135655,11.126731553440594,12.733044406253299,36.466724469287435,66.13733300746928,56.42995664463665,9.707376362832633,0.0,0.0,0.0,0.0,0.0,0.0,0.0,0.0,0.0,0.0,0.0,0.0,0.0,-0.16026986496932372,0.0
5,holiday_return,春节返乡日,30.0,4.75,0.25,37.205047057938856,44.46312743395697,3.6691510615720846,0.0,5.0,-5.0,0.0,57.373097347601956,0.0,6.163787674464473,0.0,0.0,0.0,13.935009178213047,44.59202937028175,1.2230503538573616,3.6691510615720846,0.0,0.0,0.0,0.0,0.00999075759268994,0.0,47.45609856521203,0.1289019363247833,0.0,61.2284197542832,0.0,0.0,0.0,0.0,0.0,0.0,16.4275843577387,6.825907113107909,8.172902336108878,4.596582676284135,1.1935453165170355,0.0,52.0,7.8,45.0,45.0,0.0,0.4870301671797327,1.0,26.82555863193916,39.127552141882134,1.2842028715502296,0.0,0.1970412849346193,0.12819832802151582,0.0,0.2014298173618704,0.5649180152002661,0.44466572116737463,13.963030328910047,2.0707131316979575,11.187277551661547,13.03224045258375,37.205047057938856,63.53688502206643,57.373097347601956,6.163787674464473,0.0,0.0,0.0,0.0,0.0,0.0,0.0,0.0,0.0,0.0,0.0,0.0,0.6417695082071475,0.012795428997459446,0.0
5,holiday_return,春节返乡日,30.0,5.0,0.25,37.76727001286552,45.35772595967056,3.5994097125252638,0.0,5.0,-5.0,0.0,60.13626544109988,0.0,2.971106176953562,0.0,0.0,0.0,14.10873589061658,45.14795484997306,1.1998032375084213,3.5994097125252638,0.0,0.0,0.0,0.0,0.00999075759268994,0.0,47.45609856521203,0.0,0.20977110969749901,61.14260262080146,2.0504655425166725,0.0,0.0,0.0,0.0,0.0,16.825075489963734,6.9428255904686855,8.230424212552332,4.611383312205518,1.203434250966751,0.0,52.0,7.8,45.0,45.0,0.0,0.48373781211873573,1.0,27.245209366650077,39.914798844510095,1.2597933993838422,0.0,0.20465755566972235,0.1290641780194508,0.0,0.20320353928239474,0.5551200751634443,0.4524614115045863,14.045241775724602,2.0824554369159585,11.251993194983626,13.285692098858215,39.817735555382185,63.10737161805344,60.13626544109988,2.971106176953562,0.0,0.0,0.0,0.0,0.0,0.0,0.0,7.105427357601002e-15,0.0,0.0,0.0,0.0,0.5559254796913109,-0.06974134904682083,0.0
5,holiday_return,春节返乡日,30.0,5.25,0.25,38.42898607870786,46.15715454876119,3.7011467990290963,0.0,5.0,-5.0,0.0,62.39147598315452,0.0,0.0,0.0,0.0,0.0,14.108735890616583,45.14795484997307,1.2337155996763653,3.7011467990290963,0.0,0.0,0.0,0.0,0.00999075759268994,0.0,47.45609856521203,0.0,1.009199698788123,60.84645245138893,3.610047656561024,0.0,0.0,0.0,0.0,0.0,17.25760994550442,7.074677428247333,8.290310379633805,4.6279512574984665,1.2143999463019854,0.0,52.0,7.8,45.0,45.0,0.0,0.47825024736596305,1.0,27.706429492032363,40.61829600290985,1.2954013796601835,0.0,0.21470035928935963,0.13012869069881278,0.0,0.20519049729260364,0.5899687919399297,0.46233704555945665,14.132661583434256,2.095036460092217,11.320848138900478,13.512831364587369,42.03903373526888,62.39147598315452,62.39147598315452,0.0,0.0,0.0,0.0,0.0,0.0,0.0,0.0,0.0,0.0,0.0,0.0,0.0,7.105427357601002e-15,0.10173708650383251,0.0
5,holiday_return,春节返乡日,30.0,5.5,0.25,39.36979589127329,47.008376246375555,3.6654869016832334,0.0,5.0,-5.0,0.0,60.635031212917994,0.0,0.0,0.0,0.0,0.0,14.108735890616583,45.14795484997307,1.2218289672277445,3.6654869016832334,0.0,0.0,0.0,0.0,0.00999075759268994,0.0,47.45609856521203,0.0,1.8604213964024865,60.32644464716258,0.9246797062076855,0.0,0.0,0.0,0.0,0.0,17.715852961152066,7.222241359565747,8.352279022052926,4.646410601804602,1.2265014624274597,0.0,52.0,7.8,45.0,45.0,0.0,0.4647865468746159,1.0,28.387804003341348,41.36737109681049,1.2829204155891316,0.0,0.2274956883336088,0.13142723767652384,0.0,0.20738218293325397,0.6013800109783433,0.4745445695289889,14.225191086284987,2.1084577127052206,11.393771807701011,13.754828460366468,40.294475597480975,60.635031212917994,60.635031212917994,0.0,0.0,0.0,0.0,0.0,0.0,0.0,0.0,0.0,0.0,0.0,0.0,0.0,0.0,-0.035659897345862834,0.0
5,holiday_return,春节返乡日,30.0,5.75,0.25,39.80173593635767,47.71714727210389,3.7401502674468206,0.0,5.0,-5.0,0.0,57.43139560269795,0.0,0.0,0.0,0.0,0.0,14.108735890616583,45.14795484997307,1.246716755815607,3.7401502674468206,0.0,0.0,0.0,0.0,0.0,2.7257929800919154,46.736411818154316,0.0,2.5691924221308184,59.62017815585721,0.0,0.0,0.0,0.0,0.0,0.0,18.18692082740795,7.386116303571432,8.416007014798572,4.666879899763706,1.2397918033022686,0.0,52.0,7.8,45.0,45.0,0.0,0.4402296743385051,1.0,28.70292446204785,41.99108959945142,1.309052593606387,0.0,0.24322817793481943,0.13299882652582576,0.0,0.2097692110699588,0.6160622653802115,0.48923941894407763,14.322678717864544,2.1227134204597946,11.470652283717307,13.957314152764596,39.80173593635767,57.43139560269795,57.43139560269795,0.0,0.0,0.0,0.0,0.0,0.0,0.0,0.0,7.105427357601002e-15,0.0,0.0,0.0,0.0,0.0,0.07466336576358712,0.0
5,holiday_return,春节返乡日,30.0,6.0,0.25,40.7109506747761,48.428053272610974,3.787038924748729,0.0,5.0,-5.0,0.0,60.90929232260179,0.0,0.0,0.0,0.0,0.0,14.108735890616583,45.14795484997307,1.2623463082495763,3.787038924748729,0.0,0.0,0.0,0.0,0.0,0.1727405510404676,46.68861695781592,0.0,3.2800984226379057,58.72718427134826,0.0,0.0,0.0,0.0,0.0,0.0,18.654870698030386,7.566677448286375,8.481134094012406,4.6894693965312575,1.2543162179203147,0.0,52.0,7.8,45.0,45.0,0.0,0.466888844367699,1.0,29.367120509499745,42.61668687989766,1.3254636236620552,0.0,0.2618659705891781,0.13488581006526668,0.0,0.21234136008177348,0.6266551067887378,0.5064277005488494,14.424919708463976,2.137790150599584,11.551335951249184,14.160789387279232,40.7109506747761,60.90929232260179,60.90929232260179,0.0,0.0,0.0,0.0,0.0,0.0,0.0,0.0,0.0,0.0,0.0,0.0,0.0,0.0,0.0468886573019085,0.0
5,holiday_return,春节返乡日,30.0,6.25,0.25,41.610256279806464,48.97198548728181,3.829900241944475,0.0,5.0,-5.0,0.0,61.6238488586434,0.0,0.0,0.0,0.0,0.0,14.108735890616583,45.14795484997307,1.2766334139814917,3.829900241944475,0.0,0.0,0.0,0.0,0.0,0.3717767257611424,46.58844654650457,0.0,3.824030637308745,57.69149682728923,0.0,0.0,0.0,0.0,0.0,0.0,19.101628614312148,7.764033005644941,8.547268343447353,4.714278032830902,1.270110436205285,0.0,52.0,7.8,45.0,45.0,0.0,0.4723661445074029,1.0,30.014850150894446,43.095347228807995,1.3404650846805661,0.0,0.2830937729120657,0.13713339433189015,0.0,0.215087615631746,0.6534073629909871,0.5259189307873058,14.53165681248354,2.1536665430884074,11.635627930191317,14.317918057582334,41.610256279806464,61.6238488586434,61.6238488586434,0.0,0.0,0.0,0.0,0.0,0.0,0.0,0.0,7.105427357601002e-15,0.0,0.0,0.0,0.0,0.0,0.04286131719574593,0.0
5,holiday_return,春节返乡日,30.0,6.5,0.25,42.4120930800947,49.41095758837573,3.844442167751026,0.0,5.0,-5.0,0.0,60.912713379512724,0.0,0.0,0.0,0.0,0.0,14.108735890616583,45.14795484997307,1.2814807225836753,3.844442167751026,0.0,0.0,0.0,0.0,0.0,1.8895963137822331,46.088854936339814,0.0,4.263002738402662,56.54080825298015,0.0,0.0,0.0,0.0,0.0,0.0,19.508300797980567,7.977983519345744,8.613992924287187,4.741390273451254,1.2871988751224155,0.0,52.0,7.8,45.0,45.0,0.0,0.46691506784275105,1.0,30.60696012737208,43.481642677770644,1.345554758712859,0.0,0.30626928689909055,0.13978891893871936,0.0,0.21799621783199855,0.6625580904315447,0.5472949348146094,14.642582072860856,2.1703131526626196,11.723293306200224,14.446075144143341,42.4120930800947,60.912713379512724,60.912713379512724,0.0,0.0,0.0,0.0,0.0,0.0,0.0,0.0,0.0,0.0,0.0,0.0,0.0,0.0,0.014541925806550893,0.0
5,holiday_return,春节返乡日,30.0,6.75,0.25,43.09166754468446,49.59320662771062,3.91968522761934,0.0,5.0,-5.0,0.0,63.00457643991281,0.0,0.0,0.0,0.0,0.0,14.108735890616583,45.14795484997307,1.30656174253978,3.91968522761934,0.0,0.0,0.0,0.0,0.0,0.5023887379280136,45.95434293098036,0.0,4.445251777737553,55.34273474944904,0.0,0.0,0.0,0.0,0.0,0.0,19.85674429360435,8.207985793114666,8.68087391911847,4.7708728142498655,1.3055928557041865,0.0,52.0,7.8,45.0,45.0,0.0,0.4829498548120828,1.0,31.11236161959286,43.642021832385346,1.371889829666769,0.0,0.3304178258312285,0.14290088946160123,0.0,0.22105471160137286,0.6715892599979947,0.5699052546186052,14.757339589072522,2.187692405114113,11.814059133274306,14.502774394925718,43.09166754468446,63.00457643991281,63.00457643991281,0.0,0.0,0.0,0.0,0.0,0.0,0.0,0.0,0.0,0.0,0.0,0.0,0.0,0.0,0.07524305986831425,0.0
5,holiday_return,春节返乡日,30.0,7.0,0.25,43.678178468172156,49.64886192664685,3.834365635596886,0.0,5.0,-5.0,0.5068209529130598,64.51016603027219,-1.1102230246251565e-15,0.0,0.0,0.0,0.0,14.108735890616583,45.14795484997307,1.2781218785322952,3.834365635596886,0.0,0.0,0.0,0.0,0.9519507458642114,0.0,46.17813351597656,0.0,4.5009070766737835,54.13061415137069,0.0,0.0,0.0,0.0,0.0,0.0,20.13121670033314,8.453123616580214,8.747469102891415,4.802771233561842,1.3252888764197575,0.0,88.0,13.2,45.0,45.0,0.015057038381526285,0.4944906716091626,1.0,31.545439215846276,43.69099849544923,1.34202797245891,0.0,0.35427584207169344,0.1465177500873212,0.0,0.22424999999999998,0.6885358968978477,0.5928965645287745,14.875529212873014,2.2057586672004477,11.907617152140713,14.524455035901624,43.678178468172156,65.01698698318525,65.01698698318525,-1.1102230246251565e-15,0.0,0.0,0.0,0.0,0.0,0.0,0.0,0.0,0.0,0.0,0.0,0.0,0.0,-0.08531959202245432,0.0
5,holiday_return,春节返乡日,30.0,7.25,0.25,44.51099028761354,49.56969824861388,3.9560970569612928,0.0,5.0,-5.0,1.5792357940844468,63.11620924353236,-2.4424906541753444e-15,0.0,0.0,0.0,0.0,14.108735890616583,45.14795484997307,1.3186990189870975,3.9560970569612928,0.0,0.0,0.0,0.0,0.0,0.2429801596004122,46.11188246203749,0.0,4.421743398640814,52.93993216044217,0.0,0.0,0.0,0.0,0.0,0.0,20.319893880446465,8.712087480019807,8.813337397434944,4.837106663981148,1.3462669921308321,0.0,88.0,13.2,45.0,45.0,0.04691718806875899,0.483805555292059,1.0,32.1366593379956,43.62133445878022,1.3846339699364525,0.0,0.37638640132848006,0.15068639600217956,0.0,0.22756840031240744,0.7312942871039309,0.6152782176286846,14.996711053546925,2.2244584254775828,12.003627135357243,14.508812101313929,44.51099028761354,64.6954450376168,64.6954450376168,-2.4424906541753444e-15,0.0,0.0,0.0,0.0,0.0,0.0,0.0,7.105427357601002e-15,0.0,0.0,0.0,0.0,0.0,0.12173142136440696,0.0
5,holiday_return,春节返乡日,30.0,7.5,0.25,45.11033261738063,49.32927679134124,3.918327549861244,0.0,5.0,-5.0,2.7210984252245964,63.40642954160036,2.220446049250313e-15,0.0,0.0,0.0,0.0,14.108735890616583,45.14795484997307,1.3061091832870815,3.918327549861244,0.0,0.0,0.0,0.0,0.60235027554066,0.0,46.252635058355295,0.0,4.181321941368175,51.813114315054534,0.0,0.0,0.0,0.0,0.0,0.0,20.41604788860703,8.983165372675376,8.878048714443327,4.87387256931688,1.3684893505187623,0.0,88.0,13.2,45.0,45.0,0.08084054771813251,0.4860301849735097,1.0,32.56664632698271,43.40976357638029,1.3714146424514353,0.0,0.39523953379082516,0.15545043872823788,0.0,0.23099570263900734,0.7622390882602577,0.6360189860160487,15.12041063427897,2.2437305653243653,12.101720739251821,14.448435390214279,45.11033261738063,66.12752796682496,66.12752796682496,2.220446049250313e-15,0.0,0.0,0.0,0.0,0.0,0.0,0.0,0.0,0.0,0.0,0.0,0.0,0.0,-0.03776950710004856,0.0
5,holiday_return,春节返乡日,30.0,7.75,0.25,45.60888562711808,48.73789779923327,4.099470709381006,0.0,5.0,-5.0,4.01841160781666,67.37645572560824,-4.440892098500626e-15,0.0,0.0,0.0,0.0,14.108735890616583,45.14795484997307,1.3664902364603353,4.099470709381006,0.0,0.0,0.0,0.0,5.076952162566949,0.0,47.45609856521203,0.0,3.589942949260198,50.842485929144324,0.23380341666295124,0.0,0.0,0.0,0.0,0.0,20.418716999184813,9.26424654156453,8.941193847923186,4.91303171864422,1.391898939106604,0.0,88.0,13.2,45.0,45.0,0.11938215550067316,0.5164616818187479,1.0,32.94307804308974,42.889350063325274,1.434814748283352,0.0,0.40944004406941015,0.16084825341632344,0.0,0.2345172307450682,0.7631700507866168,0.6541628281310929,15.24612450567401,2.2635067377101947,12.20150571557087,14.290195730316043,45.84268904378103,71.3948673334249,71.3948673334249,-4.440892098500626e-15,0.0,0.0,0.0,0.0,0.0,0.0,0.0,7.105427357601002e-15,0.0,0.0,0.0,0.0,0.0,0.18114315951976145,0.0
5,holiday_return,春节返乡日,30.0,8.0,0.25,46.26596432271307,48.08093178626276,4.252616896942698,0.0,5.0,-5.0,0.0,66.8022299365699,5.519625079228293,4.672430153203933,0.0,0.0,0.0,14.108735890616583,45.14795484997307,1.4175389656475659,4.252616896942698,0.0,0.0,0.0,0.0,0.00999075759268994,0.0,47.45609856521203,0.0,2.932976936289691,50.045228650314044,0.0,0.0,0.0,0.0,0.0,0.0,20.332770017957245,9.552839743837302,9.002394043980377,4.95451345430169,1.4164185956342732,0.0,88.0,13.2,45.0,45.0,0.16398139459682562,0.5478757046485275,1.0,33.40604057895469,42.31121997191123,1.488415913929944,0.0,0.4178774111665697,0.16691085433198272,0.0,0.23811790490660503,0.7977773607991396,0.6689459663766579,15.37332609391634,2.2837117980914896,12.302570313860825,14.113977323711879,46.26596432271307,76.99428516900213,66.8022299365699,10.192055232432226,0.0,0.0,0.0,0.0,0.0,0.0,0.0,-7.105427357601002e-15,0.0,0.0,0.0,0.0,0.0,0.15314618756169196,0.0
5,holiday_return,春节返乡日,30.0,8.25,0.25,46.4368845621014,47.28540842889223,4.299407997132538,0.0,5.0,-5.0,0.0,66.98874720935486,7.035190172091635,6.694223082441553,0.0,0.0,0.0,14.108735890616583,45.14795484997307,1.4331359990441792,4.299407997132538,0.0,0.0,0.0,0.0,0.00999075759268994,0.0,47.45609856521203,0.0,2.137453578919164,49.4577182520628,0.0,0.0,0.0,0.0,0.0,0.0,20.168355658107767,9.846107057534763,9.061309856468025,4.998211352998994,1.4419503324173917,0.0,88.0,13.2,45.0,45.0,0.2090070030326698,0.5648030955097924,1.0,33.5193220261004,41.611159417425164,1.504792798996388,0.0,0.41986922511788133,0.17365966253672466,0.0,0.24178230648407262,0.8265697272750641,0.6798953450254381,15.50147154188441,2.304264299447808,12.404487690964718,13.899322328164878,46.4368845621014,80.71816046388804,66.98874720935486,13.729413254533188,0.0,0.0,0.0,0.0,0.0,0.0,0.0,0.0,0.0,0.0,0.0,0.0,0.0,0.04679110018984023,0.0
5,holiday_return,春节返乡日,30.0,8.5,0.25,46.77311372651547,46.39013158065991,4.57291784154819,0.0,5.0,-5.0,0.0,67.41614632190748,8.372530162914321,5.618751256155775,0.0,0.0,0.0,14.108735890616583,45.14795484997307,1.5243059471827298,4.57291784154819,0.0,0.0,0.0,0.0,0.00999075759268994,0.0,47.45609856521203,0.0,1.2421767306868432,49.10610077959812,0.0,0.0,0.0,0.0,0.0,0.0,19.93981810282523,10.140913732205318,9.117648893981904,5.0439813785173095,1.4683750213287108,0.0,88.0,13.2,45.0,45.0,0.24873775894406053,0.5598354147365775,1.0,33.76280855446433,40.82331579098072,1.6005212445418664,0.0,0.4152525118512524,0.18110424697489164,0.0,0.245494743947347,0.8343387721528722,0.6868905873232588,15.630005293827924,2.3250770201032607,12.506820138187443,13.65706285670533,46.77311372651547,81.40742774097757,67.41614632190748,13.991281419070097,0.0,0.0,0.0,0.0,0.0,0.0,0.0,0.0,0.0,0.0,0.0,0.0,0.0,0.27350984441565185,0.0
5,holiday_return,春节返乡日,30.0,8.75,0.25,46.714028466035856,45.387193337697674,4.7008274529998015,0.0,5.0,-5.0,0.1287574091088146,72.40948332073353,9.695666235257832,0.0,0.0,0.0,0.0,14.108735890616583,45.14795484997307,1.566942484333267,4.7008274529998015,0.0,0.0,0.0,0.0,0.00999075759268994,0.0,47.45609856521203,0.0,0.23923848772460587,49.01859023243869,5.138543131263944,0.0,0.0,0.0,0.0,0.0,19.664235034407675,10.433893878910636,9.171172078992457,5.0916406205124645,1.4955524801487288,0.0,88.0,13.2,45.0,45.0,0.2918717607063468,0.5550414181439196,1.0,33.71852280827502,39.94073013717395,1.6452896085499304,0.0,0.40440605326845586,0.18924013556862182,0.0,0.24923932006926675,0.8413269453281539,0.6901777133654821,15.758365179653651,2.346057506804059,12.60912294096192,13.384944830623118,51.8525715972998,82.23390696510018,72.53824072984234,9.695666235257832,0.0,0.0,0.0,0.0,0.0,0.0,0.0,0.0,0.0,0.0,0.0,0.0,0.0,0.12790961145161184,0.0
5,holiday_return,春节返乡日,30.0,9.0,0.25,46.89452271787283,44.29362971904263,4.699248352923433,0.0,5.0,-5.0,0.0,67.57966548372325,11.581781876882642,0.915265476917952,0.0,0.0,0.0,14.108735890616583,45.14795484997307,1.5664161176411442,4.699248352923433,0.0,0.0,0.0,0.0,0.00999075759268994,0.0,47.45609856521203,0.8543251309304409,0.0,49.19698315591845,0.0,0.0,0.0,0.0,0.0,0.0,19.359780905837553,10.721531042776878,9.221698074809092,5.14096670648026,1.5233219932765087,0.0,88.0,13.2,45.0,45.0,0.344080751287728,0.525035145571579,1.0,33.83530674285838,38.97839415275751,1.6447369235232012,0.0,0.38819956323346444,0.19804680515562867,0.0,0.253,0.8598353234910366,0.6903318189034908,15.885986774565861,2.3671086146643696,12.710947701083201,13.087691616640129,46.89452271787283,80.07671283752384,67.57966548372325,12.497047353800594,0.0,0.0,0.0,0.0,0.0,0.0,0.0,-7.105427357601002e-15,0.0,0.0,0.0,0.0,0.0,-0.0015791000763689667,0.0
5,holiday_return,春节返乡日,30.0,9.25,0.25,47.02421815313639,43.16956235240539,4.981209780797655,0.0,5.0,-5.0,8.810921415747245,64.1650906427093,4.321808883848668,0.0,0.0,0.0,0.0,14.108735890616583,45.14795484997307,1.660403260265885,4.981209780797655,0.0,0.0,0.0,0.0,0.00999075759268994,0.0,47.45609856521203,1.9783924975676754,0.0,49.64225288251282,5.172663996845003,0.0,0.0,0.0,0.0,0.0,19.044128977220062,11.000251901253675,9.269105590922573,5.191697962944294,1.5515032902890038,0.0,88.0,13.2,45.0,45.0,0.39015755571804395,0.49184556044836214,1.0,33.930251554939076,37.98921487011675,1.743423423279179,0.0,0.36787933598267625,0.2074859668415766,0.0,0.2567606799307332,0.8546681480536297,0.6881755512794888,16.012306844155873,2.388129028104262,12.811844978059783,12.782083887961075,52.19688214998139,77.29782094230521,72.97601205845655,4.321808883848668,0.0,0.0,0.0,0.0,0.0,0.0,0.0,-7.105427357601002e-15,0.0,0.0,0.0,0.0,0.0,0.2819614278742222,0.0
5,holiday_return,春节返乡日,30.0,9.5,0.25,47.266005204479875,41.99599749336082,5.198651095393566,0.0,5.0,-5.0,12.58956909516413,60.72730702848232,2.157210189125893,0.0,0.0,0.0,0.0,14.108735890616583,45.14795484997307,1.732883698464522,5.198651095393566,0.0,0.0,0.0,0.0,0.00999075759268994,0.0,47.45609856521203,3.1519573566122503,0.0,50.36602162826698,5.199260572492786,0.0,0.0,0.0,0.0,0.0,18.733081198814524,11.266530524197947,9.313333351339375,5.2435343874494835,1.579897994784475,0.0,88.0,13.2,45.0,45.0,0.4381090016330508,0.46549386996521647,1.0,34.10165848422457,36.95647779415752,1.819527883387748,0.0,0.3449114544417721,0.2175002653641172,0.0,0.26050525605265296,0.8535187683165317,0.6846682501869663,16.136765733573334,2.4090137507542164,12.91136614349609,12.462743688198195,52.46526577697266,75.47408631277234,73.31687612364645,2.157210189125893,0.0,0.0,0.0,0.0,0.0,0.0,0.0,0.0,0.0,0.0,0.0,0.0,0.0,0.2174413145959111,0.0
5,holiday_return,春节返乡日,30.0,9.75,0.25,47.07580589174937,40.79055835804644,5.289349766071947,0.0,5.0,-5.0,13.108723179816764,60.02726459692495,3.3493166122391855,0.0,0.0,0.0,0.0,14.108735890616583,45.14795484997307,1.763116588690649,5.289349766071947,0.0,0.0,0.0,0.0,0.00999075759268994,0.0,47.45609856521203,4.357396491926629,0.0,51.37572028428542,5.1783386480924305,0.0,0.0,0.0,0.0,0.0,18.439562952564007,11.516999858690712,9.35437760192237,5.29613947520614,1.6082915436188965,0.0,88.0,13.2,45.0,45.0,0.4889484844881366,0.460127824992192,1.0,33.95442910958061,35.895691355080864,1.8512724181251812,0.0,0.3208102055141221,0.2280125063986132,0.0,0.26421769351592733,0.8624115846356967,0.6807852084587682,16.258808620747406,2.4296545573639468,13.009064389582335,12.134539976120898,52.254144539841796,76.4853043889809,73.13598777674171,3.3493166122391855,0.0,0.0,0.0,0.0,0.0,0.0,0.0,-7.105427357601002e-15,0.0,0.0,0.0,0.0,0.0,0.090698670678381,0.0
5,holiday_return,春节返乡日,30.0,10.0,0.25,47.23317056036095,39.83183782641117,5.595912934008723,0.0,5.0,-5.0,16.19468343542495,57.21816684612122,1.8091970049395378,0.0,0.0,0.0,0.0,14.108735890616583,45.14795484997307,1.865304311336241,5.595912934008723,0.0,0.0,0.0,0.0,0.00999075759268994,0.0,47.45609856521203,5.316117023561901,0.0,52.61261021723923,5.195648761639705,0.0,0.0,0.0,0.0,0.0,18.17305224777479,11.748566405634284,9.392287138407003,5.349142923597687,1.636455563392761,0.0,88.0,13.2,45.0,45.0,0.5348735431099689,0.43859520898932997,1.0,34.075085776659805,35.052017287241824,1.958569526903053,0.0,0.2969797587686923,0.23892551374582263,0.0,0.26788209509339495,0.8475052925668467,0.6774067838480502,16.37788562539745,2.449940406802831,13.10449488789426,11.87540802669364,52.428819322000656,75.2220472864857,73.41285028154617,1.8091970049395378,0.0,0.0,0.0,0.0,0.0,0.0,0.0,0.0,0.0,0.0,0.0,0.0,0.0,0.3065631679367762,0.0
5,holiday_return,春节返乡日,30.0,10.25,0.25,47.28515817737301,38.86105154467226,5.64715497178658,0.0,5.0,-5.0,17.557930830624564,55.929706385064286,1.6551420117591356,0.0,0.0,0.0,0.0,14.108735890616583,45.14795484997307,1.8823849905955266,5.64715497178658,0.0,0.0,0.0,0.0,0.00999075759268994,0.0,47.45609856521203,6.286903305300811,0.0,54.07944344713955,5.201367399511032,0.0,0.0,0.0,0.0,0.0,17.939444049526898,11.958523480860528,9.427155952443664,5.402144214755273,1.664150677281882,0.0,88.0,13.2,45.0,45.0,0.5707971889324345,0.4287187551226493,1.0,34.124029170976534,34.19772535931158,1.9765042401253028,0.0,0.27459184007861787,0.250122698848972,0.0,0.27148276925493176,0.8284973118657348,0.6752333478112924,16.49345084448082,2.469757821951203,13.197214155238548,11.612813091599392,52.48652557688405,75.14277922744799,73.48763721568885,1.6551420117591356,0.0,0.0,0.0,0.0,0.0,0.0,0.0,0.0,0.0,0.0,0.0,0.0,0.0,0.05124203777785663,0.0
5,holiday_return,春节返乡日,30.0,10.5,0.25,47.51769577379562,38.0898347179353,5.940618588133989,0.0,5.0,-5.0,20.08971624801339,53.75385890515366,0.3613852185203257,0.0,0.0,0.0,0.0,14.108735890616583,45.14795484997307,1.980206196044663,5.940618588133989,0.0,0.0,0.0,0.0,0.00999075759268994,0.0,47.45609856521203,7.0581201320377716,0.0,55.72870725677495,5.2269465351174915,0.0,0.0,0.0,0.0,0.0,17.74129225190997,12.144658043494845,9.459113713468598,5.454717051666488,1.6911297014917557,0.0,88.0,13.2,45.0,45.0,0.6075775240865193,0.41204020121604157,1.0,34.29105523980631,33.519054551783064,2.079216505846896,0.0,0.25451288892042506,0.2614693984353425,0.0,0.27500429736099263,0.8283628897994189,0.6747355633290488,16.604960466626842,2.4889912492443855,13.28677874601275,11.40593443142372,52.744642308913114,74.20496037168738,73.84357515316705,0.3613852185203257,0.0,0.0,0.0,0.0,0.0,0.0,0.0,0.0,0.0,0.0,0.0,0.0,0.0,0.2934636163474096,0.0
5,holiday_return,春节返乡日,30.0,10.75,0.25,47.528254590054054,37.2266096447532,6.408488087924318,0.0,5.0,-5.0,21.238087617618326,51.99460235724626,0.0,0.0,0.0,0.0,0.0,14.108735890616583,45.14795484997307,2.1361626959747726,6.408488087924318,0.0,0.0,0.0,0.0,0.00999075759268994,0.0,47.45609856521203,7.921345205219872,0.0,57.58216238938637,4.449546040626487,0.0,0.0,0.0,0.0,0.0,17.578332687151633,12.305345867838907,9.488314423350637,5.506414597592846,1.717141177245591,0.0,88.0,13.2,45.0,45.0,0.6309579321270752,0.39855494756626303,1.0,34.32105197193448,32.759416487382815,2.242970830773511,0.0,0.23728359385543868,0.2728150031710854,0.0,0.2784315996875925,0.7992130155006041,0.6761420382559968,16.711870198189075,2.507523417362819,13.37274345176017,11.17304928024253,51.97780063068054,73.23268997486458,73.23268997486458,0.0,0.0,0.0,0.0,0.0,0.0,0.0,0.0,-7.105427357601002e-15,0.0,0.0,0.0,0.0,0.0,0.46786949979032855,0.0
5,holiday_return,春节返乡日,30.0,11.0,0.25,47.62427879881752,36.49723316328546,6.813931052915554,0.0,5.0,-5.0,21.507228103432674,48.4328130759479,-3.552713678800501e-15,0.0,0.0,0.0,0.0,14.108735890616583,45.14795484997307,2.2713103509718513,6.813931052915554,0.0,0.0,0.0,0.0,0.00999075759268994,0.0,47.45609856521203,8.650721686687582,0.0,59.607917708779986,0.9257253813819322,0.0,0.0,0.0,0.0,0.0,17.448173727181484,12.439629865366225,9.514923691987583,5.55677544278461,1.7419331717989983,0.0,70.0,10.5,45.0,45.0,0.6389537708974277,0.3712527147210856,1.0,34.41724305727456,32.117565183691205,2.3848758685204436,0.0,0.22314427820839497,0.28399586251798614,0.0,0.28175,0.7662464567862675,0.679459771012064,16.81363230657119,2.525235720535519,13.454659244240359,10.977315292066518,48.55000418019945,69.94004117938057,69.94004117938057,-3.552713678800501e-15,0.0,0.0,0.0,0.0,0.0,0.0,0.0,-7.105427357601002e-15,2.842170943040401e-14,0.0,0.0,0.0,0.0,0.4054429649912361,0.0
5,holiday_return,春节返乡日,30.0,11.25,0.25,47.6025213080628,36.09379690007008,6.808285811077181,0.0,5.0,-5.0,21.88800637019599,46.444701099315374,3.552713678800501e-15,0.0,0.0,0.0,0.0,13.450766800163487,43.04245376052316,2.269428603692394,6.808285811077181,0.0,0.0,0.0,0.0,0.00999075759268994,0.0,47.45609856521203,6.948656860453077,0.0,61.2284197542832,0.0,0.0,0.0,0.0,0.0,0.0,17.34704490418143,12.547276655744007,9.539105178547624,5.605330197525103,1.7652572710088608,0.0,70.0,10.5,45.0,45.0,0.6502662333056065,0.3560132123750848,1.0,34.40986401020394,31.76254127206167,2.3829000338770134,0.0,0.21209316974828513,0.29483891044752664,0.0,0.2849452883986271,0.7617633247313083,0.6845182622052692,16.909692647081588,2.542008656602183,13.532071244265117,10.872435856603227,47.6025213080628,68.33270746951136,68.33270746951136,3.552713678800501e-15,0.0,0.0,0.0,0.0,0.0,0.0,0.0,-7.105427357601002e-15,0.0,0.0,0.0,0.0,-2.105501089449909,-0.005645241838372783,0.0
5,holiday_return,春节返乡日,30.0,11.5,0.25,47.67761839985564,35.4371232590388,6.983755916547578,0.0,2.166391444297954,-2.166391444297954,22.05934693517164,40.73438015401423,0.0,0.0,0.0,0.0,0.0,10.621798606183088,33.98975553978588,2.3279186388491926,6.983755916547578,0.0,0.0,0.0,0.0,0.0,0.0,47.45372576028377,0.0,1.4473677192529166,60.8169193024974,0.0,0.0,0.0,0.0,0.0,0.0,17.2705134096905,12.62880705491075,9.561006818315848,5.6516085873581305,1.7868726769384464,0.0,70.0,10.5,45.0,45.0,0.6553565545488825,0.3122418099263487,1.0,34.44869128335316,31.184668467954143,2.444314570791652,0.0,0.2039618865278847,0.3051659156562818,0.0,0.28800378216800143,0.791972503142605,0.6910262377197742,16.999488082612427,2.5577223528488235,13.604517030810037,10.696160281368435,47.67761839985564,62.79372708918587,62.79372708918587,0.0,0.0,0.0,0.0,0.0,0.0,0.0,0.0,0.0,0.0,0.0,2.833608555702046,0.0,-9.052698220737277,0.17547010547039665,0.0
5,holiday_return,春节返乡日,30.0,11.75,0.25,47.58796528708504,34.91738866379677,7.1967977744160425,0.0,1.1156452116507758,-1.1156452116507758,22.30906628862769,39.415275407763225,0.0,0.0,0.0,0.0,0.0,10.621798606183088,33.98975553978588,2.3989325914720143,7.1967977744160425,0.0,0.0,0.0,0.0,0.0,0.0,47.451353073995755,0.0,0.9276331240108888,60.5423968628433,0.0,0.0,0.0,0.0,0.0,0.0,17.214106415837282,12.685496996457504,9.580747503239655,5.695146905883207,1.8065503172708026,0.0,70.0,10.5,45.0,45.0,0.6627754149333756,0.30213045799477245,1.0,34.38786232867366,30.72730202414116,2.518879221045615,0.0,0.19849321770552364,0.31479822103945276,0.0,0.29091238436825395,0.7973654090371979,0.6986304164792153,17.082444726393664,2.5722572132473123,13.671525620021466,10.557659635442498,47.58796528708504,61.724341696390916,61.724341696390916,0.0,0.0,0.0,0.0,0.0,0.0,0.0,0.0,-7.105427357601002e-15,0.0,0.0,1.0507462326471781,0.0,0.0,0.21304185786846475,0.0
5,holiday_return,春节返乡日,30.0,12.0,0.25,47.71034960917772,34.65276770513072,7.338072999490787,0.0,0.3354992984636421,-0.3354992984636421,22.9012517499229,36.41448716092488,0.0,0.0,0.0,0.0,0.0,10.621798606183088,33.98975553978588,2.446024333163596,7.338072999490787,0.0,0.0,0.0,0.0,0.0,1.797932936140271,46.97584025998935,0.0,0.6630121653448384,60.337648778794815,0.0,0.0,0.0,0.0,0.0,0.0,17.173806992595992,12.719346517740412,9.598404900513795,5.735495663618433,1.8240768692696459,0.0,70.0,10.5,45.0,45.0,0.6803685297571689,0.2791284741703989,1.0,34.495628797244635,30.494435580515034,2.5683255498217754,0.0,0.19540945508670923,0.323561803081534,0.0,0.2936586399182265,0.781653986971823,0.7069679492563922,17.157977433401875,2.585494718752295,13.73261743898676,10.489948446994614,47.71034960917772,59.31573891084778,59.31573891084778,0.0,0.0,0.0,0.0,0.0,0.0,0.0,0.0,7.105427357601002e-15,0.0,0.0,0.7801459131871337,0.0,0.0,0.14127522507474488,0.0
5,holiday_return,春节返乡日,30.0,12.25,0.25,47.676825065709345,34.26156869875005,7.355368834399051,0.0,0.3354992984636421,-0.3354992984636421,23.869003349596056,34.78073256306435,-3.552713678800501e-15,0.0,0.0,0.0,0.0,10.621798606183088,33.98975553978588,2.45178961146635,7.355368834399051,0.0,0.0,0.0,0.0,0.0,2.4361766691620237,46.332392344512655,0.0,0.27181315896416436,60.23595017573064,0.0,0.0,0.0,0.0,0.0,0.0,17.146417427617585,12.733015796101931,9.614005074678444,5.772227258905498,1.8392585999213824,0.0,70.0,10.5,45.0,45.0,0.7091192609499295,0.26660523236132483,1.0,34.475216351570324,30.150180454900042,2.5743790920396674,0.0,0.1944638343970377,0.3312924550397065,0.0,0.2962307889300412,0.7886178317188904,0.7157071430972013,17.225490933505323,2.5973184075471067,13.78730559285131,10.386083964348302,47.676825065709345,58.649735912660404,58.649735912660404,-3.552713678800501e-15,0.0,0.0,0.0,0.0,0.0,0.0,0.0,-7.105427357601002e-15,0.0,0.0,0.0,0.0,0.0,0.017295834908263252,0.0
5,holiday_return,春节返乡日,30.0,12.5,0.25,47.685911164757954,34.03950567007937,7.429339424441118,0.0,0.3354992984636421,-0.3354992984636421,24.343122612068136,35.249095875460476,3.552713678800501e-15,0.0,0.0,0.0,0.0,10.621798606183088,33.98975553978588,2.4764464748137063,7.429339424441118,0.0,0.0,0.0,0.0,0.0,1.5274370566897777,45.92811860471391,0.0,0.04975013029348929,60.19274006109186,0.0,0.0,0.0,0.0,0.0,0.0,17.129802529355597,12.729728767995118,9.627514523365473,5.804943489303339,1.851924925857258,0.0,70.0,10.5,45.0,45.0,0.7232047716049868,0.27019538416461075,1.0,34.4907540335941,29.954764989669847,2.6002687985543913,0.0,0.19547189749004207,0.3378408805040222,0.0,0.298617817066746,0.7884389610301148,0.7245740469100581,17.284382938526072,2.6076150545670544,13.835098675643165,10.3288035534208,47.685911164757954,59.59221848752861,59.59221848752861,3.552713678800501e-15,0.0,0.0,0.0,0.0,0.0,0.0,0.0,-7.105427357601002e-15,0.0,0.0,0.0,0.0,0.0,0.07397059004206774,0.0
5,holiday_return,春节返乡日,30.0,12.75,0.25,47.738023516032186,33.73445207253855,7.476677463704345,0.0,0.3354992984636421,-0.3354992984636421,24.432585085382414,36.54288055748666,0.0,0.0,0.0,0.0,0.0,10.621798606183088,33.98975553978588,2.4922258212347814,7.476677463704345,0.0,0.0,0.0,0.0,0.0,0.21208159904462354,45.87001125166667,0.2553034672473302,0.0,60.22327826453256,0.0,0.0,0.0,0.0,0.0,0.0,17.123035728673802,12.713146542002859,9.638835145776142,5.833282719853247,1.861931601718425,0.0,70.0,10.5,45.0,45.0,0.7258625936359365,0.28011264985623147,1.0,34.544977125916276,29.686317823833924,2.6168371122965204,0.0,0.19832300244981288,0.3430774777571774,0.0,0.3008095027073963,0.7774509234656305,0.7333648592683552,17.334049467347814,2.6162760594447745,13.87550530601645,10.24745688620837,47.738023516032186,60.975465642869075,60.975465642869075,0.0,0.0,0.0,0.0,0.0,0.0,0.0,0.0,0.0,0.0,0.0,0.0,0.0,0.0,0.04733803926322633,0.0
5,holiday_return,春节返乡日,30.0,13.0,0.25,47.855965936042224,33.4801212138444,7.8478450517722385,0.0,0.3354992984636421,-0.3354992984636421,24.109387209643323,35.98788222583541,-3.552713678800501e-15,0.0,0.0,0.0,0.0,10.621798606183088,33.98975553978588,2.615948350590746,7.8478450517722385,0.0,0.0,0.0,0.0,0.0,1.3319427558009669,45.51720649957752,0.5096343259414837,0.0,60.3142047778114,0.0,0.0,0.0,0.0,0.0,0.0,17.12647301649979,12.68721454645595,9.64780253919423,5.856926528266881,1.8691634536951827,0.0,70.0,10.5,45.0,45.0,0.7162607751004939,0.27585841343663514,1.0,34.64548713584108,29.46250666818307,2.746745768120283,0.0,0.2029744745328078,0.3468966012673812,0.0,0.30279646071760524,0.7677139570897968,0.7419457109953335,17.373892521156293,2.623199039604286,13.908040481541548,10.179437483802916,47.855965936042224,60.09726943547874,60.09726943547874,-3.552713678800501e-15,0.0,0.0,0.0,0.0,0.0,0.0,0.0,-7.105427357601002e-15,0.0,0.0,0.0,0.0,0.0,0.37116758806789374,0.0
5,holiday_return,春节返乡日,30.0,13.25,0.25,48.06560213342379,33.392956627926424,8.169994404091963,0.0,0.3354992984636421,-0.3354992984636421,23.34426151870337,37.86627959435992,0.0,0.0,0.0,0.0,0.0,10.621798606183088,33.98975553978588,2.723331468030654,8.169994404091963,0.0,0.0,0.0,0.0,0.0,0.5356903930378824,45.37395948318994,0.5967989118594588,0.0,60.42578741698912,0.0,0.0,0.0,0.0,0.0,0.0,17.141775691102367,12.655989039888075,9.654187867515674,5.87560565654106,1.8735365858306066,0.0,70.0,10.5,45.0,45.0,0.6935298149281529,0.2902569188733549,1.0,34.78414800999946,29.385801832575254,2.859498041432187,0.0,0.20943208902271285,0.34922010476833304,0.0,0.30457018263812957,0.7962885502490106,0.7502422301136218,17.40333010988734,2.628289611162005,13.932233743085575,10.157312893792193,48.06560213342379,61.21054111306329,61.21054111306329,0.0,0.0,0.0,0.0,0.0,0.0,0.0,0.0,7.105427357601002e-15,0.0,0.0,0.0,0.0,0.0,0.3221493523197241,0.0
5,holiday_return,春节返乡日,30.0,13.5,0.25,48.06501421589608,33.059237041573006,8.256171932679544,0.0,0.3354992984636421,-0.3354992984636421,22.062169641708124,40.234006194532704,0.0,0.0,0.0,0.0,0.0,10.621798606183088,33.98975553978588,2.7520573108931816,8.256171932679544,0.0,0.0,0.0,0.0,0.5218064048048358,0.0,45.495619806356935,0.9305184982128795,0.0,60.61657266660618,0.0,0.0,0.0,0.0,0.0,0.0,17.171894826373606,12.623450153528635,9.657703374097466,5.889105113564341,1.875,0.0,70.0,10.5,45.0,45.0,0.6554404137508657,0.3084062864653852,1.0,34.760253071710956,29.092128596584246,2.8896601764378405,0.0,0.217721019296692,0.35000000000000003,0.0,0.30612307311939896,0.8399705509796277,0.7582216329711134,17.421808487661806,2.6314633253332773,13.947639029461355,10.06521478072559,48.06501421589608,62.29617583624083,62.29617583624083,0.0,0.0,0.0,0.0,0.0,0.0,0.0,0.0,7.105427357601002e-15,0.0,0.0,0.0,0.0,0.0,0.08617752858758188,0.0
5,holiday_return,春节返乡日,30.0,13.75,0.25,48.1295099306083,33.19582181816314,8.613002395390373,0.0,0.3354992984636421,-0.3354992984636421,20.708697235526337,40.67420054145,3.552713678800501e-15,0.0,0.0,0.0,0.0,10.621798606183088,33.98975553978588,2.8710007984634576,8.613002395390373,0.0,0.0,0.0,0.0,0.0,0.5749108567421564,45.342052694645,0.7939337216227459,0.0,60.774823639158285,0.0,0.0,0.0,0.0,0.0,0.0,17.221020650881904,12.593309919736447,9.658011428041478,5.897268293550466,1.8735365858306066,0.0,70.0,10.5,45.0,45.0,0.6152303832636065,0.31178051430636683,1.0,34.78520961580727,29.21232319998356,3.01455083838663,0.0,0.22785143227483043,0.34922010476833304,0.0,0.30744848244596856,0.8804273464420294,0.7658701552075511,17.42881630742255,2.6326477130867945,13.953845988123792,10.103848158019227,48.1295099306083,61.382897776976336,61.382897776976336,3.552713678800501e-15,0.0,0.0,0.0,0.0,0.0,0.0,0.0,7.105427357601002e-15,0.0,0.0,0.0,0.0,0.0,0.3568304627108283,0.0
5,holiday_return,春节返乡日,30.0,14.0,0.25,48.165260555190294,33.32642427403661,8.751228054039865,0.0,0.3354992984636421,-0.3354992984636421,19.585904042674947,44.01934201935895,-3.552713678800501e-15,0.0,0.0,0.0,0.0,10.621798606183088,33.98975553978588,2.9170760180132884,8.751228054039865,0.0,0.0,0.0,0.0,1.5656115841835825,0.0,45.71161834325387,0.6633312657492739,0.0,60.90197740295416,0.0,0.0,0.0,0.0,0.0,0.0,17.294490711907574,12.56882466074896,9.654736808346748,5.9,1.8691634536951827,0.0,70.0,10.5,45.0,45.0,0.5818735535940565,0.33742207373535105,1.0,34.7976380924207,29.32725336115222,3.0629298189139527,0.0,0.2397828442300811,0.3468966012673812,0.0,0.30854073501162144,0.9090529689986893,0.7731686303627401,17.42390026204193,2.63178437681455,13.950492397170995,10.139848218395384,48.165260555190294,63.6052460620339,63.6052460620339,-3.552713678800501e-15,0.0,0.0,0.0,0.0,0.0,0.0,0.0,-7.105427357601002e-15,0.0,0.0,0.0,0.0,0.0,0.13822565864949254,0.0
5,holiday_return,春节返乡日,30.0,14.25,0.25,48.11705697188808,33.19626378480104,8.890259003356206,0.0,0.3354992984636421,-0.3354992984636421,18.301326282774085,45.47913998587559,3.552713678800501e-15,0.0,0.0,0.0,0.0,10.621798606183088,33.98975553978588,2.963419667785402,8.890259003356206,0.0,0.0,0.0,0.0,1.742691724329458,0.0,46.12322204686495,0.7934917549848451,0.0,61.05998070606159,0.0,0.0,0.0,0.0,0.0,0.0,17.398643434864287,12.552621570458422,9.647481754765677,5.897268293550466,1.861931601718425,0.0,70.0,10.5,45.0,45.0,0.5437102998380496,0.34861188336222076,1.0,34.75884836327298,29.212712130624915,3.111590651174672,0.0,0.2533912813865018,0.3430774777571774,0.0,0.30939515362318576,0.9243078880284364,0.7800690228940375,17.406681650034567,2.6288310557890187,13.937277254407896,10.101883011537645,48.11705697188808,63.780466268649675,63.780466268649675,3.552713678800501e-15,0.0,0.0,0.0,0.0,0.0,0.0,0.0,-7.105427357601002e-15,0.0,0.0,0.0,0.0,0.0,0.13903094931634108,0.0
5,holiday_return,春节返乡日,30.0,14.5,0.25,48.1045760293589,33.404248157735715,8.845841191004064,0.0,0.3354992984636421,-0.3354992984636421,16.862823762044755,47.37397776623388,0.0,0.0,0.0,0.0,0.0,10.621798606183088,33.98975553978588,2.948613730334688,8.845841191004064,0.0,0.0,0.0,0.0,2.2263138639383153,0.0,46.64966542844794,0.5855073820501673,0.0,61.168508718945475,0.0,0.0,0.0,0.0,0.0,0.0,17.540599676871057,12.546549239428163,9.635843158150264,5.889105113564341,1.851924925857258,0.0,70.0,10.5,45.0,45.0,0.5009741273454743,0.36313640971609956,1.0,34.73350134334576,29.39573837880743,3.0960444168514223,0.0,0.26844318364752034,0.3378408805040222,0.0,0.3100080795289941,0.9559279088223301,0.7864746965594287,17.376873197571864,2.6237635831082096,13.913974007639764,10.157664379905455,48.1045760293589,64.23680152827863,64.23680152827863,0.0,0.0,0.0,0.0,0.0,0.0,0.0,0.0,-7.105427357601002e-15,0.0,0.0,0.0,0.0,0.0,-0.04441781235214215,0.0
5,holiday_return,春节返乡日,30.0,14.75,0.25,48.14059058771688,33.608722741060866,8.598877439023804,0.0,0.3354992984636421,-0.3354992984636421,15.687403994199933,49.68210590430359,3.552713678800501e-15,0.0,0.0,0.0,0.0,10.621798606183088,33.98975553978588,2.8662924796746014,8.598877439023804,0.0,0.0,0.0,0.0,3.4053289264653155,0.0,47.45609856521203,0.38103279872501616,0.0,61.2284197542832,0.0,0.0,0.0,0.0,0.0,0.0,17.72795489411447,12.55156119970078,9.619431136221614,5.87560565654106,1.8392585999213824,0.0,70.0,10.5,45.0,45.0,0.46605382569433057,0.3808289363888492,1.0,34.75611539742375,29.575676012133563,3.009607103658331,0.0,0.2845797024325819,0.3312924550397065,0.0,0.31037688808621966,0.968523431462295,0.7922270449204518,17.334295392684055,2.6165776465066886,13.880443342821566,10.211557368006178,48.14059058771688,65.36950989850352,65.36950989850352,3.552713678800501e-15,0.0,0.0,0.0,0.0,0.0,0.0,0.0,-7.105427357601002e-15,0.0,0.0,0.0,0.0,0.0,-0.24696375198026033,0.0
5,holiday_return,春节返乡日,30.0,15.0,0.25,48.40053911728201,33.94353506912015,8.53833271534704,0.0,0.2724985223527696,-0.2724985223527696,14.323671484985738,47.85310438155895,-1.7763568394002505e-15,0.0,0.0,0.0,0.0,10.647636564201541,34.07243700544493,2.84611090511568,8.53833271534704,0.0,0.0,0.0,0.0,0.00999075759268994,0.0,47.45609856521203,0.1289019363247833,0.0,61.2284197542832,0.0,0.0,0.0,0.0,0.0,0.0,17.968368974307744,12.56764028740939,9.59788815119116,5.856926528266881,1.8240768692696459,0.0,70.0,10.5,45.0,45.0,0.42553897993795203,0.3668090656148108,1.0,34.93537473623255,29.870310860825732,2.988416450371464,0.0,0.301314403630918,0.323561803081534,0.0,0.3105,0.986269629896548,0.7971007053150232,17.27889154872769,2.6072902644703,13.83664491811277,10.30107777808353,48.40053911728201,62.17677586654469,62.17677586654469,-1.7763568394002505e-15,0.0,0.0,0.0,0.0,0.0,0.0,0.0,0.0,0.0,0.0,0.06300077611087251,0.0,0.08268146565904999,-0.06054472367676311,0.0
5,holiday_return,春节返乡日,30.0,15.25,0.25,48.788616463813675,34.34122616591001,8.572816427183154,0.0,-0.0,0.0,12.497218914332358,49.15609322563936,-3.552713678800501e-15,0.0,0.0,0.0,0.0,10.771915031948371,34.47012810223479,2.857605475727718,8.572816427183154,0.0,0.0,0.0,0.0,0.0,0.0,47.45372576028377,0.1289019363247833,0.0,61.2284197542832,0.0,0.7648248315180433,0.0,0.0,0.0,0.0,18.269049585225233,12.593769766936612,9.570907779565085,5.833282719853247,1.8065503172708026,0.0,70.0,10.5,45.0,45.0,0.3712772800214474,0.37679688409765605,1.0,35.21900563711672,30.220279026000807,3.000485749514104,0.0,0.31804627473363134,0.31479822103945276,0.0,0.31037688808621966,0.9855653496667773,0.8008088349309581,17.210740816689132,2.5959408929209706,13.782647435569535,10.407385001151807,48.023791632295634,61.65331213997172,61.65331213997172,-3.552713678800501e-15,0.0,0.0,0.0,0.0,0.0,-0.0,0.0,0.0,0.0,0.0,0.2724985223527696,0.0,0.39769109678985615,0.03448371183611343,0.0
5,holiday_return,春节返乡日,30.0,15.5,0.25,48.94092381025665,34.61397690529451,8.305701593531962,0.0,-0.0,0.0,10.767731574601257,50.783021100370355,-1.7763568394002505e-15,0.0,0.0,0.0,0.0,10.857149638006026,34.74287884161929,2.7685671978439874,8.305701593531962,0.0,0.0,0.0,0.0,0.019981015647479245,0.0,47.45609856521203,0.1289019363247833,0.0,61.2284197542832,0.0,1.0358689867825346,0.0,0.0,0.0,0.0,18.636137540125677,12.627954805642304,9.538252245274895,5.804943489303339,1.7868726769384464,0.0,70.0,10.5,45.0,45.0,0.3198963000027265,0.3892677969311136,1.0,35.31720167149071,30.460299676659165,2.906995557736187,0.0,0.33408834441064905,0.3051659156562818,0.0,0.3100080795289941,1.004558767534345,0.8030188407306523,17.13006841151668,2.5825920864340466,13.718636479510971,10.47794609447565,47.90505482347412,61.55075267497161,61.55075267497161,-1.7763568394002505e-15,0.0,0.0,0.0,0.0,0.0,-0.0,0.0,0.0,0.0,0.0,0.0,0.0,0.2727507393844988,-0.26711483365119193,0.0
5,holiday_return,春节返乡日,30.0,15.75,0.25,49.486092058156395,34.92353363406858,8.27983642400097,0.0,0.0,0.0,9.274331409171204,50.32648890256634,0.0,0.0,0.19241005519682997,0.06734351931889049,0.08658452483857348,9.540280563530759,30.52889780329843,2.7599454746669903,8.27983642400097,0.0,0.0,0.0,0.0,0.0,0.0,47.45372576028377,0.0,4.308051305931579,60.06410783231881,0.0,2.1181542652977132,0.0,0.0,0.0,0.0,19.07401812738665,12.667295153761096,9.49976787564299,5.772227258905498,1.7652572710088608,0.0,70.0,10.5,45.0,45.0,0.2755291847905121,0.3857683343348248,1.0,35.71877479206379,30.732709597980353,2.8979427484003395,0.0,0.34871028648287106,0.29483891044752664,0.0,0.30939515362318576,0.992484869016141,0.8033776158828101,17.037252405557346,2.5673296513020976,13.64491962078664,10.558113907033238,47.36793779285868,59.60082031173754,59.60082031173754,0.0,0.03848201103936599,0.009620502759841498,0.28861508279524495,0.0,0.0,0.0,0.0,0.0,0.0,0.0,0.0,0.06734351931889049,-4.213981038320856,-0.025865169530991494,0.0
5,holiday_return,春节返乡日,30.0,16.0,0.25,50.172807715435084,35.10046879992492,8.282359811977418,0.0,0.0,0.0,7.6402715085097554,51.00541516174463,8.881784197001252e-16,0.0,3.939594538735451,1.3788580885574078,1.772817542430953,9.540280563530759,30.52889780329843,2.760786603992473,8.282359811977418,0.0,0.0,0.0,0.0,0.0,0.31527698978264773,47.36838544510558,0.0,2.7987534541955377,59.29756171150909,0.0,2.134053134363877,0.0,0.0,0.0,0.0,19.584598981824026,12.7081069311746,9.455397733308086,5.735495663618433,1.7419331717989983,0.0,132.0,19.8,45.0,45.0,0.22698323873095147,0.3909725172184439,1.0,36.22708532729823,30.888412543933928,2.898825934192096,0.0,0.36119136073684854,0.28399586251798614,0.0,0.30854073501162144,0.9706668817472944,0.8015439270430218,16.932826568725517,2.5502622452440677,13.561928386387438,10.600518887992273,48.03875458107121,58.645686670254385,58.645686670254385,8.881784197001252e-16,0.7879189077470903,0.19697972693677257,5.909391808103177,0.0,0.0,0.0,0.0,0.0,7.105427357601002e-15,0.0,0.0,1.3115145692385173,0.0,0.0025233879764474665,0.0
5,holiday_return,春节返乡日,30.0,16.25,0.25,50.623725389081365,35.60632329458459,8.268089830804636,0.0,0.0,0.0,6.030281251958321,52.98834981562003,-3.552713678800501e-15,0.0,4.996228644006519,1.7486800254022814,2.2483028898029334,9.540280563530759,30.52889780329843,2.756029943601545,8.268089830804636,0.0,0.0,0.0,0.0,0.0,0.0,47.36601702583332,0.0,2.8291226014832267,58.52340698289459,0.0,2.1527248032330366,0.0,0.0,0.0,0.0,20.16661077321487,12.746088443531521,9.405190810961354,5.695146905883207,1.717141177245591,0.0,132.0,19.8,45.0,45.0,0.17915237272700227,0.40617233376041034,1.0,36.55617260532464,31.33356449923444,2.8938314407816224,0.0,0.3708782839729238,0.2728150031710854,0.0,0.30744848244596856,0.9585194927397677,0.7972243599586937,16.81747889409015,2.53152039936837,13.47021681922624,10.73446768685855,48.47100058584833,59.018631067578355,59.018631067578355,-3.552713678800501e-15,0.9992457288013038,0.24981143220032595,7.4943429660097785,0.0,0.0,0.0,0.0,0.0,0.0,0.0,0.0,0.36982193684487363,0.0,-0.014269981172782664,0.0
5,holiday_return,春节返乡日,30.0,16.5,0.25,51.22793690082935,36.25451806155642,8.446084770193778,0.0,0.0,0.0,4.8314569053979,54.63740734990351,0.0,0.0,5.544837598662004,1.9406931595317012,2.4951769193979016,9.540280563530759,30.52889780329843,2.8153615900645925,8.446084770193778,0.0,0.0,0.0,0.0,0.0,0.0,47.36364872498203,0.0,3.230443338860085,57.644028611282074,0.0,2.1740216395915843,0.0,0.0,0.0,0.0,20.814999303501185,12.776522154072131,9.349307341927007,5.6516085873581305,1.6911297014917557,0.0,132.0,19.8,45.0,45.0,0.14353674930986063,0.41881287738057915,1.0,37.001358548959466,31.903975894169648,2.9561296695678223,0.0,0.3772414772557969,0.2614693984353425,0.0,0.30612307311939896,0.9346728219054984,0.790208412134295,16.692045630776896,2.5112549610838903,13.37045649690512,10.907797090492966,49.05391526123776,59.46886425530141,59.46886425530141,0.0,1.1089675197324007,0.2772418799331002,8.317256397993006,0.0,0.0,0.0,0.0,7.105427357601002e-15,0.0,0.0,0.0,0.19201313412941978,0.0,0.17799493938914246,0.0
5,holiday_return,春节返乡日,30.0,16.75,0.25,51.702611973888274,36.60189447492219,8.248031541429112,0.0,0.0,0.0,3.4473031820326625,52.784403636400164,-1.7763568394002505e-15,0.0,9.292022082200626,3.252207728770219,4.181409936990282,7.52613471489424,24.08363108766157,2.7493438471430376,8.248031541429112,0.0,0.0,0.0,0.0,0.0,0.2965869422266505,47.28323134722297,0.0,8.33685345027034,55.42129779427371,0.0,2.197589046495857,0.0,0.0,0.0,0.0,21.520484040695877,12.794502534559147,9.28801996860003,5.605330197525103,1.664150677281882,0.0,132.0,19.8,45.0,45.0,0.10241521394544155,0.4046090222803681,1.0,37.33758386876415,32.209667137931525,2.886811039500189,0.0,0.37992287552824344,0.250122698848972,0.0,0.30457018263812957,0.9287428719103826,0.7803981153400683,16.557500843407016,2.4896349807885367,13.263428033022567,10.99650399069096,49.50502292739242,56.231706818432826,56.231706818432826,-1.7763568394002505e-15,1.8584044164401252,0.4646011041100313,13.93803312330094,0.0,0.0,0.0,0.0,0.0,0.0,0.0,0.0,1.311514569238518,-6.445266715636862,-0.1980532287646657,0.0
5,holiday_return,春节返乡日,30.0,17.0,0.25,52.461491818231586,37.00080263846425,8.081646318051892,0.0,0.0,0.0,2.127383750985011,53.28992198515691,4.440892098500626e-16,0.0,13.039206565739248,4.563722298008736,5.867642954582662,7.52613471489424,24.08363108766157,2.693882106017297,8.081646318051892,0.0,0.0,0.0,0.0,0.0,0.4776270195331218,47.15517586472584,0.0,7.04952859622002,53.538448041108154,0.0,2.2228535854593487,0.0,0.0,0.0,0.0,22.269356511454923,12.795177701220908,9.22171071151308,5.55677544278461,1.636455563392761,0.0,132.0,19.8,45.0,45.0,0.06320200182471844,0.40848397909988976,1.0,37.88167758918109,32.56070632184854,2.828576211318162,0.0,0.3787692427280859,0.23892551374582263,0.0,0.30279646071760524,0.9144785970948307,0.7678280699626254,16.41494171769045,2.4668450890292064,13.150009241417754,11.099328775603457,50.23863823277224,55.41730573614192,55.41730573614192,4.440892098500626e-16,2.6078413131478495,0.6519603282869624,19.55880984860887,0.0,0.0,0.0,0.0,0.0,0.0,0.0,0.0,1.311514569238517,0.0,-0.16638522337722073,0.0
5,holiday_return,春节返乡日,30.0,17.25,0.25,53.16568482634009,37.31977826372535,8.26954280000052,0.0,0.0,0.0,1.1310791571740282,49.31965765885226,4.440892098500626e-16,0.0,16.786391049277867,5.875236867247253,7.553875972175041,7.52613471489424,24.08363108766157,2.7565142666668403,8.26954280000052,0.0,0.0,0.0,0.0,0.0,4.873333903153835,45.87036181562896,0.0,5.682271203888737,52.01634428974847,0.0,2.2490262214738004,0.0,0.0,0.0,0.0,23.04358091851782,12.773991665948296,9.150863882721422,5.506414597592846,1.6082915436188965,0.0,132.0,19.8,45.0,45.0,0.03360299566193199,0.37805065681919675,1.0,38.38937940730785,32.84140487207831,2.894339980000182,0.0,0.3738466498862274,0.2280125063986132,0.0,0.3008095027073963,0.8924813970946557,0.7526729382511375,16.265570023933165,2.4430824330894403,13.03116029385816,11.179543559501928,50.91665860486629,50.450736816026286,50.450736816026286,4.440892098500626e-16,3.357278209855574,0.8393195524638934,25.179586573916804,0.0,0.0,0.0,0.0,0.0,0.0,0.0,0.0,1.3115145692385166,0.0,0.18789648194862885,0.0
5,holiday_return,春节返乡日,30.0,17.5,0.25,53.53897945510638,37.96183446428156,8.041612843310602,0.0,0.0,0.0,0.4048638319279334,48.58110249902371,-1.1102230246251565e-15,0.0,20.53357553281649,7.18675143648577,9.24010898976742,7.52613471489424,24.08363108766157,2.6805376144368673,8.041612843310602,0.0,0.0,0.0,0.0,0.0,5.297811207167116,44.473907453546836,0.0,4.63809438685257,50.76978496316871,0.0,2.275122809832955,0.0,0.0,0.0,0.0,23.821238577789547,12.72691380358137,9.076055276825063,5.454717051666488,1.579897994784475,0.0,132.0,19.8,45.0,45.0,0.01202801545909333,0.3723893996952784,1.0,38.693100240552646,33.40641432856777,2.8145644951587108,0.0,0.36543419745537087,0.2175002653641172,0.0,0.298617817066746,0.8197306533108537,0.7352411032598738,16.110670323276025,2.4185532613715597,12.90790633660155,11.350072653193362,51.26385664527342,48.98596633095164,48.98596633095164,-1.1102230246251565e-15,4.106715106563298,1.0266787766408245,30.800363299224735,0.0,0.0,0.0,0.0,0.0,0.0,0.0,0.0,1.3115145692385175,0.0,-0.227929956689918,0.0
5,holiday_return,春节返乡日,30.0,17.75,0.25,53.62134774471094,38.71289798921597,7.762281875861406,0.0,0.0,0.0,0.0,44.41357313879594,0.0,0.0,24.28076001635511,8.498266005724288,10.9263420073598,7.52613471489424,24.08363108766157,2.587427291953802,7.762281875861406,0.0,0.0,0.0,0.0,0.0,8.523068132476846,42.22877109173288,0.0,3.7029248941945987,49.76994615116223,0.0,2.3000024745619045,0.0,0.0,0.0,0.0,24.577328419488328,12.650642793469796,8.997938140786543,5.402144214755273,1.5515032902890038,0.0,132.0,19.8,45.0,45.0,0.0,0.3404439790103762,1.0,38.7490805005512,34.06735023051005,2.716798656551492,0.0,0.3539978038122754,0.2074859668415766,0.0,0.2962307889300412,0.797562441597525,0.7159550823095508,15.95158564583082,2.393469259413915,12.78131814351112,11.551053566412914,51.32134527014903,44.41357313879594,44.41357313879594,0.0,4.856152003271022,1.2140380008177556,36.42114002453267,0.0,0.0,0.0,0.0,0.0,-7.105427357601002e-15,0.0,0.0,1.3115145692385175,0.0,-0.27933096744919617,0.0
5,holiday_return,春节返乡日,30.0,18.0,0.25,54.17419852561748,39.210810460311436,7.615909205132784,0.0,0.0,0.0,0.0,43.56029635097292,0.0,0.0,24.28076001635511,8.498266005724288,10.9263420073598,7.52613471489424,24.08363108766157,2.538636401710928,7.615909205132784,0.0,0.0,0.0,0.0,0.0,9.857984527350292,39.63245319861243,0.0,4.200837365290067,48.639577660905054,0.0,2.3224227581751515,0.0,0.0,0.0,0.0,25.284900468586194,12.542773807758921,8.917226560867054,5.349142923597687,1.5233219932765087,0.0,132.0,19.8,45.0,45.0,0.0,0.3339033445981021,1.0,39.15819102199248,34.50551320507407,2.665568221796474,0.0,0.34014748071260315,0.19804680515562867,0.0,0.2936586399182265,0.7535458132129249,0.6953210690612031,15.789691477741249,2.3680437520724618,12.6524914669294,11.68115632156479,51.85177576744233,43.56029635097292,43.56029635097292,0.0,4.856152003271022,1.2140380008177556,36.42114002453267,0.0,0.0,0.0,0.0,7.105427357601002e-15,0.0,0.0,0.0,0.0,0.0,-0.14637267072862237,0.0
5,holiday_return,春节返乡日,30.0,18.25,0.25,54.2952606375748,39.840011883001814,7.4065508469457635,0.0,0.0,0.0,0.0,40.968942202168584,0.0,0.0,24.28076001635511,8.498266005724288,10.9263420073598,7.52613471489424,24.08363108766157,2.4688502823152545,7.4065508469457635,0.0,0.0,0.0,0.0,0.0,12.481928880642508,36.34575344946763,0.0,4.830038787980445,47.34419503313239,0.0,2.3411085462489107,0.0,0.0,0.0,0.0,25.916461785857013,12.401919990071326,8.834677004772564,5.29613947520614,1.4955524801487288,0.0,132.0,19.8,45.0,45.0,0.0,0.31403980165173717,1.0,39.24177711329869,35.059210457041594,2.592292796431017,0.0,0.32458354264801875,0.18924013556862182,0.0,0.29091238436825395,0.7287526566255337,0.673891367015214,15.626368960127433,2.3424878917425334,12.522525798106965,11.84809393168377,51.95415209132589,40.968942202168584,40.968942202168584,0.0,4.856152003271022,1.2140380008177556,36.42114002453267,0.0,0.0,0.0,0.0,0.0,-7.105427357601002e-15,0.0,0.0,0.0,0.0,-0.20935835818702042,0.0
5,holiday_return,春节返乡日,30.0,18.5,0.25,54.54489645282691,39.97231886690708,7.272780669490663,0.0,0.0,0.0,0.0,40.30373303942764,0.0,0.0,24.28076001635511,8.498266005724288,10.9263420073598,7.52613471489424,24.08363108766157,2.424260223163554,7.272780669490663,0.0,0.0,0.0,0.0,0.0,13.33846232242747,32.83381449799845,0.0,4.962345771885712,46.014642469330106,0.0,2.354830023305312,0.0,0.0,0.0,0.0,26.44555951672162,12.227782133389102,8.751068815296065,5.2435343874494835,1.4683750213287108,0.0,132.0,19.8,45.0,45.0,0.0,0.30894076461794656,1.0,39.41695784507512,35.17564060287823,2.5454732343217317,0.0,0.3080383351366096,0.18110424697489164,0.0,0.28800378216800143,0.7049886817956773,0.6522242499326305,15.46297822407426,2.317006952268751,12.392503264494158,11.876039537569111,52.1900664295216,40.30373303942764,40.30373303942764,0.0,4.856152003271022,1.2140380008177556,36.42114002453267,0.0,0.0,0.0,0.0,0.0,-7.105427357601002e-15,0.0,0.0,0.0,0.0,-0.13377017745510056,0.0
5,holiday_return,春节返乡日,30.0,18.75,0.25,54.633217736319516,40.30285480597088,7.196144489393546,0.0,0.0,0.0,0.0,39.733752218048814,0.0,0.0,24.28076001635511,8.498266005724288,10.9263420073598,7.52613471489424,24.08363108766157,2.3987148297978487,7.196144489393546,0.0,0.0,0.0,0.0,0.0,13.963565514039184,29.15755030357903,0.0,5.292881710949512,44.59877153995083,0.0,2.3624835431993176,0.0,0.0,0.0,0.0,26.84841834522973,12.021163712335294,8.667184466899634,5.191697962944294,1.4419503324173917,0.0,132.0,19.8,45.0,45.0,0.0,0.30457168271175994,1.0,39.45352091434167,35.46651222925438,2.5186505712877407,0.0,0.2912201767589911,0.17365966253672466,0.0,0.28494528839862715,0.7128356941686469,0.6308458439930418,15.300832762261319,2.291796842489755,12.26346837165433,11.959686242542523,52.2707341931202,39.733752218048814,39.733752218048814,0.0,4.856152003271022,1.2140380008177556,36.42114002453267,0.0,0.0,0.0,0.0,0.0,0.0,0.0,0.0,0.0,0.0,-0.07663618009711737,0.0
5,holiday_return,春节返乡日,30.0,19.0,0.25,54.6647666745872,40.81985234384537,6.902710051707789,0.0,0.0,0.0,0.0,39.318152192614185,0.0,0.0,24.28076001635511,8.498266005724288,10.9263420073598,7.52613471489424,24.08363108766157,2.300903350569263,6.902710051707789,0.0,0.0,0.0,0.0,0.0,14.31221802870723,25.38971926061458,0.0,5.809879248824,43.04755656238507,0.0,2.363168513004998,0.0,0.0,0.0,0.0,27.10549408913199,11.783931808966486,8.583790370033155,5.14096670648026,1.4164185956342732,0.0,132.0,19.8,45.0,45.0,0.0,0.301385978064813,1.0,39.479225984451574,35.92147006258393,2.415948518097726,0.0,0.27476534528040114,0.16691085433198272,0.0,0.28175,0.6800333775642611,0.6102180105950652,15.141175672147687,2.2670409426099654,12.13640924505556,12.095791340009294,52.3015981615822,39.318152192614185,39.318152192614185,0.0,4.856152003271022,1.2140380008177556,36.42114002453267,0.0,0.0,0.0,0.0,0.0,0.0,0.0,0.0,0.0,0.0,-0.2934344376857565,0.0
5,holiday_return,春节返乡日,30.0,19.25,0.25,54.423296249148535,40.98260544103303,6.829868210589449,0.0,0.0,0.0,0.0,38.80790153313764,0.0,0.0,24.28076001635511,8.498266005724288,10.9263420073598,7.52613471489424,24.08363108766157,2.2766227368631498,6.829868210589449,0.0,0.0,0.0,0.0,0.0,14.563632818269769,21.555914822475295,0.0,5.972632346011661,41.45428742989028,0.0,2.35625334377423,0.0,0.0,0.0,0.0,27.202804383688214,11.518927739571645,8.501618943249039,5.0916406205124645,1.391898939106604,0.0,132.0,19.8,45.0,45.0,0.0,0.29747474659820705,1.0,39.29974491094233,36.06469278810906,2.3904538737063072,0.0,0.259202323709624,0.16084825341632344,0.0,0.27843159968759257,0.6607548094711886,0.5907150743746408,14.985158502868106,2.242907351485581,12.012240945531724,12.133002582169436,52.06704290537431,38.80790153313764,38.80790153313764,0.0,4.856152003271022,1.2140380008177556,36.42114002453267,0.0,0.0,0.0,0.0,0.0,0.0,0.0,0.0,0.0,0.0,-0.0728418411183398,0.0
5,holiday_return,春节返乡日,30.0,19.5,0.25,54.173882985914084,41.18001486868182,6.640697531014909,0.0,0.0,0.0,0.0,40.28107193125984,0.0,0.0,24.28076001635511,8.498266005724288,10.9263420073598,7.52613471489424,24.08363108766157,2.213565843671636,6.640697531014909,0.0,0.0,0.0,0.0,0.0,12.792821338431027,18.18830509556811,0.0,6.170041773660454,39.80986508258048,0.0,2.3414242690648113,0.0,0.0,0.0,0.0,27.132912473724016,11.229834103157753,8.42135257615579,5.0439813785173095,1.3684893505187623,0.0,132.0,19.8,45.0,45.0,0.0,0.30876706011078336,1.0,39.10155477668148,36.238413084440005,2.324244135855218,0.0,0.24493049347178397,0.15545043872823788,0.0,0.2750042973609927,0.6614608277156439,0.5726108227786059,14.833823305191862,2.2195466143859384,11.891791327299911,12.180250756605675,51.832458716849274,40.28107193125984,40.28107193125984,0.0,4.856152003271022,1.2140380008177556,36.42114002453267,0.0,0.0,0.0,0.0,0.0,0.0,0.0,0.0,0.0,0.0,-0.18917067957454048,0.0
5,holiday_return,春节返乡日,30.0,19.75,0.25,53.42221638047197,41.179702923065236,6.541509680852896,0.0,0.0,0.0,0.0,41.24736145702093,0.0,0.0,24.28076001635511,8.498266005724288,10.9263420073598,7.52613471489424,24.08363108766157,2.1805032269509654,6.541509680852896,0.0,0.0,0.0,0.0,0.0,11.064514541882462,15.27568132718637,0.0,6.169729828043867,38.16634703739607,0.0,2.318712317689503,0.0,0.0,0.0,0.0,26.895469959002853,10.921007325220042,8.343609984363168,4.998211352998994,1.3462669921308321,0.0,132.0,19.8,45.0,45.0,0.0,0.31617397263273034,1.0,38.57144016778371,36.23813857229741,2.2895283882985136,0.0,0.23221338979544398,0.15068639600217956,0.0,0.27148276925493176,0.6230991475098157,0.5560757600509576,14.688088329492995,2.1970899799321817,11.775789785716604,12.172501785281737,51.10350406278247,41.24736145702093,41.24736145702093,0.0,4.856152003271022,1.2140380008177556,36.42114002453267,0.0,0.0,0.0,0.0,0.0,0.0,0.0,0.0,0.0,0.0,-0.09918785016201248,0.0
5,holiday_return,春节返乡日,30.0,20.0,0.25,52.88293692434001,41.022915717561155,6.239228173261186,0.0,0.0,0.0,0.0,41.103040856507924,0.0,0.0,24.28076001635511,8.498266005724288,10.9263420073598,7.52613471489424,24.08363108766157,2.079742724420395,6.239228173261186,0.0,0.0,0.0,0.0,0.0,10.599011712561095,12.4857039345513,0.0,6.012942622539786,36.56491054215638,0.0,2.2884957888613338,0.0,0.0,0.0,0.0,26.497265676320733,10.597286410067168,8.268935319213693,4.95451345430169,1.3252888764197575,0.0,132.0,19.8,45.0,45.0,0.0,0.31506770992924843,1.0,38.18072301584724,36.100165831453815,2.1837298606414146,0.0,0.22118484928684853,0.1465177500873212,0.0,0.26788209509339495,0.6057985133273256,0.5411833599181083,14.54873764993514,2.175648212892294,11.664859110708358,12.121329475016815,50.594441135478675,41.103040856507924,41.103040856507924,0.0,4.856152003271022,1.2140380008177556,36.42114002453267,0.0,0.0,0.0,0.0,0.0,-7.105427357601002e-15,0.0,0.0,0.0,0.0,-0.3022815075917107,0.0
5,holiday_return,春节返乡日,30.0,20.25,0.25,51.7892886958972,41.15372619857779,6.043361307584257,0.0,0.0,0.0,0.0,40.67656021409217,0.0,0.0,22.48310690123173,7.869087415431104,10.117398105554278,7.52613471489424,24.08363108766157,2.0144537691947524,6.043361307584257,0.0,0.0,0.0,0.0,0.0,10.532751582175145,9.713302917203219,0.0,6.952697005361944,34.71697098021111,0.0,2.2514779682877752,0.0,0.0,0.0,0.0,25.95177579947692,10.26378945250599,8.197790249057824,4.91303171864422,1.3055928557041865,0.0,132.0,19.8,45.0,45.0,0.0,0.3117986019378427,1.0,37.3785049999148,36.21527905474846,2.11517645765449,0.0,0.21186511414784542,0.14290088946160123,0.0,0.26421769351592733,0.6079250699864519,0.5279231892590638,14.416414823406232,2.1553109674978197,11.559510528406147,12.151092587120074,49.537810727609425,40.67656021409217,40.67656021409217,0.0,4.496621380246346,1.1241553450615864,33.72466035184759,0.0,0.0,0.0,0.0,0.0,-7.105427357601002e-15,0.0,0.0,-0.6291785902931837,0.0,-0.1958668656769289,0.0
5,holiday_return,春节返乡日,30.0,20.5,0.25,50.46517468632226,41.05109286512548,5.586662282316416,0.0,0.0,0.0,0.0,43.38381984503521,0.0,0.0,18.735922417693107,6.5575728461925875,8.4311650879619,7.52613471489424,24.08363108766157,1.8622207607721386,5.586662282316416,0.0,0.0,0.0,0.0,0.0,7.703495225066403,7.685581666513569,0.0,8.536296689502013,32.453218629062576,0.0,2.208642245694434,0.0,0.0,0.0,0.0,25.278258751032872,9.925709475645878,8.130549083679382,4.87387256931688,1.2871988751224155,0.0,132.0,19.8,45.0,45.0,0.0,0.33255059678617704,1.0,36.40947053026678,36.12496172131043,1.9553317988107455,0.0,0.20418331773262943,0.13978891893871936,0.0,0.26050525605265296,0.6134355369346506,0.5162183427077083,14.291620528118678,2.136146705045496,11.460141884970573,12.115911605302522,48.25653244062782,43.38381984503521,43.38381984503521,0.0,3.7471844835386214,0.9367961208846554,28.103883626539663,0.0,0.0,0.0,0.0,0.0,0.0,0.0,0.0,-1.3115145692385166,0.0,-0.4566990252678407,0.0
5,holiday_return,春节返乡日,30.0,20.75,0.25,48.739772135628215,41.0020821963194,5.1975965364712575,0.0,0.0,0.0,0.0,44.978812836080394,0.0,0.0,14.988737934154484,5.246058276954069,6.744932070369518,7.52613471489424,24.08363108766157,1.7325321788237524,5.1975965364712575,0.0,0.0,0.0,0.0,0.0,5.612378970389838,6.208255553117149,0.0,10.173519038288315,29.75975016756691,0.0,2.1611889459219054,0.0,0.0,0.0,0.0,24.50048160967531,9.588120404376076,8.067496877020053,4.837106663981148,1.270110436205285,0.0,132.0,19.8,45.0,45.0,0.0,0.34477671871219606,1.0,35.16545229886202,36.081832332761074,1.81915878776494,0.0,0.19800274338699517,0.13713339433189015,0.0,0.2567606799307332,0.6015670277695591,0.5059446212037942,14.174713977206487,2.118203120724176,11.367038809167235,12.096171426604876,46.57858318970631,44.978812836080394,44.978812836080394,0.0,2.997747586830897,0.7494368967077243,22.48310690123173,0.0,0.0,0.0,0.0,0.0,7.105427357601002e-15,0.0,0.0,-1.3115145692385184,0.0,-0.3890657458451585,0.0
5,holiday_return,春节返乡日,30.0,21.0,0.25,47.4055790595343,40.81414132720022,4.877317328424978,0.0,0.0,0.0,0.0,46.96231641760306,0.0,0.0,11.241553450615863,3.9345437077155516,5.058699052777138,7.52613471489424,24.08363108766157,1.6257724428083258,4.877317328424978,0.0,0.0,0.0,0.0,0.0,3.5501662855999676,5.273690854655292,0.0,11.671811186761513,26.673341032809045,0.0,2.11045980631828,0.0,0.0,0.0,0.0,23.64519714692839,9.255802561893683,8.008830322189809,4.802771233561842,1.2543162179203147,0.0,132.0,19.8,45.0,45.0,0.0,0.3599808962631585,1.0,34.19629882553277,35.916444367936194,1.707061064948742,0.0,0.19314570572330614,0.13488581006526668,0.0,0.253,0.6009268338846818,0.4969492230650543,14.065917773671964,2.1015080286463776,11.28037858907386,12.037958189526666,45.295119253216015,46.96231641760306,46.96231641760306,0.0,2.2483106901231724,0.5620776725307931,16.862330175923795,0.0,0.0,0.0,0.0,0.0,0.0,0.0,0.0,-1.3115145692385175,0.0,-0.32027920804627996,0.0
5,holiday_return,春节返乡日,30.0,21.25,0.25,46.09078227949655,40.542749164554785,4.651080793567074,0.0,0.0,0.0,0.0,52.344107320787245,0.0,0.0,7.494368967077242,2.6230291384770346,3.372466035184759,9.383850856472817,30.028322740713016,1.550360264522358,4.651080793567074,0.0,0.0,0.0,0.0,0.0,0.0,5.273427170112559,0.0,7.14196038865701,24.780541102119745,0.0,2.0578569412274526,0.0,0.0,0.0,0.0,22.740508808628192,8.93309514408608,7.9546611519669685,4.7708728142498655,1.2397918033022686,0.0,132.0,19.8,45.0,45.0,0.0,0.40123401281732773,1.0,33.229643931314435,35.67761926480821,1.6278782777484757,0.0,0.18941567645829024,0.13299882652582576,0.0,0.24923932006926677,0.6177591408096297,0.48906727145984974,13.9653257695191,2.086070641527511,11.200236417166753,11.956802115809738,44.032925338269095,52.344107320787245,52.344107320787245,0.0,1.4988737934154486,0.37471844835386214,11.241553450615864,0.0,0.0,0.0,0.0,7.105427357601002e-15,0.0,0.0,0.0,-1.311514569238517,5.944691653051446,-0.22623653485790385,0.0
5,holiday_return,春节返乡日,30.0,21.5,0.25,44.71260163780954,40.50206206329024,4.216504664126831,0.0,0.0,0.0,0.0,53.967657952068244,0.0,0.0,3.747184483538621,1.3115145692385173,1.6862330175923794,11.165832581175556,35.73066425976178,1.4055015547089438,4.216504664126831,0.0,0.0,0.0,0.0,0.0,0.0,5.2731634987540525,0.0,3.0851647859360796,23.95626536158551,0.0,2.0047632523872743,0.0,0.0,0.0,0.0,21.814263319517927,8.623780867561603,7.90502168096792,4.741390273451254,1.2265014624274597,0.0,132.0,19.8,45.0,45.0,0.0,0.4136790380196638,1.0,32.23927720458592,35.64181461569541,1.4757766324443908,0.0,0.18661517828787932,0.13142723767652384,0.0,0.245494743947347,0.605459889024054,0.4821351454603666,13.872913416846632,2.071883172671417,11.126593599270826,11.940658862834312,42.707838385422264,53.967657952068244,53.967657952068244,0.0,0.7494368967077243,0.18735922417693107,5.620776725307932,0.0,0.0,0.0,0.0,0.0,0.0,0.0,0.0,-1.3115145692385173,5.702341519048765,-0.4345761294402424,0.0
5,holiday_return,春节返乡日,30.0,21.75,0.25,43.342018529754526,40.42740568908538,4.029830089154431,0.0,0.0,0.0,0.0,55.91756037335738,0.0,0.0,-0.0,0.0,0.0,13.184735752179444,42.19115440697422,1.3432766963848104,4.029830089154431,0.0,0.0,0.0,0.0,0.0,0.0,5.2728998405791145,1.7637487178888351,0.0,24.363177549403314,0.0,1.9524706049613996,0.0,0.0,0.0,0.0,20.892597794170417,8.331005596456029,7.859872074035167,4.714278032830902,1.2143999463019854,0.0,132.0,19.8,45.0,45.0,0.0,0.42862565213042475,1.0,31.249985595033,35.57611700639514,1.4104405312040507,0.0,0.18455883617672247,0.13012869069881278,0.0,0.24178230648407265,0.600372145142727,0.4760001981125062,13.788550053168052,2.058922682980219,11.059347287319435,11.915407825904738,41.38954792479313,55.91756037335738,55.91756037335738,0.0,0.0,0.0,0.0,0.0,0.0,0.0,0.0,0.0,0.0,0.0,0.0,-1.3115145692385173,6.46049014721244,-0.18667457497240036,0.0
5,holiday_return,春节返乡日,30.0,22.0,0.25,42.21343746027148,40.10040330843336,3.816679299453356,0.0,0.0,0.0,0.0,59.184869988284326,0.0,0.0,0.0,0.0,0.0,13.77994531955607,44.095825022579426,1.2722264331511186,3.816679299453356,0.0,0.0,0.0,0.0,3.8213816000665144,0.0,6.180214325602883,3.9954217141460715,0.0,25.299908617738303,0.0,1.9021208247608592,0.0,0.0,0.0,0.0,19.998742926682493,8.05723341831763,7.8191088991207955,4.6894693965312575,1.203434250966751,0.0,62.0,9.299999999999999,45.0,45.0,0.0,0.4536706058991398,1.0,30.44482556447846,35.28835491142136,1.3358377548086746,0.0,0.18308168911423775,0.1290641780194508,0.0,0.23811790490660503,0.5824671655218793,0.47052695225874697,13.712012546618805,2.047153094482807,10.998321283027163,11.819888643257856,40.31131663551062,59.184869988284326,59.184869988284326,0.0,0.0,0.0,0.0,0.0,0.0,0.0,0.0,0.0,0.0,0.0,0.0,0.0,1.9046706156052053,-0.21315078970107493,0.0
5,holiday_return,春节返乡日,30.0,22.25,0.25,41.30869284350001,39.774489955327134,3.8867542296138864,0.0,0.0,0.0,0.0,61.44254210864785,0.0,0.0,0.0,0.0,0.0,13.77994531955607,44.095825022579426,1.2955847432046288,3.8867542296138864,0.0,0.0,0.0,0.0,6.912982089932269,0.0,7.821738561245517,4.321335067252295,0.0,26.313575741901857,0.0,1.8546628875451336,0.0,0.0,0.0,0.0,19.152150099144293,7.804235524805208,7.782574520518729,4.666879899763706,1.1935453165170355,0.0,62.0,9.299999999999999,45.0,45.0,0.0,0.47097637135861725,1.0,29.781374689280113,35.001551160687875,1.3603639803648602,0.0,0.182043365555862,0.12819832802151582,0.0,0.2345172307450682,0.5923394143835816,0.4656002203162824,13.64299973679947,2.036527294053462,10.943277467693662,11.725045736445761,39.45402995595488,61.44254210864785,61.44254210864785,0.0,0.0,0.0,0.0,0.0,0.0,0.0,0.0,0.0,0.0,0.0,0.0,0.0,0.0,0.07007493016053035,0.0
5,holiday_return,春节返乡日,30.0,22.5,0.25,40.320543302793816,39.38741613001111,3.7950398145113833,0.0,0.0,0.0,0.0,60.91987921871422,0.0,0.0,0.0,0.0,0.0,13.779945319556072,44.09582502257943,1.2650132715037945,3.7950398145113833,0.0,0.0,0.0,0.0,7.365205132199023,0.0,9.570583693214722,4.708408892568318,0.0,27.41866606601588,0.0,1.8108278073384851,0.0,0.0,0.0,0.0,18.367972921575067,7.5731094878854925,7.750066907002573,4.646410601804602,1.1846696315386707,0.0,62.0,9.299999999999999,45.0,45.0,0.0,0.4669699962495037,1.0,29.08525587873994,34.660926194409775,1.328263935078984,0.0,0.18132900225654827,0.12749952422110453,0.0,0.23099570263900734,0.564807069662831,0.4611257908856349,13.581147140345845,2.0269892561036444,10.893927439721807,11.61342989822444,38.50971549545533,60.91987921871422,60.91987921871422,0.0,0.0,0.0,0.0,0.0,0.0,0.0,0.0,0.0,7.105427357601002e-15,0.0,0.0,0.0,7.105427357601002e-15,-0.09171441510250311,0.0
5,holiday_return,春节返乡日,30.0,22.75,0.25,39.41740537480159,39.02867373216525,3.6647674990823638,0.0,0.0,0.0,0.0,65.00241085281466,0.0,0.0,0.0,0.0,0.0,13.779945319556072,44.09582502257943,1.2215891663607878,3.6647674990823638,0.0,0.0,0.0,0.0,12.354591919006602,0.0,12.50432074479413,5.067151290414177,0.0,28.608405164456244,0.0,1.7711209269103858,0.0,0.0,0.0,0.0,17.656897585630638,7.364324193327633,7.721349465645336,4.6279512574984665,1.1767407194379296,0.0,62.0,9.299999999999999,45.0,45.0,0.0,0.49826388268384714,1.0,28.450961696529276,34.345232884305425,1.2826686246788273,0.0,0.18084786708158976,0.12693988400486741,0.0,0.2275684003124074,0.5369438280363167,0.45702938285828054,13.526041442581732,2.0184761205035087,10.849943982647352,11.510078075104976,37.646284447891205,65.00241085281466,65.00241085281466,0.0,0.0,0.0,0.0,0.0,0.0,0.0,0.0,0.0,7.105427357601002e-15,0.0,0.0,0.0,0.0,-0.13027231542901951,0.0
5,holiday_return,春节返乡日,30.0,23.0,0.25,38.54728526177161,38.819434656286234,3.5766952300687147,0.0,0.0,0.0,0.0,64.88573050394102,0.0,0.0,0.0,0.0,0.0,13.779945319556072,44.09582502257943,1.1922317433562382,3.5766952300687147,0.0,0.0,0.0,0.0,13.102097952802485,0.0,15.615443792547481,5.276390366293196,0.0,29.84724367386865,0.0,1.7358297735453827,0.0,0.0,0.0,0.0,17.025285555524796,7.177784841985243,7.696160561673514,4.611383312205518,1.1696904890714896,0.0,62.0,9.299999999999999,45.0,45.0,0.0,0.4973694911851329,1.0,27.82134582672964,34.161102497531886,1.2518433305240502,0.0,0.18053058166192898,0.12649512753861683,0.0,0.22424999999999998,0.5360473384639242,0.45325452194810534,13.477234362950522,2.0109201711935425,10.81097203873356,11.448896656769456,36.81145548822623,64.88573050394102,64.88573050394102,0.0,0.0,0.0,0.0,0.0,0.0,0.0,0.0,0.0,0.0,0.0,0.0,0.0,0.0,-0.08807226901364906,0.0
5,holiday_return,春节返乡日,30.0,23.25,0.25,37.811473498190765,38.529006177286774,3.615990572739878,0.0,0.0,0.0,0.0,65.37625933845905,0.0,0.0,0.0,0.0,0.0,13.779945319556072,44.09582502257943,1.2053301909132925,3.615990572739878,0.0,0.0,0.0,0.0,14.284554839960055,0.0,19.00724479484837,5.566818845292655,0.0,31.154439527788725,0.0,1.7050445101611338,0.0,0.0,0.0,0.0,16.47556939865866,7.0129120538253575,7.674222443267711,4.596582676284135,1.1634504377779933,0.0,62.0,9.299999999999999,45.0,45.0,0.0,0.5011295486729815,1.0,27.28132097597962,33.90552543601236,1.2655967004589572,0.0,0.18032568600964824,0.12614436557697786,0.0,0.22105471160137286,0.5454164277292587,0.44975988524733806,13.434255557329838,2.004250671234428,10.776638922553326,11.365269422543069,36.106428988029634,65.37625933845905,65.37625933845905,0.0,0.0,0.0,0.0,0.0,0.0,0.0,0.0,0.0,0.0,0.0,0.0,0.0,0.0,0.03929534267116308,0.0
5,holiday_return,春节返乡日,30.0,23.5,0.25,37.05293582785461,38.20448932786211,3.579162249152607,0.0,0.0,0.0,0.0,65.68035333761155,0.0,0.0,0.0,0.0,0.0,13.779945319556072,44.09582502257943,1.1930540830508691,3.579162249152607,0.0,0.0,0.0,0.0,15.333105463607797,0.0,22.647906980215467,5.891335694717316,0.0,32.53805453552021,0.0,1.678687356457801,0.0,0.0,0.0,0.0,16.006829392380048,6.868729170691552,7.655249353482235,4.583422246266781,1.1579527002175556,0.0,62.0,9.299999999999999,45.0,45.0,0.0,0.5034605246280376,1.0,26.737458588148236,33.61995060851866,1.2527067872034123,0.0,0.1801960958381208,0.12586983203138138,0.0,0.21799621783199855,0.5377385149477935,0.4465165228553264,13.39662429996657,1.9983955207937507,10.746563571662215,11.272362277541895,35.37424847139681,65.68035333761155,65.68035333761155,0.0,0.0,0.0,0.0,0.0,0.0,0.0,0.0,7.105427357601002e-15,7.105427357601002e-15,0.0,0.0,0.0,0.0,-0.03682832358727062,0.0
5,holiday_return,春节返乡日,30.0,23.75,0.25,36.39901259607921,37.80528504730741,3.581858276380303,0.0,0.0,0.0,0.0,65.3699408373769,0.0,0.0,0.0,0.0,0.0,13.779945319556072,44.09582502257943,1.1939527587934344,3.581858276380303,0.0,0.0,0.0,0.0,15.653577339069958,0.0,26.364499202895573,6.290539975272022,0.0,34.01578875237956,0.0,1.6565471761217618,0.0,0.0,0.0,0.0,15.615474914541453,6.743952283300448,7.63895467547977,4.57177415051892,1.1531309412182202,0.0,62.0,9.299999999999999,45.0,45.0,0.0,0.5010811153788832,1.0,26.266399900954053,33.26865084163052,1.253650396733106,0.0,0.1801158137317086,0.12565658366436522,0.0,0.215087615631746,0.533881108310085,0.4435052297602834,13.36385976721691,1.9932827152189865,10.720364693997611,11.158785314706869,34.74246541995745,65.3699408373769,65.3699408373769,0.0,0.0,0.0,0.0,0.0,0.0,0.0,0.0,-7.105427357601002e-15,0.0,0.0,0.0,0.0,0.0,0.0026960272276959074,0.0
