day_id,day_type,day_name,day_weight,hour,dt,electric_load,heat_load,cooling_load,P_grid_buy,P_grid_sell,P_grid_net,P_PV,P_WT,P_PV_curt,P_WT_curt,G_CHP,P_CHP,H_CHP,P_HP,H_HP,P_EC,C_EC_out,G_GB,H_GB,P_ELZ,H_H2,P_BAT_ch,P_BAT_dis,SOC_BAT,H_TS_ch,H_TS_dis,SOC_TS,P_shift_in,P_shift_out,P_interrupt,P_unmet_e,H_unmet,C_unmet,residential_load,commercial_load,industrial_load,cold_storage_load,agro_processing_load,irrigation_load,electricity_buy_price,electricity_sell_price,gas_price,carbon_price,pv_cf,wt_cf,grid_import_availability,critical_electric_load,critical_heat_load,critical_cooling_load,low_altitude_agri_uav_load,low_altitude_patrol_uav_load,low_altitude_emergency_load,low_altitude_forest_fire_load,low_altitude_remote_comm_load,low_altitude_electric_load,low_altitude_critical_load,industrial_park_process_electric_load,industrial_park_flexible_electric_load,industrial_park_critical_electric_load,industrial_park_process_heat_load,electric_load_adjusted,renewable_available,renewable_used,renewable_curtailment,co2_emission_rate,co2_emission,co2_emission_annual,battery_simultaneous_overlap,thermal_storage_simultaneous_overlap,grid_import_export_overlap,flexible_load_overlap,electric_balance_error,heat_balance_error,cooling_balance_error,P_grid_net_ramp,P_CHP_ramp,H_HP_ramp,C_EC_out_ramp,H_GB_ramp
0,spring_irrigation,春季灌溉日,55.0,0.0,0.25,32.30604312270154,22.019842064446944,5.70688672896153,0.0,5.0,-5.0,-0.0,61.26119602319627,0.0,0.0,0.0,-0.0,-0.0,8.413245647421613,26.922386071749163,1.90229557632051,5.70688672896153,-0.0,0.0,3.041506694539966,1.7841721590707,10.59810498221264,0.0,28.275838273997163,6.686716166372918,0.0,28.27686174171601,0.0,0.0,0.0,0.0,0.0,0.0,9.800225850143258,5.233196364276454,10.568973117559912,4.503062487565456,1.7288659394611219,0.0,52.0,7.8,41.0,45.0,0.0,0.4607303298466419,1.0,21.927941067182285,16.514881548335207,2.5680990280326887,0.3500000000864639,0.18000007778333918,0.10000721175353074,0.0,0.1846446609406726,0.8148341605958511,0.5139189729504164,16.80090154458649,2.4591785285504186,13.361216247415033,6.836996646153383,32.30604312270154,61.26119602319627,61.26119602319627,0.0,0.0,0.0,0.0,0.0,0.0,0.0,0.0,0.0,0.0,0.0,-5.0,0.0,-4.698437327506237,-0.27080441915581677,0.0
0,spring_irrigation,春季灌溉日,55.0,0.25,0.25,32.288598885773084,22.10716510012938,5.812324348067966,0.0,5.0,-5.0,-0.0,64.24852533732947,0.0,0.0,0.0,-0.0,-0.0,8.413245647421613,26.922386071749163,1.9374414493559886,5.812324348067966,-0.0,0.0,3.041506694539966,1.7841721590707,13.567732660238818,0.0,31.496760988890184,6.599393130690483,0.0,29.830079179384143,0.0,0.0,0.0,0.0,0.0,0.0,9.80252202781147,5.235820047760775,10.581835327709978,4.503803890621053,1.7297644833078472,0.0,52.0,7.8,41.0,45.0,0.0,0.48319729604397155,1.0,21.90780079814872,16.580373825097034,2.6155459566305845,0.3500000004587373,0.18000019078544677,0.10001045666848735,0.0,0.18240800962605114,0.8238876441672619,0.511797153856758,16.81540370163888,2.461053125964713,13.372533329529539,6.861668146281323,32.288598885773084,64.24852533732947,64.24852533732947,0.0,0.0,0.0,0.0,0.0,0.0,0.0,0.0,0.0,0.0,0.0,0.0,0.0,0.0,0.10543761910643568,0.0
0,spring_irrigation,春季灌溉日,55.0,0.5,0.25,32.44772482314812,22.2291043163844,5.629423993407664,0.0,5.0,-5.0,-0.0,66.36282332900753,0.0,0.0,0.0,-0.0,-0.0,8.413245647421613,26.922386071749163,1.8764746644692212,5.629423993407664,-0.0,0.0,3.041506694539966,1.7841721590707,15.583871499428604,0.0,35.196355631955036,6.477453914435461,0.0,31.35355944447287,0.0,0.0,0.0,0.0,0.0,0.0,9.809162167653113,5.239196666795181,10.596677335972672,4.504706361083105,1.7308489796156643,0.0,52.0,7.8,41.0,45.0,0.0,0.49909840921732646,1.0,22.031367466701543,16.671828237288302,2.5332407970334487,0.3500000022863863,0.1800004551349306,0.10001505670250135,0.0,0.18033233298543824,0.7984044114739497,0.5098295867631042,16.832232676671442,2.4632352008271257,13.385667057913434,6.896078533805101,32.44772482314812,66.36282332900753,66.36282332900753,0.0,0.0,0.0,0.0,0.0,0.0,0.0,0.0,0.0,0.0,0.0,0.0,0.0,0.0,-0.18290035466030208,0.0
0,spring_irrigation,春季灌溉日,55.0,0.75,0.25,32.41810484687421,22.348197354803887,5.613069462827926,0.0,5.0,-5.0,-0.0,67.88388672972391,0.0,0.0,0.0,-0.0,-0.0,8.413245647421613,26.922386071749163,1.8710231542759752,5.613069462827926,-0.0,0.0,3.041506694539966,1.7841721590707,17.14000638661215,0.0,39.265347330993826,6.3583608760159755,0.0,32.84799337280443,0.0,0.0,0.0,0.0,0.0,0.0,9.820228663807073,5.243513685823754,10.613718722875086,4.505800240548684,1.7321523365702114,0.0,52.0,7.8,41.0,45.0,0.0,0.510537951502207,1.0,22.02382502274504,16.761148016102915,2.5258812582725665,0.3500000107051244,0.18000105601808747,0.1000215303190446,0.0,0.17842651938487275,0.7772229217524214,0.508025313662224,16.85167129999398,2.4657638040892196,13.400838493044986,6.929746699171622,32.41810484687421,67.88388672972391,67.88388672972391,0.0,0.0,0.0,0.0,0.0,0.0,0.0,0.0,0.0,0.0,0.0,0.0,0.0,0.0,-0.016354530579738125,0.0
0,spring_irrigation,春季灌溉日,55.0,1.0,0.25,32.72402470393817,22.51466140450745,5.647278814483228,0.0,5.0,-5.0,-0.0,66.96549562478161,0.0,0.0,0.0,-0.0,-0.0,8.413245647421613,26.922386071749163,1.8824262714944096,5.647278814483228,-0.0,0.0,3.041506694539966,1.7841721590707,15.90429230738745,0.0,43.0406534866318,6.191896826312412,0.0,34.30214487236723,0.0,0.0,0.0,0.0,0.0,0.0,9.83585145641362,5.248996543118046,10.633187483064974,4.5071204969234175,1.7337120290608987,0.0,52.0,7.8,41.0,45.0,0.0,0.5036309587535172,1.0,22.221856578556583,16.885996053380588,2.541275466517453,0.35000004708585053,0.1800023830810334,0.10003057420178106,0.0,0.17669872981077805,0.7895194336176288,0.5063929947386131,16.874020009049293,2.4686808338074098,13.418282525068667,6.976742998246921,32.72402470393817,66.96549562478161,66.96549562478161,0.0,0.0,0.0,0.0,0.0,0.0,0.0,0.0,0.0,0.0,0.0,0.0,0.0,0.0,0.03420935165530281,0.0
0,spring_irrigation,春季灌溉日,55.0,1.25,0.25,32.77030443839686,22.80036338411301,5.67676144751635,0.0,5.0,-5.0,0.0,68.74156394215788,-0.0,0.0359256428937158,0.0,-0.0,-0.0,8.413245647421613,26.922386071749163,1.8922538158387834,5.67676144751635,-0.0,0.0,3.041506694539966,1.7841721590707,14.019519857736991,0.0,46.36813742017,5.906194846706853,0.0,35.68771507602392,3.604733488223655,0.0,0.0,0.0,0.0,0.0,9.856239648124257,5.255913898400621,10.655317294581257,4.508707192346344,1.7355704682241124,0.0,52.0,7.8,41.0,45.0,0.0,0.5172585179457864,1.0,22.261617347836488,17.100272538084756,2.5545426513823575,0.350000194556487,0.18000523049182804,0.10004311653534873,0.0,0.1751563629233656,0.7751922784874145,0.5049410790980613,16.899594955151713,2.4720308729813976,13.438246412312598,7.057201007219691,36.37503792662052,68.7774895850516,68.74156394215788,0.0359256428937158,0.0,0.0,0.0,0.0,0.0,0.0,0.0,0.0,0.0,0.0,0.0,0.0,0.0,0.029482633033121708,0.0
0,spring_irrigation,春季灌溉日,55.0,1.5,0.25,32.747282926909776,22.875614757256795,5.6694188540002495,0.0,5.0,-5.0,0.0,54.703804388639256,-0.0,13.397308362186578,0.0,-0.0,-0.0,8.413245647421613,26.922386071749163,1.8898062846667498,5.6694188540002495,-0.0,0.0,3.041506694539966,1.7841721590707,0.009761713141074324,0.0,46.36813742017,5.830943473563067,0.0,37.05472029345714,3.6022011219600754,0.0,0.0,0.0,0.0,0.0,9.881723512619402,5.264582951559522,10.680344201526763,4.510605948421964,1.7377753460189784,0.0,52.0,7.8,41.0,45.0,0.0,0.5121716547736167,1.0,22.253413966252875,17.156711067942595,2.551238484300112,0.35000075519239343,0.18001116561142866,0.10006038327302245,0.0,0.17380602337443565,0.7623773109449193,0.5036781473967717,16.928725495967704,2.4758609510233405,13.46098784196743,7.0788201701890765,36.349484048869854,68.10111275082583,54.703804388639256,13.397308362186578,0.0,0.0,0.0,0.0,0.0,0.0,0.0,0.0,0.0,0.0,0.0,0.0,0.0,-0.007342593516100671,0.0
0,spring_irrigation,春季灌溉日,55.0,1.75,0.25,32.828836350091876,23.19822077335732,5.534616896987271,0.0,5.0,-5.0,0.0,54.7493947027004,-0.0,14.85565589029595,0.0,-0.0,-0.0,8.413245647421613,26.922386071749163,1.8448722989957569,5.534616896987271,-0.0,0.0,3.041506694539966,1.7841721590707,0.009761713141074324,0.0,46.36813742017,5.508337457462542,0.0,38.34442307945776,3.6111719985101063,0.0,0.0,0.0,0.0,0.0,9.912807521495449,5.275374632697171,10.70850270839529,4.51286839609892,1.7403799405145783,0.0,52.0,7.8,41.0,45.0,0.0,0.5234823999609894,1.0,22.299604274255376,17.39866558001799,2.490577603644272,0.35000275376003587,0.18002318241929346,0.10008397954363103,0.0,0.17265349352524473,0.7744382878748073,0.5026135919477683,16.96175104500879,2.4802202232184474,13.486772490363894,7.169799677520588,36.440008348601985,69.60505059299635,54.7493947027004,14.85565589029595,0.0,0.0,0.0,0.0,0.0,0.0,0.0,0.0,0.0,0.0,0.0,0.0,0.0,-0.1348019570129786,0.0
0,spring_irrigation,春季灌溉日,55.0,2.0,0.25,32.94691505422076,23.337107294964014,5.4549584693056135,0.0,5.0,-5.0,0.0,54.85390925505624,-0.0,16.483987437542012,0.0,-0.0,-0.0,8.413245647421613,26.922386071749163,1.8183194897685377,5.4549584693056135,-0.0,0.0,3.041506694539966,1.7841721590707,0.009761713141074324,0.0,46.36813742017,5.369450935855848,0.0,39.6004954651838,3.6241606559642836,0.0,0.0,0.0,0.0,0.0,9.95023332540903,5.288718411888175,10.740021304450194,4.515552595153539,1.743443365666653,0.0,52.0,7.8,41.0,45.0,0.0,0.5365147076348512,1.0,22.361844989309883,17.50283047122301,2.454731311187526,0.35000943302909054,0.1800468135167239,0.10011598836770236,0.0,0.17170370868554657,0.7997297520063674,0.5017589838040898,16.999017265270385,2.4851595641083235,13.515871072583185,7.209454056022206,36.57107571018504,71.33789669259825,54.85390925505624,16.483987437542012,0.0,0.0,0.0,0.0,0.0,0.0,0.0,0.0,0.0,0.0,0.0,0.0,0.0,-0.07965842768165743,0.0
0,spring_irrigation,春季灌溉日,55.0,2.25,0.25,33.00141264213537,23.54006516485725,5.764252943547567,0.0,5.0,-5.0,0.0,55.017499735722105,-0.0,17.52009558794895,0.0,-0.0,-0.0,8.413245647421613,26.922386071749163,1.9214176478491891,5.764252943547567,-0.0,0.0,3.041506694539966,1.7841721590707,0.009761713141074324,0.0,46.36813742017,5.166493065962612,0.0,40.80773732061733,3.630155390634891,0.0,0.0,0.0,0.0,0.0,9.99504897483637,5.305106424150434,10.775117459531034,4.518723405843835,1.7470307476126983,0.0,52.0,7.8,41.0,45.0,0.0,0.5455373448324902,1.0,22.393402622323702,17.655048873642937,2.593913824596405,0.3500303551825857,0.18009194329056738,0.10015908873524831,0.0,0.17096073597983846,0.8068953499826838,0.5011308636598721,17.040871612987566,2.4907310726704077,13.548555885741047,7.267181653197824,36.63156803277026,72.53759532367106,55.017499735722105,17.52009558794895,0.0,0.0,0.0,0.0,0.0,0.0,0.0,0.0,0.0,0.0,0.0,0.0,0.0,0.30929447424195367,0.0
0,spring_irrigation,春季灌溉日,55.0,2.5,0.25,32.95958907153438,23.795488645812206,5.674890121032264,0.0,5.0,-5.0,0.0,54.941287964849906,-0.0,16.19074388610356,0.0,-0.0,-0.0,8.413245647421613,26.922386071749163,1.891630040344088,5.674890121032264,-0.0,0.0,3.041506694539966,1.7841721590707,0.009761713141074324,0.0,46.36813742017,4.911069585007656,0.0,41.95371247839633,3.625554797868782,0.0,0.0,0.0,0.0,0.0,10.048677050125622,5.325096554259678,10.813992157972052,4.522452792985491,1.751213308016154,0.0,52.0,7.8,41.0,45.0,0.0,0.5349664489890534,1.0,22.361693422221194,17.846616484359153,2.553700554464519,0.3500917637430361,0.18017563258053526,0.10021669479906908,0.0,0.1704277569313095,0.8111523543272514,0.5007564545203435,17.087658258973697,2.496987489457588,13.585096866957354,7.339751439709165,36.58514386940316,71.13203185095347,54.941287964849906,16.19074388610356,0.0,0.0,0.0,0.0,0.0,0.0,0.0,0.0,0.0,0.0,0.0,0.0,0.0,-0.08936282251530336,0.0
0,spring_irrigation,春季灌溉日,55.0,2.75,0.25,33.077153485537494,24.034384735835335,5.7281389160722505,0.0,5.0,-5.0,0.0,55.08953406274003,-0.0,16.722653903441838,0.0,-0.0,-0.0,8.413245647421617,26.922386071749173,1.9093796386907502,5.7281389160722505,-0.0,0.0,3.041506694539966,1.7841721590707,0.009761713141074324,0.0,46.36813742017,4.672173494984538,0.0,43.04237682721597,3.6384868834091244,0.0,0.0,0.0,0.0,0.0,10.112970043782079,5.3493140808606086,10.856824064242273,4.526820040571981,1.7560683338523049,0.0,52.0,7.8,41.0,45.0,0.0,0.540081735200536,1.0,22.43217936038013,18.025788551876502,2.577662512232513,0.3502605949441187,0.18032630699699292,0.10029311740868342,0.0,0.17010705383806982,0.8249560878348341,0.500685129942318,17.13971243866656,2.503981528459536,13.625757205374535,7.407865629373068,36.715640368946616,71.81218796618187,55.08953406274003,16.722653903441838,0.0,0.0,0.0,0.0,0.0,0.0,0.0,0.0,0.0,0.0,0.0,0.0,1.0658141036401503e-14,0.053248795039986696,0.0
0,spring_irrigation,春季灌溉日,55.0,3.0,0.25,33.39997349837916,24.35108928793798,5.688768501533752,0.0,5.0,-5.0,0.0,55.43474080548145,-0.0,14.052275048865518,0.0,-0.0,-0.0,8.413245647421617,26.922386071749173,1.8962561671779172,5.688768501533752,-0.0,0.0,3.041506694539966,1.7841721590707,0.009761713141074324,0.0,46.36813742017,4.355468942881892,0.0,44.05527951273681,3.673997084821708,0.0,0.0,0.0,0.0,0.0,10.190236906415008,5.378451444172439,10.90376344154715,4.531911853237057,1.7616790123664805,0.0,52.0,7.8,41.0,45.0,0.0,0.5225946898344894,1.0,22.64077633156509,18.263316965953486,2.5599458256901886,0.35069521229793643,0.18058963595055189,0.10039374840127292,0.0,0.16999999999999998,0.8414942505346381,0.5010104430308097,17.19735430715069,2.5117651292889542,13.670788567094512,7.497960171107566,37.07397058320087,69.48701585434696,55.43474080548145,14.052275048865518,0.0,0.0,0.0,0.0,0.0,0.0,0.0,0.0,0.0,0.0,0.0,0.0,0.0,-0.039370414538498544,0.0
0,spring_irrigation,春季灌溉日,55.0,3.25,0.25,33.52496729153449,24.714522201931114,5.717526644592343,0.0,5.0,-5.0,0.0,55.58306996357006,-0.0,12.356858495260944,0.0,-0.0,-0.0,8.413245647421617,26.922386071749173,1.9058422148641145,5.717526644592343,-0.0,0.0,3.041506694539966,1.7841721590707,0.009761713141074324,0.0,46.36813742017,3.9920360288887586,0.0,44.98136042984152,3.6877464020687936,0.0,0.0,0.0,0.0,0.0,10.283221128857399,5.4132656812450755,10.954925971858293,4.5378223194723715,1.7681341098679377,0.0,52.0,7.8,41.0,45.0,0.0,0.5109594275100687,1.0,22.739681054071763,18.535891651448335,2.5728869900665545,0.3517423102885695,0.181036281601931,0.10052526693149218,0.0,0.17010705383806982,0.8223622812919865,0.5019096471068603,17.2608824011986,2.5203886382989684,13.720426011900624,7.6013561418747315,37.212713693603284,67.939928458831,55.58306996357006,12.356858495260944,0.0,0.0,0.0,0.0,0.0,0.0,0.0,0.0,0.0,0.0,0.0,0.0,0.0,0.02875814305859148,0.0
0,spring_irrigation,春季灌溉日,55.0,3.5,0.25,33.68619201145847,25.13484071567412,5.776008471692146,0.0,5.0,-5.0,0.0,55.781523345052285,-0.0,8.028402959208364,0.0,-0.0,-0.0,8.413245647421617,26.922386071749173,1.9253361572307153,5.776008471692146,-0.0,0.0,3.041506694539966,1.7841721590707,0.009761713141074324,0.0,46.36813742017,3.571717515145753,0.0,45.80715265947372,3.705481121260432,0.0,0.0,0.0,0.0,0.0,10.395009413379398,5.4545730722215575,11.010386651381435,4.54465271070702,1.7755274736669184,0.0,52.0,7.8,41.0,45.0,0.0,0.4798987010067525,1.0,22.852011782169413,18.85113053675559,2.599203812261466,0.3541019480072514,0.1817713642893209,0.10069586562510512,0.0,0.1704277569313095,0.8210398096687537,0.5037082849524012,17.330566835755373,2.5298999302997576,13.774882700325737,7.72092256250536,37.39167313271891,63.80992630426065,55.781523345052285,8.028402959208364,0.0,0.0,0.0,0.0,0.0,0.0,0.0,0.0,0.0,0.0,0.0,0.0,0.0,0.05848182709980243,0.0
0,spring_irrigation,春季灌溉日,55.0,3.75,0.25,33.98930230353338,25.530479727672162,5.738890973804599,0.0,5.0,-5.0,0.0,56.10560326995958,-0.0,6.094695201648918,0.0,-0.0,-0.0,8.413245647421617,26.922386071749173,1.9129636579348663,5.738890973804599,-0.0,0.0,3.041506694539966,1.7841721590707,0.009761713141074324,0.0,46.36813742017,3.1760785031477106,0.0,46.53856772764157,3.738823253388672,0.0,0.0,0.0,0.0,0.0,10.52885234321831,5.503240565354152,11.070173957918811,4.552511090274011,1.7839573379262563,0.0,52.0,7.8,41.0,45.0,0.0,0.46779308749592,1.0,23.06506559200668,19.147859795754123,2.58250093821207,0.3590721745252693,0.18294492505348608,0.1009154924615823,0.0,0.17096073597983846,0.8156372432552602,0.5069733510175551,17.406642386119078,2.5403434855433558,13.83434450811923,7.833847531796853,37.72812555692205,62.2002984716085,56.10560326995958,6.094695201648918,0.0,0.0,0.0,0.0,0.0,0.0,0.0,0.0,0.0,0.0,0.0,0.0,0.0,-0.03711749788754659,0.0
0,spring_irrigation,春季灌溉日,55.0,4.0,0.25,34.13122690639594,26.022295328045534,5.720979936926837,0.0,5.0,-5.0,0.0,56.2571692335111,-0.0,1.497396862014817,0.0,-0.0,-0.0,8.413245647421617,26.922386071749173,1.9069933123089458,5.720979936926837,-0.0,0.0,3.041506694539966,1.7841721590707,0.009761713141074324,0.0,46.36813742017,2.684262902774339,0.0,47.15281088318666,3.7544349597035533,0.0,0.0,0.0,0.0,0.0,10.687885732733138,5.560173602099747,11.134264504430655,4.56151170707277,1.793525416576284,0.0,52.0,7.8,41.0,45.0,0.0,0.43435783195068306,1.0,23.160676765623922,19.51672149603415,2.5744409716170766,0.36884904000715174,0.18476186274073983,0.10119610203089346,0.0,0.17170370868554657,0.8252691378314867,0.5126254830000944,17.48930162807971,2.5517594394515597,13.89896468147342,7.973998203402303,37.88566186609949,57.75456609552592,56.2571692335111,1.497396862014817,0.0,0.0,0.0,0.0,0.0,0.0,0.0,0.0,0.0,0.0,0.0,0.0,0.0,-0.017911036877761966,0.0
0,spring_irrigation,春季灌溉日,55.0,4.25,0.25,34.727371820930955,26.70309655871275,5.887668691628546,0.0,5.0,-5.0,0.0,54.922599662013056,-0.0,0.0,0.0,-0.0,-0.0,8.413245647421617,26.922386071749173,1.9625562305428488,5.887668691628546,-0.0,0.0,3.041506694539966,1.7841721590707,0.009761713141074324,0.0,46.36813742017,2.0034616721071217,0.0,47.605056624870514,1.7681575554365878,0.0,0.0,0.0,0.0,0.0,10.874754103921626,5.62630005008622,11.202578404828042,4.57177415051892,1.8043357698048252,0.0,52.0,7.8,41.0,45.0,0.0,0.41305931161926557,1.0,23.564746492379037,20.02732241903456,2.649450911232846,0.38678948183408113,0.18748886089008404,0.10155190720389393,0.0,0.17265349352524473,0.8410329447815992,0.5220360565974742,17.578688325151788,2.564182625029832,13.96885867947162,8.167389407045953,36.49552937636754,54.922599662013056,54.922599662013056,0.0,0.0,0.0,0.0,0.0,0.0,0.0,0.0,0.0,0.0,0.0,0.0,0.0,0.0,0.16668875470170885,0.0
0,spring_irrigation,春季灌溉日,55.0,4.5,0.25,35.11045318179953,27.273091036303224,5.968674194383922,0.0,5.0,-5.0,0.0,54.20043500767193,-0.0,0.0,0.0,-0.0,-0.0,8.413245647421617,26.922386071749173,1.9895580647946407,5.968674194383922,-0.0,0.0,3.041506694539966,1.7841721590707,0.009761713141074324,0.0,46.36813742017,1.4334671945166484,0.0,47.921702555255784,0.6359097059750951,0.0,0.0,0.0,0.0,0.0,11.091155434430153,5.702550073337913,11.27497558216403,4.583422246266781,1.8164934350259616,0.0,52.0,7.8,41.0,45.0,0.0,0.40762808955706176,1.0,23.810107819084035,20.454818277227417,2.685903387472765,0.41745508605265513,0.19145488987766246,0.10199961937688362,0.0,0.17380602337443565,0.8853579812019879,0.5370430826777022,17.67489126345677,2.5776416298934155,14.04409935909607,8.330108088170919,35.74636288777462,54.20043500767193,54.20043500767193,0.0,0.0,0.0,0.0,0.0,0.0,0.0,0.0,0.0,0.0,0.0,0.0,0.0,0.0,0.08100550275537621,0.0
0,spring_irrigation,春季灌溉日,55.0,4.75,0.25,35.756240663806174,28.007315384815193,6.099319635586709,0.0,5.0,-5.0,0.0,56.464490333654176,-0.0,0.0,0.0,-0.0,-0.0,8.413245647421617,26.922386071749173,2.0331065451955697,6.099319635586709,-0.0,0.0,3.041506694539966,1.7841721590707,0.009761713141074324,0.0,46.36813742017,0.6992428460046796,0.0,48.06381187990434,2.2106290695497677,0.0,0.0,0.0,0.0,0.0,11.337346951115439,5.789831926296887,11.351253244595664,4.596582676284135,1.8301028186594543,0.0,52.0,7.8,41.0,45.0,0.0,0.4246554906664994,1.0,24.242326053150347,21.005486538611393,2.744693836014019,0.46618828067955553,0.1970412849346193,0.10255866241721266,0.0,0.1751563629233656,0.928990789533267,0.5597961386447666,17.777938739539255,2.592157891187704,14.12471266182378,8.539193429209687,37.96686973335594,56.464490333654176,56.464490333654176,0.0,0.0,0.0,0.0,0.0,0.0,0.0,0.0,0.0,0.0,0.0,0.0,0.0,0.0,0.13064544120278665,0.0
0,spring_irrigation,春季灌溉日,55.0,5.0,0.25,36.39051867304592,28.73193122893821,6.1629816197507346,0.0,5.0,-5.0,0.0,55.286422927986315,-0.0,0.0,0.0,-0.0,-0.0,8.413245647421617,26.922386071749173,2.054327206583578,6.1629816197507346,-0.0,0.0,3.041506694539966,1.7841721590707,0.009761713141074324,0.0,46.36813742017,0.0,0.025372998118335488,48.03310286919641,0.3770629932541567,0.0,0.0,0.0,0.0,0.0,11.611671817017225,5.889003849058259,11.431144739656018,4.611383312205518,1.8452658514823517,0.0,52.0,7.8,41.0,45.0,0.0,0.4157955365743623,1.0,24.632856724622506,21.548948421703656,2.773341728887831,0.538003764129434,0.20465755566972235,0.10325134241556064,0.0,0.17669872981077805,1.0368346778780453,0.5923516079083512,17.88779390334389,2.607744852281833,14.210673958495732,8.745999262345965,36.767581666300075,55.286422927986315,55.286422927986315,0.0,0.0,0.0,0.0,0.0,0.0,0.0,0.0,0.0,0.0,0.0,0.0,0.0,0.0,0.06366198416402558,0.0
0,spring_irrigation,春季灌溉日,55.0,5.25,0.25,37.066734863165955,29.470755260944173,6.396335996539772,0.0,5.0,-5.0,-0.0,55.4601022514634,0.0,0.0,0.0,-0.0,-0.0,8.231896422091713,26.342068550693487,2.132111998846591,6.396335996539772,-0.0,0.0,3.041506694539966,1.7841721590707,0.0,0.01214772718083168,46.36262224298825,0.0,1.3445145511799872,47.655266699030236,0.0,0.0,0.0,0.0,0.0,0.0,11.91018151168615,6.00084246145979,11.514319971713618,4.6279512574984665,1.8620799176630443,0.0,52.0,7.8,41.0,45.0,0.0,0.4171017358846539,1.0,25.069702375897155,22.10306644570813,2.8783511984428976,0.6357770566394119,0.21470035928935963,0.10410295255905022,0.0,0.17842651938487275,1.1348344163247317,0.6360100720451202,18.00435114687513,2.6244072048412277,14.301905200102695,8.957221958843595,37.066734863165955,55.4601022514634,55.4601022514634,0.0,0.0,0.0,0.0,0.0,0.0,0.0,0.0,0.0,0.0,0.0,0.0,0.0,-0.5803175210556866,0.2333543767890376,0.0
0,spring_irrigation,春季灌溉日,55.0,5.5,0.25,37.77774767323253,30.026726925615385,6.49173916371255,0.0,5.0,-5.0,-0.0,53.60911727913112,0.0,0.0,0.0,-0.0,-0.0,8.231896422091713,26.342068550693487,2.16391305457085,6.49173916371255,-0.0,0.0,3.041506694539966,1.7841721590707,0.0,2.6059465653039453,45.67452869995401,0.0,1.900486215851199,47.131311114140935,0.0,0.0,0.0,0.0,0.0,0.0,12.226433733752835,6.126008296060231,11.600387530629064,4.646410601804602,1.8806355757221045,0.0,52.0,7.8,41.0,45.0,0.0,0.4031809349175798,1.0,25.516918063750683,22.52004519421154,2.9212826236706477,0.7580794903002023,0.2274956883336088,0.10514179014121908,0.0,0.18033233298543824,1.2683360072783836,0.6905181309018604,18.12743370815577,2.642140238659179,14.398273005962542,9.117710790946656,37.77774767323253,53.60911727913112,53.60911727913112,0.0,0.0,0.0,0.0,0.0,0.0,0.0,0.0,0.0,0.0,0.0,0.0,0.0,0.0,0.09540316717277797,0.0
0,spring_irrigation,春季灌溉日,55.0,5.75,0.25,38.61861657784471,30.40023246453517,6.505758182881525,0.0,5.0,-5.0,-0.0,51.54428637885026,0.0,0.0,0.0,-0.0,-0.0,8.231896422091713,26.342068550693487,2.1685860609605085,6.505758182881525,-0.0,0.0,3.041506694539966,1.7841721590707,0.0,5.516319376586644,44.220581979680425,0.0,2.2739917547709823,46.5093265757494,0.0,0.0,0.0,0.0,0.0,0.0,12.55153690905619,6.265009364636482,11.688898631664683,4.666879899763706,1.9010140983968118,0.0,52.0,7.8,41.0,45.0,0.0,0.3876518515251543,1.0,26.04524395109784,22.800174348401377,2.9275911822966862,0.89741761998821,0.24322817793481943,0.1063990612206606,0.0,0.18240800962605114,1.424732320044341,0.7534026557935902,18.2567926298252,2.660929319404528,14.499587797340945,9.227598019762372,38.61861657784471,51.54428637885026,51.54428637885026,0.0,0.0,0.0,0.0,0.0,0.0,0.0,0.0,0.0,0.0,0.0,0.0,0.0,0.0,0.014019019168975078,0.0
0,spring_irrigation,春季灌溉日,55.0,6.0,0.25,39.54619450833975,30.89994142225927,6.499364700088925,0.0,5.0,-5.0,-0.0,53.87162858027177,0.0,0.0,0.0,-0.0,-0.0,8.231896422091713,26.342068550693487,2.166454900029642,6.499364700088925,-0.0,0.0,3.041506694539966,1.7841721590707,0.0,4.11442394472931,43.13562780723162,0.0,2.773700712495085,45.75615067233124,0.0,0.0,0.0,0.0,0.0,0.0,12.874488228218155,6.41816390702862,11.779352908350564,4.6894693965312575,1.9232848674778156,0.0,52.0,7.8,41.0,45.0,0.0,0.4051552175991847,1.0,26.620405768082502,23.174956066694453,2.9247141150400164,1.0398415852200065,0.2618659705891781,0.10790864805221334,0.0,0.1846446609406726,1.6040991808361575,0.8197809453800579,18.392107172359637,2.680749511222813,14.605604054114348,9.373332426101104,39.54619450833975,53.87162858027177,53.87162858027177,0.0,0.0,0.0,0.0,0.0,0.0,0.0,0.0,0.0,0.0,0.0,0.0,0.0,0.0,-0.0063934827925997695,0.0
0,spring_irrigation,春季灌溉日,55.0,6.25,0.25,40.40349094093911,31.25018209238194,6.44662960811691,0.0,5.0,-5.0,-0.0,55.997486394267646,0.0,0.0,0.0,-0.0,-0.0,8.231896422091713,26.342068550693487,2.14887653603897,6.44662960811691,-0.0,0.0,3.041506694539966,1.7841721590707,0.0,2.8282841993421144,42.389185710224915,0.0,3.1239413826177547,44.91118275946408,0.0,0.0,0.0,0.0,0.0,0.0,13.182814114102749,6.585563710145262,11.871206032565768,4.714278032830902,1.9475026688481034,0.0,52.0,7.8,41.0,45.0,0.0,0.42114326934206153,1.0,27.169979011661194,23.437636569286454,2.9009833236526097,1.166651125422415,0.2830937729120657,0.10970671546551213,0.0,0.18703270924499654,1.7460374717873568,0.8829106526379988,18.532986734244773,2.701565356964037,14.716021735206509,9.477743708886075,40.40349094093911,55.997486394267646,55.997486394267646,0.0,0.0,0.0,0.0,0.0,0.0,0.0,0.0,0.0,0.0,0.0,0.0,0.0,0.0,-0.05273509197201509,0.0
0,spring_irrigation,春季灌溉日,55.0,6.5,0.25,40.98663085096968,31.534733096161908,6.390035578299934,0.0,5.0,-5.0,0.4111315213984101,58.056355937731546,0.0,0.0,0.0,-0.0,-0.0,8.231896422091713,26.342068550693487,2.1300118594333113,6.390035578299934,-0.0,0.0,3.041506694539966,1.7841721590707,0.0,0.9225583679047202,42.14428773306974,0.0,3.4084923863977217,43.991755487453375,0.0,0.0,0.0,0.0,0.0,0.0,13.463475198606309,6.767039592302193,11.963879061509983,4.741390273451254,1.9737049418543704,0.0,52.0,7.8,41.0,45.0,0.012644453546798263,0.43662751884173095,1.0,27.533288724455172,23.65104982212143,2.8755160102349704,1.2581976077414447,0.30626928689909055,0.11183113515097548,0.0,0.18956192854956397,1.8722202522074198,0.9354895172968327,18.67897427681561,2.723330823810385,14.830488861281012,9.564303378335223,40.98663085096968,58.467487459129956,58.467487459129956,0.0,0.0,0.0,0.0,0.0,0.0,0.0,0.0,0.0,0.0,0.0,0.0,0.0,0.0,-0.05659402981697603,0.0
0,spring_irrigation,春季灌溉日,55.0,6.75,0.25,41.85974855555705,31.60896901504841,6.519038382429256,0.0,5.0,-5.0,1.691244897698151,63.20945925678994,0.0,0.0,0.0,-0.0,-0.0,8.231896422091713,26.342068550693487,2.1730127941430855,6.519038382429256,-0.0,0.0,3.041506694539966,1.7841721590707,4.594539688156277,0.0,43.2333836946202,0.0,3.4827283052842226,43.05325216095064,0.0,0.0,0.0,0.0,0.0,0.0,13.703950287135397,6.9621308066597605,12.056769332108987,4.7708728142498655,2.0019090454130857,0.0,52.0,7.8,41.0,45.0,0.05201466302672687,0.4753827365985737,1.0,28.10834370863253,23.706726761286305,2.9335672720931654,1.2988132418783518,0.3304178258312285,0.11432071156928099,0.0,0.1922214883490199,1.952443347396278,0.9713761670832047,18.829551191771937,2.745989416408933,14.948605211997318,9.592524777527899,41.85974855555705,64.9007041544881,64.9007041544881,0.0,0.0,0.0,0.0,0.0,0.0,0.0,0.0,0.0,0.0,0.0,0.0,0.0,0.0,0.12900280412932208,0.0
0,spring_irrigation,春季灌溉日,55.0,7.0,0.25,50.9334578002304,31.557944630972827,6.413659027222999,0.0,5.0,-5.0,2.992213617655453,63.08387521064044,0.0,0.0,0.0,-0.0,-0.0,8.231896422091713,26.342068550693487,2.137886342407666,6.413659027222999,-0.0,0.0,3.041506694539966,1.7841721590707,0.0,3.2686584309738564,42.37104875412656,0.0,3.4317039212086407,42.128645555604734,0.0,0.0,0.0,0.0,0.0,0.0,13.893374905863718,7.170060210492144,12.149262642904743,4.802771233561842,2.0321096105102945,8.5,88.0,13.2,41.0,45.0,0.09202628385644349,0.4744382499942961,1.0,34.26579675249421,23.66845847322962,2.8861465622503495,1.2811887396414174,0.35427584207169344,0.11721420006985696,0.0,0.195,1.994274235367669,0.9871519283875527,18.98414348697688,2.769474453501965,15.069927041896296,9.586225925249192,50.9334578002304,66.0760888282959,66.0760888282959,0.0,0.0,0.0,0.0,0.0,0.0,0.0,0.0,0.0,0.0,0.0,0.0,0.0,0.0,-0.10537935520625741,0.0
0,spring_irrigation,春季灌溉日,55.0,7.25,0.25,51.28626013060058,31.434463668037214,6.556518851346244,0.0,5.0,-5.0,4.511007130304547,60.88735569497573,0.0,0.0,0.0,-0.0,-0.0,8.231896422091713,26.342068550693487,2.185506283782081,6.556518851346244,-0.0,0.0,3.041506694539966,1.7841721590707,0.0,4.346806705734062,41.22503370017989,0.0,3.308222958273028,41.23699624380771,0.0,0.0,0.0,0.0,0.0,0.0,14.02358873439263,7.3897170589453705,12.240746385326313,4.837106663981148,2.0642760546006094,8.5,88.0,13.2,41.0,45.0,0.13873716107779852,0.457918769039605,1.0,34.53929743735036,23.57584775102791,2.95043348310581,1.208521723979536,0.37638640132848006,0.12054911680174364,0.0,0.19788556548904995,1.9386735707602551,0.9829385766589404,19.14212910390807,2.7937094977678982,15.19397267089075,9.560188049997022,51.28626013060058,65.39836282528027,65.39836282528027,0.0,0.0,0.0,0.0,0.0,0.0,0.0,0.0,-7.105427357601002e-15,0.0,0.0,0.0,0.0,0.0,0.14285982412324483,0.0
0,spring_irrigation,春季灌溉日,55.0,7.5,0.25,51.50420239694296,31.304975522529848,6.618355642941122,0.0,5.0,-5.0,6.322184199913185,61.42635734762877,0.0,0.0,0.0,-0.0,-0.0,8.231896422091713,26.342068550693487,2.2061185476470406,6.618355642941122,-0.0,0.0,3.041506694539966,1.7841721590707,0.0,2.235182513679721,40.63476652384233,0.0,3.178734812765661,40.37986858443169,0.0,0.0,0.0,0.0,0.0,0.0,14.08994854284147,7.6196492000371485,12.330623214504621,4.87387256931688,2.098350337462102,8.5,88.0,13.2,41.0,45.0,0.19444036827484507,0.4619724673892208,1.0,34.7346146040221,23.478731641897387,2.978260039323505,1.0935693113297744,0.39523953379082516,0.1243603509825903,0.0,0.20086582838174552,1.8388335461251537,0.9621637854659881,19.3028461212836,2.8186089224592554,15.320228759898836,9.533006012596887,51.50420239694296,67.74854154754196,67.74854154754196,0.0,0.0,0.0,0.0,0.0,0.0,0.0,0.0,-7.105427357601002e-15,0.0,0.0,0.0,0.0,0.0,0.06183679159487809,0.0
0,spring_irrigation,春季灌溉日,55.0,7.75,0.25,51.56312231371247,31.129844779609794,6.875269657263147,0.0,5.0,-5.0,8.090753584292209,62.74303007831206,0.0,0.0,0.0,-0.0,-0.0,8.231896422091722,26.34206855069351,2.2917565524210493,6.875269657263147,-0.0,0.0,3.041506694539966,1.7841721590707,0.7055016798390668,0.0,40.80029143447791,0.0,3.003604069845583,39.569256526495906,0.0,0.0,0.0,0.0,0.0,0.0,14.091790605071209,7.858066262934199,12.418324788782202,4.91303171864422,2.134245039963459,8.5,88.0,13.2,41.0,45.0,0.2488331653754097,0.47187483790902085,1.0,34.83248041177779,23.347383584707345,3.093871345768416,0.9549900336531558,0.40944004406941015,0.12867860273305876,0.0,0.20392802673484192,1.7071171647525585,0.9303969104850444,19.46560154738988,2.8440785928017847,15.448157042057838,9.493563182975702,51.56312231371247,70.83378366260428,70.83378366260428,0.0,0.0,0.0,0.0,0.0,0.0,0.0,0.0,-7.105427357601002e-15,0.0,0.0,0.0,0.0,2.4868995751603507e-14,0.25691401432202543,0.0
0,spring_irrigation,春季灌溉日,55.0,8.0,0.25,51.52016406462423,30.69976335235941,7.094792224085619,0.0,5.0,-5.0,9.654649326485142,63.62578803937857,0.0,0.0,0.0,-0.0,-0.0,8.231896422091722,26.34206855069351,2.364930741361873,7.094792224085619,-0.0,0.0,3.041506694539966,1.7841721590707,3.121939443245914,0.0,41.53971203767709,0.0,2.573522642595197,38.87222909754971,0.0,0.0,0.0,0.0,0.0,0.0,14.032475082815562,8.102855139861996,12.503325061083858,4.95451345430169,2.1718418466392184,8.5,90.64,13.596,41.0,45.0,0.2969311730322622,0.47851384258047586,1.0,34.850888929332015,23.024822514269555,3.192656500838529,0.812414643161973,0.4178774111665697,0.13352868346558616,0.0,0.20705904774487396,1.583182144135906,0.8937412233999471,19.629680362024764,2.8700166353649954,15.5772012479251,9.38322634739983,51.52016406462423,73.28043736586372,73.28043736586372,0.0,0.0,0.0,0.0,0.0,0.0,0.0,0.0,1.4210854715202004e-14,0.0,0.0,0.0,0.0,0.0,0.21952256682247206,0.0
0,spring_irrigation,春季灌溉日,55.0,8.25,0.25,51.72194985271184,30.192944859892208,7.464811279628644,0.0,5.0,-5.0,11.505622487004402,66.08684084722387,0.0,0.0,0.0,-0.0,-0.0,8.231896422091722,26.34206855069351,2.4882704265428814,7.464811279628644,-0.0,0.0,3.041506694539966,1.7841721590707,7.108839938341859,0.0,43.2259845374314,0.0,2.066704150127997,38.30892346980936,0.0,0.0,0.0,0.0,0.0,0.0,13.919006017567334,8.351608664873236,12.585152578427813,4.998211352998994,2.210990509706667,8.5,90.64,13.596,41.0,45.0,0.3538583190339812,0.4970228131121519,1.0,35.04148305411164,22.644708644919156,3.3591650758328897,0.6820255701897687,0.41986922511788133,0.13892773002937972,0.0,0.2102454838991936,1.4512182641353317,0.8573855738796117,19.79435444113347,2.8963142650866227,15.70679394174163,9.25185976075694,51.72194985271184,77.59246333422827,77.59246333422827,0.0,0.0,0.0,0.0,0.0,0.0,0.0,0.0,0.0,0.0,0.0,0.0,0.0,0.0,0.3700190555430245,0.0
0,spring_irrigation,春季灌溉日,55.0,8.5,0.25,51.674161538942,29.499707947268448,7.656732568307721,0.0,5.0,-5.0,13.21142653378569,67.07000284687,0.0,0.0,0.0,-0.0,-0.0,8.231896422091722,26.34206855069351,2.552244189435907,7.656732568307721,-0.0,0.0,3.041506694539966,1.7841721590707,9.781620535646091,0.0,45.54695811542048,0.0,1.373467237504236,37.92833026136282,0.0,0.0,0.0,0.0,0.0,0.0,13.761282916034316,8.601667897852723,12.663401241641536,5.0439813785173095,2.2515083660373563,8.5,90.64,13.596,41.0,45.0,0.4063207523597026,0.5044169317679178,1.0,35.044352036979305,22.124780960451336,3.4455296557384743,0.5739587727280717,0.4152525118512524,0.1448833975799133,0.0,0.2134736903889974,1.3512282381521,0.8247573924421712,19.958890986196202,2.922856637658318,15.836362977552179,9.068708241403275,51.674161538942,80.28142938065568,80.28142938065568,0.0,0.0,0.0,0.0,0.0,0.0,0.0,0.0,-7.105427357601002e-15,0.0,0.0,0.0,0.0,0.0,0.19192128867907687,0.0
0,spring_irrigation,春季灌溉日,55.0,8.75,0.25,51.77483870205231,28.823617236712327,7.859747037572929,0.0,5.0,-5.0,14.742968888428132,64.16175099383952,0.0,1.4158959872169419,0.0,-0.0,-0.0,8.231896422091722,26.34206855069351,2.6199156791909766,7.859747037572929,-0.0,0.0,3.041506694539966,1.7841721590707,3.4671859059170034,0.0,46.36813742017,0.0,0.6973765269481156,37.72584595756158,4.769376478475678,0.0,0.0,0.0,0.0,0.0,13.571091784309521,8.850177843718843,12.737738998600635,5.0916406205124645,2.293180469561384,8.5,90.64,13.596,41.0,45.0,0.4534237234293037,0.4931932917651255,1.0,35.14465764110757,21.617712927534246,3.536886166907818,0.4919126864879048,0.40440605326845586,0.15139210845489745,0.0,0.21672984353849284,1.2641655923789241,0.7973999265296616,20.122560088674483,2.949523694827824,15.965337290633412,8.890716560441499,56.544215180527985,80.3206158694846,78.90471988226766,1.4158959872169419,0.0,0.0,0.0,0.0,0.0,0.0,0.0,0.0,0.0,0.0,0.0,0.0,0.0,0.2030144692652085,0.0
0,spring_irrigation,春季灌溉日,55.0,9.0,0.25,51.861688572288884,28.271077324931404,8.051125934857927,0.0,5.0,-5.0,10.710985702619965,65.82236208734611,5.546537756877534,0.0,0.0,-0.0,-0.0,8.231896422091722,26.34206855069351,2.683708644952642,8.051125934857927,-0.0,0.0,3.041506694539966,1.7841721590707,0.009761713141074324,0.0,46.36813742017,0.0,0.14483661516719337,37.668868135854595,5.704785742951778,0.0,0.0,0.0,0.0,0.0,13.36097555473296,9.094155795212528,12.807913992790407,5.14096670648026,2.3357603896906465,8.5,90.64,13.596,41.0,45.0,0.5000042309341501,0.49503373365915243,1.0,35.224865979884676,21.20330799369855,3.6230066706860673,0.43447553658645727,0.38819956323346444,0.15843744412450295,0.0,0.22,1.2007089427242774,0.7753998317807377,20.284641088961315,2.976190972033238,16.09315176252681,8.747615857643531,57.56647431524066,82.0798855468436,76.53334778996607,5.546537756877534,0.0,0.0,0.0,0.0,0.0,0.0,0.0,0.0,0.0,0.0,0.0,0.0,0.0,0.19137889728499768,0.0
0,spring_irrigation,春季灌溉日,55.0,9.25,0.25,52.14430769194282,27.682308475384684,8.253797591102543,0.0,5.0,-5.0,17.784472137129306,53.394266248287124,0.0,12.127573398027806,0.0,-0.0,-0.0,8.231896422091722,26.34206855069351,2.751265863700848,8.253797591102543,-0.0,0.0,3.041506694539966,1.7841721590707,0.009761713141074324,0.0,46.36813742017,0.44393223437952756,0.0,37.755467607451806,0.0,0.0,0.0,0.0,0.0,0.0,13.143131265968776,9.330570809099097,12.87375776517024,5.191697962944294,2.3789717117764724,8.5,90.64,13.596,41.0,45.0,0.5469659223096708,0.4927735785794151,1.0,35.431190545603926,20.76173135653851,3.7142089159961444,0.3972386297419336,0.36787933598267625,0.1659887734732613,0.0,0.22327015646150716,1.1543886548222217,0.7580456003619169,20.444427439891005,3.002730341741225,16.219250937443938,8.594597118263021,52.14430769194282,83.30631178344424,71.17873838541644,12.127573398027806,0.0,0.0,0.0,0.0,0.0,0.0,0.0,0.0,0.0,0.0,0.0,0.0,0.0,0.20267165624461647,0.0
0,spring_irrigation,春季灌溉日,55.0,9.5,0.25,52.422659025610464,26.94432212070009,8.426033331530848,0.0,5.0,-5.0,14.976449379541009,62.304544745836324,4.197151950110111,0.0,0.0,-0.0,-0.0,8.231896422091722,26.34206855069351,2.8086777771769493,8.426033331530848,-0.0,0.0,3.041506694539966,1.7841721590707,0.009761713141074324,0.0,46.36813742017,1.1819185890641215,0.0,38.017295538550805,5.766492492817151,0.0,0.0,0.0,0.0,0.0,12.928464489322701,9.556432141060757,12.935185210193577,5.2435343874494835,2.422510258669528,8.5,90.64,13.596,41.0,45.0,0.5896889406897725,0.46857709798588965,1.0,35.63319891845433,20.208241590525066,3.7917149991888817,0.3748153393621879,0.3449114544417721,0.17400021229129375,0.0,0.2265263096110026,1.1156364574108903,0.7444235720786231,20.60122985631259,3.0290106718714322,16.343091423399606,8.3999447913525,58.189151518427614,81.47814607548744,77.28099412537733,4.197151950110111,0.0,0.0,0.0,0.0,0.0,0.0,0.0,7.105427357601002e-15,0.0,0.0,0.0,0.0,0.0,0.17223574042830414,0.0
0,spring_irrigation,春季灌溉日,55.0,9.75,0.25,52.97817152731226,26.06124880408897,8.792396595079035,0.0,5.0,-5.0,20.6603381878275,57.35939590228823,0.0,1.1457868926302623,0.0,-0.0,-0.0,8.231896422091722,26.34206855069351,2.930798865026345,8.792396595079035,-0.0,0.0,3.041506694539966,1.7841721590707,0.009761713141074324,0.0,46.36813742017,2.0649919056752424,0.0,38.4887224683794,5.827598868004349,0.0,0.0,0.0,0.0,0.0,12.72589555881178,9.76888380871087,12.99219111378107,5.29613947520614,2.4660470335489744,8.5,90.64,13.596,41.0,45.0,0.6354139074244607,0.44000303481888353,1.0,36.01197304566491,19.54593660306673,3.9565784677855658,0.36224615469123167,0.3208102055141221,0.18241000511889055,0.0,0.2297545161008064,1.0984892438412055,0.733789092904584,20.754377622536186,3.054898386571608,16.46414288158178,8.164729289200217,58.805770395316614,79.16552098274599,78.01973409011572,1.1457868926302623,0.0,0.0,0.0,0.0,0.0,0.0,0.0,-7.105427357601002e-15,0.0,0.0,0.0,0.0,0.0,0.3663632635481875,0.0
0,spring_irrigation,春季灌溉日,55.0,10.0,0.25,53.39981397829234,25.143557965699777,9.037600996984672,0.0,5.0,-5.0,19.811303372403636,58.758188638935174,2.4351956433400623,0.0,0.0,-0.0,-0.0,8.231896422091722,26.34206855069351,3.0125336656615573,9.037600996984672,-0.0,0.0,3.041506694539966,1.7841721590707,0.009761713141074324,0.0,46.36813742017,2.9826827440644337,0.0,39.177865258860514,5.873979537612158,0.0,0.0,0.0,0.0,0.0,12.541965635788236,9.965301861921935,13.044843247787504,5.349142923597687,2.5092318638689,8.5,90.64,13.596,41.0,45.0,0.6841966834035905,0.44190582930436495,1.0,36.30173696067479,18.85766847427483,4.066920448643103,0.3556772217697184,0.2969797587686923,0.1911404109966581,0.0,0.23294095225512604,1.0821024674424358,0.7256931332968481,20.903218035254092,3.080257926033242,16.581887589553872,7.919789399780155,59.2737935159045,81.00468765467888,78.56949201133881,2.4351956433400623,0.0,0.0,0.0,0.0,0.0,0.0,0.0,-1.4210854715202004e-14,0.0,0.0,0.0,0.0,0.0,0.24520440190563697,0.0
0,spring_irrigation,春季灌溉日,55.0,10.25,0.25,53.6370571756571,24.60294290294706,9.280896920387645,0.0,5.0,-5.0,23.743795849177566,55.12641531642525,0.0,0.0,0.0,-0.0,-0.0,8.231896422091722,26.34206855069351,3.093632306795882,9.280896920387645,-0.0,0.0,3.041506694539966,1.7841721590707,0.009761713141074324,0.0,46.36813742017,3.523297806817151,0.0,39.99505955535016,5.856356853377072,0.0,0.0,0.0,0.0,0.0,12.380743076434058,10.143390452515625,13.093272156171755,5.402144214755273,2.551697705165552,8.5,90.64,13.596,41.0,45.0,0.7302464248384634,0.4145921588338332,1.0,36.45786602632388,18.452207177210294,4.176403614174441,0.3524724560719592,0.27459184007861787,0.20009815907917758,0.0,0.23607197326515808,1.081278262612249,0.7199363654533781,21.04711407609258,3.104952112532981,16.695818654222702,7.780301136935399,59.49341402903417,78.87021116560283,78.87021116560283,0.0,0.0,0.0,0.0,0.0,0.0,0.0,0.0,7.105427357601002e-15,0.0,0.0,0.0,0.0,0.0,0.24329592340297346,0.0
0,spring_irrigation,春季灌溉日,55.0,10.5,0.25,53.839145477125896,24.000090684499778,9.67946087136423,0.0,5.0,-5.0,24.779610318994983,52.45038450255801,0.0,0.0,0.0,-0.0,-0.0,8.231896422091722,26.34206855069351,3.2264869571214096,9.67946087136423,-0.0,0.0,3.041506694539966,1.7841721590707,0.009761713141074324,0.0,46.36813742017,4.126150025264433,0.0,40.95502265657279,3.8811975575329143,0.0,0.0,0.0,0.0,0.0,12.243990427374488,10.301272447607232,13.137657935373054,5.454717051666488,2.5930655422873583,8.5,90.64,13.596,41.0,45.0,0.7621031598855816,0.39446639179712717,1.0,36.60254709210783,18.000068013374833,4.355757392113904,0.35101152825459386,0.25451288892042506,0.209175518748274,0.0,0.23913417161825448,1.065471057914676,0.7164484870441937,21.1854405293269,3.128842440847953,16.80543704447106,7.623154553404983,57.72034303465881,77.22999482155299,77.22999482155299,0.0,0.0,0.0,0.0,0.0,0.0,0.0,0.0,7.105427357601002e-15,0.0,0.0,0.0,0.0,0.0,0.3985639509765839,0.0
0,spring_irrigation,春季灌溉日,55.0,10.75,0.25,53.8474553664205,23.56884965965739,10.055622750969636,0.0,5.0,-5.0,25.576152793524443,50.6818250771748,0.0,0.0,0.0,-0.0,-0.0,8.231896422091722,26.34206855069351,3.351874250323212,10.055622750969636,-0.0,0.0,3.041506694539966,1.7841721590707,0.009761713141074324,0.0,46.36813742017,4.557391050106823,0.0,42.01692551964488,2.7754834241827737,0.0,0.0,0.0,0.0,0.0,12.13152537563986,10.437570155756214,13.178214476875885,5.506414597592846,2.632949805109906,8.5,90.64,13.596,41.0,45.0,0.7866010244204669,0.3811654930177161,1.0,36.61514069588208,17.67663724474304,4.5250302379363365,0.35038876324551826,0.23728359385543868,0.21825200253686833,0.0,0.24211443451095005,1.053380957628211,0.7151700979033224,21.317578879578637,3.1517893219159974,16.91024770557217,7.513722037431281,56.62293879060327,76.25797787069925,76.25797787069925,0.0,0.0,0.0,0.0,0.0,0.0,0.0,0.0,0.0,0.0,0.0,0.0,0.0,0.0,0.3761618796054069,0.0
0,spring_irrigation,春季灌溉日,55.0,11.0,0.25,53.99268162686749,23.099996165984862,10.428476328402521,0.0,5.0,-5.0,25.80797665878553,51.17700576947335,0.0,0.0,0.0,-0.0,-0.0,8.231896422091722,26.34206855069351,3.4761587761341737,10.428476328402521,-0.0,0.0,3.041506694539966,1.7841721590707,0.009761713141074324,0.0,46.36813742017,5.026244543779349,0.0,43.189650136032654,3.2329771954844553,0.0,0.0,0.0,0.0,0.0,12.041697361012574,10.551471760801707,13.2151717944272,5.55677544278461,2.670964196758464,8.5,72.10000000000001,10.815000000000001,41.0,45.0,0.7937308258167759,0.38488962474393984,1.0,36.713761951811684,17.324997124488647,4.692814347781135,0.35014036563891043,0.22314427820839497,0.2271966900143889,0.0,0.245,1.0547627914568458,0.7159771437324451,21.442911433970274,3.173652318319356,17.009755102114074,7.393314517315055,57.225658822351946,76.98498242825887,76.98498242825887,0.0,0.0,0.0,0.0,0.0,0.0,0.0,0.0,-7.105427357601002e-15,0.0,0.0,0.0,0.0,0.0,0.3728535774328847,0.0
0,spring_irrigation,春季灌溉日,55.0,11.25,0.25,53.942591386744134,22.673141865177087,10.79683717980791,0.0,5.0,-5.0,25.90058467786517,47.59985630187032,0.0,0.0,0.0,-0.0,-0.0,7.917397171848748,25.335670949915993,3.598945726602637,10.79683717980791,-0.0,0.0,3.041506694539966,1.7841721590707,0.0,0.0,46.365819013298996,4.446701243809606,0.0,44.22414685636942,0.0,0.0,0.0,0.0,0.0,0.0,11.97190422964634,10.642779306211432,13.248757192427256,5.605330197525103,2.7067278155469197,8.5,72.10000000000001,10.815000000000001,41.0,45.0,0.7965790087810267,0.3579867667994845,1.0,36.67491364711782,17.004856398882815,4.85857673091356,0.350047623010648,0.21209316974828513,0.23587112835802132,0.0,0.2477785116509801,1.0657411534358465,0.7186554884681766,21.560815205499278,3.1942904180661116,17.10345860715863,7.284117144850039,53.942591386744134,73.50044097973549,73.50044097973549,0.0,0.0,0.0,0.0,0.0,0.0,0.0,0.0,0.0,0.0,0.0,0.0,0.0,-1.0063976007775182,0.36836085140538977,0.0
0,spring_irrigation,春季灌溉日,55.0,11.5,0.25,53.783992172987055,22.111700861087602,11.08961317963175,0.0,5.0,-5.0,26.02286069871042,46.24698724143951,0.0,0.0,0.0,-0.0,-0.0,6.747811346078995,21.592996307452786,3.6965377265439163,11.08961317963175,-0.0,0.0,3.041506694539966,1.7841721590707,0.0,0.0,46.363500722348334,1.2654676054358838,0.0,44.50258333923226,0.0,0.0,0.0,0.0,0.0,0.0,11.919086719363866,10.711934555504651,13.279176136549788,5.6516085873581305,2.739871437972284,8.5,72.10000000000001,10.815000000000001,41.0,45.0,0.800339638615991,0.3478121726205594,1.0,36.56580438333275,16.583775645815702,4.990325930834287,0.35001522467731677,0.2039618865278847,0.24413273252502546,0.0,0.25043807145043606,1.073859662728637,0.7229142763570173,21.670656161880203,3.2135623984643407,17.19084820697687,7.136581786928191,53.783992172987055,72.26984794014993,72.26984794014993,0.0,0.0,0.0,0.0,0.0,0.0,0.0,0.0,-7.105427357601002e-15,0.0,0.0,0.0,0.0,-3.742674642463207,0.2927759998238386,0.0
0,spring_irrigation,春季灌溉日,55.0,11.75,0.25,53.47029135443191,21.75866822072004,11.499846542500649,0.0,5.0,-5.0,26.66503795601346,44.85497774433847,0.0,0.0,0.0,-0.0,-0.0,6.747811346078995,21.592996307452786,3.8332821808335495,11.499846542500649,-0.0,0.0,3.041506694539966,1.7841721590707,0.0,0.5728758755324783,46.210425737961565,1.618500245803446,0.0,44.86472585594097,0.0,0.0,0.0,0.0,0.0,0.0,11.880157948958125,10.760019773780916,13.30659375449952,5.695146905883207,2.77004381981523,8.5,72.10000000000001,10.815000000000001,41.0,45.0,0.8200899619946499,0.3373432128812461,1.0,36.35516080501471,16.31900116554003,5.174930944125292,0.3500047224934111,0.19849321770552364,0.2518385768315622,0.0,0.25296729075500346,1.0780262744576525,0.7284205506322197,21.771784480197958,3.23132733395827,17.271401017836148,7.04664674183901,53.47029135443191,71.52001570035193,71.52001570035193,0.0,0.0,0.0,0.0,0.0,0.0,0.0,0.0,-1.4210854715202004e-14,0.0,0.0,0.0,0.0,0.0,0.4102333628688992,0.0
0,spring_irrigation,春季灌溉日,55.0,12.0,0.25,45.00267795030603,21.704757811643358,11.956823578765533,0.0,5.0,-5.0,25.681541937608706,43.7201341863662,1.9725987868116874,0.0,0.0,-0.0,-0.0,6.747811346078995,21.592996307452786,3.985607859588511,11.956823578765533,-0.0,0.0,3.041506694539966,1.7841721590707,0.6737776989277372,0.0,46.36813742017,1.672410654880128,0.0,45.23949102354703,4.950294574533664,0.0,0.0,0.0,0.0,0.0,11.852345670946532,10.788731421297669,13.331117917380272,5.735495663618433,2.7969178662134566,0.0,72.10000000000001,10.815000000000001,41.0,45.0,0.850510066893421,0.3288083346756211,1.0,30.59873541346495,16.278568358732517,5.38057061044449,0.3500018425823887,0.19540945508670923,0.2588494424652272,0.0,0.2553553390593274,1.0851837154893365,0.734839333789598,21.86353144721216,3.247445300103911,17.344579109942153,7.039617056268037,49.952972524839694,71.3742749107866,69.40167612397491,1.9725987868116874,0.0,0.0,0.0,0.0,0.0,0.0,0.0,0.0,0.0,0.0,0.0,0.0,0.0,0.4569770362648846,0.0
0,spring_irrigation,春季灌溉日,55.0,12.25,0.25,45.33123962689603,21.55354131365454,12.214926760119138,0.0,5.0,-5.0,28.596396597173346,35.605565036855765,0.0,4.398745151135621,0.0,-0.0,-0.0,6.747811346078995,21.592996307452786,4.071642253373046,12.214926760119138,-0.0,0.0,3.041506694539966,1.7841721590707,0.009761713141074324,0.0,46.36813742017,1.8236271528689443,0.0,45.649982726841635,0.0,0.0,0.0,0.0,0.0,0.0,11.833443013426221,10.800325898479315,13.352784825942283,5.772227258905498,2.8201965198794525,0.0,72.10000000000001,10.815000000000001,41.0,45.0,0.8794893837108171,0.30086253982409616,1.0,30.826062420239634,16.165155985240908,5.4967170420536124,0.350002019544594,0.1944638343970377,0.2650339640317652,0.0,0.25759199037394886,1.089777758017714,0.7418683494023743,21.945208604727235,3.261778320089543,17.409829101206913,7.004405122114013,45.33123962689603,68.60070678516473,64.20196163402912,4.398745151135621,0.0,0.0,0.0,0.0,0.0,0.0,0.0,0.0,0.0,0.0,0.0,0.0,0.0,0.2581031813536043,0.0
0,spring_irrigation,春季灌溉日,55.0,12.5,0.25,45.654003789557734,21.311179539268846,12.565022723399585,0.0,5.0,-5.0,29.130827052730883,38.8569925033374,0.0,0.0,0.0,-0.0,-0.0,6.747811346078995,21.592996307452786,4.188340907799861,12.565022723399585,-0.0,0.0,3.041506694539966,1.7841721590707,0.009761713141074324,0.0,46.36813742017,2.06598892725464,0.0,46.11783010570119,3.3463951049506555,0.0,0.0,0.0,0.0,0.0,11.821976393498934,10.797537794281572,13.371547949118714,5.804943489303339,2.8396182196477957,0.0,72.10000000000001,10.815000000000001,41.0,45.0,0.8959259270493246,0.29223384679157094,1.0,31.060989157534433,15.983384654451633,5.654260225529813,0.3500048720286048,0.19547189749004207,0.27027270440321777,0.0,0.2596676670145618,1.0779340741832302,0.7492617510797708,22.01610965806985,3.2741915902913616,17.466583919259882,6.942657029676147,49.00039889450839,67.98781955606829,67.98781955606829,0.0,0.0,0.0,0.0,0.0,0.0,0.0,0.0,-7.105427357601002e-15,0.0,0.0,0.0,0.0,0.0,0.350095963280447,0.0
0,spring_irrigation,春季灌溉日,55.0,12.75,0.25,45.63987510437309,21.38113999155265,12.964867024393127,0.0,5.0,-5.0,29.159003235583917,39.02480798888753,0.0,0.0,0.0,-0.0,-0.0,6.747811346078995,21.592996307452786,4.3216223414643755,12.964867024393127,-0.0,0.0,3.041506694539966,1.7841721590707,0.009761713141074324,0.0,46.36813742017,1.996028474970835,0.0,46.56882795345391,3.423234024873942,0.0,0.0,0.0,0.0,0.0,11.817306347957976,10.783472513305995,13.387271035800197,5.833282719853247,2.8549617893015853,0.0,72.10000000000001,10.815000000000001,41.0,45.0,0.8967924926534395,0.29349594562460074,1.0,31.06102063112031,16.035854993664486,5.834190160976908,0.3500130695334892,0.19832300244981288,0.2744619822057419,0.0,0.26157348061512725,1.0749054506978248,0.7568412666211288,22.07551554495503,3.284555007515957,17.514267035295088,6.967274937297288,49.06310912924703,68.18381122447144,68.18381122447144,0.0,0.0,0.0,0.0,0.0,0.0,0.0,0.0,0.0,0.0,0.0,0.0,0.0,0.0,0.39984430099354284,0.0
0,spring_irrigation,春季灌溉日,55.0,13.0,0.25,45.64339523938965,21.522666358608458,13.323389565370968,0.0,5.0,-5.0,28.71426859569485,35.578314765142096,0.0,0.0,0.0,-0.0,-0.0,6.747811346078995,21.592996307452786,4.441129855123656,13.323389565370968,-0.0,0.0,2.5923077940574846,1.5206684904564727,0.0,0.13206087381280893,46.331066151769306,1.590998439300801,0.0,46.92340566881113,0.0,0.0,0.0,0.0,0.0,0.0,11.819678560682954,10.761476624226027,13.399725748880876,5.856926528266881,2.8660506289992798,0.0,72.10000000000001,10.815000000000001,41.0,45.0,0.8831145667293897,0.2675757210310555,1.0,31.06902878058262,16.141999768956342,5.995525304416936,0.35003405977431595,0.2029744745328078,0.27751728101390494,0.0,0.26330127018922195,1.0779055807185238,0.7644958126862513,22.122702906147037,3.292745003333585,17.552299351316083,7.01078981589159,45.64339523938965,64.29258336083694,64.29258336083694,0.0,0.0,0.0,0.0,0.0,0.0,0.0,0.0,-2.842170943040401e-14,0.0,0.0,0.0,0.0,0.0,0.358522540977841,0.0
0,spring_irrigation,春季灌溉日,55.0,13.25,0.25,45.5075791648811,21.42574102591108,13.667373948664277,0.0,5.0,-5.0,27.62178330322709,37.39674867831875,0.0,0.0,0.0,-0.0,-0.0,6.747811346078995,21.592996307452786,4.555791316221426,13.667373948664277,-0.0,0.0,3.041506694539966,1.7841721590707,0.16584345982435345,0.0,46.36813742017,1.951427440612406,0.0,47.36340798312217,0.0,0.0,0.0,0.0,0.0,0.0,11.830239561465014,10.73499070347649,13.408594260438436,5.87560565654106,2.8727560982735967,0.0,72.10000000000001,10.815000000000001,41.0,45.0,0.8495149062504684,0.2812517135191056,1.0,30.985183992886217,16.06930576943331,6.150318276898925,0.350085097747448,0.20943208902271285,0.27937608381466644,0.0,0.26484363707663444,1.076679435906535,0.7721721771835084,22.156956015253094,3.2986466710501943,17.580108778524284,6.986352037467635,45.5075791648811,65.01853198154583,65.01853198154583,0.0,0.0,0.0,0.0,0.0,0.0,0.0,0.0,0.0,0.0,0.0,0.0,0.0,0.0,0.34398438329330894,0.0
0,spring_irrigation,春季灌溉日,55.0,13.5,0.25,52.03617056265846,21.359712570217447,13.655289855863748,0.0,0.5183437724463156,-0.5183437724463156,26.44826940534303,38.76805715853555,0.0,0.0,0.0,-0.0,-0.0,6.747811346078995,21.592996307452786,4.551763285287916,13.655289855863748,-0.0,0.0,1.3622375974068932,0.7990994725396626,0.0,0.0,46.365819013298996,1.032383209775002,0.0,47.58491729145218,0.0,0.0,0.0,0.0,0.0,0.0,11.851026006933896,10.70739075522518,13.413476908468702,5.889105113564341,2.875,6.5,72.10000000000001,10.815000000000001,41.0,45.0,0.8134231905925541,0.29156498602153197,1.0,35.4326511401785,16.019784427663083,6.1448804351386865,0.350203606031187,0.217721019296692,0.28,0.0,0.2661939766255643,1.076183964473734,0.779860253412886,22.177582022033043,3.3021561494578253,17.59714238627092,6.969347928746033,52.03617056265846,65.21632656387858,65.21632656387858,0.0,0.0,0.0,0.0,0.0,0.0,0.0,0.0,-7.105427357601002e-15,0.0,0.0,4.481656227553684,0.0,0.0,-0.012084092800529689,0.0
0,spring_irrigation,春季灌溉日,55.0,13.75,0.25,52.10776840208903,21.493545416933905,13.752246308236263,0.0,0.5183437724463156,-0.5183437724463156,25.251028315353754,41.76800694074254,0.0,0.0,0.0,-0.0,-0.0,6.747811346078995,21.592996307452786,4.584082102745421,13.752246308236263,-0.0,0.0,3.041506694539966,1.7841721590707,0.01952293819652153,0.0,46.36813742017,1.883623049589581,0.0,48.00848530708398,0.0,0.0,0.0,0.0,0.0,0.0,11.884929744974835,10.681825378347877,13.41390476116872,5.897268293550466,2.8727560982735967,6.5,72.10000000000001,10.815000000000001,41.0,45.0,0.7766017391621309,0.3141268676432397,1.0,35.457538345284306,16.12015906270043,6.188510838706319,0.3504664632292469,0.22785143227483043,0.27937608381466644,0.0,0.2673465064747553,1.1225310138868703,0.787576921306835,22.183929152992782,3.303183205799521,17.60288083692199,7.007070277914778,52.10776840208903,67.01903525609629,67.01903525609629,0.0,0.0,0.0,0.0,0.0,0.0,0.0,0.0,4.263256414560601e-14,0.0,0.0,0.0,0.0,0.0,0.09695645237251505,0.0
0,spring_irrigation,春季灌溉日,55.0,14.0,0.25,52.21944454006589,21.734558634153522,14.104244626924856,0.0,-0.0,0.0,24.052752630715034,39.57531188103941,0.0,0.0,0.0,-0.0,-0.0,6.747811346078995,21.592996307452786,4.7014148756416185,14.104244626924856,-0.0,0.0,0.0,-0.0,0.0,0.0,46.365819013298996,0.0,0.1415623267007362,47.94722782056183,0.0,0.040606250032062974,0.0,0.0,0.0,0.0,11.935634434978466,10.661056631885277,13.409356678259373,5.9,2.8660506289992798,6.5,72.10000000000001,10.815000000000001,41.0,45.0,0.7397484685125437,0.29763614947757416,1.0,35.537837167552176,16.30091897561514,6.346910082116185,0.3510232810008619,0.2397828442300811,0.27751728101390494,0.0,0.26829629131445343,1.1275563068606416,0.7953531689726036,22.175407307258652,3.301653939770966,17.596854661921792,7.073565530782858,52.17883829003383,63.628064511754445,63.628064511754445,0.0,0.0,0.0,0.0,0.0,0.0,-0.0,0.0,0.0,0.0,0.0,0.5183437724463156,0.0,0.0,0.35199831868859377,0.0
0,spring_irrigation,春季灌溉日,55.0,14.25,0.25,52.280118821913156,21.54761740541801,14.0785322499641,0.0,-0.0,0.0,22.90589273034515,41.76593433956573,0.0,0.0,0.0,-0.0,-0.0,6.747811346078995,21.592996307452786,4.692844083321367,14.0785322499641,-0.0,0.0,0.9315298804008361,0.5464428800821736,0.01952293819652153,0.0,46.36813742017,0.591821782116952,0.0,48.06381187990434,0.0,0.0,0.0,0.0,0.0,0.0,12.0075144832162,10.647312939228124,13.399280214952329,5.897268293550466,2.8549617893015853,6.5,72.10000000000001,10.815000000000001,41.0,45.0,0.7044765032650531,0.31411128012151607,1.0,35.566785264196014,16.160713054063507,6.335339512483845,0.35214942771503477,0.2533912813865018,0.2744619822057419,0.0,0.26903926402016154,1.1572423767353912,0.8032292814751345,22.15151029780438,3.297513512279712,17.57866178841336,7.0190074590753655,52.280118821913156,64.67182706991088,64.67182706991088,0.0,0.0,0.0,0.0,0.0,0.0,-0.0,0.0,0.0,0.0,0.0,0.0,0.0,0.0,-0.025712376960756345,0.0
0,spring_irrigation,春季灌溉日,55.0,14.5,0.25,52.47290340575432,21.689055497259798,14.250872962823456,0.0,-0.0,0.0,21.544005760063204,40.207432387073844,0.0,0.0,0.0,-0.0,-0.0,6.809450771762041,21.79024246963853,4.750290987607818,14.250872962823456,-0.0,0.0,0.0,-0.0,0.0,0.0,46.365819013298996,0.10118697237873532,0.0,48.06381187990434,0.0,2.281207017987132,0.0,0.0,0.0,0.0,12.105484284037773,10.642162301300674,13.383115497430923,5.889105113564341,2.8396182196477957,6.5,72.10000000000001,10.815000000000001,41.0,45.0,0.6625913262950478,0.3023901717323436,1.0,35.705203725301125,16.266791622944847,6.412892833270555,0.3543231588464876,0.26844318364752034,0.27027270440321777,0.0,0.26957224306869054,1.158283808293398,0.8112623990276868,22.11183883064306,3.290728788455807,17.547985603807867,7.055195227854495,50.191696387767195,61.75143814713705,61.75143814713705,0.0,0.0,0.0,0.0,0.0,0.0,-0.0,0.0,-7.105427357601002e-15,0.0,0.0,0.0,0.0,0.19724616218574553,0.1723407128593557,0.0
0,spring_irrigation,春季灌溉日,55.0,14.75,0.25,52.630373968405024,21.91891000011293,14.283670979674902,0.0,-0.0,0.0,20.177038405146988,40.97419820261264,0.0,0.0,0.0,-0.0,-0.0,6.858677249346781,21.947767197909698,4.761223659891634,14.283670979674902,-0.0,0.0,0.1042723254348549,0.06116698027868935,0.01952293819649161,0.0,46.36813742017,0.09002417807545712,0.0,48.06116071625731,0.0,3.222833533515157,0.0,0.0,0.0,0.0,12.234785771994492,10.646413517603339,13.36032102253002,5.87560565654106,2.8201965198794525,6.5,72.10000000000001,10.815000000000001,41.0,45.0,0.6205499008153458,0.30815682811584866,1.0,35.81070710954133,16.439182500084698,6.427651940853706,0.35832587631950563,0.2845797024325819,0.2650339640317652,0.0,0.26989294616193016,1.1727880939281556,0.8195487148970566,22.05612319895053,3.2812907752544724,17.504612756511932,7.114978626133207,49.40754043488987,61.15123660775963,61.15123660775963,0.0,0.0,0.0,0.0,0.0,0.0,-0.0,0.0,-7.105427357601002e-15,0.0,0.0,0.0,0.0,0.15752472827116648,0.03279801685144612,0.0
0,spring_irrigation,春季灌溉日,55.0,15.0,0.25,52.799220450685326,21.940697325234364,14.23031339543984,0.0,-0.0,0.0,18.988648731273038,40.827651560269416,0.0,0.0,0.0,-0.0,-0.0,6.858677249346781,21.947767197909698,4.743437798479946,14.23031339543984,-0.0,0.0,0.0,-0.0,0.0,0.7425705363846449,46.17040571425041,0.00706987267533421,0.0,48.038809230659574,0.0,3.842464670584955,0.0,0.0,0.0,0.0,12.400705348465907,10.660052029499035,13.330400209987722,5.856926528266881,2.7969178662134566,6.5,72.10000000000001,10.815000000000001,41.0,45.0,0.584000676918129,0.3070546870012817,1.0,35.93307724131714,16.455522993925772,6.403641027947928,0.3653535614068165,0.301314403630918,0.2588494424652272,0.0,0.27,1.1744867535317818,0.8282583272527329,21.98424460446806,3.269216730853526,17.44844984177363,7.115394589245395,48.95675578010037,59.816300291542454,59.816300291542454,0.0,0.0,0.0,0.0,0.0,0.0,-0.0,0.0,0.0,0.0,0.0,0.0,0.0,0.0,-0.053357584235062205,0.0
0,spring_irrigation,春季灌溉日,55.0,15.25,0.25,52.92155975715224,21.855351754262458,14.306182536296834,0.0,0.0,0.0,17.56948023384524,44.171799162542044,0.0,0.0,0.0,-0.0,-0.0,6.858677249346781,21.947767197909698,4.768727512098945,14.306182536296834,-0.0,0.0,0.19432603064515494,0.11399320418469303,0.8422746366539596,0.0,46.36813742017,0.20640864783193366,0.0,48.06381187990434,0.0,3.844285789509798,0.0,0.0,0.0,0.0,12.608217319380794,10.682215427312304,13.292927471618174,5.833282719853247,2.77004381981523,6.5,72.10000000000001,10.815000000000001,41.0,45.0,0.5403537921456624,0.332205195444955,1.0,35.99930274175923,16.391513815696843,6.437782141333575,0.37711057435783385,0.31804627473363134,0.2518385768315622,0.0,0.26989294616193016,1.2132823594784077,0.8376741113410233,21.89625401128665,3.2545518265271163,17.379538117202937,7.08476899634849,49.07727396764244,61.741279396387284,61.741279396387284,0.0,0.0,0.0,0.0,0.0,0.0,0.0,0.0,0.0,0.0,0.0,0.0,0.0,0.0,0.07586914085699448,0.0
0,spring_irrigation,春季灌溉日,55.0,15.5,0.25,53.042157033053215,22.11019122594371,14.345922426352374,0.0,0.0,0.0,16.071694586348652,45.22316714380925,0.0,0.0,0.0,-0.0,-0.0,6.858677249346781,21.947767197909698,4.781974142117458,14.345922426352374,-0.0,0.0,0.449381870708795,0.26361100041274477,0.009761713141074324,0.0,46.36813742017,0.1011869723787342,0.0,48.06381187990434,0.0,3.847090278209419,0.0,0.0,0.0,0.0,12.861559710790962,10.711211665500167,13.2475725628818,5.804943489303339,2.739871437972284,6.5,72.10000000000001,10.815000000000001,41.0,45.0,0.4942890171111081,0.34011227444837544,1.0,36.07576558893618,16.58264341945778,6.4556650918585685,0.3958372674760296,0.33408834441064905,0.24413273252502546,0.0,0.26957224306869054,1.2369399535762613,0.8482179748918435,21.792387490157424,3.2373702519743195,17.298065435188718,7.148425881243517,49.19506675484379,61.294861730157905,61.294861730157905,0.0,0.0,0.0,0.0,0.0,0.0,0.0,0.0,0.0,0.0,0.0,0.0,0.0,0.0,0.03973989005553946,0.0
0,spring_irrigation,春季灌溉日,55.0,15.75,0.25,53.36610724914212,22.244843784059956,14.292172646448448,0.0,0.0,0.0,14.55046300117584,47.15744800493419,0.0,0.0,0.0,-0.0,-0.0,6.858677249346781,21.947767197909698,4.764057548816149,14.292172646448448,-0.0,0.0,0.5604400133150307,0.32875859533070345,0.009761713141074324,0.0,46.36813742017,0.03168200918044661,0.0,48.04730445114475,0.0,3.8511327676510936,0.0,0.0,0.0,0.0,13.163758989323181,10.7445807107795,13.194122049504152,5.772227258905498,2.7067278155469197,6.5,72.10000000000001,10.815000000000001,41.0,45.0,0.44750315635488574,0.3546595232292301,1.0,36.264814534752915,16.683632838044968,6.431477690901802,0.4242077278690538,0.34871028648287106,0.23587112835802132,0.0,0.26903926402016154,1.3008523769077633,0.8604412216335511,21.67307712395657,3.21777567196381,17.20437466846575,7.177545447047674,49.51497448149102,61.70791100611003,61.70791100611003,0.0,0.0,0.0,0.0,0.0,0.0,0.0,0.0,-2.842170943040401e-14,0.0,0.0,0.0,0.0,0.0,-0.053749779903926154,0.0
0,spring_irrigation,春季灌溉日,55.0,16.0,0.25,53.54714265785984,22.436405448040944,14.30927831936871,0.0,0.0,0.0,13.01545283893589,48.180603202681645,0.0,0.0,-0.0,-0.0,-0.0,6.735747621500302,21.554392388800967,4.76975943978957,14.30927831936871,-0.0,0.0,0.0,-0.0,0.0,0.0,46.36581901329899,0.0,0.8820130592399771,47.79117209911918,0.0,3.856593677532176,0.0,0.0,0.0,0.0,13.51613169168137,10.779197843407024,13.132496851816786,5.735495663618433,2.670964196758464,6.5,135.96,20.394000000000002,41.0,45.0,0.4002935319887269,0.36235442085355984,1.0,36.37269919309368,16.827304086030708,6.43917524371592,0.465034990751121,0.36119136073684854,0.2271966900143889,0.0,0.26829629131445343,1.3445772224873154,0.8749546970403671,21.538956712193684,3.1959009649561945,17.09896803679504,7.221806733957463,49.69054898032766,61.19605604161754,61.19605604161754,0.0,0.0,0.0,0.0,0.0,0.0,0.0,0.0,7.105427357601002e-15,0.0,0.0,0.0,0.0,-0.3933748091087317,0.01710567292026255,0.0
0,spring_irrigation,春季灌溉日,55.0,16.25,0.25,53.86342452868613,22.549757072776952,14.085877641511212,0.0,0.0,0.0,11.250607820801626,46.16207290202514,0.0,0.0,2.650685410185792,0.9277398935650272,1.1928084345836065,3.645256656343266,11.66482130029845,4.695292547170404,14.085877641511212,-0.0,0.0,0.0,-0.0,0.0,0.0,46.36350072234832,0.0,9.692127337894894,45.21671668730781,0.0,3.863553115808011,0.0,0.0,0.0,0.0,13.917801801232796,10.811414304781199,13.062765015224103,5.695146905883207,2.632949805109906,6.5,135.96,20.394000000000002,41.0,45.0,0.34601527871056964,0.34717355283924983,1.0,36.572455169550054,16.912317804582713,6.338644938680045,0.5207501927446284,0.3708782839729238,0.21825200253686833,0.0,0.2673465064747553,1.3925836171064445,0.8922833496758655,21.390861726217217,3.171907202010049,16.98250691061349,7.243474697767987,49.99987141287812,57.412680722826764,57.412680722826764,0.0,0.5301370820371585,0.13253427050928962,7.289384878010929,0.0,0.0,0.0,0.0,0.0,-3.552713678800501e-15,0.0,0.0,0.9277398935650272,-9.889571088502516,-0.22340067785749795,0.0
0,spring_irrigation,春季灌溉日,55.0,16.5,0.25,54.197997314401604,22.916448290648148,13.924003318101779,0.0,0.0,0.0,9.7892382454513,46.42792337467471,0.0,0.0,6.844168543135893,2.3954589900975627,3.079875844411152,3.645256656343266,11.66482130029845,4.6413344393672595,13.924003318101779,-0.0,0.0,0.0,-0.0,0.0,0.0,46.361182547312204,0.0,8.171751145938545,43.04364750108559,0.0,3.87196779988856,0.0,0.0,0.0,0.0,14.365281209458566,10.837228612829039,12.985149086009732,5.6516085873581305,2.5930655422873583,6.5,135.96,20.394000000000002,41.0,45.0,0.3010704891518166,0.349172948605329,1.0,36.771827937172475,17.18733621798611,6.2658014931458,0.5926849565925717,0.3772414772557969,0.209175518748274,0.0,0.2661939766255643,1.46391360319825,0.9126510135541905,21.229823215655223,3.1459818553488503,16.855806862662483,7.335486005981856,50.326029514513046,56.217161620126014,56.217161620126014,0.0,1.3688337086271787,0.34220842715679467,18.821463493623707,0.0,0.0,0.0,0.0,7.105427357601002e-15,0.0,0.0,0.0,1.4677190965325355,0.0,-0.16187432340943353,0.0
0,spring_irrigation,春季灌溉日,55.0,16.75,0.25,54.85338317281245,23.19035990326045,13.628431914532365,0.0,0.0,0.0,8.241359159821787,46.493736159819996,0.0,0.0,11.064351715435823,3.8725231004025376,4.97895827194612,3.645256656343266,11.66482130029845,4.542810638177455,13.628431914532365,-0.0,0.0,0.0,-0.0,0.0,0.5521784090200672,46.21355438054798,0.0,6.54658033101588,41.29934137969929,0.0,3.881653638268788,0.0,0.0,0.0,0.0,14.852165042170395,10.852479828420703,12.90002773416671,5.605330197525103,2.551697705165552,6.5,135.96,20.394000000000002,41.0,45.0,0.2534650778038104,0.34966791031317146,1.0,37.19364247114236,17.392769927445336,6.132794361539564,0.68027440838551,0.37992287552824344,0.20009815907917758,0.0,0.26484363707663444,1.532926383189515,0.9357318541987614,21.057055636857363,3.118336258790945,16.71982795024082,7.401032775644735,50.97172953454366,54.735095319641786,54.735095319641786,0.0,2.2128703430871646,0.5532175857717911,30.426967217448514,0.0,0.0,0.0,0.0,7.105427357601002e-15,0.0,0.0,0.0,1.4770641103049749,0.0,-0.29557140356941325,0.0
0,spring_irrigation,春季灌溉日,55.0,17.0,0.25,55.415232063080886,23.477941156568438,13.467745445465326,0.0,0.0,0.0,6.6382912336562825,45.93621522489382,0.0,0.0,12.78949156360965,4.476322047263377,5.755271203624343,3.645256656343266,11.66482130029845,4.489248481821775,13.467745445465326,-0.0,0.0,0.0,-0.0,0.0,2.6066321382021176,45.5252878769863,0.0,6.057848652645644,39.6845210109448,0.0,3.892276557230331,0.0,0.0,0.0,0.0,15.368992521990018,10.853052514428446,12.807931543768166,5.55677544278461,2.5092318638689,6.5,135.96,20.394000000000002,41.0,45.0,0.20416231975739138,0.3454749330140067,1.0,37.55713622836623,17.60845586742633,6.060485450459397,0.780385274150886,0.3787692427280859,0.1911404109966581,0.0,0.26330127018922195,1.5965550984823473,0.9604358924392233,20.873938850421677,3.0892023750045676,16.575660426919544,7.470027294758334,51.522955505850554,52.574506458550104,52.574506458550104,0.0,2.55789831272193,0.6394745781804825,35.17110179992654,0.0,0.0,0.0,0.0,7.105427357601002e-15,3.552713678800501e-15,0.0,0.0,0.6037989468608393,0.0,-0.16068646906703954,0.0
0,spring_irrigation,春季灌溉日,55.0,17.25,0.25,55.89052344117902,23.837745263044084,13.190832401674736,0.0,0.0,0.0,5.189497960742632,45.04042265406379,0.0,0.0,12.78949156360965,4.476322047263377,5.755271203624343,3.645256656343266,11.66482130029845,4.396944133891579,13.190832401674736,-0.0,0.0,0.0,-0.0,0.0,5.323127793842312,44.12218850894973,0.0,6.417652759121291,37.97582276119688,0.0,3.9033537755017482,0.0,0.0,0.0,0.0,15.90331640855455,10.835082216652571,12.70953317044642,5.506414597592846,2.4660470335489744,6.5,135.96,20.394000000000002,41.0,45.0,0.15960431754933857,0.338737898260777,1.0,37.84906135552489,17.878308947283063,5.935874580753632,0.8870197974534344,0.3738466498862274,0.18241000511889055,0.0,0.26157348061512725,1.6783940877901145,0.9848133952204334,20.68199480158824,3.058828955401057,16.424506291033317,7.558970307498587,51.98716966567727,50.229920614806424,50.229920614806424,0.0,2.55789831272193,0.6394745781804825,35.17110179992654,0.0,0.0,0.0,0.0,-7.105427357601002e-15,0.0,0.0,0.0,0.0,0.0,-0.27691304379058934,0.0
0,spring_irrigation,春季灌溉日,55.0,17.5,0.25,56.00512330279841,24.19705713922126,12.917117049596985,0.0,0.0,0.0,3.9055504164024697,45.25057298407519,0.0,0.0,12.78949156360965,4.476322047263377,5.755271203624343,3.645256656343266,11.66482130029845,4.305705683198995,12.917117049596985,-0.0,0.0,0.0,-0.0,0.0,6.409373183363465,42.433305246007585,0.0,6.776964635298468,36.17342310368511,0.0,3.9142670112361717,0.0,0.0,0.0,0.0,16.44000972269983,10.795150101252053,12.605632328923699,5.454717051666488,2.422510258669528,6.5,135.96,20.394000000000002,41.0,45.0,0.12011618726510669,0.34031838700648925,1.0,37.89367025311058,18.147792854415947,5.812702672318643,0.9916136616906568,0.36543419745537087,0.17400021229129375,0.0,0.2596676670145618,1.7587746872482735,1.0061531945364874,20.482859639259715,3.0274772056781076,16.267657267235723,7.647605209675788,52.09085629156224,49.15612340047766,49.15612340047766,0.0,2.55789831272193,0.6394745781804825,35.17110179992654,0.0,0.0,0.0,0.0,0.0,3.552713678800501e-15,0.0,0.0,0.0,0.0,-0.2737153520777511,0.0
0,spring_irrigation,春季灌溉日,55.0,17.75,0.25,56.34441217714075,24.54992743976776,12.729970450789295,0.0,0.0,0.0,2.430458530984349,45.535913128696976,0.0,0.0,12.78949156360965,4.476322047263377,5.755271203624343,3.645256656343266,11.66482130029845,4.2433234835964315,12.729970450789295,-0.0,0.0,0.0,-0.0,0.0,7.866010520472736,40.36118081219983,0.0,7.129834935844967,34.279064040595124,0.0,3.924288089663019,0.0,0.0,0.0,0.0,16.961818204998988,10.730455940889557,12.497136306647976,5.402144214755273,2.3789717117764724,6.5,135.96,20.394000000000002,41.0,45.0,0.07474936460216158,0.342464359783454,1.0,38.0942854891092,18.41244557982582,5.728486702855183,1.084019034320821,0.3539978038122754,0.1659887734732613,0.0,0.25759199037394886,1.8253267691302564,1.0213074116620666,20.27825223317972,2.99541609204453,16.106469976354017,7.734366128435161,52.42012408747773,47.96637165968132,47.96637165968132,0.0,2.55789831272193,0.6394745781804825,35.17110179992654,0.0,0.0,0.0,0.0,0.0,3.552713678800501e-15,0.0,0.0,0.0,0.0,-0.1871465988076899,0.0
0,spring_irrigation,春季灌溉日,55.0,18.0,0.25,56.535690839819914,24.961508514593135,12.378129541668946,0.0,0.0,0.0,1.247751531924184,43.46211347672948,0.0,0.0,12.78949156360965,4.476322047263377,5.755271203624343,3.645256656343266,11.66482130029845,4.126043180556315,12.378129541668946,-0.0,0.0,0.0,-0.0,0.0,11.188187424653394,37.41490290456622,0.0,7.541416010670341,32.27734134787211,0.0,3.932616196149061,0.0,0.0,0.0,0.0,17.4501425769116,10.638959926224084,12.385036890093131,5.349142923597687,2.3357603896906465,6.5,132.0,19.8,41.0,45.0,0.038374912800891184,0.3268678246239861,1.0,38.195974197957526,18.72113138594485,5.5701582937510254,1.154065548570751,0.34014748071260315,0.15843744412450295,0.0,0.2553553390593274,1.87573974034856,1.0272074503169988,20.069940203381464,2.9629174387907016,15.942339169143917,7.837590688118209,52.60307464367085,44.709865008653665,44.709865008653665,0.0,2.55789831272193,0.6394745781804825,35.17110179992654,0.0,0.0,0.0,0.0,7.105427357601002e-15,0.0,0.0,0.0,0.0,0.0,-0.3518409091203498,0.0
0,spring_irrigation,春季灌溉日,55.0,18.25,0.25,56.734156951250384,25.27150203273435,12.072485390060692,0.0,0.0,0.0,0.4690049269505614,41.6607775675752,0.0,0.0,12.78949156360965,4.476322047263377,5.755271203624343,3.645256656343266,11.66482130029845,4.024161796686897,12.072485390060692,-0.0,0.0,0.0,-0.0,0.0,13.859046140461126,33.76591475403649,0.0,7.851409528811557,30.19504227487935,0.0,3.938424722030282,0.0,0.0,0.0,0.0,17.88600883812667,10.519485705864069,12.270384728850782,5.29613947520614,2.293180469561384,6.5,132.0,19.8,41.0,45.0,0.014424364718800224,0.31332042200267585,1.0,38.29940566653819,18.953626524550764,5.432618425527312,1.193385247521207,0.32458354264801875,0.15139210845489745,0.0,0.25296729075500346,1.913656177389371,1.0214651403126966,19.859704673618307,2.9302509763027036,15.776669975265087,7.912484211703159,52.7957322292201,42.12978249452576,42.12978249452576,0.0,2.55789831272193,0.6394745781804825,35.17110179992654,0.0,0.0,0.0,0.0,0.0,3.552713678800501e-15,0.0,0.0,0.0,0.0,-0.305644151608254,0.0
0,spring_irrigation,春季灌溉日,55.0,18.5,0.25,56.46581763352893,25.509607406278956,11.944568644273629,0.0,0.0,0.0,0.08307799208575663,39.39120736156869,0.0,0.0,12.78949156360965,4.476322047263377,5.755271203624343,3.645256656343266,11.66482130029845,3.9815228814245427,11.944568644273629,-0.0,0.0,0.0,-0.0,0.0,16.20107532836763,29.50078558241257,0.0,8.089514902356163,28.05112504259555,0.0,3.940914442011292,0.0,0.0,0.0,0.0,18.251160793230415,10.37177948814254,12.154262243466759,5.2435343874494835,2.2515083660373563,6.5,132.0,19.8,41.0,45.0,0.002555084582462973,0.29625154484220456,1.0,38.107517379731284,19.132205554709216,5.375055889923133,1.1970537291248136,0.3080383351366096,0.1448833975799133,0.0,0.25043807145043606,1.9002139361140198,1.0029068654891478,19.6493049969536,2.8976794994851365,15.610850146657524,7.967444330640792,52.52490319151764,39.474285353654444,39.474285353654444,0.0,2.55789831272193,0.6394745781804825,35.17110179992654,0.0,0.0,0.0,0.0,0.0,3.552713678800501e-15,0.0,0.0,0.0,0.0,-0.12791674578706314,0.0
0,spring_irrigation,春季灌溉日,55.0,18.75,0.25,56.11286016849254,25.759094967340204,11.58899126238962,0.0,0.0,0.0,-0.0,37.42671469792642,0.0,0.0,12.78949156360965,4.476322047263377,5.755271203624343,3.645256656343266,11.66482130029845,3.8629970874632065,11.58899126238962,-0.0,0.0,0.0,-0.0,0.0,17.778708356132718,24.82070308099326,0.0,8.33900246341741,25.84262514759599,0.0,3.939368810976492,0.0,0.0,0.0,0.0,18.529190125581085,10.196522791712972,12.03775620402727,5.191697962944294,2.210990509706667,6.5,132.0,19.8,41.0,45.0,0.0,0.281477080553938,1.0,37.86705373699338,19.319321225505153,5.2150460680753286,1.1646036103541606,0.2912201767589911,0.13892773002937972,0.0,0.24777851165098014,1.8552663353406986,0.9718899304501227,19.440444676678233,2.8654542899487114,15.446223254262163,8.025860719638,52.17349135751605,37.42671469792642,37.42671469792642,0.0,2.55789831272193,0.6394745781804825,35.17110179992654,0.0,0.0,0.0,0.0,-7.105427357601002e-15,0.0,0.0,0.0,0.0,0.0,-0.3555773818840091,0.0
0,spring_irrigation,春季灌溉日,55.0,19.0,0.25,49.33575503949083,26.002810403733122,11.211598300322244,0.0,0.0,0.0,-0.0,33.49656561677449,0.0,0.0,12.78949156360965,4.476322047263377,5.755271203624343,3.645256656343266,11.66482130029845,3.737199433440748,11.211598300322244,-0.0,0.0,0.0,-0.0,0.0,16.63211684172208,20.44258919275445,0.0,8.582717899810328,23.571093861387897,0.0,2.113206623514891,0.0,0.0,0.0,0.0,18.706608596724895,9.995299302248357,11.921931069490492,5.14096670648026,2.1718418466392184,0.0,132.0,19.8,41.0,45.0,0.0,0.2519193996719001,1.0,33.27658598855144,19.50210780279984,5.04521923514501,1.1001223671969056,0.27476534528040114,0.13352868346558616,0.0,0.245,1.767693858289043,0.9303043853342252,19.234739622609972,2.833810941765934,15.284063731355845,8.082995781958754,47.222548415975936,33.49656561677449,33.49656561677449,0.0,2.55789831272193,0.6394745781804825,35.17110179992654,0.0,0.0,0.0,0.0,0.0,0.0,0.0,0.0,0.0,0.0,-0.3773929620673755,0.0
0,spring_irrigation,春季灌溉日,55.0,19.25,0.25,49.05634324407966,26.293412507120323,10.8543568068497,0.0,0.0,0.0,-0.0,32.925372000229544,0.0,0.0,12.78949156360965,4.476322047263377,5.755271203624343,3.645256656343266,11.66482130029845,3.6181189356165664,10.8543568068497,-0.0,0.0,0.0,-0.0,0.0,16.815997543947915,16.016304551729572,0.0,8.873320003197529,21.224224103089433,0.0,2.10202724459866,0.0,0.0,0.0,0.0,18.77376640564398,9.770519064815232,11.807804087845888,5.0916406205124645,2.134245039963459,0.0,132.0,19.8,41.0,45.0,0.0,0.24762359351007776,1.0,33.11739135768848,19.720059380340242,4.8844605630823645,1.0114062789520726,0.259202323709624,0.12867860273305876,0.0,0.24211443451095008,1.6502578349423658,0.8812532794751176,19.033689748321812,2.802965711025711,15.125554550934202,8.15365085882811,46.954315999481004,32.925372000229544,32.925372000229544,0.0,2.55789831272193,0.6394745781804825,35.17110179992654,0.0,0.0,0.0,0.0,7.105427357601002e-15,0.0,0.0,0.0,0.0,0.0,-0.35724149347254475,0.0
0,spring_irrigation,春季灌溉日,55.0,19.5,0.25,48.53942819654668,26.466816568427188,10.486793739478784,0.0,0.0,0.0,-0.0,33.996964831713036,0.0,0.0,12.78949156360965,4.476322047263377,5.755271203624343,3.645256656343266,11.66482130029845,3.4955979131595947,10.486793739478784,-0.0,0.0,0.0,-0.0,0.0,15.121351754611945,12.036200643183054,0.0,9.046724064504394,18.832895131957788,0.0,2.0856441324611854,0.0,0.0,0.0,0.0,18.725531143837703,9.525305712499879,11.696323022438598,5.0439813785173095,2.098350337462102,0.0,132.0,19.8,41.0,45.0,0.0,0.25568277861844135,1.0,32.79974411171345,19.85011242632039,4.719057182765453,0.9084122342018776,0.24493049347178397,0.1243603509825903,0.0,0.2391341716182545,1.5228889239130428,0.828497406322579,18.838654738418008,2.77311248506741,14.971768185999705,8.191930210184177,46.4537840640855,33.996964831713036,33.996964831713036,0.0,2.55789831272193,0.6394745781804825,35.17110179992654,0.0,0.0,0.0,0.0,0.0,3.552713678800501e-15,0.0,0.0,0.0,0.0,-0.3675630673709147,0.0
0,spring_irrigation,春季灌溉日,55.0,19.75,0.25,47.727828753404445,26.573482026089277,10.197961580887492,0.0,0.0,0.0,-0.0,36.476152648195146,0.0,0.0,12.78949156360965,4.476322047263377,5.755271203624343,3.645256656343266,11.66482130029845,3.3993205269624975,10.197961580887492,-0.0,0.0,0.0,-0.0,0.0,11.755827844383328,8.941959926734231,0.0,9.153389522166483,16.41469196803221,0.0,2.0641033968683575,0.0,0.0,0.0,0.0,18.561662366072394,9.263354427642,11.5883472005044,4.998211352998994,2.0642760546006094,0.0,132.0,19.8,41.0,45.0,0.0,0.2743281380725251,1.0,32.28315542911429,19.930111519566957,4.589082711399372,0.8014315923800426,0.23221338979544398,0.12054911680174364,0.0,0.23607197326515808,1.393501666344163,0.7758130099132952,18.650834608104002,2.744420439612481,14.823651339285005,8.212001565373027,45.66372535653609,36.476152648195146,36.476152648195146,0.0,2.55789831272193,0.6394745781804825,35.17110179992654,0.0,0.0,0.0,0.0,-7.105427357601002e-15,3.552713678800501e-15,0.0,0.0,0.0,0.0,-0.2888321585912923,0.0
0,spring_irrigation,春季灌溉日,55.0,20.0,0.25,46.96306356063027,26.538976269421603,9.931763704649702,0.0,0.0,0.0,-0.0,39.30891679456055,0.0,0.0,12.78949156360965,4.476322047263377,5.755271203624343,3.645256656343266,11.66482130029845,3.310587901549901,9.931763704649702,-0.0,0.0,0.0,-0.0,0.0,8.095983720638538,6.810990796990913,0.0,9.11888376549881,14.00677836796956,0.0,2.0376855560609615,0.0,0.0,0.0,0.0,18.286845325911493,8.988769722824829,11.484632387796797,4.95451345430169,2.0321096105102945,0.0,132.0,19.8,41.0,45.0,0.0,0.2956326578053506,1.0,31.799227101129254,19.904232202066204,4.469293667092366,0.6994454469311087,0.22118484928684853,0.11721420006985696,0.0,0.23294095225512607,1.2677619201930137,0.726421985631923,18.47125545260878,2.7170324226221845,14.682013752748368,8.193054161674038,44.9253780045693,39.30891679456055,39.30891679456055,0.0,2.55789831272193,0.6394745781804825,35.17110179992654,0.0,0.0,0.0,0.0,-7.105427357601002e-15,0.0,0.0,0.0,0.0,0.0,-0.2661978762377899,0.0
0,spring_irrigation,春季灌溉日,55.0,20.25,0.25,46.322713791192854,26.45689349355606,9.516773358300746,0.0,0.0,0.0,-0.0,41.73064752622074,0.0,0.0,12.660549516899787,4.431192330914925,5.697247282604904,3.645256656343266,11.66482130029845,3.1722577861002486,9.516773358300746,-0.0,0.0,0.0,-0.0,0.0,4.971498073571192,5.502361280721802,0.0,9.094824910652704,11.606400002298022,0.0,2.0068903029295075,0.0,0.0,0.0,0.0,17.910380481329142,8.705892839179185,11.38581979035809,4.91303171864422,2.0019090454130857,0.0,132.0,19.8,41.0,45.0,0.0,0.313845896710694,1.0,31.4001693155765,19.842670120167043,4.282548011235336,0.6090104203569958,0.21186511414784542,0.11432071156928099,0.0,0.2297545161008064,1.149839294369414,0.6826146577365593,18.300760554415398,2.6910640741898093,14.547521227210762,8.161316343861591,44.31582348826335,41.73064752622074,41.73064752622074,0.0,2.5321099033799577,0.6330274758449894,34.81651117147442,0.0,0.0,0.0,0.0,0.0,0.0,0.0,0.0,-0.045129716348451865,0.0,-0.41499034634895615,0.0
0,spring_irrigation,春季灌溉日,55.0,20.5,0.25,45.49296905238374,26.502420055780572,9.264055774848275,0.0,0.0,0.0,-0.0,45.97139883564064,0.0,0.0,8.440366344599857,2.9541282206099497,3.7981648550699356,3.645256656343266,11.66482130029845,3.0880185916160916,9.264055774848275,-0.0,0.0,0.0,-0.0,0.0,1.3283114836054697,5.15253050907736,0.0,11.039433900412186,8.695482617977877,0.0,1.972405760487038,0.0,0.0,0.0,0.0,17.445558856346633,8.419128573092484,11.292429282888031,4.87387256931688,1.9737049418543704,0.0,132.0,19.8,41.0,45.0,0.0,0.34573954026356873,1.0,30.86641477785964,19.876815041835428,4.168825098681724,0.5338253918054037,0.20418331773262943,0.11183113515097548,0.0,0.2265263096110026,1.0506167692240709,0.6456152253110623,18.140006794059282,2.6666036636315638,14.420692808400327,8.165854310697698,43.52056329189671,45.97139883564064,45.97139883564064,0.0,1.6880732689199716,0.4220183172299929,23.21100744764961,0.0,0.0,0.0,0.0,0.0,3.552713678800501e-15,0.0,0.0,-1.4770641103049753,0.0,-0.25271758345247086,0.0
0,spring_irrigation,春季灌溉日,55.0,20.75,0.25,44.37834864492194,26.492892454438458,9.005556322352028,0.0,0.0,0.0,-0.0,49.219444408086,0.0,0.0,4.220183172299929,1.4770641103049749,1.8990824275349678,5.251372956195425,16.80439345982536,3.001852107450676,9.005556322352028,-0.0,0.0,0.0,-0.0,0.0,0.0,5.152272882551906,0.0,7.789416567078131,6.641288411648327,0.0,1.9350651901770712,0.0,0.0,0.0,0.0,16.908783082733667,8.13278070014042,11.204856773638964,4.837106663981148,1.9475026688481034,0.0,132.0,19.8,41.0,45.0,0.0,0.37016728906858787,1.0,30.126193967221564,19.869669340828843,4.052500345058413,0.4749235096576211,0.19800274338699517,0.10970671546551213,0.0,0.22327015646150716,0.9805161068144336,0.6156678413084566,17.989466106468214,2.6437125994998647,14.301901936032815,8.155528900753918,42.44328345474487,49.219444408086,49.219444408086,0.0,0.8440366344599858,0.21100915861499644,11.605503723824805,0.0,0.0,0.0,0.0,0.0,0.0,0.0,0.0,-1.4770641103049749,5.139572159526908,-0.2584994524962472,0.0
0,spring_irrigation,春季灌溉日,55.0,21.0,0.25,43.25750965604293,26.387476256037196,8.814208946492517,0.0,0.0,0.0,-0.0,51.00503663341332,0.0,0.0,0.0,-0.0,-0.0,6.705252562549944,21.456808200159823,2.938069648830839,8.814208946492517,-0.0,0.0,0.0,-0.0,0.0,0.0,5.152015268907778,0.0,4.930668055877373,5.340423542211594,0.0,1.895795234010396,0.0,0.0,0.0,0.0,16.318516340837903,7.850903958749106,11.123375447485845,4.802771233561842,1.9232848674778156,0.0,132.0,19.8,41.0,45.0,0.0,0.3835962873309651,1.0,29.375476100783466,19.7906071920279,3.9663940259216326,0.4312892781076576,0.19314570572330614,0.10790864805221334,0.0,0.22,0.929266896936342,0.5922710245909865,17.8494315485255,2.6224265465845527,14.191381214486169,8.118906326521369,41.361714422032534,51.00503663341332,51.00503663341332,0.0,0.0,0.0,0.0,0.0,0.0,0.0,0.0,0.0,0.0,0.0,0.0,-1.4770641103049749,4.652414740334464,-0.191347375859511,0.0
0,spring_irrigation,春季灌溉日,55.0,21.25,0.25,42.22801056739877,26.119031237983975,8.41378149883711,0.0,0.0,0.0,-0.0,52.5524498330034,0.0,0.0,0.0,-0.0,-0.0,9.374321195625187,29.997827826000602,2.8045938329457036,8.41378149883711,-0.0,0.0,0.0,-0.0,0.0010846347934556633,0.0,5.152015268907778,3.878796588016627,0.0,6.258967520094437,0.0,1.8555603977597186,0.0,0.0,0.0,0.0,15.694153966518048,7.577178916858728,11.048140488843012,4.7708728142498655,1.9010140983968118,0.0,132.0,19.8,41.0,45.0,0.0,0.395233999947386,1.0,28.68117381603859,19.58927342848798,3.7862016744767,0.400649220947688,0.18941567645829024,0.1063990612206606,0.0,0.21672984353849287,0.8946236428018098,0.5744707073126567,17.720027401489688,2.602757066873436,14.089230352398138,8.037181109486928,40.37245016963905,52.5524498330034,52.5524498330034,0.0,0.0,0.0,0.0,0.0,0.0,0.0,0.0,0.0,0.0,0.0,0.0,0.0,8.541019625840779,-0.4004274476554066,0.0
0,spring_irrigation,春季灌溉日,55.0,21.5,0.25,41.3910963604964,25.85819747521711,7.965495664585506,0.0,-0.0,0.0,-0.0,56.443203107873366,0.0,0.0,0.0,-0.0,-0.0,9.881507312267312,31.6208233992554,2.655165221528502,7.965495664585506,-0.0,0.0,3.041506694539966,1.7841721590707,1.0546950908752706,0.0,5.402247752227209,7.546798083108989,0.0,8.048202581072776,0.0,1.5807675718340803,0.0,0.0,0.0,0.0,15.054914121920824,7.314814128735287,10.97919677912211,4.741390273451254,1.8806355757221045,0.0,132.0,19.8,41.0,45.0,0.0,0.4244953946972369,1.0,28.110564882952573,19.393648106412833,3.5844730490634777,0.3802177890975638,0.18661517828787932,0.10514179014121908,0.0,0.2134736903889974,0.8772281031871886,0.5611344679823075,17.601222628295467,2.584693689374742,13.99542673740324,7.958120918566871,39.81032878866232,56.443203107873366,56.443203107873366,0.0,0.0,0.0,0.0,0.0,0.0,-0.0,0.0,0.0,0.0,0.0,0.0,0.0,1.6229955732547978,-0.44828583425160407,0.0
0,spring_irrigation,春季灌溉日,55.0,21.75,0.25,40.38627766624003,25.57912195253435,7.704522413439308,0.0,-0.0,0.0,-0.0,57.756836224245795,0.0,0.0,0.0,-0.0,-0.0,9.881507312267312,31.6208233992554,2.5681741378131027,7.704522413439308,-0.0,0.0,3.041506694539966,1.7841721590707,3.655292295781784,0.0,6.270109560087771,7.825873605791749,0.0,9.90282346115778,0.0,1.7759218823963947,0.0,0.0,0.0,0.0,14.418835097385218,7.066477961279666,10.916488991715509,4.714278032830902,1.8620799176630443,0.0,132.0,19.8,41.0,45.0,0.0,0.43437490502828846,1.0,27.417020392369608,19.184341464400763,3.467035086047689,0.3672624731026302,0.18455883617672247,0.10410295255905022,0.0,0.21024548389919362,0.8776578508685533,0.5511589179170053,17.492846942209457,2.5682063068012932,13.909838062490065,7.874470774515439,38.61035578384363,57.756836224245795,57.756836224245795,0.0,0.0,0.0,0.0,0.0,0.0,-0.0,0.0,0.0,0.0,0.0,0.0,0.0,0.0,-0.26097325114619796,0.0
0,spring_irrigation,春季灌溉日,55.0,22.0,0.25,39.12047069797254,25.256977205763288,7.3554933485529395,0.0,0.0,0.0,-0.0,57.07967194905872,0.0,0.0,0.0,-0.0,-0.0,9.881507312267312,31.6208233992554,2.451831116184313,7.3554933485529395,-0.0,0.0,3.041506694539966,1.7841721590707,4.322532643846813,0.0,7.296397557523385,8.148018352562811,0.0,11.833026408160869,0.0,1.7381765157522262,0.0,0.0,0.0,0.0,13.80194934376679,6.83426048875156,10.859873471001105,4.6894693965312575,1.8452658514823517,0.0,62.0,9.299999999999999,41.0,45.0,0.0,0.42928211970706864,1.0,26.556319114562122,18.942732904322465,3.309972006848823,0.3594426470575059,0.18308168911423775,0.10325134241556064,0.0,0.20705904774487396,0.8664637830013815,0.5435944123817283,17.394608719014716,2.553247795221876,13.832236401465037,7.779259022603045,37.38229418222031,57.07967194905872,57.07967194905872,0.0,0.0,0.0,0.0,0.0,0.0,0.0,0.0,0.0,0.0,0.0,0.0,0.0,0.0,-0.349029064886369,0.0
0,spring_irrigation,春季灌溉日,55.0,22.25,0.25,38.03543045012393,25.05397823252639,7.0743481689436996,0.0,0.0,0.0,-0.0,58.843305207290854,0.0,0.0,0.0,-0.0,-0.0,9.881507312267312,31.6208233992554,2.3581160563145667,7.0743481689436996,-0.0,0.0,3.041506694539966,1.7841721590707,7.229458247421313,0.0,9.01302907140807,8.35101732579971,0.0,13.81047650983422,0.0,1.7027135533762376,0.0,0.0,0.0,0.0,13.217681054339021,6.619664061218702,10.809131278498235,4.666879899763706,1.8301028186594543,0.0,62.0,9.299999999999999,41.0,45.0,0.0,0.44254596999961154,1.0,25.81593049842271,18.790483674394793,3.1834566760246648,0.35494578134957355,0.182043365555862,0.10255866241721266,0.0,0.20392802673484192,0.861555894995013,0.5376958009350454,17.306113996921397,2.539756755482335,13.762313140460217,7.717882804447189,36.3327168967477,58.843305207290854,58.843305207290854,0.0,0.0,0.0,0.0,0.0,0.0,0.0,0.0,0.0,0.0,0.0,0.0,0.0,0.0,-0.2811451796092399,0.0
0,spring_irrigation,春季灌溉日,55.0,22.5,0.25,37.457302857894575,24.925011537465327,6.926098613528464,0.0,0.0,0.0,-0.0,61.25840785402714,0.0,0.0,0.0,-0.0,-0.0,9.881507312267312,31.6208233992554,2.3086995378428212,6.926098613528464,-0.0,0.0,3.041506694539966,1.7841721590707,10.239413576631875,0.0,11.44443914440457,8.479984020860773,0.0,15.817567476533739,0.0,1.6700221251494063,0.0,0.0,0.0,0.0,12.676488354326455,6.423619654902873,10.763981815281351,4.646410601804602,1.8164934350259616,0.0,62.0,9.299999999999999,41.0,45.0,0.0,0.46070936071472235,1.0,25.42620929852877,18.693758653098996,3.116744376087809,0.35248042717649075,0.18132900225654827,0.10199961937688362,0.0,0.20086582838174552,0.8495254269599288,0.532920645493209,17.226885852111916,2.5276602818643017,13.699694206690104,7.677684896939334,35.78728073274517,61.25840785402714,61.25840785402714,0.0,0.0,0.0,0.0,0.0,0.0,0.0,0.0,0.0,0.0,0.0,0.0,0.0,0.0,-0.14824955541523543,0.0
0,spring_irrigation,春季灌溉日,55.0,22.75,0.25,36.7820069584966,24.615440563806395,6.469056801012252,0.0,0.0,0.0,-0.0,60.481442066531365,0.0,0.0,0.0,-0.0,-0.0,9.881507312267312,31.6208233992554,2.1563522670040842,6.469056801012252,-0.0,0.0,3.041506694539966,1.7841721590707,10.260503335140399,0.0,13.880736464543194,8.789554994519705,0.0,17.897178003993904,0.0,1.6404345009169967,0.0,0.0,0.0,0.0,12.185746221069031,6.24652498541183,10.724096480062967,4.6279512574984665,1.8043357698048252,0.0,62.0,9.299999999999999,41.0,45.0,0.0,0.45486599286051105,1.0,24.97109414956448,18.461580422854794,2.9110755604555134,0.35119115550605257,0.18084786708158976,0.10155190720389393,0.0,0.19788556548904992,0.8376014666110992,0.5288984150823332,17.156383507366257,2.516876673314342,13.64395509015727,7.587339897030537,35.141572457579606,60.481442066531365,60.481442066531365,0.0,0.0,0.0,0.0,0.0,0.0,0.0,0.0,0.0,0.0,0.0,0.0,0.0,0.0,-0.4570418125162119,0.0
0,spring_irrigation,春季灌溉日,55.0,23.0,0.25,36.02184694876877,24.374961765630626,6.242600026495793,0.0,0.0,0.0,-0.0,61.06295942766575,0.0,0.0,0.0,-0.0,-0.0,9.881507312267312,31.6208233992554,2.0808666754985974,6.242600026495793,-0.0,0.0,3.041506694539966,1.7841721590707,11.651363697969622,0.0,16.64724130598775,9.030033792695473,0.0,20.032862440757082,0.0,1.6141319013785118,0.0,0.0,0.0,0.0,11.74984496085514,6.08829964275534,10.689111891213214,4.611383312205518,1.793525416576284,0.0,62.0,9.299999999999999,41.0,45.0,0.0,0.4592394413564488,1.0,24.47094629357588,18.28122132422297,2.809170011923107,0.3505477228474833,0.18053058166192898,0.10119610203089346,0.0,0.195,0.8077929905509631,0.5253896019877735,17.094020619995018,2.507318014789361,13.594635223577978,7.516734534336749,34.407715047390255,61.06295942766575,61.06295942766575,0.0,0.0,0.0,0.0,0.0,0.0,0.0,0.0,0.0,0.0,0.0,0.0,0.0,0.0,-0.22645677451645962,0.0
0,spring_irrigation,春季灌溉日,55.0,23.25,0.25,35.232374390247365,24.128791910306656,6.256902885820652,0.0,-0.0,0.0,-0.0,61.26344910339839,0.0,0.0,0.0,-0.0,-0.0,9.881507312267312,31.6208233992554,2.0856342952735507,6.256902885820652,-0.0,0.0,3.041506694539966,1.7841721590707,12.613585376638525,0.0,19.642135470874102,9.276203648019443,0.0,22.22594437594132,0.0,1.5911589655683287,0.0,0.0,0.0,0.0,11.370463387806682,5.948452188512579,10.658642282316265,4.596582676284135,1.7839573379262563,0.0,62.0,9.299999999999999,41.0,45.0,0.0,0.4607472747065546,1.0,23.950628069916174,18.09659393272999,2.815606298619293,0.3502411591059306,0.18032568600964824,0.1009154924615823,0.0,0.1922214883490199,0.7788724389600878,0.5222467430408224,17.039182296526658,2.498892569952872,13.551251365117949,7.444900669815321,33.64121542467904,61.26344910339839,61.26344910339839,0.0,0.0,0.0,0.0,0.0,0.0,-0.0,0.0,0.0,0.0,0.0,0.0,0.0,0.0,0.014302859324859085,0.0
0,spring_irrigation,春季灌溉日,55.0,23.5,0.25,34.71442164200212,24.056769795511396,6.0343549845493065,0.0,-0.0,0.0,-0.0,61.20643661358417,0.0,0.0,0.0,-0.0,-0.0,9.881507312267312,31.6208233992554,2.0114516615164355,6.0343549845493065,-0.0,0.0,3.041506694539966,1.7841721590707,13.128993672705057,0.0,22.75928936136801,9.348225762814703,0.0,24.435035022421843,0.0,1.5714443694467282,0.0,0.0,0.0,0.0,11.046966763755245,5.826154207283012,10.632290768725326,4.583422246266781,1.7755274736669184,0.0,62.0,9.299999999999999,41.0,45.0,0.0,0.4603184978470963,1.0,23.596893599793617,18.042577346633546,2.715459743047188,0.35010167095104383,0.1801960958381208,0.10069586562510512,0.0,0.18956192854956397,0.7769059998118537,0.5193829631042303,16.991240488659027,2.4915069407817816,13.513309712435367,7.422164267704579,33.14297727255539,61.20643661358417,61.20643661358417,0.0,0.0,0.0,0.0,0.0,0.0,-0.0,0.0,0.0,0.0,0.0,0.0,0.0,0.0,-0.22254790127134516,0.0
0,spring_irrigation,春季灌溉日,55.0,23.75,0.25,34.447745813863584,23.807942058758385,5.977691148117347,0.0,-0.0,0.0,-0.0,60.44818255841467,0.0,0.0,0.0,-0.0,-0.0,9.881507312267312,31.6208233992554,1.9925637160391156,5.977691148117347,-0.0,0.0,3.041506694539966,1.7841721590707,12.639683990058735,0.0,25.760076344538888,9.597053499567714,0.0,26.70211771105797,0.0,1.5548249683540392,0.0,0.0,0.0,0.0,10.776877053697623,5.7203166688709155,10.60965927149968,4.57177415051892,1.7681341098679377,0.0,62.0,9.299999999999999,41.0,45.0,0.0,0.45461585631176754,1.0,23.411397903045657,17.85595654406879,2.689961016652806,0.3500410431344285,0.1801158137317086,0.10052526693149218,0.0,0.18703270924499654,0.7791448516351757,0.5167492487303357,16.949567531886537,2.4850679638443136,13.480316560320938,7.350229848270091,32.89292084550954,60.44818255841467,60.44818255841467,0.0,0.0,0.0,0.0,0.0,0.0,-0.0,0.0,0.0,0.0,0.0,0.0,0.0,0.0,-0.0566638364319596,0.0
1,spring_pv_high,春秋光伏大发日,65.0,0.0,0.25,30.36912887850599,19.726434692112747,5.004839246295293,0.0,5.0,-5.0,-0.0,53.62624739424424,0.0,0.0,0.0,-0.0,-0.0,7.5335379592159235,24.107321469490955,1.6682797487650978,5.004839246295293,-0.0,0.0,3.041506694539966,1.7841721590707,6.013794113217266,0.0,27.18706444261076,6.165058936448908,0.0,28.15296814960906,0.0,0.0,0.0,0.0,0.0,0.0,9.500218936363362,5.067937531720355,9.723455268155119,4.052756238808911,1.353025517839139,0.0,52.0,7.8,40.5,45.0,0.0,0.40330976628390486,1.0,17.74173473808494,13.808504284478921,2.001935698518117,0.0,0.2016000871173399,0.10000721175353074,0.0,0.19941623381592644,0.5050551467827175,0.4205719736854457,15.12923702480317,2.1939763690888285,12.043843847380836,6.091166806107327,30.36912887850599,53.62624739424424,53.62624739424424,0.0,0.0,0.0,0.0,0.0,0.0,0.0,0.0,3.552713678800501e-15,0.0,0.0,-5.0,0.0,-1.6243843429700924,-0.2893927654978503,0.0
1,spring_pv_high,春秋光伏大发日,65.0,0.25,0.25,30.633875207568973,19.807161452052434,4.995014062255291,0.0,5.0,-5.0,-0.0,53.71144297493564,0.0,0.0,0.0,-0.0,-0.0,7.5335379592159235,24.107321469490955,1.6650046874184303,4.995014062255291,-0.0,0.0,3.041506694539966,1.7841721590707,5.837518426192339,0.0,28.57211571560931,6.084332176509221,0.0,29.583920557455198,0.0,0.0,0.0,0.0,0.0,0.0,9.502444822878466,5.070478362042015,9.73528850149318,4.053423501558948,1.353728726067011,0.0,52.0,7.8,40.5,45.0,0.0,0.40395050121142023,1.0,17.890946899431096,13.865013016436702,1.9980056249021165,0.0,0.2016002136797004,0.10001045666848735,0.0,0.19700065039613524,0.5085877576080405,0.41828017845375737,15.142440729119139,2.1956711701945344,12.054153925273623,6.11395025739146,30.633875207568973,53.71144297493564,53.71144297493564,0.0,0.0,0.0,0.0,0.0,0.0,0.0,0.0,1.4210854715202004e-14,0.0,0.0,0.0,0.0,0.0,-0.0098251840400021,0.0
1,spring_pv_high,春秋光伏大发日,65.0,0.5,0.25,30.66820306944924,19.968162235933157,5.07260561594005,0.0,5.0,-5.0,-0.0,55.80753025920163,0.0,0.0,0.0,-0.0,-0.0,7.5335379592159235,24.107321469490955,1.6908685386466835,5.07260561594005,-0.0,0.0,3.041506694539966,1.7841721590707,7.8734139973498145,0.0,30.440622934194113,5.923331392628498,0.0,30.97591980292574,0.0,0.0,0.0,0.0,0.0,0.0,9.508881693133121,5.073748351001649,9.748943149094858,4.054235724974795,1.3545774623079114,0.0,52.0,7.8,40.5,45.0,0.0,0.4197146561505688,1.0,17.92114176567549,13.97771356515321,2.02904224637602,0.0,0.2016005097511223,0.10001505670250135,0.0,0.1947589196242733,0.48719120018304535,0.4161548815010965,15.157756336377565,2.1976426500945863,12.06611415263401,6.159248227274692,30.66820306944924,55.80753025920163,55.80753025920163,0.0,0.0,0.0,0.0,0.0,0.0,0.0,0.0,3.552713678800501e-15,0.0,0.0,0.0,0.0,0.0,0.07759155368475934,0.0
1,spring_pv_high,春秋光伏大发日,65.0,0.75,0.25,30.821907107417452,20.122781550688426,5.10942710015536,0.0,5.0,-5.0,-0.0,57.48659124421421,0.0,0.0,0.0,-0.0,-0.0,7.5335379592159235,24.107321469490955,1.7031423667184533,5.10942710015536,-0.0,0.0,3.041506694539966,1.7841721590707,9.386497116322417,0.0,32.66839396817398,5.768712077873229,0.0,32.33050096151917,0.0,0.0,0.0,0.0,0.0,0.0,9.519609418996652,5.077929043113531,9.76462122504508,4.055220216493816,1.3555974807940787,0.0,52.0,7.8,40.5,45.0,0.0,0.432342459257197,1.0,18.00225363161285,14.085947085481898,2.043770840062144,0.0,0.20160118274025798,0.1000215303190446,0.0,0.19270064093566258,0.4976867323852926,0.4142058140942002,15.175438922332972,2.199925631748994,12.07992412789158,6.2028039980552,30.821907107417452,57.48659124421421,57.48659124421421,0.0,0.0,0.0,0.0,0.0,0.0,0.0,0.0,3.552713678800501e-15,0.0,0.0,0.0,0.0,0.0,0.0368214842153094,0.0
1,spring_pv_high,春秋光伏大发日,65.0,1.0,0.25,30.71942334869158,20.204062524739722,5.146977098716984,0.0,5.0,-5.0,-0.0,60.70707755113796,0.0,0.0,0.0,-0.0,-0.0,7.5335379592159235,24.107321469490955,1.7156590329056611,5.146977098716984,-0.0,0.0,3.041506694539966,1.7841721590707,12.69695051578482,0.0,35.682286295974464,5.6874311038219325,0.0,33.66510059819612,0.0,0.0,0.0,0.0,0.0,0.0,9.534753962849939,5.083238757545898,9.782532484419777,4.0564084472310755,1.356818109699834,0.0,52.0,7.8,40.5,45.0,0.0,0.45656294163063527,1.0,17.952846649450848,14.142843767317805,2.0587908394867935,0.0,0.2016026690507574,0.10003057420178106,0.0,0.19083462819564032,0.4773468529194102,0.4124422819029914,15.195759041350687,2.20255740276593,12.095795641450032,6.225877442451579,30.71942334869158,60.70707755113796,60.70707755113796,0.0,0.0,0.0,0.0,0.0,0.0,0.0,0.0,7.105427357601002e-15,0.0,0.0,0.0,0.0,0.0,0.03754999856162389,0.0
1,spring_pv_high,春秋光伏大发日,65.0,1.25,0.25,30.712159794595706,20.1881683083662,5.268932699365177,0.0,5.0,-5.0,-0.0,63.17053692411713,0.0,0.0,0.0,-0.0,-0.0,7.5335379592159235,24.107321469490955,1.7563108997883923,5.268932699365177,-0.0,0.0,3.041506694539966,1.7841721590707,15.127021575977139,0.0,39.27316980595423,5.703325320195454,0.0,35.00280781144344,0.0,0.0,0.0,0.0,0.0,0.0,9.554518026242901,5.089937670030076,9.802891911014758,4.05783647311171,1.3582725403493057,0.0,52.0,7.8,40.5,45.0,0.0,0.4750900113445001,1.0,17.93720943274874,14.131717815856339,2.107573079746071,0.0,0.20160585815084742,0.10004311653534873,0.0,0.18916887195723484,0.49433893459232703,0.41087333394678016,15.219000924475774,2.205577553358726,12.113951286519082,6.2218031014543485,30.712159794595706,63.17053692411713,63.17053692411713,0.0,0.0,0.0,0.0,0.0,0.0,0.0,0.0,1.0658141036401503e-14,0.0,0.0,0.0,0.0,0.0,0.12195560064819322,0.0
1,spring_pv_high,春秋光伏大发日,65.0,1.5,0.25,30.80384041880341,20.23721861801691,5.28214585492766,0.0,5.0,-5.0,-0.0,66.12205431599993,0.0,0.0,0.0,-0.0,-0.0,7.5335379592159235,24.107321469490955,1.7607152849758867,5.28214585492766,-0.0,0.0,3.041506694539966,1.7841721590707,17.982453958464745,0.0,43.542038962599314,5.654275010544744,0.0,36.328196722542096,0.0,0.0,0.0,0.0,0.0,0.0,9.579221772437176,5.098332963615538,9.825916665404623,4.059545353579768,1.359998096884418,0.0,52.0,7.8,40.5,45.0,0.0,0.4972876449165799,1.0,18.00067721192025,14.166053032611837,2.112858341971064,0.0,0.20161250548480011,0.10006038327302245,0.0,0.1877105052443905,0.4742384650913381,0.40950807876725126,15.24546011586881,2.209027744807485,12.134622632850988,6.2359844987703115,30.80384041880341,66.12205431599993,66.12205431599993,0.0,0.0,0.0,0.0,0.0,0.0,0.0,0.0,3.552713678800501e-15,0.0,0.0,0.0,0.0,0.0,0.013213155562483259,0.0
1,spring_pv_high,春秋光伏大发日,65.0,1.75,0.25,30.803817266476365,20.314166477387072,5.301994623233601,0.0,5.0,-5.0,0.0,60.054722132968294,-0.0,4.757544271651128,0.0,-0.0,-0.0,7.5335379592159235,24.107321469490955,1.7673315410778672,5.301994623233601,-0.0,0.0,3.041506694539966,1.7841721590707,11.90852867165817,0.0,46.36813742017,5.5773271511745826,0.0,37.63464782258479,0.0,0.0,0.0,0.0,0.0,0.0,9.609354230021097,5.108783854822524,9.851822491723667,4.0615815564890285,1.3620364751853222,0.0,52.0,7.8,40.5,45.0,0.0,0.487437053422888,1.0,17.989068553787405,14.219916534170949,2.1207978492934405,0.0,0.2016259643096087,0.10008397954363103,0.0,0.18646577300726433,0.49224431333065555,0.40835624096289513,15.275440523398016,2.212951403715636,12.158047944258458,6.2580597037208605,30.803817266476365,64.81226640461942,60.054722132968294,4.757544271651128,0.0,0.0,0.0,0.0,0.0,0.0,0.0,3.552713678800501e-15,0.0,0.0,0.0,0.0,0.0,0.019848768305941178,0.0
1,spring_pv_high,春秋光伏大发日,65.0,2.0,0.25,30.63381541334748,20.571610269903456,5.329512214862798,0.0,5.0,-5.0,0.0,47.99512585186538,-0.0,17.674009322295277,0.0,-0.0,-0.0,7.5335379592159235,24.107321469490955,1.7765040716209326,5.329512214862798,-0.0,0.0,3.041506694539966,1.7841721590707,0.009761713141074324,0.0,46.36813742017,5.319883358658199,0.0,38.87930279635482,0.0,0.0,0.0,0.0,0.0,0.0,9.645634346059774,5.1217062515127605,9.880819600094178,4.063997335638185,1.3644339383478155,0.0,52.0,7.8,40.5,45.0,0.0,0.4938813518769459,1.0,17.903247163193814,14.400127188932418,2.1318048859451193,0.0,0.2016524311387308,0.10011598836770236,0.0,0.18544000538039032,0.4686118499778257,0.4074290964394145,15.309250874080178,2.2173933388626943,12.184469432332724,6.33076877132663,30.63381541334748,65.66913517416066,47.99512585186538,17.674009322295277,0.0,0.0,0.0,0.0,0.0,0.0,0.0,7.105427357601002e-15,0.0,0.0,0.0,0.0,0.0,0.027517591629196758,0.0
1,spring_pv_high,春秋光伏大发日,65.0,2.25,0.25,30.54023040227472,20.787163111432292,5.206082865734584,0.0,5.0,-5.0,0.0,47.86039772441654,-0.0,16.961585016232064,0.0,-0.0,-0.0,7.5335379592159235,24.107321469490955,1.7353609552448612,5.206082865734584,-0.0,0.0,3.041506694539966,1.7841721590707,0.009761713141074324,0.0,46.36813742017,5.1043305171293625,0.0,40.072141642774874,0.0,0.0,0.0,0.0,0.0,0.0,9.689078087851582,5.137576747598316,9.91310806276855,4.066851065259451,1.3672414546534162,0.0,52.0,7.8,40.5,45.0,0.0,0.4875101275871915,1.0,17.848914535367655,14.551014178002603,2.0824331462938335,0.0,0.20170297648543548,0.10015908873524831,0.0,0.18463759485822556,0.46751737322159453,0.4067409785168426,15.347200582681417,2.2223992793026786,12.214130052433058,6.391857218259413,30.54023040227472,64.82198274064861,47.86039772441654,16.961585016232064,0.0,0.0,0.0,0.0,0.0,0.0,0.0,0.0,0.0,0.0,0.0,0.0,0.0,-0.12342934912821413,0.0
1,spring_pv_high,春秋光伏大发日,65.0,2.5,0.25,30.685852926400415,20.905207785143446,5.203555510663108,0.0,5.0,-5.0,0.0,51.3806216187558,-0.0,11.721433942894663,0.0,-0.0,-0.0,7.5335379592159235,24.107321469490955,1.7345185035543693,5.203555510663108,-0.0,0.0,3.041506694539966,1.7841721590707,0.009761713141074324,0.0,46.36813742017,4.986285843418209,0.0,41.23634845976532,3.3754438219040455,0.0,0.0,0.0,0.0,0.0,9.741064487366675,5.156935610440952,9.948872785334288,4.070207513686942,1.3705147627952512,0.0,52.0,7.8,40.5,45.0,0.0,0.4745749799254976,1.0,17.94980859388767,14.633645449600412,2.0814222042652433,0.0,0.2017967084901995,0.10021669479906908,0.0,0.18406197748581427,0.4384443160317134,0.40631159987382537,15.38959506181648,2.228015334518719,12.247269863544096,6.425767438238267,34.06129674830446,63.10205556165046,51.3806216187558,11.721433942894663,0.0,0.0,0.0,0.0,0.0,0.0,0.0,7.105427357601002e-15,0.0,0.0,0.0,0.0,0.0,-0.002527355071475945,0.0
1,spring_pv_high,春秋光伏大发日,65.0,2.75,0.25,30.607682324105088,21.145361572233398,5.066099998807231,0.0,5.0,-5.0,0.0,47.88118869060447,-0.0,13.866984494981274,0.0,-0.0,-0.0,7.533537959215929,24.107321469490973,1.6886999996024104,5.066099998807231,-0.0,0.0,3.041506694539966,1.7841721590707,0.009761713141074324,0.0,46.36813742017,4.746132056328275,0.0,42.3429366489134,0.0,0.0,0.0,0.0,0.0,0.0,9.803389328156097,5.180388373043958,9.988278139102892,4.074138036514783,1.3743143482322386,0.0,52.0,7.8,40.5,45.0,0.0,0.4643927648498784,1.0,17.904033148646352,14.801753100563378,2.0264399995228923,0.0,0.20196546383663208,0.10029311740868342,0.0,0.18371561814511542,0.43895183952744193,0.40616946759131717,15.436730523849914,2.2342873798761005,12.284121990630181,6.494008865828338,30.607682324105088,61.74817318558574,47.88118869060447,13.866984494981274,0.0,0.0,0.0,0.0,0.0,0.0,0.0,0.0,0.0,0.0,0.0,0.0,1.7763568394002505e-14,-0.1374555118558769,0.0
1,spring_pv_high,春秋光伏大发日,65.0,3.0,0.25,30.712926737747843,21.30820998471004,4.824300411292357,0.0,5.0,-5.0,0.0,47.905833241742265,-0.0,14.916567723866805,0.0,-0.0,-0.0,7.533537959215929,24.107321469490973,1.6081001370974521,4.824300411292357,-0.0,0.0,3.041506694539966,1.7841721590707,0.009761713141074324,0.0,46.36813742017,4.583283643851633,0.0,43.41029504600371,0.0,0.0,0.0,0.0,0.0,0.0,9.87829087866761,5.20860560909331,10.031462366223378,4.078720667913352,1.3787053140259415,0.0,52.0,7.8,40.5,45.0,0.0,0.47247176675563896,1.0,17.981895891105296,14.915746989297027,1.9297201645169428,0.0,0.20226039226461814,0.10039374840127292,0.0,0.18359999999999999,0.4102728705772931,0.4063566481463783,15.488888348162671,2.2412603732569156,12.324908246158397,6.540763405676549,30.712926737747843,62.82240096560907,47.905833241742265,14.916567723866805,0.0,0.0,0.0,0.0,0.0,0.0,0.0,3.552713678800501e-15,0.0,0.0,0.0,0.0,0.0,-0.2417995875148744,0.0
1,spring_pv_high,春秋光伏大发日,65.0,3.25,0.25,30.6796210806859,21.742059356045903,4.808962129970552,0.0,5.0,-5.0,0.0,47.867414824239724,-0.0,12.392360757645356,0.0,-0.0,-0.0,7.533537959215929,24.107321469490973,1.6029873766568505,4.808962129970552,-0.0,0.0,3.041506694539966,1.7841721590707,0.009761713141074324,0.0,46.36813742017,4.149434272515769,0.0,44.3740805382032,0.0,0.0,0.0,0.0,0.0,0.0,9.968428645320948,5.242320449205757,10.078531894109629,4.084040087525135,1.3837571294618645,0.0,52.0,7.8,40.5,45.0,0.0,0.45319889395913865,1.0,17.942455837614766,15.219441549232132,1.9235848519882208,0.0,0.20276063539416272,0.10052526693149218,0.0,0.18371561814511542,0.4459645024744378,0.40693502225211653,15.546329111096627,2.24897761152929,12.369834485889669,6.663576109997999,30.6796210806859,60.25977558188508,47.867414824239724,12.392360757645356,0.0,0.0,0.0,0.0,0.0,0.0,0.0,7.105427357601002e-15,0.0,0.0,0.0,0.0,0.0,-0.015338281321804814,0.0
1,spring_pv_high,春秋光伏大发日,65.0,3.5,0.25,30.865772835223307,22.2620493150558,4.730945317990017,0.0,5.0,-5.0,0.0,48.02756097478362,-0.0,11.286331531170973,0.0,-0.0,-0.0,7.533537959215929,24.107321469490973,1.5769817726633388,4.730945317990017,-0.0,0.0,3.041506694539966,1.7841721590707,0.009761713141074324,0.0,46.36813742017,3.6294443135058714,0.0,45.213886522391746,0.0,0.0,0.0,0.0,0.0,0.0,10.076794839500437,5.2823233962566665,10.12955571927092,4.090187439636318,1.3895432402610668,0.0,52.0,7.8,40.5,45.0,0.0,0.4460851408844387,1.0,18.046670054274443,15.58343452053906,1.8923781271960067,0.0,0.2035839280040394,0.10069586562510512,0.0,0.18406197748581427,0.454262236951758,0.40799390727694573,15.609286399168305,2.257479938304482,12.41908579210652,6.810706586633523,30.865772835223307,59.31389250595459,48.02756097478362,11.286331531170973,0.0,0.0,0.0,0.0,0.0,0.0,0.0,7.105427357601002e-15,0.0,0.0,0.0,0.0,0.0,-0.07801681198053512,0.0
1,spring_pv_high,春秋光伏大发日,65.0,3.75,0.25,31.025346163473284,22.625135263217363,4.732228574490402,0.0,5.0,-5.0,0.0,51.60035013318245,-0.0,9.079690237341538,0.0,-0.0,-0.0,7.533537959215929,24.107321469490973,1.577409524830134,4.732228574490402,-0.0,0.0,3.041506694539966,1.7841721590707,0.009761713141074324,0.0,46.36813742017,3.26635836534431,0.0,45.967039690899824,3.412788077982061,0.0,0.0,0.0,0.0,0.0,10.206540536793257,5.329454021185074,10.184560041285307,4.09725998124661,1.396140525333592,0.0,52.0,7.8,40.5,45.0,0.0,0.4563596016707416,1.0,18.139361920789696,15.837594684252153,1.892891429796161,0.0,0.20489831605990444,0.1009154924615823,0.0,0.18463759485822556,0.45689195447840925,0.40965847957267143,15.67796054786551,2.2668049171520166,12.47282159431481,6.914123966760639,34.438134241455344,60.68004037052399,51.60035013318245,9.079690237341538,0.0,0.0,0.0,0.0,0.0,0.0,0.0,7.105427357601002e-15,0.0,0.0,0.0,0.0,0.0,0.0012832565003852991,0.0
1,spring_pv_high,春秋光伏大发日,65.0,4.0,0.25,31.416402945335108,23.05894874869248,4.711785114349762,0.0,5.0,-5.0,0.0,52.027608674335525,-0.0,6.814374088462337,0.0,-0.0,-0.0,7.533537959215929,24.107321469490973,1.5705950381165874,4.711785114349762,-0.0,0.0,3.041506694539966,1.7841721590707,0.009761713141074324,0.0,46.36813742017,2.832544879869193,0.0,46.61678558002331,3.455804323986862,0.0,0.0,0.0,0.0,0.0,10.360705557241307,5.384589172559755,10.243523344076204,4.1053605363654935,1.4036285868857876,0.0,52.0,7.8,40.5,45.0,0.0,0.44253602422109245,1.0,18.357847048975913,16.141264124084735,1.884714045739905,0.0,0.20693328626962862,0.10119610203089346,0.0,0.18544000538039032,0.4754559597351058,0.41209779732791496,15.752512467327485,2.2769859869498066,12.531170852211531,7.0375876381825755,34.87220726932197,58.84198276279786,52.027608674335525,6.814374088462337,0.0,0.0,0.0,0.0,0.0,0.0,0.0,0.0,0.0,0.0,0.0,0.0,0.0,-0.02044346014063958,0.0
1,spring_pv_high,春秋光伏大发日,65.0,4.25,0.25,31.503162439480292,23.511465632820997,4.683712752944171,0.0,5.0,-5.0,0.0,48.64920639069199,-0.0,8.312016912055682,0.0,-0.0,-0.0,7.533537959215929,24.107321469490973,1.5612375843147237,4.683712752944171,-0.0,0.0,3.041506694539966,1.7841721590707,0.009761713141074324,0.0,46.36813742017,2.380027995740676,0.0,47.158733836221714,0.0,0.0,0.0,0.0,0.0,0.0,10.541853468087291,5.4486274169256035,10.3063721324418,4.114596735467028,1.4120888633255155,0.0,52.0,7.8,40.5,45.0,0.0,0.42839129668323944,1.0,18.396632137601074,16.458025942974697,1.8734851011776685,0.0,0.20998752419689415,0.10155190720389393,0.0,0.18646577300726433,0.5012630087512568,0.41553046777823155,15.833057731234343,2.2880516182086943,12.594227437400619,7.166554111425834,31.503162439480292,56.96122330274767,48.64920639069199,8.312016912055682,0.0,0.0,0.0,0.0,0.0,0.0,0.0,3.552713678800501e-15,0.0,0.0,0.0,0.0,0.0,-0.02807236140559155,0.0
1,spring_pv_high,春秋光伏大发日,65.0,4.5,0.25,32.04877644901352,23.881285323680746,4.864528162921329,0.0,5.0,-5.0,0.0,49.25509220355094,-0.0,7.328309016708289,0.0,-0.0,-0.0,7.533537959215929,24.107321469490973,1.621509387640443,4.864528162921329,-0.0,0.0,3.041506694539966,1.7841721590707,0.009761713141074324,0.0,46.36813742017,2.0102083048809263,0.0,47.612578941712826,0.0,0.0,0.0,0.0,0.0,0.0,10.751630268070047,5.5224695447061904,10.372977535590909,4.125080021640103,1.421603557846405,0.0,52.0,7.8,40.5,45.0,0.0,0.42554979008545224,1.0,18.73079438156798,16.71689972657652,1.9458112651685315,0.0,0.21442947666298198,0.10199961937688362,0.0,0.1877105052443905,0.47882970680227355,0.4202252710854536,15.919661115077416,2.3000244908923366,12.662045858020809,7.272654932774171,32.04877644901352,56.583401220259226,49.25509220355094,7.328309016708289,0.0,0.0,0.0,0.0,0.0,0.0,0.0,0.0,0.0,0.0,0.0,0.0,0.0,0.18081540997715795,0.0
1,spring_pv_high,春秋光伏大发日,65.0,4.75,0.25,32.65750194890434,24.63526850526887,5.1824884769850215,0.0,5.0,-5.0,0.0,53.5621296891758,-0.0,1.8350601212118676,0.0,-0.0,-0.0,7.533537959215929,24.107321469490973,1.727496158995007,5.1824884769850215,-0.0,0.0,3.041506694539966,1.7841721590707,0.009761713141074324,0.0,46.36813742017,1.2562251232928041,0.0,47.88712611902401,3.5923252143794775,0.0,0.0,0.0,0.0,0.0,10.990285309754762,5.606995128624353,10.443152985028012,4.136924408655721,1.4322543798204426,0.0,52.0,7.8,40.5,45.0,0.0,0.416628586948461,1.0,19.074587132591375,17.244687953688207,2.072995390794009,0.0,0.22068623912677365,0.10255866241721266,0.0,0.18916887195723484,0.5056165339599097,0.42649359192360603,16.012331773504176,2.312920715321889,12.73463747323649,7.486634922535421,36.24982716328382,55.397189810387665,53.5621296891758,1.8350601212118676,0.0,0.0,0.0,0.0,0.0,0.0,0.0,0.0,0.0,0.0,0.0,0.0,0.0,0.31796031406369263,0.0
1,spring_pv_high,春秋光伏大发日,65.0,5.0,0.25,33.318701171338795,25.0693011309532,5.31734195062744,0.0,5.0,-5.0,0.0,50.67595485511158,-0.0,2.8567886196726846,0.0,-0.0,-0.0,7.533537959215929,24.107321469490973,1.7724473168758133,5.31734195062744,-0.0,0.0,3.041506694539966,1.7841721590707,0.009761713141074324,0.0,46.36813742017,0.8221924976084729,0.0,48.05845327414651,0.0,0.0,0.0,0.0,0.0,0.0,11.256212475679963,5.703035306456419,10.516653160483537,4.150244980984967,1.4441211011601014,0.0,52.0,7.8,40.5,45.0,0.0,0.40260654639184734,1.0,19.440988179679533,17.548510791667237,2.126936780250976,0.0,0.22921646235008905,0.10325134241556064,0.0,0.19083462819564032,0.5491881522446452,0.43467062860492517,16.111019242628604,2.326749118090541,12.811967341659503,7.6113657133545125,33.318701171338795,53.53274347478426,50.67595485511158,2.8567886196726846,0.0,0.0,0.0,0.0,0.0,0.0,0.0,0.0,0.0,0.0,0.0,0.0,0.0,0.1348534736424183,0.0
1,spring_pv_high,春秋光伏大发日,65.0,5.25,0.25,33.71921774347721,25.76775538689903,5.330369951028462,0.0,5.0,-5.0,0.0,51.08081409405033,-0.0,1.850273239868109,0.0,-0.0,-0.0,7.533537959215929,24.107321469490973,1.776789983676154,5.330369951028462,-0.0,0.0,3.041506694539966,1.7841721590707,0.009761713141074324,0.0,46.36813742017,0.12373824166264313,0.0,48.06381187990434,0.0,0.0,0.0,0.0,0.0,0.0,11.545584118471266,5.811342173203165,10.59317437397653,4.16515613174862,1.4572799355623827,0.0,52.0,7.8,40.5,45.0,0.0,0.3980816391058321,1.0,19.671646907735962,18.03742877082932,2.132147980411385,0.0,0.24046440240408282,0.10410295255905022,0.0,0.19270064093566258,0.5699702264753442,0.4450833478748826,16.21561044128753,2.341510614415659,12.89395183861042,7.810494387272847,33.71921774347721,52.93108733391844,51.08081409405033,1.850273239868109,0.0,0.0,0.0,0.0,0.0,0.0,0.0,0.0,0.0,0.0,0.0,0.0,0.0,0.013028000401022588,0.0
1,spring_pv_high,春秋光伏大发日,65.0,5.5,0.25,34.28495271293381,26.240389212528545,5.425994765613127,0.0,5.0,-5.0,-0.0,51.670243471685,0.0,0.0,0.0,-0.0,-0.0,7.533537959215929,24.107321469490973,1.8086649218710422,5.425994765613127,-0.0,0.0,3.041506694539966,1.7841721590707,0.001581183124251595,0.0,46.366194544291005,0.0,0.3488955839668719,47.94796534660469,0.0,0.0,0.0,0.0,0.0,0.0,11.852155150066524,5.932555402500435,10.672356528178739,4.181769541624142,1.4718017549129516,0.0,52.0,7.8,40.5,45.0,0.0,0.38859914372144605,1.0,19.995869008647322,18.36827244876998,2.1703979062452508,0.0,0.2547951709336419,0.10514179014121908,0.0,0.1947589196242733,0.5989806366861893,0.4580052044237061,16.325927824715833,2.3571976869546436,12.980457161313504,7.9467748587222555,34.28495271293381,51.670243471685,51.670243471685,0.0,0.0,0.0,0.0,0.0,0.0,0.0,0.0,0.0,0.0,0.0,0.0,0.0,0.0,0.09562481458466454,0.0
1,spring_pv_high,春秋光伏大发日,65.0,5.75,0.25,34.89165576645488,26.472656655302774,5.443349910008606,0.0,5.0,-5.0,-0.0,51.320319792018985,0.0,0.0,0.0,-0.0,-0.0,7.533537959215929,24.107321469490973,1.8144499700028687,5.443349910008606,-0.0,0.0,3.041506694539966,1.7841721590707,0.0,0.9608305981946614,46.11102607714414,0.0,0.5811630267411019,47.77105372531531,0.0,0.0,0.0,0.0,0.0,0.0,12.16730618735039,6.067166963647962,10.75378674113151,4.2001919097873355,1.4877501639627224,0.0,52.0,7.8,40.5,45.0,0.0,0.38596745412314587,1.0,20.33883533152839,18.53085965871194,2.1773399640034423,0.0,0.2724155592869978,0.1063990612206606,0.0,0.19700065039613524,0.6412511680883776,0.47360066447582144,16.441728814881568,2.3737939887693003,13.071298818552847,8.016154245781054,34.89165576645488,51.320319792018985,51.320319792018985,0.0,0.0,0.0,0.0,0.0,0.0,0.0,0.0,0.0,0.0,0.0,0.0,0.0,0.0,0.017355144395478916,0.0
1,spring_pv_high,春秋光伏大发日,65.0,6.0,0.25,35.59302119394302,26.998329312765488,5.466993503376436,0.0,5.0,-5.0,0.5748125187081234,51.15006357693709,0.0,0.0,0.0,-0.0,-0.0,7.533537959215929,24.107321469490973,1.8223311677921454,5.466993503376436,-0.0,0.0,3.041506694539966,1.7841721590707,0.0,1.2655209198458388,45.77568870482822,0.0,1.1068356842038156,47.45589564997797,0.0,0.0,0.0,0.0,0.0,0.0,12.480371241640048,6.2154850468066645,10.83700467568252,4.220522456878132,1.5051794615043776,0.0,52.0,7.8,40.5,45.0,0.01767850386708656,0.384686999165926,1.0,20.756696534280007,18.898830518935842,2.1867974013505744,0.0,0.2932898870598795,0.10790864805221334,0.0,0.19941623381592644,0.6536584215878919,0.49186612631403775,16.562706594065027,2.391274084850929,13.16624217223071,8.168106307195377,35.59302119394302,51.724876095645214,51.724876095645214,0.0,0.0,0.0,0.0,0.0,0.0,0.0,0.0,0.0,0.0,0.0,0.0,0.0,0.0,0.023643593367830285,0.0
1,spring_pv_high,春秋光伏大发日,65.0,6.25,0.25,36.42545214345019,27.359572913839123,5.546743872474557,0.0,5.0,-5.0,1.4921872155325557,52.910564152232965,0.0,0.0,0.0,-0.0,-0.0,7.533537959215929,24.107321469490973,1.8489146241581855,5.546743872474557,-0.0,0.0,3.041506694539966,1.7841721590707,0.5533399464012545,0.0,45.90481815766327,0.0,1.468079285277451,47.0458310481326,0.0,0.0,0.0,0.0,0.0,0.0,12.779258579997563,6.377598540351202,10.921509549960508,4.242850229547812,1.524132523446342,0.0,52.0,7.8,40.5,45.0,0.04589259384868127,0.39792728932356747,1.0,21.253071486579667,19.151701039687385,2.2186975489898226,0.0,0.3170650256615136,0.10970671546551213,0.0,0.20199532598459627,0.665979100325561,0.5125771215673869,16.688492302954664,2.4096033424720624,13.265004063261681,8.274452288459122,36.42545214345019,54.40275136776552,54.40275136776552,0.0,0.0,0.0,0.0,0.0,0.0,0.0,0.0,0.0,0.0,0.0,0.0,0.0,0.0,0.07975036909812072,0.0
1,spring_pv_high,春秋光伏大发日,65.0,6.5,0.25,36.74521310304253,27.553361671617818,5.467075717406212,0.0,5.0,-5.0,2.6350382527663068,53.46806019614134,0.0,3.6897807254374158,0.0,-0.0,-0.0,7.533537959215929,24.107321469490973,1.8223585724687374,5.467075717406212,-0.0,0.0,3.041506694539966,1.7841721590707,1.960482119640478,0.0,46.36813742017,0.0,1.6618680430561454,46.584974437067444,0.0,0.0,0.0,0.0,0.0,0.0,13.051327998648972,6.553343605176861,11.006768736589185,4.267251246106128,1.5446386501468987,0.0,52.0,7.8,40.5,45.0,0.08104126550017644,0.42987000924940294,1.0,21.44561820855485,19.287353170132473,2.186830286962485,0.0,0.34302160132698145,0.11183113515097548,0.0,0.2047268828335291,0.6928604697697092,0.5352536812566175,16.81865863284221,2.4287379757221226,13.367255514296602,8.334356324767922,36.74521310304253,59.79287917434506,56.103098448907645,3.6897807254374158,0.0,0.0,0.0,0.0,0.0,0.0,0.0,0.0,0.0,0.0,0.0,0.0,0.0,-0.07966815506834468,0.0
1,spring_pv_high,春秋光伏大发日,65.0,6.75,0.25,37.223554565663484,27.73087852265918,5.420600854305329,0.0,5.0,-5.0,3.7874505559652802,50.82777732803029,0.0,7.764855863408748,0.0,-0.0,-0.0,7.533537959215929,24.107321469490973,1.8068669514351097,5.420600854305329,-0.0,0.0,3.041506694539966,1.7841721590707,0.009761713141074324,0.0,46.36813742017,0.0,1.8393848940975062,46.07763329350746,0.0,0.0,0.0,0.0,0.0,0.0,13.284441604876148,6.74227404434419,11.092227785540269,4.293785532824879,1.5667114268450237,0.0,52.0,7.8,40.5,45.0,0.1164839962958954,0.4406607276595338,1.0,21.72903094486845,19.411614965861425,2.168240341722132,0.0,0.37006796493097593,0.11432071156928099,0.0,0.2075992074169415,0.7237692519422334,0.5591554629101305,16.952724745210173,2.4486252440792153,13.472625458279222,8.390156885802666,37.223554565663484,62.38008374740431,54.615227883995566,7.764855863408748,0.0,0.0,0.0,0.0,0.0,0.0,0.0,0.0,0.0,0.0,0.0,0.0,0.0,-0.04647486310088311,0.0
1,spring_pv_high,春秋光伏大发日,65.0,7.0,0.25,37.84694578212417,27.755425354107555,5.595922707603679,0.0,5.0,-5.0,0.0,55.29705971822237,5.088869978968701,6.7851263256631995,0.0,-0.0,-0.0,7.533537959215929,24.107321469490973,1.8653075692012262,5.595922707603679,-0.0,0.0,3.041506694539966,1.7841721590707,0.009761713141074324,0.0,46.36813742017,0.0,1.863931725545882,45.56408612803284,0.0,0.0,0.0,0.0,0.0,0.0,13.468067510786257,6.943637256476603,11.177321631472363,4.322494110205658,1.590346651703709,0.0,88.0,13.2,40.5,45.0,0.15650947861137368,0.46690479308907945,1.0,22.094969334691378,19.428797747875286,2.2383690830414715,0.0,0.39678894312029667,0.11721420006985696,0.0,0.2106,0.7578866537719314,0.5833150402470789,17.09016239338173,2.469203798988518,13.580705396551979,8.403581025273237,37.84694578212417,67.17105602285427,55.29705971822237,11.8739963046319,0.0,0.0,0.0,0.0,0.0,0.0,0.0,0.0,0.0,0.0,0.0,0.0,0.0,0.1753218532983496,0.0
1,spring_pv_high,春秋光伏大发日,65.0,7.25,0.25,38.447517482393614,27.68403117746742,5.638586878091788,0.0,5.0,-5.0,6.573573253418782,49.33827955523574,0.0,17.340216403921467,0.0,-0.0,-0.0,7.533537959215929,24.107321469490973,1.8795289593639293,5.638586878091788,-0.0,0.0,3.041506694539966,1.7841721590707,0.009761713141074324,0.0,46.36813742017,0.0,1.7925375489057487,45.069583677362054,0.0,0.0,0.0,0.0,0.0,0.0,13.59429520170714,7.156357572873413,11.261486674500208,4.353395997583033,1.6155203905569986,0.0,88.0,13.2,40.5,45.0,0.20217190196609125,0.5014725051288288,1.0,22.45258673682042,19.378821824227195,2.255434751236715,0.0,0.4215527694878977,0.12054911680174364,0.0,0.21371641072817396,0.7820433395219655,0.6066117339548629,17.23040306264024,2.4904041664275103,13.691054845232609,8.390594079797783,38.447517482393614,73.25206921257599,55.911852808654515,17.340216403921467,0.0,0.0,0.0,0.0,0.0,0.0,0.0,0.0,0.0,0.0,0.0,0.0,0.0,0.04266417048810922,0.0
1,spring_pv_high,春秋光伏大发日,65.0,7.5,0.25,38.98782390052223,27.342492274501463,6.007731616675329,0.0,5.0,-5.0,0.0,60.86386810203509,8.33606511806443,6.234950752606899,0.0,-0.0,-0.0,7.533537959215929,24.107321469490973,2.002577205558443,6.007731616675329,-0.0,0.0,3.041506694539966,1.7841721590707,0.009761713141074324,0.0,46.36813742017,0.0,1.4509986459397908,44.66520713659185,4.288660629057445,0.0,0.0,0.0,0.0,0.0,13.658623587448364,7.379028698983344,11.344173357344252,4.386485312385193,1.6421872206225148,0.0,88.0,13.2,40.5,45.0,0.2563777834157055,0.504633649847673,1.0,22.76977643747172,19.139744592151022,2.4030926466701317,0.0,0.4426682778457242,0.1243603509825903,0.0,0.21693509465228517,0.8121411640123837,0.6278804502960091,17.372845890351957,2.512149347647598,13.80320738622799,8.302410361563279,43.276484529579676,75.43488397270642,60.86386810203509,14.57101587067133,0.0,0.0,0.0,0.0,0.0,0.0,0.0,0.0,0.0,0.0,0.0,0.0,0.0,0.36914473858354135,0.0
1,spring_pv_high,春秋光伏大发日,65.0,7.75,0.25,39.42512820615415,26.961410351508345,6.139198228921698,0.0,5.0,-5.0,0.0,57.05633398269168,10.164032735748297,9.275604799093614,0.0,-0.0,-0.0,7.533537959215929,24.107321469490973,2.046399409640566,6.139198228921698,-0.0,0.0,3.041506694539966,1.7841721590707,0.009761713141074324,0.0,46.36813742017,0.0,1.0699167229466724,44.36131750066917,0.0,0.0,0.0,0.0,0.0,0.0,13.660409260018008,7.609916801999435,11.424858805679627,4.421728546779798,1.6702787269279247,0.0,88.0,13.2,40.5,45.0,0.3125973881500666,0.4988661341630902,1.0,23.024961442735975,18.87298724605584,2.4556792915686794,0.0,0.4585728493577394,0.12867860273305876,0.0,0.2202422688736293,0.840784153919903,0.6460418924401183,17.51686607938735,2.5343555150260624,13.916677102048842,8.203583353011748,39.42512820615415,76.49597151753359,57.05633398269168,19.43963753484191,0.0,0.0,0.0,0.0,0.0,0.0,0.0,0.0,0.0,0.0,0.0,0.0,0.0,0.1314666122463688,0.0
1,spring_pv_high,春秋光伏大发日,65.0,8.0,0.25,39.7584589000393,26.67172902997244,6.080990307138961,0.0,5.0,-5.0,0.0,57.37026203598259,12.274792180805248,11.252862887828314,0.0,-0.0,-0.0,7.533537959215929,24.107321469490973,2.0269967690463204,6.080990307138961,-0.0,0.0,3.041506694539966,1.7841721590707,0.009761713141074324,0.0,46.36813742017,0.0,0.7802354014107671,44.13381173628443,0.0,0.0,0.0,0.0,0.0,0.0,13.602909519055903,7.8469755038663545,11.50305905619715,4.459062108871521,1.6997023147611279,0.0,88.0,13.2,40.5,45.0,0.3775143267995474,0.5160975794413674,1.0,23.21891785606135,18.670210320980708,2.4323961228555846,0.0,0.4680227005065581,0.13352868346558616,0.0,0.2236237715644639,0.8641768869332763,0.6602342884598589,17.6618234798298,2.55693277558798,14.030965144091299,8.130755513759008,39.7584589000393,80.89791710461616,57.37026203598259,23.527655068633564,0.0,0.0,0.0,0.0,0.0,0.0,0.0,0.0,0.0,0.0,0.0,0.0,0.0,-0.058207921782736705,0.0
1,spring_pv_high,春秋光伏大发日,65.0,8.25,0.25,40.373888478396246,26.340617084832143,6.3960195124440125,0.0,5.0,-5.0,14.297273570771553,43.79342777866967,0.0,22.98729133584,0.0,-0.0,-0.0,7.533537959215929,24.107321469490973,2.1320065041480043,6.3960195124440125,-0.0,0.0,3.041506694539966,1.7841721590707,0.009761713141074324,0.0,46.36813742017,0.0,0.44912345627047046,43.99355444718723,0.0,0.0,0.0,0.0,0.0,0.0,13.492913996621395,8.087873654403555,11.578340372153589,4.498390217699095,1.73034039890087,0.0,88.0,13.2,40.5,45.0,0.43971625161842076,0.5022413002412467,1.0,23.581531846713723,18.4384319593825,2.5584078049776053,0.0,0.47025353213202714,0.13892773002937972,0.0,0.2270651226111291,0.8711168392336736,0.6699242959994334,17.807070988753555,2.579785971602459,14.145566164709647,8.046705272971085,40.373888478396246,81.07799268528122,58.09070134944122,22.98729133584,0.0,0.0,0.0,0.0,0.0,0.0,0.0,0.0,0.0,0.0,0.0,0.0,0.0,0.3150292053050512,0.0
1,spring_pv_high,春秋光伏大发日,65.0,8.5,0.25,41.00122768568932,25.774175631479515,6.53969175844125,0.0,5.0,-5.0,0.0,58.72926943131187,16.186483761473117,6.299240345889594,0.0,-0.0,-0.0,7.496876085127755,23.990003472408816,2.17989725281375,6.53969175844125,-0.0,0.0,3.041506694539966,1.7841721590707,0.009761713141074324,0.0,46.36813742017,0.0,0.0,43.971557669963644,0.0,0.0,0.0,0.0,0.0,0.0,13.34001915329857,8.330036280025796,11.650329142310213,4.5395832406655785,1.762050025594453,0.0,88.0,13.2,40.5,45.0,0.4978193871192254,0.4890633664373964,1.0,23.961604769842335,18.041922942035658,2.6158767033765002,0.0,0.46508281327340273,0.1448833975799133,0.0,0.2305515856201172,0.8518695194997976,0.6749770334524152,17.951962408570243,2.602815486027809,14.25997433640237,7.897104840674513,41.00122768568932,81.21499353867458,58.72926943131187,22.48572410736271,0.0,0.0,0.0,0.0,0.0,0.0,0.0,0.0,0.0,0.0,0.0,0.0,-0.11731799708215718,0.14367224599723727,0.0
1,spring_pv_high,春秋光伏大发日,65.0,8.75,0.25,41.33237570701218,25.178665621033012,6.797174953701364,0.0,5.0,-5.0,17.881789126225385,45.62492050766953,0.0,20.04727748818162,0.0,-0.0,-0.0,7.310779206863223,23.394493461962313,2.2657249845671212,6.797174953701364,-0.0,0.0,3.041506694539966,1.7841721590707,0.009761713141074324,0.0,46.36813742017,0.0,0.0,43.94957189112866,4.54656132777134,0.0,0.0,0.0,0.0,0.0,13.155650199075557,8.570698543390879,11.718719878712585,4.582476558461218,1.7946629761784745,0.0,88.0,13.2,40.5,45.0,0.5499589308334497,0.4939043866026667,1.0,24.161674294694652,17.625065934723107,2.718869981480546,0.0,0.4529347796606706,0.15139210845489745,0.0,0.2340682310215723,0.8392684107151452,0.6756720628423708,18.09585941335228,2.6259180207277937,14.373688688520968,7.739663834278266,45.878937034783526,83.55398712207653,63.506709633894914,20.04727748818162,0.0,0.0,0.0,0.0,0.0,0.0,0.0,0.0,0.0,0.0,0.0,0.0,-0.5955100104465032,0.25748319526011443,0.0
1,spring_pv_high,春秋光伏大发日,65.0,9.0,0.25,41.708638338463814,24.63722287488302,7.100807165366544,0.0,5.0,-5.0,19.896907707236362,43.95946332661971,0.0,21.000254346972568,0.0,-0.0,-0.0,7.1415783486913496,22.85305071581232,2.366935721788848,7.100807165366544,-0.0,0.0,3.041506694539966,1.7841721590707,0.009761713141074324,0.0,46.36813742017,0.0,0.0,43.92759710518311,4.587950217231019,0.0,0.0,0.0,0.0,0.0,12.951966098975827,8.806971927995292,11.783280873367175,4.626870035832234,1.8279863919318105,0.0,88.0,13.2,40.5,45.0,0.6119344106074555,0.48854599801098336,1.0,24.391619999527983,17.246056012418112,2.840322866146618,0.0,0.4347835108214802,0.15843744412450295,0.0,0.2376,0.8138834380484783,0.6726621572870888,18.238137301131218,2.6489873174788614,14.486217514233022,7.59760955838155,46.29658855569483,84.85662538082865,63.85637103385608,21.000254346972568,0.0,0.0,0.0,0.0,0.0,0.0,0.0,7.105427357601002e-15,0.0,0.0,0.0,0.0,-0.5414427461499933,0.30363221166517995,0.0
1,spring_pv_high,春秋光伏大发日,65.0,9.25,0.25,42.064709004211295,24.048261367669696,7.274779028593961,0.0,5.0,-5.0,0.0,59.49843163244417,21.569036065361303,5.500020200808059,0.0,-0.0,-0.0,6.957527877687186,22.264089208598996,2.4249263428646537,7.274779028593961,-0.0,0.0,3.041506694539966,1.7841721590707,0.009761713141074324,0.0,46.36813742017,0.0,0.0,43.90563330663052,0.0,0.0,0.0,0.0,0.0,0.0,12.740790512928916,9.035921204601232,11.84385714395662,4.672528166649864,1.8618039483468047,0.0,88.0,13.2,40.5,45.0,0.6633611396421916,0.48883730806228737,1.0,24.58089813816516,16.833782957368786,2.9099116114375843,0.0,0.41202485630059743,0.1659887734732613,0.0,0.24113176897842775,0.8336475178331887,0.6668824760658597,18.378189258953288,2.671914795908067,14.597081638414748,7.442440146981928,42.064709004211295,86.56748789861354,59.49843163244417,27.069056266169362,0.0,0.0,0.0,0.0,0.0,0.0,0.0,0.0,0.0,0.0,0.0,0.0,-0.5889615072133232,0.17397186322741653,0.0
1,spring_pv_high,春秋光伏大发日,65.0,9.5,0.25,42.0267979245741,23.516335455706525,7.61420566753804,0.0,5.0,-5.0,0.0,62.82384094360509,23.163274161605276,0.0,0.0,-0.0,-0.0,6.791301030198695,21.732163296635825,2.538068555846013,7.61420566753804,-0.0,0.0,3.041506694539966,1.7841721590707,0.009761713141074324,0.0,46.36813742017,0.0,0.0,43.88368048997721,3.416405025305245,0.0,0.0,0.0,0.0,0.0,12.532695168220984,9.254650073448314,11.900370393378092,4.719180948704535,1.8958775937413699,0.0,88.0,13.2,40.5,45.0,0.7123923340442342,0.47248259647461516,1.0,24.554624943286242,16.461434818994565,3.0456822670152164,0.0,0.3863008289747848,0.17400021229129375,0.0,0.2446484143798828,0.8281803758140267,0.6594267650054023,18.515428935823998,2.6945900885952887,14.7058163902146,7.3033663703676375,45.44320294987934,85.98711510521036,62.82384094360509,23.163274161605276,0.0,0.0,0.0,0.0,0.0,0.0,0.0,0.0,0.0,0.0,0.0,0.0,-0.531925911963171,0.33942663894407943,0.0
1,spring_pv_high,春秋光伏大发日,65.0,9.75,0.25,41.98260553390493,23.111006845958862,7.999752019422021,0.0,5.0,-5.0,0.0,59.365093787712524,25.006725856608202,0.19003886147914528,0.0,-0.0,-0.0,6.664635839652551,21.326834686888162,2.666584006474007,7.999752019422021,-0.0,0.0,3.041506694539966,1.7841721590707,0.009761713141074324,0.0,46.36813742017,0.0,0.0,43.861738649732224,0.0,0.0,0.0,0.0,0.0,0.0,12.336327327419582,9.46039274106737,11.952815824678584,4.766525527685526,1.9299498523426757,0.0,88.0,13.2,40.5,45.0,0.7690881554785699,0.44789944843931867,1.0,24.513465066919714,16.177704792171202,3.1999008077688087,0.0,0.3593074301758168,0.18241000511889055,0.0,0.24813487738887094,0.8411353137838655,0.6514123392495006,18.64929120470679,2.7169014614602136,14.811972190745577,7.199794932505006,41.98260553390493,84.56185850579988,59.365093787712524,25.196764718087348,0.0,0.0,0.0,0.0,0.0,0.0,0.0,0.0,0.0,0.0,0.0,0.0,-0.40532860974766294,0.38554635188398123,0.0
1,spring_pv_high,春秋光伏大发日,65.0,10.0,0.25,42.18726792485215,22.59331904796795,8.14751385175453,0.0,5.0,-5.0,4.153820879145911,55.303411806752514,22.706631664566792,0.0,0.0,-0.0,-0.0,6.50285840278039,20.80914688889725,2.7158379505848433,8.14751385175453,-0.0,0.0,3.041506694539966,1.7841721590707,0.009761713141074324,0.0,46.36813742017,0.0,0.0,43.83980778040736,0.0,0.0,0.0,0.0,0.0,0.0,12.158027912243698,9.650608118913876,12.001255787964505,4.814228631237918,1.9637466760713134,0.0,88.0,13.2,40.5,45.0,0.8260999868843137,0.4159233057369936,1.0,24.63013671790023,15.815323333577563,3.2590055407018124,0.0,0.33261732982093545,0.1911404109966581,0.0,0.2515762284355361,0.8316113729300438,0.6438559177854064,18.779231095273737,2.7387361169142546,14.91511374424827,7.0647420256228965,42.18726792485215,82.16386435046522,59.457232685898425,22.706631664566792,0.0,0.0,0.0,0.0,0.0,0.0,0.0,0.0,0.0,0.0,0.0,0.0,-0.5176877979909129,0.14776183233250872,0.0
1,spring_pv_high,春秋光伏大发日,65.0,10.25,0.25,41.87572720400031,22.214074311339868,8.481907781557592,0.0,5.0,-5.0,28.273203296975794,34.13465988355788,0.0,17.825607207611277,0.0,-0.0,-0.0,6.384344422584115,20.429902152269168,2.8273025938525307,8.481907781557592,-0.0,0.0,3.041506694539966,1.7841721590707,0.009761713141074324,0.0,46.36813742017,0.0,0.0,43.81788787651717,3.269220552415671,0.0,0.0,0.0,0.0,0.0,12.001740737359546,9.82307285927829,12.045810383678015,4.861929793279746,1.9969808127382582,0.0,88.0,13.2,40.5,45.0,0.8695494923177068,0.3907803397564967,1.0,24.447364654415246,15.549852017937907,3.3927631126230366,0.0,0.30754286088805205,0.20009815907917758,0.0,0.25495773112637077,0.8243712314963496,0.6375781903629485,18.904720989696017,2.7599803876341324,15.01481790666098,6.96835173693043,45.14494775641599,80.23347038814495,62.407863180533674,17.825607207611277,0.0,0.0,0.0,0.0,0.0,0.0,0.0,0.0,0.0,0.0,0.0,0.0,-0.3792447366280811,0.3343939298030616,0.0
1,spring_pv_high,春秋光伏大发日,65.0,10.5,0.25,41.955849004840594,21.569271814494908,8.736031447571657,0.0,5.0,-5.0,13.355738073124286,45.7462334642413,16.137872905602055,0.0,0.0,-0.0,-0.0,6.182843642320065,19.785099655424208,2.9120104825238857,8.736031447571657,-0.0,0.0,3.041506694539966,1.7841721590707,0.009761713141074324,0.0,46.36813742017,0.0,0.0,43.79597893257891,0.0,0.0,0.0,0.0,0.0,0.0,11.869174393883432,9.975969107156478,12.08664530054321,4.909245346499839,2.029355641790107,0.0,88.0,13.2,40.5,45.0,0.907083438115788,0.3440461270988049,1.0,24.517498925698842,15.098490270146435,3.494412579028663,0.0,0.2850544355908761,0.209175518748274,0.0,0.25826490534771485,0.7759331534070494,0.633147731867389,19.025246288833156,2.7805198396289796,15.110670394502444,6.79741975130078,41.955849004840594,75.23984444296764,59.101971537365586,16.137872905602055,0.0,0.0,0.0,0.0,0.0,0.0,0.0,0.0,0.0,0.0,0.0,0.0,-0.6448024968449602,0.2541236660140651,0.0
1,spring_pv_high,春秋光伏大发日,65.0,10.75,0.25,41.897403509157414,21.03086042430267,8.941186546839349,0.0,5.0,-5.0,13.122402302302959,45.82125521303361,17.160301727219895,0.0,0.0,-0.0,-0.0,6.0145900828849905,19.24668826523197,2.9803955156131163,8.941186546839349,-0.0,0.0,3.041506694539966,1.7841721590707,0.009761713141074324,0.0,46.36813742017,0.0,0.0,43.77408094311263,0.0,0.0,0.0,0.0,0.0,0.0,11.760152149854967,10.107962677153388,12.123957318725815,4.955773137833561,2.060569412694709,0.0,88.0,13.2,40.5,45.0,0.9313521937464926,0.3446103471485353,1.0,24.50835943340214,14.721602297011868,3.5764746187357397,0.0,0.26575762511809137,0.21825200253686833,0.0,0.2614835892718261,0.7293123303159279,0.6308665496740802,19.140299869254083,2.800239313849975,15.202261584283189,6.656005264116481,41.897403509157414,76.10395924255647,58.94365751533657,17.160301727219895,0.0,0.0,0.0,0.0,0.0,0.0,0.0,0.0,0.0,0.0,0.0,0.0,-0.5384113901922376,0.20515509926769226,0.0
1,spring_pv_high,春秋光伏大发日,65.0,11.0,0.25,41.878549684719886,20.59447726008462,9.196927050960467,0.0,5.0,-5.0,30.653375255802317,32.8269459963048,0.0,12.015150231710805,0.0,-0.0,-0.0,5.8782203440668495,18.81030510101392,3.0656423503201555,9.196927050960467,-0.0,0.0,3.041506694539966,1.7841721590707,0.009761713141074324,0.0,46.36813742017,0.0,0.0,43.752193902641075,4.606640465319187,0.0,0.0,0.0,0.0,0.0,11.673073972410148,10.21826738940797,12.157958050873024,5.001097898506149,2.090319806158798,0.0,70.0,10.5,40.5,45.0,0.9427522807208103,0.3372463341774397,1.0,24.496144189767126,14.416134082059234,3.678770820384187,0.0,0.24992159159340238,0.2271966900143889,0.0,0.2646,0.7313909698254089,0.6307921351283317,19.249375755537972,2.819022945190805,15.289181732830583,6.54279902981277,46.485190150039074,75.49547148381792,63.48032125210712,12.015150231710805,0.0,0.0,0.0,0.0,0.0,0.0,0.0,0.0,0.0,0.0,0.0,0.0,-0.43638316421805,0.2557405041211176,0.0
1,spring_pv_high,春秋光伏大发日,65.0,11.25,0.25,41.93502776000219,20.35132740432883,9.622778935458161,0.0,5.0,-5.0,30.54783791965973,28.448287240652725,0.0,18.094597761586556,0.0,-0.0,-0.0,5.8022360141431655,18.56715524525813,3.2075929784860535,9.622778935458161,-0.0,0.0,3.041506694539966,1.7841721590707,0.009761713141074324,0.0,46.36813742017,0.0,0.0,43.73031780568976,0.0,0.0,0.0,0.0,0.0,0.0,11.60541736547349,10.306691538646861,12.188856617033077,5.044797177772593,2.118308725210633,0.0,70.0,10.5,40.5,45.0,0.9395064533520676,0.350037546622114,1.0,24.53640450614227,14.245929183030182,3.8491115741832647,0.0,0.23754435011807937,0.23587112835802132,0.0,0.2676007925830585,0.7218920831341105,0.6327858135587803,19.3519625200163,2.8367542055893753,15.371016016321887,6.483251017971796,41.93502776000219,77.09072292189902,58.99612516031246,18.094597761586556,0.0,0.0,0.0,0.0,0.0,0.0,0.0,7.105427357601002e-15,0.0,0.0,0.0,0.0,-0.24314985575578874,0.4258518844976944,0.0
1,spring_pv_high,春秋光伏大发日,65.0,11.5,0.25,42.20837753752639,19.901328489393386,9.847697397959617,0.0,5.0,-5.0,15.092083288889832,44.159181149041395,15.626470273987877,0.0,0.0,-0.0,-0.0,5.709052693403916,18.268968618892533,3.2825657993198725,9.847697397959617,-0.0,0.0,3.041506694539966,1.7841721590707,0.009761713141074324,0.0,46.36813742017,0.15181228856984674,0.0,43.74450806532226,0.0,0.0,0.0,0.0,0.0,0.0,11.554216717750688,10.3736629379624,12.216842045625805,5.086447728622318,2.144247212326136,0.0,70.0,10.5,40.5,45.0,0.9447568559800132,0.3321102984808154,1.0,24.69920453361564,13.93092994257537,3.9390789591838473,0.0,0.22843731291123087,0.24413273252502546,0.0,0.270473117166471,0.7210853064968897,0.6365750396185319,19.447536986574256,2.8533160233388637,15.44733983507814,6.365252293538639,42.20837753752639,74.8777347119191,59.251264437931226,15.626470273987877,0.0,0.0,0.0,0.0,0.0,0.0,0.0,7.105427357601002e-15,0.0,0.0,0.0,0.0,-0.2981866263655988,0.22491846250145642,0.0
1,spring_pv_high,春秋光伏大发日,65.0,11.75,0.25,42.11791214154582,19.60315645408103,10.20844984094366,0.0,5.0,-5.0,31.21418091194722,28.066868944331446,0.0,17.164556110342467,0.0,-0.0,-0.0,5.709052693403916,18.268968618892533,3.4028166136478863,10.20844984094366,-0.0,0.0,3.041506694539966,1.7841721590707,0.009761713141074324,0.0,46.36813742017,0.44998432388220166,0.0,43.82950708821162,0.0,0.0,0.0,0.0,0.0,0.0,11.516479644398181,10.42022967566152,12.242066254139559,5.125632215294886,2.1678603807249632,0.0,70.0,10.5,40.5,45.0,0.96,0.34017438015710305,1.0,24.653786800988925,13.72220951785672,4.083379936377464,0.0,0.2223124038301865,0.2518385768315622,0.0,0.27320467401540377,0.7179656607790035,0.64181784214417,19.535558850159408,2.8685910330093187,15.517714857504433,6.289149252896773,42.11791214154582,76.44560596662113,59.28104985627867,17.164556110342467,0.0,0.0,0.0,0.0,0.0,0.0,0.0,0.0,0.0,0.0,0.0,0.0,0.0,0.3607524429840421,0.0
1,spring_pv_high,春秋光伏大发日,65.0,12.0,0.25,42.342928118472564,19.261519999178283,10.440160803244487,0.0,5.0,-5.0,31.21418091194722,28.3691219086918,0.0,14.922118105643033,0.0,-0.0,-0.0,5.709052693403916,18.268968618892533,3.4800536010814955,10.440160803244487,-0.0,0.0,3.041506694539966,1.7841721590707,0.009761713141074324,0.0,46.36813742017,0.7916207787849494,0.0,43.99560226962895,0.0,0.0,0.0,0.0,0.0,0.0,11.48951876265225,10.448034639572482,12.264628483989851,5.16194609725659,2.188892243123575,0.0,70.0,10.5,40.5,45.0,0.96,0.3255827275021259,1.0,24.774007342694613,13.483063999424797,4.176064321297795,0.0,0.21885858969711436,0.2588494424652272,0.0,0.2757837661840736,0.7466397498293528,0.6481600888815544,19.615466824370017,2.8824620090721544,15.581686276201724,6.200181891312691,42.342928118472564,74.50542092628206,59.58330282063902,14.922118105643033,0.0,0.0,0.0,0.0,0.0,0.0,0.0,0.0,0.0,0.0,0.0,0.0,0.0,0.2317109623008271,0.0
1,spring_pv_high,春秋光伏大发日,65.0,12.25,0.25,42.24504562140636,19.118847247166816,10.751016211195559,0.0,5.0,-5.0,16.427528576370307,43.16151021651954,14.786652335576914,0.0,0.0,-0.0,-0.0,5.709052693403916,18.268968618892533,3.5836720703985194,10.751016211195559,-0.0,0.0,3.041506694539966,1.7841721590707,0.009761713141074324,0.0,46.36813742017,0.9342935307964169,0.0,44.195499182058285,0.0,0.0,0.0,0.0,0.0,0.0,11.471194757913173,10.459262975369443,12.284562039866902,5.195004533014949,2.207110319905659,0.0,70.0,10.5,40.5,45.0,0.96,0.3246070617231596,1.0,24.725830191541085,13.38319307301677,4.3004064844782235,0.0,0.21779949452468225,0.2650339640317652,0.0,0.2781993496038648,0.7440963186105856,0.6552795959195379,19.68667689278751,2.8948125311059636,15.638781719821113,6.166157449430924,42.24504562140636,74.37569112846676,59.589038792889845,14.786652335576914,0.0,0.0,0.0,0.0,0.0,0.0,0.0,0.0,0.0,0.0,0.0,0.0,0.0,0.31085540795107214,0.0
1,spring_pv_high,春秋光伏大发日,65.0,12.5,0.25,42.14056519434551,18.891630437470408,11.048246408562688,0.0,5.0,-5.0,21.02014627910289,38.56348881918181,10.194034632844332,0.0,0.0,-0.0,-0.0,5.709052693403916,18.268968618892533,3.6827488028542295,11.048246408562688,-0.0,0.0,3.041506694539966,1.7841721590707,0.009761713141074324,0.0,46.36813742017,1.1615103404928249,0.0,44.4492601383343,0.0,0.0,0.0,0.0,0.0,0.0,11.460079156963252,10.456562916567417,12.301824113189218,5.224449140373006,2.22230991102871,0.0,70.0,10.5,40.5,45.0,0.96,0.2900264780493576,1.0,24.664213095072043,13.224141306229285,4.419298563425076,0.0,0.21892852518884715,0.27027270440321777,0.0,0.28044108037572674,0.7590157682765178,0.6629144279520294,19.748583164590933,2.905527919276163,15.688512204949047,6.107628237706724,42.14056519434551,69.77766973112904,59.5836350982847,10.194034632844332,0.0,0.0,0.0,0.0,0.0,0.0,0.0,0.0,0.0,0.0,0.0,0.0,0.0,0.29723019736712963,0.0
1,spring_pv_high,春秋光伏大发日,65.0,12.75,0.25,42.24062629508578,18.785087364350666,11.292037801409666,0.0,5.0,-5.0,20.687239315766497,39.07772068087414,10.526941596180723,0.0,0.0,-0.0,-0.0,5.709052693403916,18.268968618892533,3.7640126004698886,11.292037801409666,-0.0,0.0,3.041506694539966,1.7841721590707,0.009761713141074324,0.0,46.36813742017,1.2680534136125665,0.0,44.72819819399812,0.0,0.0,0.0,0.0,0.0,0.0,11.455552072000078,10.44294180235949,12.316289352936181,5.249954447867922,2.23431792206211,0.0,70.0,10.5,40.5,45.0,0.96,0.29389388891684126,1.0,24.7319289952635,13.149561155045465,4.516815120563867,0.0,0.22212176274379045,0.2744619822057419,0.0,0.28249935906433743,0.7560511463848096,0.6708754090169415,19.800561722866213,2.9144964658222317,15.730375424341355,6.081998043818801,42.24062629508578,70.29190159282136,59.764959996640634,10.526941596180723,0.0,0.0,0.0,0.0,0.0,0.0,0.0,0.0,0.0,0.0,0.0,0.0,0.0,0.24379139284697793,0.0
1,spring_pv_high,春秋光伏大发日,65.0,13.0,0.25,42.44356623356419,18.85214289349179,11.466819319419123,0.0,5.0,-5.0,19.488571034366828,40.537589406755366,11.725609877580393,0.0,0.0,-0.0,-0.0,5.709052693403916,18.268968618892533,3.822273106473041,11.466819319419123,-0.0,0.0,3.041506694539966,1.7841721590707,0.009761713141074324,0.0,46.36813742017,1.200997884471441,0.0,44.99107109246309,0.0,0.0,0.0,0.0,0.0,0.0,11.45785166596817,10.4216405203031,12.327747688970407,5.271233875440194,2.242996144434219,0.0,70.0,10.5,40.5,45.0,0.96,0.30487320116130634,1.0,24.84290472012756,13.196500025444253,4.5867277277676495,0.0,0.22733141147674477,0.27751728101390494,0.0,0.2843653718043597,0.7817385163793912,0.6790446441603775,19.84197770884482,2.921610972031212,15.763861554268122,6.104038026211077,42.44356623356419,71.75177031870258,60.026160441122194,11.725609877580393,0.0,0.0,0.0,0.0,0.0,0.0,0.0,0.0,0.0,0.0,0.0,0.0,0.0,0.17478151800945696,0.0
1,spring_pv_high,春秋光伏大发日,65.0,13.25,0.25,42.513543518365424,18.830885188719233,11.738830892021113,0.0,5.0,-5.0,31.21418091194722,28.972627338176867,0.0,10.895968012406552,0.0,-0.0,-0.0,5.709052693403916,18.268968618892533,3.912943630673704,11.738830892021113,-0.0,0.0,3.041506694539966,1.7841721590707,0.009761713141074324,0.0,46.36813742017,1.222255589244,0.0,45.25886125936231,0.0,0.0,0.0,0.0,0.0,0.0,11.46808937080792,10.395990997050918,12.335906719603361,5.288045090886954,2.248243902996728,0.0,70.0,10.5,40.5,45.0,0.96,0.29984186204006497,1.0,24.891077470159637,13.181619632103462,4.695532356808445,0.0,0.2345639397054384,0.27937608381466644,0.0,0.2860311280427652,0.7830009919998979,0.6873628048676337,19.87219571348704,2.9267705813713354,15.788461629611048,6.100375362651753,42.513543518365424,71.08277626253064,60.18680825012409,10.895968012406552,0.0,0.0,0.0,0.0,0.0,0.0,0.0,0.0,0.0,0.0,0.0,0.0,0.0,0.2720115726019898,0.0
1,spring_pv_high,春秋光伏大发日,65.0,13.5,0.25,42.804761579837894,18.742908212211162,11.932588580741408,0.0,5.0,-5.0,19.886455131113244,40.65615707672342,11.327725780833976,0.0,0.0,-0.0,-0.0,5.709052693403916,18.268968618892533,3.9775295269138025,11.932588580741408,-0.0,0.0,3.041506694539966,1.7841721590707,0.009761713141074324,0.0,46.36813742017,1.3102325657520701,0.0,45.547412063098754,0.0,0.0,0.0,0.0,0.0,0.0,11.488239496517552,10.369262626112807,12.340398755791206,5.300194602207907,2.25,0.0,70.0,10.5,40.5,45.0,0.96,0.30576491933267286,1.0,25.06725006664388,13.120035748547814,4.773035432296563,0.0,0.24384754161229505,0.28,0.0,0.2874894947556095,0.7850343944974741,0.6958082991464356,19.890593357999112,2.929882879092368,15.803678387415939,6.077029867595759,42.804761579837894,71.87033798867064,60.54261220783666,11.327725780833976,0.0,0.0,0.0,0.0,0.0,0.0,0.0,0.0,0.0,0.0,0.0,0.0,0.0,0.19375768872029475,0.0
1,spring_pv_high,春秋光伏大发日,65.0,13.75,0.25,43.02415019557099,18.755408288173104,12.252385116585321,0.0,5.0,-5.0,30.59058120849943,30.278018460351625,0.0,11.98831468837583,0.0,-0.0,-0.0,5.709052693403916,18.268968618892533,4.084128372195107,12.252385116585321,-0.0,0.0,3.041506694539966,1.7841721590707,0.009761713141074324,0.0,46.36813742017,1.2977324897901283,0.0,45.832849823392365,0.0,0.0,0.0,0.0,0.0,0.0,11.521105365026626,10.344504576926367,12.340792380275223,5.3075414641954195,2.248243902996728,0.0,70.0,10.5,40.5,45.0,0.9408210339717502,0.31787465601631004,1.0,25.194717873461205,13.128785801721172,4.900954046634129,0.0,0.2551936041478101,0.27937608381466644,0.0,0.2887342269927357,0.799415093016786,0.7043715139797657,19.89657774746737,2.9308662078474823,15.80903932598038,6.080801540363514,43.02415019557099,72.85691435722688,60.868599668851054,11.98831468837583,0.0,0.0,0.0,0.0,0.0,0.0,0.0,-7.105427357601002e-15,0.0,0.0,0.0,0.0,0.0,0.31979653584391343,0.0
1,spring_pv_high,春秋光伏大发日,65.0,14.0,0.25,43.1148211134326,18.805465813221108,12.272815559125046,0.0,5.0,-5.0,17.924187563056428,43.041893171169484,11.059435102053492,0.0,0.0,-0.0,-0.0,5.709052693403916,18.268968618892533,4.090938519708349,12.272815559125046,-0.0,0.0,3.041506694539966,1.7841721590707,0.009761713141074324,0.0,46.36813742017,1.2476749647421248,0.0,46.10625620260693,0.0,0.0,0.0,0.0,0.0,0.0,11.57025787064239,10.324391685615216,12.336608143998623,5.3100000000000005,2.242996144434219,0.0,70.0,10.5,40.5,45.0,0.8913986190121614,0.32370745145863683,1.0,25.244499356123846,13.163826069254775,4.909126223650019,0.0,0.26855678553769086,0.27751728101390494,0.0,0.2897599946196097,0.8191796333527341,0.7130272976775274,19.889604288432842,2.929652129055363,15.804111576311564,6.09406973370007,43.1148211134326,72.0255158362794,60.96608073422591,11.059435102053492,0.0,0.0,0.0,0.0,0.0,0.0,0.0,7.105427357601002e-15,0.0,0.0,0.0,0.0,0.0,0.020430442539725036,0.0
1,spring_pv_high,春秋光伏大发日,65.0,14.25,0.25,43.06357944138859,18.83616165601162,12.392017803098794,0.0,5.0,-5.0,27.567301491483992,38.12426539057524,0.0,3.1512342205911565,0.0,-0.0,-0.0,5.709052693403916,18.268968618892533,4.1306726010329315,12.392017803098794,-0.0,0.0,3.041506694539966,1.7841721590707,0.009761713141074324,0.0,46.36813742017,1.2169791219516135,0.0,46.37223561596913,4.736993738552745,0.0,0.0,0.0,0.0,0.0,11.639937509240193,10.311082004305131,12.327337797756144,5.3075414641954195,2.23431792206211,0.0,70.0,10.5,40.5,45.0,0.8478393044007542,0.31042284161799555,1.0,25.221670921829826,13.185313159208132,4.9568071212395175,0.0,0.28379823515288205,0.2744619822057419,0.0,0.2905624051417745,0.8222654959524608,0.7217088334768709,19.869197184013675,2.9261879421395767,15.788518045342572,6.100905806790067,47.80057317994134,68.84280110265038,65.69156688205923,3.1512342205911565,0.0,0.0,0.0,0.0,0.0,0.0,0.0,0.0,0.0,0.0,0.0,0.0,0.0,0.11920224397374746,0.0
1,spring_pv_high,春秋光伏大发日,65.0,14.5,0.25,43.22478607901173,18.78905493956762,12.587236688156421,0.0,5.0,-5.0,26.024141854365688,35.15671088844981,0.0,7.770154108143338,0.0,-0.0,-0.0,5.709052693403916,18.268968618892533,4.195745562718807,12.587236688156421,-0.0,0.0,3.041506694539966,1.7841721590707,0.009761713141074324,0.0,46.36813742017,1.2640858383956122,0.0,46.64926988478011,0.0,0.0,0.0,0.0,0.0,0.0,11.734908234526412,10.306094018101705,12.31246625763645,5.300194602207907,2.22230991102871,0.0,70.0,10.5,40.5,45.0,0.8003790408810232,0.32284235295820685,1.0,25.309049060731013,13.152338457697333,5.034894675262569,0.0,0.3006563656852228,0.27027270440321777,0.0,0.2911380225141858,0.8476084076324449,0.7302860113310286,19.834970770873067,2.920439159740113,15.761954174795902,6.084966735240735,43.22478607901173,68.95100685095883,61.180852742815496,7.770154108143338,0.0,0.0,0.0,0.0,0.0,0.0,0.0,0.0,0.0,0.0,0.0,0.0,0.0,0.19521888505762774,0.0
1,spring_pv_high,春秋光伏大发日,65.0,14.75,0.25,43.198498059419286,18.839688823476283,12.513544248307188,0.0,5.0,-5.0,16.677668190076204,44.45233238653044,7.972563475312985,0.0,0.0,-0.0,-0.0,5.709052693403916,18.268968618892533,4.171181416102396,12.513544248307188,-0.0,0.0,3.041506694539966,1.7841721590707,0.009761713141074324,0.0,46.36813742017,1.213451954486949,0.0,46.91414008902837,0.0,0.0,0.0,0.0,0.0,0.0,11.860251513668128,10.310210985468498,12.291495340727618,5.288045090886954,2.207110319905659,0.0,70.0,10.5,40.5,45.0,0.7581240867901853,0.33431501655866913,1.0,25.2812317712338,13.187782176433398,5.005417699322876,0.0,0.31872926672449176,0.2650339640317652,0.0,0.29148438185488457,0.8835315867711309,0.7385512170978732,19.78665075152023,2.9123918276262106,15.724204574262396,6.095436335427335,43.198498059419286,69.10256405191963,61.13000057660665,7.972563475312985,0.0,0.0,0.0,0.0,0.0,0.0,0.0,0.0,0.0,0.0,0.0,0.0,0.0,-0.07369243984923379,0.0
1,spring_pv_high,春秋光伏大发日,65.0,15.0,0.25,43.307322256970124,18.922603652852878,12.596674044110785,0.0,5.0,-5.0,23.420344174710902,37.84619053138111,0.0,8.607188084747293,0.0,-0.0,-0.0,5.709052693403916,18.268968618892533,4.198891348036928,12.596674044110785,-0.0,0.0,3.041506694539966,1.7841721590707,0.009761713141074324,0.0,46.36813742017,1.1305371251103544,0.0,47.159185586197566,0.0,0.0,0.0,0.0,0.0,0.0,12.021091919431237,10.323418807514855,12.263968193188704,5.271233875440194,2.188892243123575,0.0,70.0,10.5,40.5,45.0,0.7202985870795956,0.34936439119138046,1.0,25.349041097807493,13.245822556997014,5.038669617644314,0.0,0.3374721320666282,0.2588494424652272,0.0,0.2916,0.8886565550008977,0.7462149906653441,19.724094311752474,2.9020545742490658,15.67515873861473,6.114028336596266,43.307322256970124,69.87372279083931,61.26653470609202,8.607188084747293,0.0,0.0,0.0,0.0,0.0,0.0,0.0,0.0,0.0,0.0,0.0,0.0,0.0,0.0831297958035968,0.0
1,spring_pv_high,春秋光伏大发日,65.0,15.25,0.25,43.136014182916625,18.798144528888407,12.715591692714428,0.0,5.0,-5.0,13.716222086396662,47.418643761843065,8.268963413089658,0.0,0.0,-0.0,-0.0,5.709052693403916,18.268968618892533,4.238530564238142,12.715591692714428,-0.0,0.0,3.041506694539966,1.7841721590707,0.009761713141074324,0.0,46.36813742017,1.254996249074825,0.0,47.43366760255974,0.0,0.0,0.0,0.0,0.0,0.0,12.222251483073219,10.344882308555073,12.229493273888721,5.249954447867922,2.1678603807249632,0.0,70.0,10.5,40.5,45.0,0.6761599203594234,0.3566239120274769,1.0,25.235467596225067,13.158701170221885,5.086236677085772,0.0,0.35621182770166715,0.2518385768315622,0.0,0.29148438185488457,0.9247134330487705,0.7529131613017133,19.647308102481606,2.8894602772423643,15.614825052921589,6.073691692448682,43.136014182916625,69.40382926132938,61.13486584823973,8.268963413089658,0.0,0.0,0.0,0.0,0.0,0.0,0.0,0.0,0.0,0.0,0.0,0.0,0.0,0.1189176486036434,0.0
1,spring_pv_high,春秋光伏大发日,65.0,15.5,0.25,43.32622232520356,18.852687451628576,12.585959221021064,0.0,5.0,-5.0,20.472203512068496,40.80965965456038,0.0,6.828929964378631,0.0,-0.0,-0.0,5.709052693403916,18.268968618892533,4.195319740340355,12.585959221021064,-0.0,0.0,3.041506694539966,1.7841721590707,0.009761713141074324,0.0,46.36813742017,1.2004533263346566,0.0,47.69505843376294,0.0,0.0,0.0,0.0,0.0,0.0,12.467838495154503,10.37296287606332,12.187766757851255,5.224449140373006,2.144247212326136,0.0,70.0,10.5,40.5,45.0,0.6296277780610753,0.3582780705138677,1.0,25.33910428309214,13.196881216140003,5.034383688408425,0.0,0.374178945739927,0.24413273252502546,0.0,0.2911380225141858,0.9453974279394264,0.7582258426789483,19.556463110550396,2.8746672429210416,15.543342324719584,6.082672915904546,43.32622232520356,68.11079313100751,61.281863166628874,6.828929964378631,0.0,0.0,0.0,0.0,0.0,0.0,0.0,0.0,0.0,0.0,0.0,0.0,0.0,-0.12963247169336434,0.0
1,spring_pv_high,春秋光伏大发日,65.0,15.75,0.25,43.35870420312179,19.006854764402664,12.605339891995584,0.0,5.0,-5.0,18.65942071299247,42.661384555212805,0.0,4.281770188682692,0.0,-0.0,-0.0,5.709052693403916,18.268968618892533,4.201779963998528,12.605339891995584,-0.0,0.0,3.041506694539966,1.7841721590707,0.009761713141074324,0.0,46.36813742017,1.046286013560568,0.0,47.91970383276669,0.0,0.0,0.0,0.0,0.0,0.0,12.760786775364307,10.405278162018043,12.13859228554382,5.195004533014949,2.118308725210633,0.0,70.0,10.5,40.5,45.0,0.5738751862496113,0.35304787652215497,1.0,25.360364750746587,13.304798335081864,5.042135956798234,0.0,0.39055552086081563,0.23587112835802132,0.0,0.2905624051417745,0.9472256070233189,0.761707165009476,19.4519055437694,2.8577598097542887,15.460988163268691,6.118815267211857,43.35870420312179,65.60257545688796,61.32080526820528,4.281770188682692,0.0,0.0,0.0,0.0,0.0,0.0,0.0,0.0,0.0,0.0,0.0,0.0,0.0,0.019380670974520342,0.0
1,spring_pv_high,春秋光伏大发日,65.0,16.0,0.25,43.790206661426076,19.189299171755074,12.592569732365675,0.0,5.0,-5.0,16.720864632677284,44.76093140572808,0.0,0.0,0.0,-0.0,-0.0,5.709052693403916,18.268968618892533,4.197523244121892,12.592569732365675,-0.0,0.0,2.775251726312406,1.6279848646686677,0.00976171314108012,0.0,46.36813742017,0.7076543118061274,0.0,48.06381187990434,0.0,0.0,0.0,0.0,0.0,0.0,13.102372558262552,10.438802122036277,12.081897103671443,5.16194609725659,2.090319806158798,0.0,132.0,19.8,40.5,45.0,0.5142544054784497,0.33663591358868206,1.0,25.61418792876775,13.432509420228552,5.03702789294627,0.0,0.4045343240252704,0.2271966900143889,0.0,0.2897599946196097,0.9431982372045553,0.7629230427192686,19.334163007086833,2.838848307301695,15.368183644938728,6.162217020980532,43.790206661426076,61.48179603840536,61.48179603840536,0.0,0.0,0.0,0.0,0.0,0.0,0.0,0.0,-7.105427357601002e-15,0.0,0.0,0.0,0.0,0.0,-0.012770159629909017,0.0
1,spring_pv_high,春秋光伏大发日,65.0,16.25,0.25,43.85854649386181,19.44513530669844,12.34413005041822,0.0,2.2330928873752196,-2.2330928873752196,14.691086249244249,41.409457847883,0.0,0.0,0.0,-0.0,-0.0,5.709052693403916,18.268968618892533,4.1147100168060735,12.34413005041822,-0.0,0.0,2.005030084495791,1.1761666878059067,0.009761713141074324,0.0,46.36813742017,0.0,0.0,48.03977997396439,0.0,1.8296497919566435,0.0,0.0,0.0,0.0,13.491746644052201,10.47000122147232,12.017743814006176,5.125632215294886,2.060569412694709,0.0,132.0,19.8,40.5,45.0,0.45182805978664614,0.31143030844193326,1.0,25.67355217331542,13.611594714688907,4.937652020167288,0.0,0.4153836780496747,0.21825200253686833,0.0,0.2887342269927357,0.9067201477335805,0.7614928925610527,19.20394544199577,2.8180683272266567,15.26549385721861,6.225590957384202,42.02889670190517,56.10054409712725,56.10054409712725,0.0,0.0,0.0,0.0,0.0,0.0,0.0,0.0,0.0,0.0,0.0,2.7669071126247804,0.0,0.0,-0.24843968194745436,0.0
1,spring_pv_high,春秋光伏大发日,65.0,16.5,0.25,44.203039328341035,19.64400229930453,12.262642670674115,0.0,0.0,0.0,12.857621785480648,39.57462660929207,0.0,0.0,0.0,-0.0,-0.0,5.709052693403916,18.268968618892533,4.087547556891372,12.262642670674115,-0.0,0.0,0.26251598859102193,0.15399397903540218,0.009761713141074324,0.0,46.36813742017,0.0,1.2210397013765935,47.694433846773045,0.0,1.8396688855957046,0.0,0.0,0.0,0.0,13.925527703046567,10.495000340844964,11.946337159128955,5.086447728622318,2.029355641790107,0.0,132.0,19.8,40.5,45.0,0.39543939816588364,0.2976309957179566,1.0,25.89061045291241,13.75080160951317,4.905057068269646,0.0,0.42251045452649255,0.209175518748274,0.0,0.2874894947556095,0.869452866526227,0.7571303050598204,19.06214052954138,2.795579291441315,15.153624092824657,6.272520477617272,42.36337044274533,52.432248394772714,52.432248394772714,0.0,0.0,0.0,0.0,0.0,0.0,0.0,0.0,0.0,0.0,0.0,2.2330928873752196,0.0,0.0,-0.08148737974410558,0.0
1,spring_pv_high,春秋光伏大发日,65.0,16.75,0.25,44.61970210032896,20.05274846421399,12.074910661376682,0.0,-0.0,0.0,10.907615082452015,38.250582299444225,0.0,0.0,0.0,-0.0,-0.0,4.474582254887471,14.318663215639909,4.024970220458894,12.074910661376682,-0.0,0.0,0.0,-0.0,0.0,2.1100558997625516,45.81054114494043,0.0,5.7340852485740825,46.16161682759332,0.0,1.8510012940165352,0.0,0.0,0.0,0.0,14.397506928634565,10.509769939102156,11.868025515433374,5.044797177772593,1.9969808127382582,0.0,132.0,19.8,40.5,45.0,0.335466450607584,0.28767318537130937,1.0,26.134269218839584,14.036923924949793,4.829964264550673,0.0,0.42551362059163267,0.20009815907917758,0.0,0.2860311280427652,0.8531645665124846,0.7496774492260296,18.909803505944225,2.771562332653488,15.033411660094007,6.377809890494612,42.768700806312424,49.158197381896244,49.158197381896244,0.0,0.0,0.0,0.0,0.0,0.0,-0.0,0.0,0.0,0.0,0.0,0.0,0.0,-3.9503054032526244,-0.1877320092974326,0.0
1,spring_pv_high,春秋光伏大发日,65.0,17.0,0.25,44.97974315154147,20.326728345029395,11.776940517572529,0.0,0.0,0.0,9.241108939493271,38.72742945501358,0.0,0.0,0.0,-0.0,-0.0,4.474582254887471,14.318663215639909,3.925646839190843,11.776940517572529,-0.0,0.0,0.0,-0.0,0.0,3.548128991671831,44.87453246218007,0.0,6.008065129389486,44.557466248287554,0.0,1.8633048594411001,0.0,0.0,0.0,0.0,14.898513159071957,10.510324540288602,11.783297020266714,5.001097898506149,1.9637466760713134,0.0,132.0,19.8,40.5,45.0,0.2842126342170968,0.2912594350943594,1.0,26.338988098012702,14.228709841520574,4.710776207029012,0.0,0.42422155185545624,0.1911404109966581,0.0,0.2843653718043597,0.8420542918815521,0.7391285594099534,18.748141594844174,2.7462175328988017,14.905813475294671,6.445046170181559,43.11643829210037,47.96853839450685,47.96853839450685,0.0,0.0,0.0,0.0,0.0,0.0,0.0,0.0,0.0,0.0,0.0,0.0,0.0,0.0,-0.29797014380415376,0.0
1,spring_pv_high,春秋光伏大发日,65.0,17.25,0.25,44.98893966420574,20.60183832976418,11.6329251776873,0.0,0.0,0.0,7.427877523416241,39.63070797578487,0.0,0.0,0.0,-0.0,-0.0,4.474582254887471,14.318663215639909,3.8776417258957667,11.6329251776873,-0.0,0.0,0.0,-0.0,0.0,4.40648475056728,43.71268748540768,0.0,6.283175114124273,42.88172037986755,0.0,1.876093395220579,0.0,0.0,0.0,0.0,15.416480191966146,10.492921725600386,11.692770516810707,4.955773137833561,1.9299498523426757,0.0,132.0,19.8,40.5,45.0,0.22844624507671427,0.2980527698288097,1.0,26.352610329167806,14.421286830834926,4.65317007107492,0.0,0.4187082478725747,0.18241000511889055,0.0,0.28249935906433743,0.804506629828355,0.7256391692289244,18.578493506986945,2.7197605943427146,14.771889795335941,6.512367556782338,43.11284626898516,47.058585499201115,47.058585499201115,0.0,0.0,0.0,0.0,0.0,0.0,0.0,0.0,0.0,0.0,0.0,0.0,0.0,0.0,-0.14401533988522885,0.0
1,spring_pv_high,春秋光伏大发日,65.0,17.5,0.25,45.702410964680794,20.972207360966724,11.370287393630784,0.0,0.0,0.0,5.670419774248223,40.75896604587295,0.0,0.0,0.0,-0.0,-0.0,4.474582254887471,14.318663215639909,3.790095797876928,11.370287393630784,-0.0,0.0,0.0,-0.0,0.0,5.648953440397029,42.223935156192084,0.0,6.653544145326816,41.109346849854774,0.0,1.8887497569269878,0.0,0.0,0.0,0.0,15.936744118943711,10.45425062437041,11.597181742609804,4.909245346499839,1.8958775937413699,0.0,132.0,19.8,40.5,45.0,0.17439518911722446,0.3065381202060205,1.0,26.728308875183973,14.680545152676705,4.548114957452314,0.0,0.4092863011500154,0.17400021229129375,0.0,0.28044108037572674,0.8424295044051762,0.7095196282241155,18.402304682851014,2.692419042106249,14.632784624719296,6.6062156556641165,43.8136612077538,46.429385820121176,46.429385820121176,0.0,0.0,0.0,0.0,0.0,0.0,0.0,0.0,0.0,0.0,0.0,0.0,0.0,0.0,-0.2626377840565155,0.0
1,spring_pv_high,春秋光伏大发日,65.0,17.75,0.25,46.03286491353814,21.176682306217305,11.061399436727664,0.0,0.0,0.0,3.9450570783850503,40.12263294663662,0.0,0.0,0.0,-0.0,-0.0,4.474582254887471,14.318663215639909,3.687133145575888,11.061399436727664,-0.0,0.0,0.0,-0.0,0.0,8.22633937469335,40.056997808199185,0.0,6.858019090577397,39.284050310488425,0.0,1.9005509142864745,0.0,0.0,0.0,0.0,16.442578872192897,10.391599437493046,11.497365402116138,4.861929793279746,1.8618039483468047,0.0,132.0,19.8,40.5,45.0,0.12133122461016035,0.30175241607787257,1.0,26.912499490856046,14.823677614352112,4.424559774691065,0.0,0.3964775402697485,0.1659887734732613,0.0,0.2781993496038648,0.8237512335077625,0.6912135564384306,18.221099143742688,2.664428079680588,14.48970347868087,6.653550139905651,44.132313999251664,44.06769002502167,44.06769002502167,0.0,0.0,0.0,0.0,0.0,0.0,0.0,0.0,-7.105427357601002e-15,0.0,0.0,0.0,0.0,0.0,-0.30888795690312065,0.0
1,spring_pv_high,春秋光伏大发日,65.0,18.0,0.25,46.039943649790374,21.466736967962607,10.935492344587999,0.0,0.0,0.0,2.5004463099801795,42.23020993411662,0.0,0.0,0.0,-0.0,-0.0,4.474582254887471,14.318663215639909,3.6451641148626663,10.935492344587999,-0.0,0.0,0.0,-0.0,0.0,7.51832948825444,38.076487198241814,0.0,7.1480737523226985,37.38333624524826,0.0,1.910704287189266,0.0,0.0,0.0,0.0,16.915954538842875,10.302992770659113,11.394233938885682,4.814228631237918,1.8279863919318105,0.0,132.0,19.8,40.5,45.0,0.07690185638227684,0.3176029822380758,1.0,26.904788922074378,15.026715877573825,4.3741969378352,0.0,0.38096517839811556,0.15843744412450295,0.0,0.2757837661840736,0.809728098740763,0.6712639024656034,18.03644896205541,2.636026232514105,14.343889297386344,6.72486219207629,44.129239362601105,44.7306562440968,44.7306562440968,0.0,0.0,0.0,0.0,0.0,0.0,0.0,0.0,-7.105427357601002e-15,0.0,0.0,0.0,0.0,0.0,-0.12590709213966456,0.0
1,spring_pv_high,春秋光伏大发日,65.0,18.25,0.25,46.44685470954584,21.799418126075512,10.707640533128467,0.0,0.0,0.0,1.296759054066342,39.84293706374412,0.0,0.0,0.0,-0.0,-0.0,4.474582254887471,14.318663215639909,3.5692135110428223,10.707640533128467,-0.0,0.0,0.0,-0.0,0.0,11.432561005436474,35.06601468824072,0.0,7.4807549104356035,35.396024863853114,0.0,1.9183933522291994,0.0,0.0,0.0,0.0,17.338477955326876,10.18729142041573,11.28875395054272,4.766525527685526,1.7946629761784745,0.0,132.0,19.8,40.5,45.0,0.03988215149439361,0.29964889239980047,1.0,27.126061869540116,15.259592688252857,4.283056213251387,0.0,0.36353356776578105,0.15139210845489745,0.0,0.27320467401540377,0.7989391333733703,0.6502708353600881,17.849942454406722,2.6074509238077854,14.196597378081375,6.808198453228111,44.52846135731664,41.13969611781046,41.13969611781046,0.0,0.0,0.0,0.0,0.0,0.0,0.0,0.0,0.0,0.0,0.0,0.0,0.0,0.0,-0.22785181145953182,0.0
1,spring_pv_high,春秋光伏大发日,65.0,18.5,0.25,46.32368164456426,21.99194432166787,10.353247091809632,0.0,0.0,0.0,0.5242770214978864,35.56804233182198,0.0,0.0,0.0,-0.0,-0.0,4.474582254887471,14.318663215639909,3.451082363936544,10.353247091809632,-0.0,0.0,0.0,-0.0,0.0,16.234197554464487,30.792104136331442,0.0,7.673281106027961,33.35904234983489,0.0,1.922829355603926,0.0,0.0,0.0,0.0,17.692451789356014,10.044249609569619,11.181921263989418,4.719180948704535,1.762050025594453,0.0,132.0,19.8,40.5,45.0,0.016124271915311756,0.26749846459632776,1.0,27.034022289103657,15.394361025167507,4.141298836723853,0.0,0.3450029353530028,0.1448833975799133,0.0,0.270473117166471,0.7975166183116991,0.6288465738771714,17.663152238288404,2.5789341280763263,14.049070220225655,6.852447890570368,44.40085228896034,36.092319353319866,36.092319353319866,0.0,0.0,0.0,0.0,0.0,0.0,0.0,0.0,0.0,0.0,0.0,0.0,0.0,0.0,-0.35439344131883566,0.0
1,spring_pv_high,春秋光伏大发日,65.0,18.75,0.25,46.159587322157066,22.205271129476657,9.995510899413153,0.0,0.0,0.0,0.0749858620363514,34.70094418967062,0.0,0.0,0.0,-0.0,-0.0,4.474582254887471,14.318663215639909,3.331836966471051,9.995510899413153,-0.0,0.0,0.0,-0.0,0.0,17.266771444462897,26.24667730889755,0.0,7.886607913836748,31.266939693439774,0.0,1.9233050473457243,0.0,0.0,0.0,0.0,17.961970019695947,9.874527335132564,11.074735707705088,4.672528166649864,1.73034039890087,0.0,132.0,19.8,40.5,45.0,0.0023062090835561395,0.26097723355651037,1.0,26.940199855120884,15.543689790633659,3.9982043597652615,0.0,0.32616659797007,0.13892773002937972,0.0,0.2676007925830586,0.7585053798096696,0.6075723285593964,17.477604273255825,2.5506982426797773,13.90251316253748,6.9027394413876095,44.236282274811344,34.77593005170697,34.77593005170697,0.0,0.0,0.0,0.0,0.0,0.0,0.0,0.0,0.0,0.0,0.0,0.0,0.0,0.0,-0.35773619239647836,0.0
1,spring_pv_high,春秋光伏大发日,65.0,19.0,0.25,46.02457878948307,22.367232857029858,9.73121995486871,0.0,0.0,0.0,-0.0,35.2456269302182,0.0,0.0,0.0,-0.0,-0.0,4.474582254887471,14.318663215639909,3.2437399849562367,9.73121995486871,-0.0,0.0,0.0,-0.0,0.0,16.578028274147982,21.882725955519476,0.0,8.04856964138995,29.133261581122014,0.0,1.9192458249605953,0.0,0.0,0.0,0.0,18.133957313151683,9.679658271651041,10.968176583931253,4.626870035832234,1.6997023147611279,0.0,132.0,19.8,40.5,45.0,0.0,0.26507365796551535,1.0,26.86019543526133,15.6570629999209,3.8924879819474842,0.0,0.3077371867140493,0.13352868346558616,0.0,0.2646,0.7259001869960573,0.586961845818862,17.294748934524616,2.5229523057690004,13.758071632910111,6.9389212194919425,44.105332964522475,35.2456269302182,35.2456269302182,0.0,0.0,0.0,0.0,0.0,0.0,0.0,0.0,0.0,0.0,0.0,0.0,0.0,0.0,-0.26429094454444346,0.0
1,spring_pv_high,春秋光伏大发日,65.0,19.25,0.25,45.61503362925189,22.51931211023973,9.517018251992004,0.0,0.0,0.0,-0.0,34.314779585929095,0.0,0.0,0.0,-0.0,-0.0,4.474582254887471,14.318663215639909,3.1723394173306683,9.517018251992004,-0.0,0.0,0.0,-0.0,0.0,17.03692207383498,17.398231273475652,0.0,8.200648894599823,26.960629451752556,0.0,1.91025364170596,0.0,0.0,0.0,0.0,18.199059270777326,9.461976357505279,10.863179760818218,4.582476558461218,1.6702787269279247,0.0,132.0,19.8,40.5,45.0,0.0,0.2580729849161547,1.0,26.620478931015988,15.76351847716781,3.8068073007968017,0.0,0.2903066025547789,0.12867860273305876,0.0,0.2614835892718261,0.6959919793214469,0.5674347740563329,17.115935046207362,2.495888671745349,13.616810737102963,6.9726556863910485,43.70477998754593,34.314779585929095,34.314779585929095,0.0,0.0,0.0,0.0,0.0,0.0,0.0,0.0,0.0,0.0,0.0,0.0,0.0,0.0,-0.21420170287670537,0.0
1,spring_pv_high,春秋光伏大发日,65.0,19.5,0.25,44.966581733742686,22.706261120845653,9.15769644289765,0.0,0.0,0.0,-0.0,35.39370974183528,0.0,0.0,0.0,-0.0,-0.0,4.474582254887471,14.318663215639909,3.0525654809658835,9.15769644289765,-0.0,0.0,0.0,-0.0,0.0,15.20388019522589,13.396340257905166,0.0,8.387597905205745,24.73988653039359,0.0,1.8961395325348698,0.0,0.0,0.0,0.0,18.15230059861818,9.224506584736725,10.76061718064351,4.5395832406655785,1.6421872206225148,0.0,132.0,19.8,40.5,45.0,0.0,0.2661873522299094,1.0,26.246692922333374,15.894382784591956,3.6630785771590606,0.0,0.2743221526883981,0.1243603509825903,0.0,0.2582649053477149,0.6607344242826242,0.5493014828465391,16.942387641931603,2.4696802335339783,13.479697786722546,7.016513472802083,43.07044220120782,35.39370974183528,35.39370974183528,0.0,0.0,0.0,0.0,0.0,0.0,0.0,0.0,0.0,0.0,0.0,0.0,0.0,0.0,-0.35932180909435374,0.0
1,spring_pv_high,春秋光伏大发日,65.0,19.75,0.25,44.38868457898667,22.88047704573538,8.711143934233982,0.0,0.0,0.0,-0.0,38.278041544479464,0.0,0.0,0.0,-0.0,-0.0,4.474582254887471,14.318663215639909,2.9037146447446607,8.711143934233982,-0.0,0.0,0.0,-0.0,0.0,11.611998331752096,10.339881406220666,0.0,8.56181383009547,22.474407684471693,0.0,1.8769416023872423,0.0,0.0,0.0,0.0,17.99344821200895,8.970827445716463,10.661279424464048,4.498390217699095,1.6155203905569986,0.0,132.0,19.8,40.5,45.0,0.0,0.2878796995735074,1.0,25.917066514662206,16.016333932014764,3.484457573693593,0.0,0.2600789965708973,0.12054911680174364,0.0,0.25495773112637077,0.6226377386919151,0.5327593472912495,16.775190032720143,2.4444782560440625,13.347588219504217,7.057198460522094,42.51174297659943,38.278041544479464,38.278041544479464,0.0,0.0,0.0,0.0,0.0,0.0,0.0,0.0,0.0,0.0,0.0,0.0,0.0,0.0,-0.44655250866366814,0.0
1,spring_pv_high,春秋光伏大发日,65.0,20.0,0.25,43.39400089076943,22.929362890625573,8.308619463543224,0.0,-0.0,0.0,-0.0,40.58849282811678,0.0,0.0,0.0,-0.0,-0.0,4.474582254887471,14.318663215639909,2.7695398211810747,8.308619463543224,-0.0,0.0,0.0,-0.0,0.0,8.196703439915707,8.182337191119906,0.0,8.610699674985664,20.19719688194902,0.0,1.852926698805497,0.0,0.0,0.0,0.0,17.727043938383588,8.704913836840888,10.565861796773053,4.459062108871521,1.590346651703709,0.0,132.0,19.8,40.5,45.0,0.0,0.3052560332252655,1.0,25.335174840241418,16.0505540234379,3.3234477854172897,0.0,0.24772703120127038,0.11721420006985696,0.0,0.2515762284355362,0.6055944746937459,0.5178991189175198,16.615270557348282,2.420410858584456,13.221215204339162,7.06320897539155,41.541074191963936,40.58849282811678,40.58849282811678,0.0,0.0,0.0,0.0,0.0,0.0,-0.0,0.0,0.0,0.0,0.0,0.0,0.0,0.0,-0.4025244706907589,0.0
1,spring_pv_high,春秋光伏大发日,65.0,20.25,0.25,42.50702076016912,22.864150494899395,8.103507631250352,0.0,0.0,0.0,-0.0,41.47725629471953,0.0,0.0,0.0,-0.0,-0.0,4.474582254887471,14.318663215639909,2.701169210416784,8.103507631250352,-0.0,0.0,0.0,-0.0,0.0,6.380940342486303,6.50273324729027,0.0,8.545487279259486,17.938285841597654,0.0,1.8245755882675414,0.0,0.0,0.0,0.0,17.362103527819066,8.430969907415633,10.474954207129443,4.421728546779798,1.5667114268450237,0.0,132.0,19.8,40.5,45.0,0.0,0.31194020382109394,1.0,24.78731502105215,16.004905346429574,3.241403052500141,0.0,0.2372889278455869,0.11432071156928099,0.0,0.24813487738887094,0.6404759366717736,0.5047190234236911,16.463394180754264,2.3975821571818017,13.10118305912001,7.03770847914632,40.68244517190158,41.47725629471953,41.47725629471953,0.0,0.0,0.0,0.0,0.0,0.0,0.0,0.0,0.0,0.0,0.0,0.0,0.0,0.0,-0.20511183229287155,0.0
1,spring_pv_high,春秋光伏大发日,65.0,20.5,0.25,41.69286987485029,22.876059630518988,7.791268124150851,0.0,0.0,0.0,-0.0,42.098851430949104,0.0,0.0,0.0,-0.0,-0.0,4.474582254887471,14.318663215639909,2.5970893747169503,7.791268124150851,-0.0,0.0,0.0,-0.0,0.0,4.873136999054671,5.220003637192466,0.0,8.55739641487908,15.677370273708679,0.0,1.7925530744509337,0.0,0.0,0.0,0.0,16.911511136254386,8.153261354994827,10.38903494025699,4.386485312385193,1.5446386501468987,0.0,132.0,19.8,40.5,45.0,0.0,0.31661506736828426,1.0,24.299095816624334,16.01324174136329,3.1165072496603408,0.0,0.228685315860545,0.11183113515097548,0.0,0.2446484143798828,0.648124908944791,0.4931437363991481,16.32015890278908,2.376072052092491,12.987964450157484,7.034250478562575,39.90031680039935,42.098851430949104,42.098851430949104,0.0,0.0,0.0,0.0,0.0,0.0,0.0,0.0,0.0,0.0,0.0,0.0,0.0,0.0,-0.312239507099501,0.0
1,spring_pv_high,春秋光伏大发日,65.0,20.75,0.25,40.89660679944368,22.77951199593549,7.432810333639398,0.0,0.0,0.0,-0.0,45.835720477745014,0.0,0.0,0.0,-0.0,-0.0,4.474582254887471,14.318663215639909,2.477603444546466,7.432810333639398,-0.0,0.0,0.0,-0.0,0.0,0.25540608614639915,5.15253050907736,0.0,8.460848780295581,13.442992435862461,0.0,1.757665934986206,0.0,0.0,0.0,0.0,16.391167274078555,7.875956046451777,10.308468231747847,4.353395997583033,1.524132523446342,0.0,132.0,19.8,40.5,45.0,0.0,0.34471913683294303,1.0,23.834776217395756,15.945658397154842,2.973124133455759,0.0,0.2217630725934346,0.10970671546551213,0.0,0.24113176897842775,0.6350018992162949,0.4830453752638715,16.18599675277722,2.355936622532883,12.881901195566096,7.000878892888922,39.138940864457474,45.835720477745014,45.835720477745014,0.0,0.0,0.0,0.0,0.0,0.0,0.0,0.0,0.0,0.0,0.0,0.0,0.0,0.0,-0.3584577905114532,0.0
1,spring_pv_high,春秋光伏大发日,65.0,21.0,0.25,39.83666626828673,22.731619623744443,7.083003550659737,0.0,-0.0,0.0,-0.0,46.35716461910285,0.0,0.0,0.0,-0.0,-0.0,5.88030980391661,18.816991372533153,2.361001183553246,7.083003550659737,-0.0,0.0,0.0,-0.0,0.0,0.0,5.152272882551906,0.0,3.9146282512112904,12.406105610378402,0.0,1.7208126366537333,0.0,0.0,0.0,0.0,15.818969922240825,7.6029806758412395,10.233505411686977,4.322494110205658,1.5051794615043776,0.0,132.0,19.8,40.5,45.0,0.0,0.34864078947507277,1.0,23.21016750892019,15.91213373662111,2.833201420263895,0.0,0.2163231904101029,0.10790864805221334,0.0,0.2376,0.6368326607244357,0.474264016534064,16.06117898339701,2.3372090707704185,12.78320836817586,6.9815853265356855,38.115853631632994,46.35716461910285,46.35716461910285,0.0,0.0,0.0,0.0,0.0,0.0,-0.0,0.0,0.0,0.0,0.0,0.0,0.0,4.498328156893244,-0.3498067829796607,0.0
1,spring_pv_high,春秋光伏大发日,65.0,21.25,0.25,38.91930881657227,22.4945848052606,6.830974501400913,0.0,-0.0,0.0,-0.0,46.788582190299515,0.0,0.0,0.0,-0.0,-0.0,7.275211269320899,23.280676061826878,2.276991500466971,6.830974501400913,-0.0,0.0,0.0,-0.0,0.0,0.0,5.152015268907778,0.7860912565662765,0.0,12.586599231007703,0.0,1.6829293960606242,0.0,0.0,0.0,0.0,15.213720681828718,7.3378995826421365,10.164289249735571,4.293785532824879,1.4877501639627224,0.0,132.0,19.8,40.5,45.0,0.0,0.3518853745106606,1.0,22.684468034397327,15.74620936368242,2.7323898005603655,0.0,0.2121455576332851,0.1063990612206606,0.0,0.23406823102157231,0.6126843864258208,0.4666258649123878,15.945824946523173,2.3199011419485456,12.691981291076301,6.909781617612249,37.236379420511646,46.788582190299515,46.788582190299515,0.0,0.0,0.0,0.0,0.0,0.0,-0.0,0.0,0.0,0.0,0.0,0.0,0.0,4.463684689293725,-0.25202904925882397,0.0
1,spring_pv_high,春秋光伏大发日,65.0,21.5,0.25,38.02126018827946,22.471385894460425,6.5962635908013825,0.0,-0.0,0.0,-0.0,49.78356131249997,0.0,0.0,0.0,-0.0,-0.0,8.041158066394077,25.731705812461048,2.1987545302671276,6.5962635908013825,-0.0,0.0,3.041506694539966,1.7841721590707,0.0010846347934551958,0.0,5.152015268907778,5.044492077071322,0.0,13.778372799696639,0.0,1.5202028017741256,0.0,0.0,0.0,0.0,14.594049403902838,7.083819998354173,10.100861036792342,4.267251246106128,1.4718017549129516,0.0,132.0,19.8,40.5,45.0,0.0,0.3744098730257196,1.0,22.17216109804604,15.729970126122296,2.6385054363205533,0.0,0.20900899968242487,0.10514179014121908,0.0,0.2305515856201172,0.5864271179309498,0.4599579172439059,15.83991403781142,2.3040049347950333,12.608204943886623,6.898292466021741,36.50105738650534,49.78356131249997,49.78356131249997,0.0,0.0,0.0,0.0,0.0,0.0,-0.0,0.0,0.0,0.0,0.0,0.0,0.0,2.45102975063417,-0.23471091059953064,0.0
1,spring_pv_high,春秋光伏大发日,65.0,21.75,0.25,37.190291440250014,22.202749046282825,6.3816696318303565,0.0,-0.0,0.0,-0.0,51.03191142726478,0.0,0.0,0.0,-0.0,-0.0,8.041158066394077,25.731705812461048,2.127223210610119,6.3816696318303565,-0.0,0.0,3.041506694539966,1.7841721590707,0.6317320154706039,0.0,5.301794021818601,5.313128925248922,0.0,15.03335173304341,0.0,0.0,0.0,0.0,0.0,0.0,13.977442186240772,6.843326025660309,10.043169872378268,4.242850229547812,1.4572799355623827,0.0,132.0,19.8,40.5,45.0,0.0,0.38379840602011145,1.0,21.703585159483158,15.541924332397977,2.5526678527321427,0.0,0.2067058965179292,0.10410295255905022,0.0,0.22706512261112913,0.553245736565721,0.4540986513462683,15.743300037488464,2.2894950118277224,12.531765251471082,6.818508139724245,37.190291440250014,51.03191142726478,51.03191142726478,0.0,0.0,0.0,0.0,0.0,0.0,-0.0,0.0,0.0,0.0,0.0,0.0,0.0,0.0,-0.21459395897102596,0.0
1,spring_pv_high,春秋光伏大发日,65.0,22.0,0.25,36.538007360946004,21.937707866386752,6.193469361312488,0.0,0.0,0.0,-0.0,51.35651730313257,0.0,0.0,0.0,-0.0,-0.0,8.041158066394077,25.731705812461048,2.0644897871041628,6.193469361312488,-0.0,0.0,3.041506694539966,1.7841721590707,1.6713553941483568,0.0,5.698475838227745,5.578170105144995,0.0,16.350650457148827,0.0,0.0,0.0,0.0,0.0,0.0,13.379440690386174,6.618441736475195,9.991083593321017,4.220522456878132,1.4441211011601014,0.0,62.0,9.299999999999999,40.5,45.0,0.0,0.38623968666703345,1.0,21.321271530155496,15.356395506470726,2.477387744524995,0.0,0.2050514918079463,0.10325134241556064,0.0,0.2236237715644639,0.5511682321017115,0.44890483542580767,15.65572715135925,2.276330715691808,12.462461708540859,6.74014179734736,36.538007360946004,51.35651730313257,51.35651730313257,0.0,0.0,0.0,0.0,0.0,0.0,0.0,0.0,0.0,0.0,0.0,0.0,0.0,0.0,-0.1882002705178687,0.0
1,spring_pv_high,春秋光伏大发日,65.0,22.25,0.25,35.87102658573853,21.83356666772973,6.1137548650529,0.0,0.0,0.0,-0.0,54.220183576341604,0.0,0.0,0.0,-0.0,-0.0,8.041158066394077,25.731705812461048,2.0379182883509666,6.1137548650529,-0.0,0.0,3.041506694539966,1.7841721590707,5.228573941318068,0.0,6.939977225498875,5.682311303802017,0.0,17.692024066573232,0.0,0.0,0.0,0.0,0.0,0.0,12.813058164920479,6.410622038232849,9.944400776218377,4.2001919097873355,1.4322543798204426,0.0,62.0,9.299999999999999,40.5,45.0,0.0,0.40777661366608725,1.0,20.93537040125656,15.28349666741081,2.4455019460211602,0.0,0.20388856942256547,0.10255866241721266,0.0,0.2202422688736293,0.5415171873672748,0.44425495020123507,15.576847065826154,2.264458600468423,12.400020801338162,6.707219808114991,35.87102658573853,54.220183576341604,54.220183576341604,0.0,0.0,0.0,0.0,0.0,0.0,0.0,0.0,0.0,0.0,0.0,0.0,0.0,0.0,-0.07971449625958815,0.0
1,spring_pv_high,春秋光伏大发日,65.0,22.5,0.25,34.956182469115625,21.672923221194065,5.973402969678556,0.0,0.0,0.0,-0.0,56.99647912073698,0.0,0.0,0.0,-0.0,-0.0,8.041158066394077,25.731705812461048,1.9911343232261853,5.973402969678556,-0.0,0.0,3.041506694539966,1.7841721590707,8.966497567461126,0.0,9.069173398909617,5.842954750337682,0.0,19.070879807745147,0.0,0.0,0.0,0.0,0.0,0.0,12.288432588377686,6.22076850790594,9.902863270058843,4.181769541624142,1.421603557846405,0.0,62.0,9.299999999999999,40.5,45.0,0.0,0.4286564469856442,1.0,20.396493364947023,15.171046254835844,2.3893611878714225,0.0,0.20308848252733408,0.10199961937688362,0.0,0.21693509465228517,0.5485213832207537,0.440049935128,15.50623636952939,2.2538148926256154,12.344109718092072,6.658848705676624,34.956182469115625,56.99647912073698,56.99647912073698,0.0,0.0,0.0,0.0,0.0,0.0,0.0,0.0,0.0,0.0,0.0,0.0,0.0,0.0,-0.14035189537434345,0.0
1,spring_pv_high,春秋光伏大发日,65.0,22.75,0.25,34.009288669456296,21.343281439036723,5.725990713175308,0.0,0.0,0.0,-0.0,57.508795275365635,0.0,0.0,0.0,-0.0,-0.0,8.041158066394077,25.731705812461048,1.9086635710584359,5.725990713175308,-0.0,0.0,3.041506694539966,1.7841721590707,10.508178273916862,0.0,11.564412280294928,6.1725965324950245,0.0,20.527336044308843,0.0,0.0,0.0,0.0,0.0,0.0,11.812713173485285,6.049266301661984,9.86616876165793,4.16515613174862,1.4120888633255155,0.0,62.0,9.299999999999999,40.5,45.0,0.0,0.4325094502932918,1.0,19.856834404462095,14.940297007325706,2.290396285270123,0.0,0.20254961113138054,0.10155190720389393,0.0,0.21371641072817393,0.5254569970513648,0.4362120344672361,15.443413756732063,2.244327905045316,12.29434988899137,6.563507288868765,34.009288669456296,57.508795275365635,57.508795275365635,0.0,0.0,0.0,0.0,0.0,0.0,0.0,0.0,0.0,0.0,0.0,0.0,0.0,0.0,-0.2474122565032486,0.0
1,spring_pv_high,春秋光伏大发日,65.0,23.0,0.25,33.24929092675983,21.194991009560308,5.59452975666462,0.0,-0.0,0.0,-0.0,60.39150362296973,0.0,0.0,0.0,-0.0,-0.0,8.041158066394077,25.731705812461048,1.8648432522215401,5.59452975666462,-0.0,0.0,3.041506694539966,1.7841721590707,14.194704683054319,0.0,14.935076421906313,6.320886961971439,0.0,22.018283029754905,0.0,0.0,0.0,0.0,0.0,0.0,11.390155829400392,5.8960375487735925,9.833982939916158,4.150244980984967,1.4036285868857876,0.0,62.0,9.299999999999999,40.5,45.0,0.0,0.4541895880323657,1.0,19.42258842594392,14.836493706692215,2.237811902665848,0.0,0.20219425146136047,0.10119610203089346,0.0,0.2106,0.5080737576336813,0.4326824678507565,15.387856507786912,2.2359203384821065,12.250329959339442,6.5192702267951255,33.24929092675983,60.39150362296973,60.39150362296973,0.0,0.0,0.0,0.0,0.0,0.0,-0.0,0.0,0.0,0.0,0.0,0.0,0.0,0.0,-0.13146095651068723,0.0
1,spring_pv_high,春秋光伏大发日,65.0,23.25,0.25,32.752411225635264,21.035626360981226,5.491227364305511,0.0,-0.0,0.0,-0.0,59.741387411672456,0.0,0.0,0.0,-0.0,-0.0,8.041158066394077,25.731705812461048,1.8304091214351705,5.491227364305511,-0.0,0.0,3.041506694539966,1.7841721590707,14.07590230366798,0.0,18.277356465206363,6.480251610550521,0.0,23.546333645745776,0.0,0.0,0.0,0.0,0.0,0.0,11.022387977975864,5.760606329927972,9.805950899730965,4.136924408655721,1.396140525333592,0.0,62.0,9.299999999999999,40.5,45.0,0.0,0.44930022452147006,1.0,19.118271810826396,14.724938452686857,2.196490945722205,0.0,0.20196476833080604,0.1009154924615823,0.0,0.2075992074169415,0.5302503933364436,0.4294185280930827,15.339015833720278,2.228511417099136,12.211617871474258,6.472234628327248,32.752411225635264,59.741387411672456,59.741387411672456,0.0,0.0,0.0,0.0,0.0,0.0,-0.0,0.0,0.0,0.0,0.0,0.0,0.0,0.0,-0.10330239235910899,0.0
1,spring_pv_high,春秋光伏大发日,65.0,23.5,0.25,32.21706802346259,20.943528277767772,5.413096527356561,0.0,-0.0,0.0,-0.0,59.829498668635,0.0,0.0,0.0,-0.0,-0.0,8.041158066394077,25.731705812461048,1.8043655091188537,5.413096527356561,-0.0,0.0,3.041506694539966,1.7841721590707,16.137537950494874,0.0,22.109107860625635,6.572349693763975,0.0,25.09549353119185,0.0,1.412137575375361,0.0,0.0,0.0,0.0,10.708794311803555,5.642170390210917,9.781707507227301,4.125080021640103,1.3895432402610668,0.0,62.0,9.299999999999999,40.5,45.0,0.0,0.4499628875303376,1.0,18.809838992149118,14.66046979443744,2.1652386109426245,0.0,0.20181962733869532,0.10069586562510512,0.0,0.2047268828335291,0.5214672730184717,0.42639055689153393,15.29633076912847,2.2220188176199294,12.177771807235752,6.444312102753178,30.804930448087227,59.829498668635,59.829498668635,0.0,0.0,0.0,0.0,0.0,0.0,-0.0,0.0,3.552713678800501e-15,0.0,0.0,0.0,0.0,0.0,-0.07813083694894996,0.0
1,spring_pv_high,春秋光伏大发日,65.0,23.75,0.25,31.610810050418646,20.698311964661663,5.294232011793143,0.0,-0.0,0.0,-0.0,58.437214097811506,0.0,0.0,0.0,-0.0,-0.0,8.041158066394077,25.731705812461048,1.7647440039310478,5.294232011793143,-0.0,0.0,3.041506694539966,1.7841721590707,15.377153428658033,0.0,25.760076344538888,6.817566006870084,0.0,26.70211771105797,0.0,1.3981581461302652,0.0,0.0,0.0,0.0,10.446972654094635,5.539675089853939,9.760886529779706,4.114596735467028,1.3837571294618645,0.0,62.0,9.299999999999999,40.5,45.0,0.0,0.4394918590294737,1.0,18.45986459793193,14.488818375263163,2.1176928047172576,0.0,0.20172971137951365,0.10052526693149218,0.0,0.20199532598459627,0.5137660848280245,0.423579097889369,15.259240394708598,2.21636036443924,12.148349818942359,6.373771372245764,30.212651904288382,58.437214097811506,58.437214097811506,0.0,0.0,0.0,0.0,0.0,0.0,-0.0,0.0,0.0,0.0,0.0,0.0,0.0,0.0,-0.11886451556341804,0.0
2,summer_commercial,夏季商业制冷日,75.0,0.0,0.25,36.54841313342239,11.427431952431728,16.315860519685963,0.0,4.000256111118447,-4.000256111118447,-0.0,57.25196299049586,0.0,0.0,0.0,-0.0,-0.0,4.4306225996816355,14.177992318981236,5.438620173228654,16.315860519685963,-0.0,0.0,3.041506694539966,1.7841721590707,0.0,0.0,25.75878834072166,4.534732525620207,0.0,27.76576562703724,3.792544278504762,0.0,0.0,0.0,0.0,0.0,10.800248896076246,7.161216077430938,10.88604231108671,5.628828109456821,1.5033616864879322,0.0,52.0,7.8,40.0,45.0,0.0,0.4305778780909059,1.0,22.843342359998932,6.285087573837451,11.094785153386455,0.0,0.18000007778333918,0.11800850986916626,0.2800019379993123,0.1846446609406726,0.745638018139668,0.6456217885236415,18.018232107031462,2.650253708059978,14.41432559105181,3.920592299005258,40.34095741192716,57.25196299049586,57.25196299049586,0.0,0.0,0.0,0.0,0.0,0.0,0.0,0.0,0.0,0.0,0.0,-4.000256111118447,0.0,2.076957928035265,-1.177462532133653,0.0
2,summer_commercial,夏季商业制冷日,75.0,0.25,0.25,36.666704399533515,11.487368801224369,16.347753523772173,0.0,4.000256111118447,-4.000256111118447,-0.0,58.73849680755755,0.0,0.0,0.0,-0.0,-0.0,4.4306225996816355,14.177992318981236,5.449251174590724,16.347753523772173,-0.0,0.0,3.041506694539966,1.7841721590707,1.1168183441445745,0.0,26.02274475803896,4.474795676827567,0.0,28.81464671747027,4.033337483948687,0.0,0.0,0.0,0.0,0.0,10.802779377588152,7.164806381146325,10.899290387541278,5.629754863276316,1.5041430289633455,0.0,52.0,7.8,40.0,45.0,0.0,0.44175773190250456,1.0,22.912392346081788,6.318052840673404,11.11647239616508,0.0,0.18000019078544677,0.11801233886881506,0.28000348969746197,0.18240800962605114,0.7491390250779427,0.6435018139193376,18.03318827978094,2.652182188266626,14.426018665553439,3.9375893986183312,40.7000418834822,58.73849680755755,58.73849680755755,0.0,0.0,0.0,0.0,0.0,0.0,0.0,0.0,7.105427357601002e-15,0.0,0.0,0.0,0.0,0.0,0.03189300408621065,0.0
2,summer_commercial,夏季商业制冷日,75.0,0.5,0.25,36.52484472777928,11.487182044124326,16.40188904076121,0.0,4.000256111118447,-4.000256111118447,-0.0,62.01370773842593,0.0,0.0,0.0,-0.0,-0.0,4.4306225996816355,14.177992318981236,5.467296346920403,16.40188904076121,-0.0,0.0,3.041506694539966,1.7841721590707,4.531448338330469,0.0,27.097662601154546,4.474982433927609,0.0,29.863047722169348,4.017732920055721,0.0,0.0,0.0,0.0,0.0,10.810097082719759,7.1694270177197215,10.914577656051852,5.630882951353882,1.5050860692310126,0.0,52.0,7.8,40.0,45.0,0.0,0.466389784661072,1.0,22.815569866801717,6.31795012426838,11.153284547717622,0.0,0.1800004551349306,0.11801776690895159,0.2800061953719696,0.18033233298543824,0.7602760574778833,0.6415372912148483,18.050546676636746,2.6544271852007433,14.439591879731111,3.9377971009247044,40.542577647835,62.01370773842593,62.01370773842593,0.0,0.0,0.0,0.0,0.0,0.0,0.0,0.0,7.105427357601002e-15,0.0,0.0,0.0,0.0,0.0,0.05413551698903518,0.0
2,summer_commercial,夏季商业制冷日,75.0,0.75,0.25,36.593910981864774,11.451362852303683,16.443369116425053,0.0,4.000256111118447,-4.000256111118447,-0.0,63.28298277962807,0.0,0.0,0.0,-0.0,-0.0,4.4306225996816355,14.177992318981236,5.481123038808351,16.443369116425053,-0.0,0.0,3.041506694539966,1.7841721590707,5.7102331456097755,0.0,28.452488090106808,4.510801625748252,0.0,30.919431584423474,4.025330208005125,0.0,0.0,0.0,0.0,0.0,10.822292813175142,7.175334517443033,10.932130284561339,5.632250300685855,1.5062194231045318,0.0,52.0,7.8,40.0,45.0,0.0,0.47593568886081605,1.0,22.851798100591836,6.298249568767027,11.181490999169037,0.0,0.18000105601808747,0.11802540577647261,0.28001084407496357,0.17842651938487275,0.7680076184760605,0.6397380152908347,18.070600008351725,2.6570289613538116,14.455274865182943,3.928081118858716,40.619241189869896,63.28298277962807,63.28298277962807,0.0,0.0,0.0,0.0,0.0,0.0,0.0,0.0,0.0,0.0,0.0,0.0,0.0,0.0,0.04148007566384493,0.0
2,summer_commercial,夏季商业制冷日,75.0,1.0,0.25,36.6785019520985,11.605202083224423,16.434224975522888,0.0,4.000256111118447,-4.000256111118447,-0.0,63.862766623468495,0.0,0.0,0.0,-0.0,-0.0,4.4306225996816355,14.177992318981236,5.478074991840963,16.434224975522888,-0.0,0.0,3.041506694539966,1.7841721590707,6.199169059458148,0.0,29.923368117323612,4.356962394827512,0.0,31.938750437402796,4.034635214730835,0.0,0.0,0.0,0.0,0.0,10.839509768292562,7.182837374793116,10.952183107556923,5.633900621154272,1.50757567744426,0.0,52.0,7.8,40.0,45.0,0.0,0.4802961000011929,1.0,22.899758110346593,6.382861145773433,11.175272983355564,0.0,0.1800023830810334,0.11803607755810165,0.2800187138536637,0.17669872981077805,0.7726240935634596,0.6381138380548682,18.093659406155453,2.6600307337523366,14.47331184584694,3.971532254935147,40.713137166829334,63.862766623468495,63.862766623468495,0.0,0.0,0.0,0.0,0.0,0.0,0.0,0.0,0.0,0.0,0.0,0.0,0.0,0.0,-0.009144140902165532,0.0
2,summer_commercial,夏季商业制冷日,75.0,1.25,0.25,37.04383840440857,11.583962339278425,16.468329433393514,0.0,4.000256111118447,-4.000256111118447,-0.0,63.56941479025595,0.0,0.0,0.0,-0.0,-0.0,4.4306225996816355,14.177992318981236,5.489443144464505,16.468329433393514,-0.0,0.0,3.041506694539966,1.7841721590707,5.488925611557887,0.0,31.225491781662747,4.37820213877351,0.0,32.9626040701428,4.074822224484943,0.0,0.0,0.0,0.0,0.0,10.861978387728772,7.192303229390324,10.974976813418696,5.63588399043293,1.5091917114992284,0.0,52.0,7.8,40.0,45.0,0.0,0.47808987329243,1.0,23.115811892708017,6.371179286603135,11.19846401470759,0.0,0.18000523049182804,0.11805087751171149,0.28003184048190344,0.1751563629233656,0.7871660940595664,0.6366750602916351,18.120052515350853,2.663478512418001,14.493960178518348,3.966034682302455,41.11866062889351,63.56941479025595,63.56941479025595,0.0,0.0,0.0,0.0,0.0,0.0,0.0,0.0,0.0,0.0,0.0,0.0,0.0,0.0,0.03410445787062599,0.0
2,summer_commercial,夏季商业制冷日,75.0,1.5,0.25,37.04598498777776,11.70990485165692,16.520412897483265,0.0,4.000256111118447,-4.000256111118447,-0.0,63.964674782610444,0.0,0.0,0.0,-0.0,-0.0,4.4306225996816355,14.177992318981236,5.506804299161089,16.520412897483265,-0.0,0.0,3.041506694539966,1.7841721590707,5.864441741675995,0.0,32.61673542072171,4.2522596263950145,0.0,33.95603442937655,4.075058348655554,0.0,0.0,0.0,0.0,0.0,10.890062646560159,7.2041661442393465,11.000754527572566,5.638257435527455,1.5111089965382423,0.0,52.0,7.8,40.0,45.0,0.0,0.4810625261048843,1.0,23.11113134240151,6.440447668411307,11.233880770288621,0.0,0.18001116561142866,0.11807125226216648,0.28005341236753895,0.17380602337443565,0.7948587350044699,0.6354330656820719,18.150120959638265,2.6674208609420633,14.517488403567748,4.001833572683019,41.12104333643331,63.964674782610444,63.964674782610444,0.0,0.0,0.0,0.0,0.0,0.0,0.0,0.0,0.0,0.0,0.0,0.0,0.0,0.0,0.052083464089751175,0.0
2,summer_commercial,夏季商业制冷日,75.0,1.75,0.25,37.310840547112385,11.753678465394676,16.73534758206028,0.0,4.000256111118447,-4.000256111118447,-0.0,62.999914731632586,0.0,0.0,0.0,-0.0,-0.0,4.4306225996816355,14.177992318981236,5.578449194020094,16.73534758206028,-0.0,0.0,3.041506694539966,1.7841721590707,4.534047124977695,0.0,33.691940776132874,4.208486012657259,0.0,34.93857184016797,4.104192460182363,0.0,0.0,0.0,0.0,0.0,10.924318493076617,7.218933707901392,11.02975778964715,5.64108549512365,1.5133738613170247,0.0,52.0,7.8,40.0,45.0,0.0,0.47380680396159497,1.0,23.266165425934066,6.464523155967073,11.380036355800993,0.0,0.18002318241929346,0.11809909586148461,0.280088338485229,0.17265349352524473,0.8079952158159371,0.6344013205302687,18.184217146087825,2.6719085733696604,14.544173781879374,4.014724104957466,41.415033007294745,62.999914731632586,62.999914731632586,0.0,0.0,0.0,0.0,0.0,0.0,0.0,0.0,0.0,0.0,0.0,0.0,0.0,0.0,0.2149346845770168,0.0
2,summer_commercial,夏季商业制冷日,75.0,2.0,0.25,37.275943444591555,11.726681705988433,16.786320235967644,0.0,4.000256111118447,-4.000256111118447,-0.0,62.61918295048052,0.0,0.0,0.0,-0.0,-0.0,4.4306225996816355,14.177992318981236,5.595440078655881,16.786320235967644,-0.0,0.0,3.041506694539966,1.7841721590707,4.175060242987959,0.0,34.68183298680371,4.235482772063502,0.0,35.92702971261297,4.100353778905071,0.0,0.0,0.0,0.0,0.0,10.965563256573219,7.237193616268031,11.0622219435837,5.644440743941924,1.5160377092753505,0.0,52.0,7.8,40.0,45.0,0.0,0.4709434142385659,1.0,23.246836227693784,6.449674938293639,11.414697760457999,0.0,0.1800468135167239,0.11813686627388878,0.2801440469751946,0.17170370868554657,0.8029768068409202,0.6335969122883913,18.222700396800974,2.676994263180167,14.574299306463594,4.007912924861679,41.37629722349663,62.61918295048052,62.61918295048052,0.0,0.0,0.0,0.0,0.0,0.0,0.0,0.0,0.0,0.0,0.0,0.0,0.0,0.0,0.05097265390736183,0.0
2,summer_commercial,夏季商业制冷日,75.0,2.25,0.25,37.42379561511246,11.948105637502795,16.77086066604266,0.0,4.000256111118447,-4.000256111118447,-0.0,62.887020120843715,0.0,0.0,0.0,-0.0,-0.0,4.4306225996816355,14.177992318981236,5.590286888680886,16.77086066604266,-0.0,0.0,3.041506694539966,1.7841721590707,4.283934694047948,0.0,35.69753338499076,4.01405884054914,0.0,36.862405172387085,4.1166175176623705,0.0,0.0,0.0,0.0,0.0,11.014951931452327,7.2596193172584895,11.098370983316965,5.648404257304794,1.519157171837129,0.0,52.0,7.8,40.0,45.0,0.0,0.47295775146763175,1.0,23.346929077314325,6.571458100626538,11.40418525290901,0.0,0.18009194329056738,0.118187724707593,0.2802315818915555,0.17096073597983846,0.7884952586843589,0.6330428563288996,18.265932412458888,2.682731862117067,14.608150191992088,4.07079021001585,41.54041313277483,62.887020120843715,62.887020120843715,0.0,0.0,0.0,0.0,0.0,0.0,0.0,0.0,0.0,0.0,0.0,0.0,0.0,0.0,-0.015459569924985317,0.0
2,summer_commercial,夏季商业制冷日,75.0,2.5,0.25,37.53449093943543,12.025989349305013,16.693555366758467,0.0,4.000256111118447,-4.000256111118447,-0.0,61.36415080618911,0.0,0.0,0.0,-0.0,-0.0,4.4306225996816355,14.177992318981236,5.564518455586156,16.693555366758467,-0.0,0.0,3.041506694539966,1.7841721590707,2.6639620024895816,0.0,36.32843948391279,3.936175128746923,0.0,37.778815562878286,4.128794003337897,0.0,0.0,0.0,0.0,0.0,11.074052259322116,7.286974232144823,11.138411922711214,5.6530659912318635,1.5227941808836123,0.0,52.0,7.8,40.0,45.0,0.0,0.46150462734990355,1.0,23.41029955265441,6.614294142117758,11.351617649395758,0.0,0.18017563258053526,0.1182556998629015,0.2803670722282086,0.1704277569313095,0.7965423918665545,0.6327714531617074,18.314272094826688,2.6891760289414757,14.64600986241035,4.0936252496630035,41.66328494277332,61.36415080618911,61.36415080618911,0.0,0.0,0.0,0.0,0.0,0.0,0.0,0.0,0.0,0.0,0.0,0.0,0.0,0.0,-0.07730529928419116,0.0
2,summer_commercial,夏季商业制冷日,75.0,2.75,0.25,37.92557618105084,12.358824819806053,16.704535921895136,0.0,4.000256111118447,-4.000256111118447,-0.0,62.46901481980486,0.0,0.0,0.0,-0.0,-0.0,4.4306225996816355,14.177992318981236,5.568178640631712,16.704535921895136,-0.0,0.0,3.041506694539966,1.7841721590707,3.331061212866663,0.0,37.117750099994424,3.6033396582458828,0.0,38.61571932393024,4.1718133799155925,0.0,0.0,0.0,0.0,0.0,11.144905762535354,7.320114005388202,11.182528786169541,5.658525050714976,1.5270159424802652,0.0,52.0,7.8,40.0,45.0,0.0,0.46981403680439937,1.0,23.660822743921813,6.79735365089333,11.359084426888693,0.0,0.18032630699699292,0.11834587854224643,0.2805736476231158,0.17010705383806982,0.7836507992603959,0.6328290072117316,18.368069779364784,2.696381470814699,14.688155475412913,4.188015823249341,42.097389560966434,62.46901481980486,62.46901481980486,0.0,0.0,0.0,0.0,0.0,0.0,0.0,0.0,0.0,0.0,0.0,0.0,0.0,0.0,0.010980555136669068,0.0
2,summer_commercial,夏季商业制冷日,75.0,3.0,0.25,37.832069019427394,12.629182734014028,16.783268119453446,0.0,4.000256111118447,-4.000256111118447,-0.0,60.361511714625685,0.0,0.0,0.0,-0.0,-0.0,4.4306225996816355,14.177992318981236,5.594422706484482,16.783268119453446,-0.0,0.0,3.041506694539966,1.7841721590707,1.3011069912367486,0.0,37.42490712290815,3.332981744037907,0.0,39.38799462847728,4.161527592137014,0.0,0.0,0.0,0.0,0.0,11.230056998906337,7.359986186762286,11.230876344793565,5.664889816546321,1.5318947933621572,0.0,52.0,7.8,40.0,45.0,0.0,0.45396402629473903,1.0,23.628977423351614,6.946050503707716,11.412622321228344,0.0,0.18058963595055189,0.11846462311350205,0.28088386497110035,0.16999999999999998,0.7422379998166776,0.6332821911929735,18.42766095470204,2.70440218289324,14.734853042389569,4.265103413652822,41.993596611564406,60.361511714625685,60.361511714625685,0.0,0.0,0.0,0.0,0.0,0.0,0.0,0.0,0.0,0.0,0.0,0.0,0.0,0.0,0.07873219755830974,0.0
2,summer_commercial,夏季商业制冷日,75.0,3.25,0.25,38.05878396937058,12.899808244123804,16.73230792191307,0.0,4.000256111118447,-4.000256111118447,-0.0,59.82563470825231,0.0,0.0,0.0,-0.0,-0.0,4.4306225996816355,14.177992318981236,5.577435973971023,16.73230792191307,-0.0,0.0,3.041506694539966,1.7841721590707,0.5305631229398937,0.0,37.54904461925023,3.0623562339281314,0.0,40.09561023672098,4.186466236630764,0.0,0.0,0.0,0.0,0.0,11.332529407312236,7.407626721703788,11.283573751014043,5.672277899340465,1.5375079216242937,0.0,52.0,7.8,40.0,45.0,0.0,0.44993382763831463,1.0,23.7726527981596,7.094894534268093,11.377969386900888,0.0,0.181036281601931,0.11861981497916076,0.281342684819739,0.17010705383806982,0.7387410914446728,0.6342262138455409,18.4933595719788,2.713290614760313,14.786352222793244,4.342479966194276,42.245250206001344,59.82563470825231,59.82563470825231,0.0,0.0,0.0,0.0,0.0,0.0,0.0,0.0,0.0,0.0,0.0,0.0,0.0,0.0,-0.05096019754037684,0.0
2,summer_commercial,夏季商业制冷日,75.0,3.5,0.25,38.38173939214825,13.102914826779141,16.752254558570325,0.0,4.000256111118447,-4.000256111118447,-0.0,58.51815606133401,0.0,0.0,0.0,-0.0,-0.0,4.4306225996816355,14.177992318981236,5.584084852856775,16.752254558570325,-0.0,0.0,3.041506694539966,1.7841721590707,0.0,0.0,37.54716716701925,2.859249651272794,0.0,40.75463422377991,3.0799464109889367,0.0,0.0,0.0,0.0,0.0,11.455724659642602,7.46415262514529,11.340698250922879,5.6808158883837745,1.5439369336234074,0.0,52.0,7.8,40.0,45.0,0.0,0.44010060355248365,1.0,23.975555385407063,7.206603154728528,11.391533099827821,0.0,0.1817713642893209,0.11882112143762404,0.2820109909883274,0.1704277569313095,0.7369640539452564,0.6357946757212085,18.56545107293006,2.7230967754169746,14.842880891938746,4.401190070621075,41.461685803137186,58.51815606133401,58.51815606133401,0.0,0.0,0.0,0.0,0.0,0.0,0.0,0.0,0.0,0.0,0.0,0.0,0.0,0.0,0.019946636657255823,0.0
2,summer_commercial,夏季商业制冷日,75.0,3.75,0.25,38.73099322924386,13.46311197843405,16.728948634310207,0.0,4.000256111118447,-4.000256111118447,-0.0,57.560736258630094,0.0,0.0,0.0,-0.0,-0.0,4.4306225996816355,14.177992318981236,5.576316211436736,16.728948634310207,-0.0,0.0,3.041506694539966,1.7841721590707,0.0,0.0,37.545289808660904,2.4990524996178856,0.0,41.32778187532727,1.7810414126094525,0.0,0.0,0.0,0.0,0.0,11.603225031301811,7.530750247326735,11.402279176656377,5.690638862842514,1.5512672503706577,0.0,52.0,7.8,40.0,45.0,0.0,0.4329000856041488,1.0,24.18704720340322,7.404711588138728,11.375685071330942,0.0,0.18294492505348608,0.1190802811046671,0.2829695771446548,0.17096073597983846,0.7489340951829214,0.6381705402854438,18.644185289869547,2.733867291591962,14.90463960010341,4.504150568055654,40.51203464185331,57.560736258630094,57.560736258630094,0.0,0.0,0.0,0.0,0.0,0.0,0.0,0.0,0.0,0.0,0.0,0.0,0.0,0.0,-0.023305924260117905,0.0
2,summer_commercial,夏季商业制冷日,75.0,4.0,0.25,39.34894016737738,13.84652475138895,16.73406352782554,0.0,3.545988703446426,-3.545988703446426,-0.0,55.945079340987256,0.0,0.0,0.0,-0.0,-0.0,4.4306225996816355,14.177992318981236,5.5780211759418465,16.73406352782554,-0.0,0.0,3.041506694539966,1.7841721590707,0.0,0.0,37.54341254417047,2.1156397266629856,0.0,41.809582419472065,0.0,0.0,0.0,0.0,0.0,0.0,11.778486317705907,7.608658613399654,11.468292439563575,5.701889633840963,1.5595873187619862,0.0,52.0,7.8,40.0,45.0,0.0,0.4207491288336878,1.0,24.569054912243843,7.615588613263923,11.379163198921368,0.0,0.18476186274073983,0.11941140039645429,0.28432342781142006,0.17170370868554657,0.7562661172523165,0.641597001166303,18.729769392166524,2.7456444369666393,14.971796057471446,4.61390381847334,39.34894016737738,55.945079340987256,55.945079340987256,0.0,0.0,0.0,0.0,0.0,0.0,0.0,0.0,0.0,0.0,0.0,0.45426740767202123,0.0,0.0,0.005114893515333563,0.0
2,summer_commercial,夏季商业制冷日,75.0,4.25,0.25,39.85809498564679,14.075967446768429,16.861687411473337,0.0,2.3724256112456814,-2.3724256112456814,-0.0,55.32321236160519,0.0,0.0,0.0,-0.0,-0.0,4.4306225996816355,14.177992318981236,5.620562470491112,16.861687411473337,-0.0,0.0,3.041506694539966,1.7841721590707,0.0,0.0,37.54153537354326,1.8861970312835066,0.0,42.23664942319217,0.0,0.0,0.0,0.0,0.0,0.0,11.984422890036079,7.699147436960092,11.538655756972883,5.71471768814865,1.5689876259172395,0.0,52.0,7.8,40.0,45.0,0.0,0.41607222082126594,1.0,24.871631404908612,7.741782095722637,11.46594743980187,0.0,0.18748886089008404,0.11983125050059483,0.2862059995421768,0.17265349352524473,0.7851189237513289,0.6463862465334269,18.82236107103877,2.7584651524052957,15.0444797929071,4.680866072812155,39.85809498564679,55.32321236160519,55.32321236160519,0.0,0.0,0.0,0.0,0.0,0.0,0.0,0.0,7.105427357601002e-15,0.0,0.0,1.1735630922007445,0.0,0.0,0.12762388364779653,0.0
2,summer_commercial,夏季商业制冷日,75.0,4.5,0.25,40.12778097590001,14.27762512780782,16.896194340142834,0.0,1.581396125916661,-1.581396125916661,-0.0,54.14435770516066,0.0,0.0,0.0,-0.0,-0.0,4.4306225996816355,14.177992318981236,5.632064780047611,16.896194340142834,-0.0,0.0,2.372493223614738,1.391723504918194,0.0,0.0,37.539658296774576,1.2920906960916092,0.0,42.52240263880233,0.0,0.0,0.0,0.0,0.0,0.0,12.222905988963843,7.803489574041356,11.613224849628951,5.729277807833476,1.5795595087182277,0.0,52.0,7.8,40.0,45.0,0.0,0.4072063460104104,1.0,25.028495035819564,7.852693820294301,11.489412151297127,0.0,0.19145488987766246,0.12035955086472266,0.2887830668278333,0.17380602337443565,0.812342769258757,0.6529233477019862,18.922062166180652,2.77236007928351,15.122777143724495,4.74039797198215,40.12778097590001,54.14435770516066,54.14435770516066,0.0,0.0,0.0,0.0,0.0,0.0,0.0,0.0,0.0,0.0,0.0,0.7910294853290205,0.0,0.0,0.03450692866949723,0.0
2,summer_commercial,夏季商业制冷日,75.0,4.75,0.25,40.55459801469031,14.672867779920237,17.026439988139902,0.0,1.581396125916661,-1.581396125916661,-0.0,52.98997516472009,0.0,0.0,0.0,-0.0,-0.0,4.4306225996816355,14.177992318981236,5.675479996046634,17.026439988139902,-0.0,0.0,0.7478784283848561,0.4387114691179836,0.0,0.0,37.53778131385974,0.0,0.056163991821017945,42.4863614396353,0.0,0.0,0.0,0.0,0.0,0.0,12.494219088984362,7.922927899143108,11.691790841933535,5.745728345355169,1.5913937553560473,0.0,52.0,7.8,40.0,45.0,0.0,0.3985245199418335,1.0,25.296038867188283,8.07007727895613,11.577979191935134,0.0,0.1970412849346193,0.12101922165231094,0.29225554896805306,0.1751563629233656,0.8217320359049441,0.6616619603413557,19.02891294264475,2.787352629374285,15.206726737569959,4.854512121970169,40.55459801469031,52.98997516472009,52.98997516472009,0.0,0.0,0.0,0.0,0.0,0.0,0.0,0.0,-7.105427357601002e-15,0.0,0.0,0.0,0.0,0.0,0.13024564799706795,0.0
2,summer_commercial,夏季商业制冷日,75.0,5.0,0.25,40.84404722106489,14.817695711954194,17.199885059917445,0.0,1.581396125916661,-1.581396125916661,-0.0,50.473785474322405,0.0,0.0,0.0,-0.0,-0.0,4.4306225996816355,14.177992318981236,5.7332950199724815,17.199885059917445,-0.0,0.0,0.0,-0.0,0.0,2.1155754923132637,36.97917403208003,0.0,0.6397033929729581,42.29677526076471,0.0,0.0,0.0,0.0,0.0,0.0,12.796536288141432,8.058636846079724,11.774079081845699,5.764229140256898,1.6045790012890015,0.0,52.0,7.8,40.0,45.0,0.0,0.3796008785298263,1.0,25.486637372994284,8.149732641574808,11.695921840743864,0.0,0.20465755566972235,0.12183658405036155,0.29686059796956804,0.17669872981077805,0.8222264843136334,0.673108516208503,19.142887223391597,2.803458115351306,15.296315625388658,4.8989173507997466,40.84404722106489,50.473785474322405,50.473785474322405,0.0,0.0,0.0,0.0,0.0,0.0,0.0,0.0,0.0,0.0,0.0,0.0,0.0,0.0,0.1734450717775431,0.0
2,summer_commercial,夏季商业制冷日,75.0,5.25,0.25,41.53337356751207,15.184690810198957,17.277441306743228,0.0,1.581396125916661,-1.581396125916661,0.2981831074725233,49.95862656894811,0.0,0.0,0.0,-0.0,-0.0,4.4306225996816355,14.177992318981236,5.759147102247742,17.277441306743228,-0.0,0.0,0.0,-0.0,0.0,3.047729718937477,36.175290936815934,0.0,1.0066984912177208,42.01070621755072,0.0,0.0,0.0,0.0,0.0,0.0,13.125506155735758,8.211679157787081,11.859749570865027,5.784939071873083,1.6191999284026473,0.0,52.0,7.8,40.0,45.0,0.009170696613219731,0.3757264955956985,1.0,25.913741690247953,8.351579945609426,11.748660088585396,0.0,0.21470035928935963,0.12284148401967926,0.3028701294742348,0.17842651938487275,0.8463585680621355,0.6877923905889918,19.263888571140757,2.820682965689541,15.39147621553548,5.005964539718032,41.53337356751207,50.25680967642064,50.25680967642064,0.0,0.0,0.0,0.0,0.0,0.0,0.0,0.0,0.0,0.0,0.0,0.0,0.0,0.0,0.07755624682578244,0.0
2,summer_commercial,夏季商业制冷日,75.0,5.5,0.25,42.175154142685216,15.24459613693805,17.462276258086227,0.0,1.581396125916661,-1.581396125916661,0.6404551467036855,49.81785338683474,0.0,0.0,0.0,-0.0,-0.0,4.4306225996816355,14.177992318981236,5.820758752695409,17.462276258086227,-0.0,0.0,0.0,-0.0,0.0,3.549623087440496,35.23937083346896,0.0,1.066603817956814,41.70901564919016,0.0,0.0,0.0,0.0,0.0,0.0,13.474029012707208,8.382958720924528,11.948399156547936,5.808013252255753,1.6353352832366128,0.0,52.0,7.8,40.0,45.0,0.01969735943319946,0.37466777525004774,1.0,26.31815316924247,8.384527875315928,11.874347855498636,0.0,0.2274956883336088,0.12406731236663851,0.310585949553359,0.18033233298543824,0.8655866703909364,0.7062213364200223,19.391747692040305,2.8390240465038428,15.492084142977697,5.0274883295057045,42.175154142685216,50.45830853353843,50.45830853353843,0.0,0.0,0.0,0.0,0.0,0.0,0.0,0.0,0.0,0.0,0.0,0.0,0.0,0.0,0.18483495134299943,0.0
2,summer_commercial,夏季商业制冷日,75.0,5.75,0.25,42.84019038549987,15.578738812312697,17.563527534207523,0.0,1.581396125916661,-1.581396125916661,1.3811795660396158,49.16800917435299,0.0,0.0,0.0,-0.0,-0.0,4.4306225996816355,14.177992318981236,5.854509178069175,17.563527534207523,-0.0,0.0,0.0,-0.0,0.0,4.157529548774734,34.14352214156552,0.0,1.4007464933314608,41.31954364312044,0.0,0.0,0.0,0.0,0.0,0.0,13.832305981408865,8.573170709502556,12.039565590614624,5.833599874704633,1.6530557377363582,0.0,52.0,7.8,40.0,45.0,0.0424785256143156,0.36978045737508686,1.0,26.745365916468685,8.568306346771983,11.943198723261117,0.0,0.24322817793481943,0.12555089224037952,0.3203307019486729,0.18240800962605114,0.8780263805049522,0.7288242333718358,19.526221203055616,2.8584681106225878,15.597957184095568,5.12628489021647,42.84019038549987,50.5491887403926,50.5491887403926,0.0,0.0,0.0,0.0,0.0,0.0,0.0,0.0,7.105427357601002e-15,0.0,0.0,0.0,0.0,0.0,0.10125127612129603,0.0
2,summer_commercial,夏季商业制冷日,75.0,6.0,0.25,43.41299407841411,15.715186220794672,17.644875103323486,0.0,1.581396125916661,-1.581396125916661,2.2883872412593007,53.01825059719427,0.0,0.0,0.0,-0.0,-0.0,4.4306225996816355,14.177992318981236,5.881625034441162,17.644875103323486,-0.0,0.0,0.0,-0.0,0.0,0.0,34.141814965458444,0.0,1.5371939018134366,40.894359160295345,0.0,0.0,0.0,0.0,0.0,0.0,14.188211516811846,8.782750609618112,12.132733495601082,5.861836745664072,1.6724216238937528,0.0,52.0,7.8,40.0,45.0,0.07037992628434098,0.3987371724882423,1.0,27.113201033295148,8.64335242143707,11.998515070259971,0.0,0.2618659705891781,0.12733220470161175,0.3324340609526043,0.1846446609406726,0.9011965139819808,0.7558865433472278,19.66699186515891,2.8789913909482885,15.70885529704345,5.17023497377651,43.41299407841411,55.30663783845357,55.30663783845357,0.0,0.0,0.0,0.0,0.0,0.0,0.0,0.0,0.0,0.0,0.0,0.0,0.0,0.0,0.08134756911596241,0.0
2,summer_commercial,夏季商业制冷日,75.0,6.25,0.25,44.15739775339903,15.732256323977428,17.703554757588392,0.0,3.2408921619001743,-3.2408921619001743,3.2594226307826486,57.51218149793429,0.0,0.0,0.0,-0.0,-0.0,4.4306225996816355,14.177992318981236,5.9011849191961305,17.703554757588392,-0.0,0.0,3.041506694539966,1.7841721590707,0.0,0.0,34.14010787471016,0.22990815407450782,0.0,40.92851516730789,0.0,0.0,0.0,0.0,0.0,0.0,14.527999227786704,9.011824024409306,12.227342213542741,5.892847541038627,1.6934805816070466,0.0,52.0,7.8,40.0,45.0,0.10024436439252202,0.4325349172371693,1.0,27.585508688829574,8.652740978187586,12.038417235160107,0.0,0.2830937729120657,0.1294539242493043,0.3472139419299358,0.18703270924499654,0.934782283167482,0.787487097286012,19.813670336188416,2.900559350965632,15.824481830613632,5.181286078686039,44.15739775339903,60.771604128716945,60.771604128716945,0.0,0.0,0.0,0.0,0.0,0.0,0.0,0.0,0.0,0.0,0.0,-1.6594960359835134,0.0,0.0,0.058679654264906844,0.0
2,summer_commercial,夏季商业制冷日,75.0,6.5,0.25,45.09304782046715,15.979289982333926,17.6831091178018,0.0,5.0,-5.0,4.692172643559529,59.14244957452869,0.0,0.0,0.0,-0.0,-0.0,4.4306225996816355,14.177992318981236,5.894369705933933,17.6831091178018,-0.0,0.0,3.041506694539966,1.7841721590707,0.0,0.0,34.13840086931643,0.0,0.017125504281990445,40.90354419807108,0.375075397465535,0.0,0.0,0.0,0.0,0.0,14.837299198464097,9.260159442097738,12.322795433355283,5.926737841814067,1.7162651668298874,0.0,52.0,7.8,40.0,45.0,0.14430895209212607,0.44479576092659684,1.0,28.18016230066344,8.78860949028366,12.024514200105223,0.0,0.30626928689909055,0.13196073947815107,0.3649529942449952,0.18956192854956397,0.9693135348648835,0.8234470435900311,19.965798441999237,2.923126600231741,15.944485902094737,5.257267952428005,45.468123217932686,63.83462221808822,63.83462221808822,0.0,0.0,0.0,0.0,0.0,0.0,0.0,0.0,0.0,0.0,0.0,-1.7591078380998257,0.0,0.0,-0.020445639786593972,0.0
2,summer_commercial,夏季商业制冷日,75.0,6.75,0.25,45.9562322317329,16.123069727324463,17.84197272879874,0.0,5.0,-5.0,6.050978301537037,61.825737568584614,0.0,0.0,0.0,-0.0,-0.0,4.4306225996816355,14.177992318981236,5.947324242932914,17.84197272879874,-0.0,0.0,3.041506694539966,1.7841721590707,0.0,0.0,34.13669394927296,0.0,0.16090524927252758,40.84074893932138,3.5010301012342335,0.0,0.0,0.0,0.0,0.0,15.102312561332887,9.527126367008094,12.418472412072257,5.963591017812332,1.7407904742722486,0.0,52.0,7.8,40.0,45.0,0.18609936252570974,0.4649761074236977,1.0,28.714505032385144,8.867688350028455,12.132541455583144,0.0,0.3304178258312285,0.13489843965175155,0.3858712562536803,0.1922214883490199,1.034937107749812,0.8633020555156333,20.122853904156838,2.9466369769947853,16.068465898210984,5.304889090444841,49.45726233296713,67.87671587012166,67.87671587012166,0.0,0.0,0.0,0.0,0.0,0.0,0.0,0.0,0.0,0.0,0.0,0.0,0.0,0.0,0.15886361099694213,0.0
2,summer_commercial,夏季商业制冷日,75.0,7.0,0.25,46.46735361978992,16.173185311222436,18.25467748864639,0.0,5.0,-5.0,7.334483743397667,66.0932539254491,0.0,0.0,0.0,-0.0,-0.0,4.4306225996816355,14.177992318981236,6.084892496215463,18.25467748864639,-0.0,0.0,3.041506694539966,1.7841721590707,3.2919533604429088,0.0,34.916826037680686,0.0,0.21102083317050102,40.764796766648956,5.111408898176891,0.0,0.0,0.0,0.0,0.0,15.311066222788588,9.811661340673462,12.513740522191886,6.003464041952302,1.7670518352263433,0.0,88.0,13.2,40.0,45.0,0.22557389583677265,0.4970710442900892,1.0,29.042655413202237,8.89525192117234,12.413180692279546,0.0,0.35427584207169344,0.1383127560824312,0.4100965381623322,0.195,1.0861459006933323,0.9063066273623559,20.28425639937053,2.9710237939642363,16.19597400475162,5.326838340839209,51.57876251796681,73.42773766884677,73.42773766884677,0.0,0.0,0.0,0.0,0.0,0.0,0.0,0.0,-7.105427357601002e-15,0.0,0.0,0.0,0.0,0.0,0.4127047598476494,0.0
2,summer_commercial,夏季商业制冷日,75.0,7.25,0.25,47.270612530939815,16.129141771908493,18.588548363788217,0.0,5.0,-5.0,8.888538518096334,62.87495341135677,0.0,0.0,0.0,-0.0,-0.0,4.4306225996816355,14.177992318981236,6.196182787929406,18.588548363788217,-0.0,0.0,3.041506694539966,1.7841721590707,0.62479993795891,0.0,35.06347018164404,0.0,0.1669772938565579,40.70047297514549,5.199767378403379,0.0,0.0,0.0,0.0,0.0,15.454567176677592,10.11224439645156,12.607968776886102,6.046383329976434,1.795022656174443,0.0,88.0,13.2,40.0,45.0,0.27336924205839014,0.47286700072486176,1.0,29.541764865779058,8.871027974549673,12.640212887375988,0.0,0.37638640132848006,0.14224795782605748,0.4376347785436305,0.19788556548904995,1.1572409602479032,0.951474491950071,20.449374763036978,2.9962102369804677,16.32652162219649,5.322974440643893,52.470379909343194,71.76349192945311,71.76349192945311,0.0,0.0,0.0,0.0,0.0,0.0,0.0,0.0,-7.105427357601002e-15,0.0,0.0,0.0,0.0,0.0,0.3338708751418267,0.0
2,summer_commercial,夏季商业制冷日,75.0,7.5,0.25,47.63042179976809,15.914513536592287,18.975781601738735,0.0,5.0,-5.0,10.582327571632193,60.788904498923564,0.0,0.0,0.0,-0.0,-0.0,4.4306225996816355,14.177992318981236,6.325260533912911,18.975781601738735,-0.0,0.0,3.041506694539966,1.7841721590707,0.0,0.0,35.061717008134956,0.04765094145964888,0.0,40.69143983725458,4.943420442653155,0.0,0.0,0.0,0.0,0.0,15.527698394151825,10.426888378998203,12.70054191093976,6.0923407116461,1.8246524673583497,0.0,88.0,13.2,40.0,45.0,0.3254621512390395,0.4571783419017846,1.0,29.771384219446823,8.752982445125758,12.90353148918234,0.0,0.39523953379082516,0.14674521415945654,0.46834319592628965,0.20086582838174552,1.2211772843652997,0.997652619897093,20.617535089944212,3.022109900227906,16.45958547904667,5.271888491302032,52.57384224242124,71.37123207055576,71.37123207055576,0.0,0.0,0.0,0.0,0.0,0.0,0.0,0.0,7.105427357601002e-15,0.0,0.0,0.0,0.0,0.0,0.3872332379505181,0.0
2,summer_commercial,夏季商业制冷日,75.0,7.75,0.25,48.18894135543463,15.835177501825303,19.2901031462635,0.0,5.0,-5.0,12.339679444263487,59.115952543584385,0.0,0.0,0.0,-0.0,-0.0,4.4306225996816355,14.177992318981236,6.430034382087833,19.2901031462635,-0.0,0.0,3.041506694539966,1.7841721590707,0.0,0.0,35.05996392228455,0.12698697622663246,0.0,40.70125352418978,4.364526956103807,0.0,0.0,0.0,0.0,0.0,15.52972842191521,10.753143307173115,12.790874532445669,6.141289648305275,1.8558652521421384,0.0,88.0,13.2,40.0,45.0,0.3795099509389611,0.4445964832990052,1.0,30.131420374765415,8.709347626003916,13.117270139459182,0.0,0.40944004406941015,0.1518407512250093,0.5019094203270188,0.20392802673484192,1.2731332342438917,1.0436193396271614,20.788029432893083,3.0486274360597,16.594614214392497,5.259208617761091,52.55346831153844,71.45563198784787,71.45563198784787,0.0,0.0,0.0,0.0,0.0,0.0,0.0,0.0,-7.105427357601002e-15,0.0,0.0,0.0,0.0,0.0,0.31432154452476624,0.0
2,summer_commercial,夏季商业制冷日,75.0,8.0,0.25,48.70763645561615,15.395349829892186,19.81620463424394,0.0,5.0,-5.0,13.888881525258247,58.494756857793575,0.0,0.0,0.0,-0.0,-0.0,4.4306225996816355,14.177992318981236,6.605401544747981,19.81620463424394,-0.0,0.0,3.041506694539966,1.7841721590707,0.0,0.0,35.05821092408843,0.5668146481597489,0.0,40.81552137636562,4.5984710884660895,0.0,0.0,0.0,0.0,0.0,15.464360295347765,11.088117559811154,12.878424812916375,6.1931418178771125,1.8885581275123642,0.0,88.0,13.2,40.0,45.0,0.4271560513428238,0.4399246239199402,1.0,30.47086449871239,8.467442406440703,13.475019151285881,0.0,0.4178774111665697,0.15756384648939167,0.5378398393612314,0.20705904774487396,1.3162285681312085,1.0881916084717282,20.960124758305852,3.075659292820565,16.731035169257993,5.146089760752207,53.30610754408224,72.38363838305182,72.38363838305182,0.0,0.0,0.0,0.0,0.0,0.0,0.0,0.0,-7.105427357601002e-15,0.0,0.0,0.0,0.0,0.0,0.5261014879804407,0.0
2,summer_commercial,夏季商业制冷日,75.0,8.25,0.25,49.23386806442515,15.162872624439524,20.571875131557135,0.0,5.0,-5.0,15.560438103764593,56.074358608683994,0.0,0.0,0.0,-0.0,-0.0,4.4306225996816355,14.177992318981236,6.857291710519045,20.571875131557135,-0.0,0.0,3.041506694539966,1.7841721590707,0.0,0.0,35.056458013542226,0.7992918536124112,0.0,40.98494543091039,3.071507643282791,0.0,0.0,0.0,0.0,0.0,15.339312754053797,11.42851712035285,12.962707155780647,6.247764191248742,1.922600443223189,0.0,88.0,13.2,40.0,45.0,0.47856519515130014,0.42172140628686877,1.0,30.799975143824064,8.33957994344174,13.988875089458853,0.0,0.41986922511788133,0.16393472143466806,0.5754600530845184,0.2102454838991936,1.379591964224713,1.1303239616997929,21.13307179025258,3.103094510627553,16.86826110510352,5.091493549923141,52.305375707707945,71.63479671244859,71.63479671244859,0.0,0.0,0.0,0.0,0.0,0.0,0.0,0.0,0.0,0.0,0.0,0.0,0.0,0.0,0.7556704973131936,0.0
2,summer_commercial,夏季商业制冷日,75.0,8.5,0.25,49.55827728094493,14.88379708494197,21.142561851902943,0.0,5.0,-5.0,17.093359783271993,57.09794751661385,0.0,0.0,0.0,-0.0,-0.0,4.4306225996816355,14.177992318981236,7.0475206173009814,21.142561851902943,-0.0,0.0,3.041506694539966,1.7841721590707,3.645679039403394,0.0,35.92055396249985,1.078367393109966,0.0,41.22056521405856,1.4677010680149447,0.0,0.0,0.0,0.0,0.0,15.165495458486799,11.770703439166885,13.043303278890782,6.304976723146637,1.9578333617716144,0.0,88.0,13.2,40.0,45.0,0.5257105877047163,0.4294195657383969,1.0,31.00566778919497,8.186088396718084,14.376942059294002,0.0,0.4152525118512524,0.1709624091442977,0.6139295676597961,0.2134736903889974,1.4349148224145187,1.1691830649061188,21.306113363809033,3.1308155432230436,17.005696559916483,5.0242713267543735,51.025978348959875,74.19130729988584,74.19130729988584,0.0,0.0,0.0,0.0,0.0,0.0,0.0,0.0,-1.4210854715202004e-14,0.0,0.0,0.0,0.0,0.0,0.5706867203458081,0.0
2,summer_commercial,夏季商业制冷日,75.0,8.75,0.25,50.09103917754195,14.657235594606897,21.726732579619796,0.0,5.0,-5.0,18.663715079774104,57.207270455173074,0.0,0.0,0.0,-0.0,-0.0,4.4306225996816355,14.177992318981236,7.242244193206599,21.726732579619796,-0.0,0.0,3.041506694539966,1.7841721590707,6.0655728699770375,0.0,37.35933149142127,1.3049288834450383,0.0,41.509875541269736,0.0,0.0,0.0,0.0,0.0,0.0,14.95589706842274,12.110769680878416,13.119871168558655,6.364550775640581,1.9940699735316383,0.0,88.0,13.2,40.0,45.0,0.5740072605821718,0.43024175656737,1.0,31.32644514321434,8.061479577033793,14.774178154141461,0.0,0.40440605326845586,0.17864268797677899,0.6522716945601413,0.21672984353849284,1.5067517662360939,1.2041869482047085,21.47849191773087,3.158699074019303,17.14274355946943,4.9721226237768725,50.09103917754195,75.87098553494718,75.87098553494718,0.0,0.0,0.0,0.0,0.0,0.0,0.0,0.0,0.0,0.0,0.0,0.0,0.0,0.0,0.5841707277168524,0.0
2,summer_commercial,夏季商业制冷日,75.0,9.0,0.25,50.05054162168009,14.251153943384114,22.317195395516734,0.0,5.0,-5.0,20.332473621788107,56.83166443997217,0.0,0.0,0.0,-0.0,-0.0,4.4306225996816355,14.177992318981236,7.439065131838912,22.317195395516734,-0.0,0.0,3.041506694539966,1.7841721590707,7.202402014019688,0.0,39.06803400317638,1.711010534667821,0.0,41.89548560548271,0.0,0.0,0.0,0.0,0.0,0.0,14.724340407256731,12.444634246080303,13.19215141257412,6.426208383100325,2.031095991035345,0.0,88.0,13.2,40.0,45.0,0.6253303500732138,0.4274169164645034,1.0,31.302840593704726,7.838134668861263,15.17569286895138,0.0,0.38819956323346444,0.18695618406691347,0.689418147850411,0.22,1.5540337053764945,1.2350056855964966,21.649455786709787,3.1866167964947287,17.278806424819543,4.8700170531819404,50.05054162168009,77.16413806176028,77.16413806176028,0.0,0.0,0.0,0.0,0.0,0.0,0.0,0.0,0.0,0.0,0.0,0.0,0.0,0.0,0.590462815896938,0.0
2,summer_commercial,夏季商业制冷日,75.0,9.25,0.25,50.19933607131069,13.855100871088476,23.107270555744112,0.0,5.0,-5.0,21.898126400122656,53.72195949293866,0.0,0.0,0.0,-0.0,-0.0,4.4306225996816355,14.177992318981236,7.70242351858137,23.107270555744112,-0.0,0.0,3.041506694539966,1.7841721590707,5.246197008947652,0.0,40.31205239110129,2.107063606963459,0.0,42.374965469333794,0.0,0.0,0.0,0.0,0.0,0.0,14.48426710943498,12.76814952824087,13.259970498125346,6.489622453680367,2.068671053718672,0.0,88.0,13.2,40.0,45.0,0.6734823958193792,0.4040295933467833,1.0,31.416624335834857,7.620305479098662,15.712943977905997,0.0,0.36787933598267625,0.19586675269844833,0.7242661964525371,0.22327015646150716,1.5620847687376402,1.2615285282395652,21.818264005524384,3.2144361332556155,17.41329545738033,4.7709588298685635,50.19933607131069,75.62008589306132,75.62008589306132,0.0,0.0,0.0,0.0,0.0,0.0,0.0,0.0,7.105427357601002e-15,0.0,0.0,0.0,0.0,0.0,0.7900751602273779,0.0
2,summer_commercial,夏季商业制冷日,75.0,9.5,0.25,50.36776226654809,13.67868178550727,24.118138692180533,0.0,5.0,-5.0,23.362162784220306,54.21315874068724,0.0,0.0,0.0,-0.0,-0.0,4.4306225996816355,14.177992318981236,8.039379564060178,24.118138692180533,-0.0,0.0,3.041506694539966,1.7841721590707,6.696050400077679,0.0,41.90034875850018,2.2834826925446645,0.0,42.89610512607848,0.0,0.0,0.0,0.0,0.0,0.0,14.247695559661754,13.077222929872617,13.323240766499385,6.554417984311854,2.106530659712633,0.0,88.0,13.2,40.0,45.0,0.7185092037531988,0.40772378161156897,1.0,31.53412634335955,7.523274982028999,16.400334310682762,0.0,0.3449114544417721,0.20532025050372663,0.7557446264227379,0.2265263096110026,1.5769281162139328,1.2838091701523742,21.98418941052387,3.242020874292839,17.54562933937081,4.733559857435258,50.36776226654809,77.57532152490755,77.57532152490755,0.0,0.0,0.0,0.0,0.0,0.0,0.0,0.0,0.0,0.0,0.0,0.0,0.0,0.0,1.0108681364364216,0.0
2,summer_commercial,夏季商业制冷日,75.0,9.75,0.25,50.56043529341518,13.433957954070475,25.20522243337638,0.0,5.0,-5.0,24.818955647342307,51.75288035288519,0.0,0.0,0.0,-0.0,-0.0,4.4306225996816355,14.177992318981236,8.40174081112546,25.20522243337638,-0.0,0.0,3.041506694539966,1.7841721590707,5.137530601465256,0.0,43.118417258910256,2.52820652398146,0.0,43.47510612296104,0.0,0.0,0.0,0.0,0.0,0.0,14.024456330119106,13.367946264551717,13.381956847194502,6.620174344007675,2.144388724825195,0.0,88.0,13.2,40.0,45.0,0.7633132353740265,0.3892206353018332,1.0,31.67765113326237,7.388676874738762,17.13955125469594,0.0,0.3208102055141221,0.21524380604029084,0.7828834162799176,0.2297545161008064,1.5674564711046581,1.302004263429843,22.146519916027373,3.2692317230462646,17.675236158532453,4.677112145128882,50.56043529341518,76.5718360002275,76.5718360002275,0.0,0.0,0.0,0.0,0.0,0.0,0.0,0.0,7.105427357601002e-15,0.0,0.0,0.0,0.0,0.0,1.0870837411958476,0.0
2,summer_commercial,夏季商业制冷日,75.0,10.0,0.25,50.653621109127684,13.142890180897997,25.942443630128405,0.0,5.0,-5.0,26.02465028240326,50.87095284977097,0.0,0.0,0.0,-0.0,-0.0,4.4306225996816355,14.177992318981236,8.647481210042802,25.942443630128405,-0.0,0.0,3.041506694539966,1.7841721590707,5.122371518782151,0.0,44.33282457375807,2.819274297153939,0.0,44.12294621547362,0.0,0.0,0.0,0.0,0.0,0.0,13.821758047603364,13.63672886368265,13.43618854522113,6.686428654497108,2.181940751190348,0.0,88.0,13.2,40.0,45.0,0.800394677713444,0.38258787629959656,1.0,31.769216969092,7.2285895994938985,17.640861668487318,0.0,0.2969797587686923,0.22554568497605654,0.8048811314800605,0.23294095225512604,1.536045052555029,1.3163198140169565,22.30455795090859,3.295926748497892,17.801553048997047,4.607672878225471,50.653621109127684,76.89560313217423,76.89560313217423,0.0,0.0,0.0,0.0,0.0,0.0,0.0,0.0,-7.105427357601002e-15,0.0,0.0,0.0,0.0,0.0,0.7372211967520244,0.0
2,summer_commercial,夏季商业制冷日,75.0,10.25,0.25,51.023072079608205,13.017185858410368,26.9341385910993,0.0,5.0,-5.0,26.898568317732874,48.8944174790947,0.0,0.0,0.0,-0.0,-0.0,4.4306225996816355,14.177992318981236,8.9780461970331,26.9341385910993,-0.0,0.0,3.041506694539966,1.7841721590707,3.3197382259646684,0.0,45.11904576119599,2.9449786196415673,0.0,44.80031716453076,0.0,0.0,0.0,0.0,0.0,0.0,13.644084206682432,13.88042904028454,13.486070320856909,6.752680268444092,2.2188675697091758,0.0,88.0,13.2,40.0,45.0,0.8272722471195761,0.3677228417850823,1.0,31.998128800862393,7.159452222125703,18.315214241947523,0.0,0.27459184007861787,0.23611582771342954,0.8211637628717757,0.23607197326515808,1.5534709589269702,1.3269761060400285,22.457618159010174,3.3219617521587836,17.924024531320917,4.584422624378082,51.023072079608205,75.79298579682757,75.79298579682757,0.0,0.0,0.0,0.0,0.0,0.0,0.0,0.0,-1.4210854715202004e-14,0.0,0.0,0.0,0.0,0.0,0.9916949609708929,0.0
2,summer_commercial,夏季商业制冷日,75.0,10.5,0.25,51.09653204826352,12.61578596197451,27.675490475478643,0.0,5.0,-5.0,27.795786910178375,49.91963545056685,0.0,0.0,0.0,-0.0,-0.0,4.4306225996816355,14.177992318981236,9.225163491826214,27.675490475478643,-0.0,0.0,3.041506694539966,1.7841721590707,4.921597526433898,0.0,46.28566922143598,3.346378516077426,0.0,45.57268190351689,0.0,0.0,0.0,0.0,0.0,0.0,13.493377205678009,14.096478086199372,13.531787673434247,6.81839631458311,2.2548396019890076,0.0,88.0,13.2,40.0,45.0,0.8548664310316072,0.3754332530212948,1.0,32.02995217297926,6.938682279085981,18.81933352332548,0.0,0.25451288892042506,0.24682711212296332,0.8314291553327757,0.23913417161825448,1.5872473631762731,1.3341956682251657,22.605023590006365,3.347190569874651,18.042099729252275,4.483762902877533,51.09653204826352,77.71542236074522,77.71542236074522,0.0,0.0,0.0,0.0,0.0,0.0,0.0,0.0,-1.4210854715202004e-14,0.0,0.0,0.0,0.0,0.0,0.7413518843793447,0.0
2,summer_commercial,夏季商业制冷日,75.0,10.75,0.25,51.346257089845665,12.410908084548328,28.750396704175767,0.0,5.0,-5.0,28.212728727636947,45.5461020968891,0.0,0.0,0.0,-0.0,-0.0,4.4306225996816355,14.177992318981236,9.583465568058589,28.750396704175767,-0.0,0.0,3.041506694539966,1.7841721590707,0.3569788724001963,0.0,46.36813742017,3.551256393503607,0.0,46.39331895602224,0.0,0.0,0.0,0.0,0.0,0.0,13.369436128256174,14.282990739455872,13.573560911182161,6.883018246991057,2.289521569660788,0.0,88.0,13.2,40.0,45.0,0.8676895816979452,0.3425409884975617,1.0,32.18868601957604,6.825999446501581,19.550269758839523,0.0,0.23728359385543868,0.2575373629935046,0.8356722909347525,0.24211443451095005,1.5874285138728554,1.3382123024729033,22.74610072783401,3.3714653391256224,18.155228733290162,4.437809605971759,51.346257089845665,73.75883082452604,73.75883082452604,0.0,0.0,0.0,0.0,0.0,0.0,0.0,0.0,-7.105427357601002e-15,0.0,0.0,0.0,0.0,0.0,1.0749062286971238,0.0
2,summer_commercial,夏季商业制冷日,75.0,11.0,0.25,51.75151730884329,12.026759969932073,29.857429046954373,0.0,3.601922683377367,-3.601922683377367,28.365710943822272,43.382875168359426,0.0,0.0,0.0,-0.0,-0.0,3.4011630764362737,10.883721844596076,9.95247634898479,29.857429046954373,-0.0,0.0,3.041506694539966,1.7841721590707,0.0,0.0,46.36581901329899,0.6411340337347031,0.0,46.522391629556225,0.0,0.0,0.0,0.0,0.0,0.0,13.270441989687328,14.438856093728655,13.611626948260016,6.945969303480762,2.3225775623986644,0.0,70.0,10.5,40.0,45.0,0.8723945883086328,0.3262718928707438,1.0,32.43144274549539,6.614717983462641,20.303051751928976,0.0,0.22314427820839497,0.2680920942169789,0.8341884025142168,0.245,1.6028903349446695,1.3392940216782419,22.88017381413944,3.394636772145445,18.262858465563305,4.3412342970912015,51.75151730884329,71.7485861121817,71.7485861121817,0.0,0.0,0.0,0.0,0.0,0.0,0.0,0.0,7.105427357601002e-15,0.0,0.0,1.3980773166226328,0.0,-3.2942704743851596,1.1070323427786057,0.0
2,summer_commercial,夏季商业制冷日,75.0,11.25,0.25,52.01321072167834,11.912236669292591,30.87125917144951,0.0,0.9601403610325452,-0.9601403610325452,28.44757047093312,40.7528066129098,0.0,0.0,0.0,-0.0,-0.0,3.4011630764362737,10.883721844596076,10.290419723816504,30.87125917144951,-0.0,0.0,2.5354432008792545,1.4873112651813774,0.0,0.0,46.36350072234833,0.45879644048486234,0.0,46.60809458835661,0.0,0.0,0.0,0.0,0.0,0.0,13.193527110222497,14.563803261131435,13.646219908200074,7.006662746906379,2.3536763613451477,0.0,70.0,10.5,40.0,45.0,0.8749121986937362,0.30649179663147413,1.0,32.59777291610908,6.551730168110925,20.992456236585667,0.0,0.21209316974828513,0.27832793146246515,0.827553008660918,0.2477785116509801,1.5938511804866473,1.3377700005702295,23.0065590164516,3.4165544829230896,18.364428470904052,4.319621032196563,52.01321072167834,69.20037708384292,69.20037708384292,0.0,0.0,0.0,0.0,0.0,0.0,0.0,0.0,0.0,0.0,0.0,2.641782322344822,0.0,0.0,1.0138301244951364,0.0
2,summer_commercial,夏季商业制冷日,75.0,11.5,0.25,52.146187270409,11.649470657204233,31.791215783026406,0.0,0.9601403610325452,-0.9601403610325452,28.699038998962738,41.47631400632123,0.0,0.0,0.0,-0.0,-0.0,3.4011630764362737,10.883721844596076,10.597071927675469,31.791215783026406,-0.0,0.0,3.041506694539966,1.7841721590707,0.02928367519072445,0.0,46.36813742017,1.0184233464625425,0.0,46.826666085847286,0.0,0.0,0.0,0.0,0.0,0.0,13.135320058074466,14.658436760164262,13.677551420646282,7.064510734197663,2.3824969025845952,0.0,70.0,10.5,40.0,45.0,0.8826461766439965,0.3119331171027022,1.0,32.69703122460057,6.407208861462329,21.618026732457956,0.0,0.2039618865278847,0.28807662437953,0.8165802295042037,0.25043807145043606,1.5607363363235331,1.3340516454675837,23.124559057428538,3.437067421201744,18.459367109375,4.255862085218226,52.146187270409,70.17535300528397,70.17535300528397,0.0,0.0,0.0,0.0,0.0,0.0,0.0,0.0,-2.1316282072803006e-14,0.0,0.0,0.0,0.0,0.0,0.9199566115768967,0.0
2,summer_commercial,夏季商业制冷日,75.0,11.75,0.25,52.10824736681153,11.348858933297455,32.95926079843381,0.0,0.63899132805793,-0.63899132805793,29.543477294673,40.63285143731731,0.0,0.0,0.0,-0.0,-0.0,3.4011630764362737,10.883721844596076,10.986420266144604,32.95926079843381,-0.0,0.0,3.041506694539966,1.7841721590707,0.0,0.0,46.365819013298996,1.3190350703693206,0.0,47.116523582017074,0.0,0.0,0.0,0.0,0.0,0.0,13.092418964157934,14.724237585173887,13.705791567134506,7.1189336323540084,2.40873375636107,0.0,70.0,10.5,40.0,45.0,0.9086170892291661,0.30558964337288264,1.0,32.68854672945067,6.241872413313601,22.41229734293499,0.0,0.19849321770552364,0.29716952066124336,0.8022628895077216,0.25296729075500346,1.5277529697746455,1.3286402032878022,23.233458955849585,3.4560244682792973,18.547088650769332,4.180767268056601,52.10824736681153,70.17632873199031,70.17632873199031,0.0,0.0,0.0,0.0,0.0,0.0,0.0,0.0,0.0,0.0,0.0,0.32114903297461517,0.0,0.0,1.1680450154074045,0.0
2,summer_commercial,夏季商业制冷日,75.0,12.0,0.25,52.27899953562738,11.255306204776668,33.96615902268597,0.0,0.4337768480573807,-0.4337768480573807,30.744564389063935,39.73293477315905,0.0,0.0,0.0,-0.0,-0.0,3.4011630764362737,10.883721844596076,11.32205300756199,33.96615902268597,-0.0,0.0,3.041506694539966,1.7841721590707,0.0,0.0,46.363500722348334,1.412587798890108,0.0,47.42845492246247,0.0,0.0,0.0,0.0,0.0,0.0,13.061768698594138,14.76352720809155,13.73105145490168,7.169369579523042,2.432102492359528,0.0,70.0,10.5,40.0,45.0,0.9455568254941651,0.29882159233197364,1.0,32.7916175633083,6.190418412627167,23.09698813542646,0.0,0.19540945508670923,0.30544234210896803,0.7856996799290845,0.2553553390593274,1.521740605299229,1.3221170265048505,23.33252352678425,3.473275247221445,18.62699176771199,4.162813752324025,52.27899953562738,70.47749916222298,70.47749916222298,0.0,0.0,0.0,0.0,0.0,0.0,0.0,0.0,-7.105427357601002e-15,0.0,0.0,0.20521448000054932,0.0,0.0,1.0068982242521614,0.0
2,summer_commercial,夏季商业制冷日,75.0,12.25,0.25,52.58544454299787,10.969866750805657,35.049857290405555,0.0,0.42645547224131164,-0.42645547224131164,31.21418091194722,39.95295831292739,0.0,0.0,0.0,-0.0,-0.0,3.4011630764362737,10.883721844596076,11.683285763468518,35.049857290405555,-0.0,0.0,3.041506694539966,1.7841721590707,0.029283675190664615,0.0,46.36813742017,1.6980272528611184,0.0,47.80802216755576,0.0,0.0,0.0,0.0,0.0,0.0,13.040937198469715,14.779393334761169,13.753368370720553,7.215284073631873,2.4523447998951764,0.0,70.0,10.5,40.0,45.0,0.96,0.30047633505056354,1.0,32.97920438826653,6.033426712943112,23.83390295747578,0.0,0.1944638343970377,0.31274007755748295,0.7680158341812842,0.25759199037394886,1.5143352131953989,1.3151166037890039,23.4209972442476,3.488671193717142,18.698459888409968,4.090207480097266,52.58544454299787,71.16713922487462,71.16713922487462,0.0,0.0,0.0,0.0,0.0,0.0,0.0,0.0,0.0,0.0,0.0,0.0073213758160690645,0.0,0.0,1.0836982677195834,0.0
2,summer_commercial,夏季商业制冷日,75.0,12.5,0.25,53.039341323083136,10.785889982719619,35.872278391049484,0.0,-0.0,0.0,31.21418091194722,39.03430777604251,0.0,0.0,0.0,-0.0,-0.0,3.4011630764362737,10.883721844596076,11.957426130349829,35.872278391049484,-0.0,0.0,1.840796444979421,1.079825920996488,0.009761713141074324,0.0,46.36813742017,1.177657782872945,0.0,48.06381187990434,0.0,0.0,0.0,0.0,0.0,0.0,13.02830051528454,14.775578034280047,13.772694387592276,7.256179361629174,2.469233234476344,0.0,70.0,10.5,40.0,45.0,0.96,0.29356739117828745,1.0,33.246745226596126,5.932239490495791,24.39314930591365,0.0,0.19547189749004207,0.31892179119579694,0.7502842400642288,0.2596676670145618,1.5256971318598238,1.3082858280376748,23.498106983697795,3.50206692318912,18.760863802146034,4.04500552629757,53.039341323083136,70.24848868798973,70.24848868798973,0.0,0.0,0.0,0.0,0.0,0.0,-0.0,0.0,0.0,0.0,0.0,0.42645547224131164,0.0,0.0,0.822421100643929,0.0
2,summer_commercial,夏季商业制冷日,75.0,12.75,0.25,53.08874009473965,10.78253487221734,36.7114879303793,0.0,-0.0,0.0,31.21418091194722,37.42667152778724,0.0,0.0,0.0,-0.0,-0.0,3.4011630764362737,10.883721844596076,12.237162643459767,36.7114879303793,-0.0,0.0,0.0,-0.0,0.009761713141074324,0.0,46.36813742017,0.10118697237873597,0.0,48.06381187990434,0.0,0.09597508804229893,0.0,0.0,0.0,0.0,13.0231539344843,14.756330807681888,13.788889166874203,7.291603399816559,2.4825754689579003,0.0,70.0,10.5,40.0,45.0,0.96,0.28147675588197996,1.0,33.27104696451796,5.930394179719538,24.963811792657925,0.0,0.19832300244981288,0.32386513900277547,0.7334536455881493,0.26157348061512725,1.5261403651165955,1.3022351321516648,23.563068035648662,3.513321915162623,18.813566811653807,4.0493016206186025,52.99276500669735,68.64085243973446,68.64085243973446,0.0,0.0,0.0,0.0,0.0,0.0,-0.0,0.0,-7.105427357601002e-15,0.0,0.0,0.0,0.0,0.0,0.8392095393298149,0.0
2,summer_commercial,夏季商业制冷日,75.0,13.0,0.25,53.13479430874836,10.743132755489095,37.561991099477815,0.0,0.0,0.0,31.21418091194722,34.67484791271212,0.0,0.0,0.0,-0.0,-0.0,3.339357571265601,10.685944228049925,12.520663699825938,37.561991099477815,-0.0,0.0,0.0,-0.0,0.0,0.9160219854967337,46.12476059606301,0.0,0.05718852743916969,48.02473036148041,0.0,2.1897647696838263,0.0,0.0,0.0,0.0,13.025768209732236,14.726231169993511,13.801717521347303,7.321158160333602,2.4922179382602434,0.0,75.60000000000001,11.340000000000002,40.0,45.0,0.96,0.2607809699006995,1.0,33.303105889554544,5.908723015519002,25.542153947644916,0.0,0.2029744745328078,0.3274703915964078,0.718289676431383,0.26330127018922195,1.5128298356864638,1.2974879162561688,23.61509361994115,3.522302517838978,18.85593260008517,4.042369053250479,50.945029539064535,65.88902882465933,65.88902882465933,0.0,0.0,0.0,0.0,0.0,0.0,0.0,0.0,0.0,0.0,0.0,0.0,0.0,-0.19777761654615134,0.8505031690985163,0.0
2,summer_commercial,夏季商业制冷日,75.0,13.25,0.25,53.01161909116829,10.685944228049925,38.31604880375769,0.0,0.0,0.0,31.016109094960214,36.25043014107494,0.0,0.0,0.0,-0.0,-0.0,3.339357571265601,10.685944228049925,12.772016267919229,38.31604880375769,-0.0,0.0,0.0,-0.0,0.3381393332546452,0.0,46.20276244968118,0.0,0.0,48.00071799629967,0.0,2.194593027572605,0.0,0.0,0.0,0.0,13.037406863655322,14.689987278441514,13.81085208825159,7.344507070676325,2.4980487811074754,0.0,75.60000000000001,11.340000000000002,40.0,45.0,0.9539082513539624,0.27263053482756194,1.0,33.2341984230775,5.877269325427459,26.05491318655523,0.0,0.20943208902271285,0.3296637789013064,0.705332918668949,0.26484363707663444,1.4958705046214915,1.294434299418484,23.65340794003539,3.5288842551555737,18.887335832015264,4.02927373010743,50.81702606359569,67.26653923603516,67.26653923603516,0.0,0.0,0.0,0.0,0.0,0.0,0.0,0.0,-7.105427357601002e-15,0.0,0.0,0.0,0.0,0.0,0.7540577042798731,0.0
2,summer_commercial,夏季商业制冷日,75.0,13.5,0.25,53.15619317606133,10.596837072614372,38.92395512731095,0.0,0.0,0.0,30.090617051216537,35.972086802800554,0.0,0.0,0.0,-0.0,-0.0,2.130217718422511,6.816696698952035,12.974651709103648,38.92395512731095,-0.0,0.0,0.0,-0.0,0.0,0.0,46.2004523115587,0.0,3.780140373662337,46.9819438547588,0.0,2.1983587495703922,0.0,0.0,0.0,0.0,13.060314374988376,14.65221892820288,13.815881215722763,7.361381391955426,2.5,0.0,75.60000000000001,11.340000000000002,40.0,45.0,0.9254445103222743,0.2705371833036182,1.0,33.334372657155754,5.828260389937905,26.468289486571447,0.0,0.217721019296692,0.3304,0.6948765289923212,0.2661939766255643,1.4770341176576058,1.2932940409454434,23.677262607678188,3.532954396438708,18.907175345345422,4.006024891688458,50.95783442649093,66.06270385401709,66.06270385401709,0.0,0.0,0.0,0.0,0.0,0.0,0.0,0.0,-7.105427357601002e-15,0.0,0.0,0.0,0.0,-3.8692475290978896,0.6079063235532587,0.0
2,summer_commercial,夏季商业制冷日,75.0,13.75,0.25,53.11326943258784,10.629284193543556,39.40484525234994,0.0,0.0,0.0,28.878433556513297,37.0412063832875,0.0,0.0,0.0,-0.0,-0.0,1.886744345277144,6.037581904886861,13.134948417449982,39.40484525234994,-0.0,0.0,0.0,-0.0,0.0,0.014134463393101981,46.19442269331336,0.0,4.591702288656696,45.75011017529019,0.0,2.201187792121069,0.0,0.0,0.0,0.0,13.097677678135534,14.617234728265517,13.816321904003782,7.371585366938083,2.4980487811074754,0.0,75.60000000000001,11.340000000000002,40.0,45.0,0.8881635014693491,0.27857776770188464,1.0,33.30713921159737,5.846106306448957,26.795294771597963,0.0,0.22785143227483043,0.3296637789013064,0.6869639364432613,0.2673465064747553,1.4793222053845898,1.2940919307313465,23.685956052049338,3.534414726372953,18.914889623087085,4.015575184146588,50.91208164046677,65.9196399398008,65.9196399398008,0.0,0.0,0.0,0.0,0.0,0.0,0.0,0.0,1.4210854715202004e-14,0.0,0.0,0.0,0.0,-0.7791147940651744,0.48089012503899653,0.0
2,summer_commercial,夏季商业制冷日,75.0,14.0,0.25,53.05497709545065,10.741563871100283,39.8759213832831,0.0,0.0,0.0,27.718651004045782,37.79580676267323,0.0,0.0,0.0,-0.0,-0.0,1.886744345277144,6.037581904886861,13.2919737944277,39.8759213832831,-0.0,0.0,0.0,-0.0,0.0,0.515969357833697,46.05633156222246,0.0,4.703981966213422,44.48934512909375,0.0,2.2032681106027865,0.0,0.0,0.0,0.0,13.153556316098719,14.588814338369328,13.811637378607154,7.375,2.4922179382602434,0.0,75.60000000000001,11.340000000000002,40.0,45.0,0.8524940968000546,0.2842529308437395,1.0,33.26404905944631,5.907860129105156,27.11562654063251,0.0,0.2397828442300811,0.3274703915964078,0.6814054052802366,0.26829629131445343,1.4946518618836404,1.2966474146347555,23.678855316867395,3.533184431850112,18.909974070860954,4.046237112794923,50.85170898484787,65.514457766719,65.514457766719,0.0,0.0,0.0,0.0,0.0,0.0,0.0,0.0,0.0,0.0,0.0,0.0,0.0,0.0,0.4710761309331559,0.0
2,summer_commercial,夏季商业制冷日,75.0,14.25,0.25,53.00839667729248,10.7065364692225,40.230995444068384,0.0,0.0,0.0,26.443835867332854,40.5977036644472,0.0,0.0,0.0,-0.0,-0.0,1.886744345277144,6.037581904886861,13.410331814689462,40.230995444068384,-0.0,0.0,0.0,-0.0,0.9409112563500379,0.0,46.27749516902748,0.0,4.66895456433564,43.238428202756666,0.0,2.204844561829065,0.0,0.0,0.0,0.0,13.232771063136221,14.570007179996383,13.8012586214009,7.371585366938083,2.4825754689579003,0.0,75.60000000000001,11.340000000000002,40.0,45.0,0.8132868360137883,0.30532530565114296,1.0,33.238585446322446,5.888595058072376,27.357076901966504,0.0,0.2533912813865018,0.32386513900277547,0.6778107130201492,0.26903926402016154,1.4954829396100353,1.3005789289593293,23.655419457296883,3.529203003787701,18.891999477909142,4.034420625149769,50.80355211546342,67.04153953178006,67.04153953178006,0.0,0.0,0.0,0.0,0.0,0.0,0.0,0.0,7.105427357601002e-15,0.0,0.0,0.0,0.0,0.0,0.3550740607852845,0.0
2,summer_commercial,夏季商业制冷日,75.0,14.5,0.25,52.9669793959618,10.951275229945322,40.47847394655135,0.0,0.0,0.0,25.229877145075555,40.91046062439584,0.0,0.0,0.0,-0.0,-0.0,1.886744345277144,6.037581904886861,13.49282464885045,40.47847394655135,-0.0,0.0,0.0,-0.0,0.0,0.0,46.27518129426903,0.0,4.913693325058461,41.92373179785043,0.0,2.2062106206179957,0.0,0.0,0.0,0.0,13.340737782408976,14.562958938621975,13.784608962353852,7.361381391955426,2.469233234476344,0.0,75.60000000000001,11.340000000000002,40.0,45.0,0.7759512295900762,0.3076774735269449,1.0,33.20868780174332,6.0232013764699275,27.525362283654918,0.0,0.26844318364752034,0.31892179119579694,0.6756340831909542,0.26957224306869054,1.509938493564591,1.3053224422570484,23.61522358878562,3.5224330376192348,18.86063091654064,4.099729557946866,50.760768775343806,66.14033776947139,66.14033776947139,0.0,0.0,0.0,0.0,0.0,0.0,0.0,0.0,-2.1316282072803006e-14,0.0,0.0,0.0,0.0,0.0,0.24747850248296288,0.0
2,summer_commercial,夏季商业制冷日,75.0,14.75,0.25,53.10912844422921,11.173508502034094,40.600296981957605,0.0,0.0,0.0,24.248437506479007,41.84167824139794,0.0,0.0,0.0,-0.0,-0.0,1.6992880660527914,5.437721811368933,13.533432327319202,40.600296981957605,-0.0,0.0,0.0,-0.0,0.0,0.044036743849507065,46.26127891840182,0.0,5.735786690665162,40.39335238177646,0.0,2.2076963458747456,0.0,0.0,0.0,0.0,13.483233299749033,14.568776392509832,13.761130653205921,7.344507070676325,2.4523447998951764,0.0,75.60000000000001,11.340000000000002,40.0,45.0,0.7457668061797517,0.31468093130595937,1.0,33.2840366088703,6.145429676118752,27.608201947731175,0.0,0.2845797024325819,0.31274007755748295,0.6742268610544881,0.26989294616193016,1.5383645464621003,1.3101629922546905,23.557982523777422,3.512862807083388,18.815646246206786,4.1575650102047845,50.90143209835447,66.09011574787695,66.09011574787695,0.0,0.0,0.0,0.0,0.0,0.0,0.0,0.0,-7.105427357601002e-15,0.0,0.0,0.0,0.0,-0.5998600935179281,0.12182303540625838,0.0
2,summer_commercial,夏季商业制冷日,75.0,15.0,0.25,53.33964800485175,11.409637446941902,40.54472757587428,0.0,0.0,0.0,23.136271093088524,42.81413471280598,0.0,0.0,-0.0,-0.0,-0.0,1.6992880660527914,5.437721811368933,13.514909191958095,40.54472757587428,-0.0,0.0,0.0,-0.0,0.0,0.3937873478529679,46.15533760502091,0.0,5.9719156355729694,38.80159895938216,0.0,2.209652109115172,0.0,0.0,0.0,0.0,13.666083445248145,14.58743961931447,13.730312216287354,7.321158160333602,2.432102492359528,0.0,75.60000000000001,11.340000000000002,40.0,45.0,0.7115618478671595,0.321994536327051,1.0,33.433302137406436,6.275300595818047,27.570414751594516,0.0,0.301314403630918,0.30544234210896803,0.6728932366883424,0.27,1.5347694632684743,1.3142774416248049,23.48357286898048,3.500508483133627,18.756953341089893,4.2181695865951365,51.129995895736585,65.9504058058945,65.9504058058945,0.0,0.0,0.0,0.0,0.0,0.0,0.0,0.0,0.0,0.0,0.0,0.0,0.0,0.0,-0.05556940608332184,0.0
2,summer_commercial,夏季商业制冷日,75.0,15.25,0.25,53.30514694716601,11.640576037154721,40.370589925597315,0.0,0.0,0.0,21.79959894322117,43.41146847483458,0.0,0.0,0.0,-0.0,-0.0,1.6992880660527914,5.437721811368933,13.456863308532439,40.370589925597315,-0.0,0.0,0.0,-0.0,0.0,1.0378029617873676,45.87992379556504,0.0,6.202854225785789,37.14986810048516,0.0,2.2124279419081203,0.0,0.0,0.0,0.0,13.894770107072713,14.617768479479995,13.69171529576672,7.291603399816559,2.40873375636107,0.0,75.60000000000001,11.340000000000002,40.0,45.0,0.670452159053204,0.3264869360690306,1.0,33.41531795705079,6.4023168204350975,27.452001149406176,0.0,0.31804627473363134,0.29716952066124336,0.6709445589113738,0.26989294616193016,1.533321427466617,1.3167861348371623,23.39205245194435,3.4854158738584227,18.684605159120252,4.27626163853364,51.09271900525789,65.21106741805575,65.21106741805575,0.0,0.0,0.0,0.0,0.0,0.0,0.0,0.0,-7.105427357601002e-15,0.0,0.0,0.0,0.0,0.0,-0.17413765027696826,0.0
2,summer_commercial,夏季商业制冷日,75.0,15.5,0.25,53.31105496863023,11.754323459827042,40.25965725301101,-0.0,0.0,-0.0,20.492462622010684,44.060836504170446,0.0,0.0,3.1022583659603575,1.085790428086125,1.396016264682161,1.6992880660527914,5.437721811368933,13.419885751003669,40.25965725301101,-0.0,0.0,0.0,-0.0,0.0,0.5747903830670436,45.726369172252355,0.0,4.920585383775949,35.83640227596756,0.0,2.2163488483523954,0.0,0.0,0.0,0.0,14.17396376291249,14.657447542263387,13.644999739768254,7.256179361629174,2.3824969025845952,0.0,75.60000000000001,11.340000000000002,40.0,45.0,0.6302508520926945,0.3313706726881213,1.0,33.40562570046441,6.464877902904873,27.376566932047485,0.0,0.33408834441064905,0.28807662437953,0.6677483663002955,0.26957224306869054,1.5549014925578528,1.3168105452995384,23.283676003982023,3.4676615724340527,18.598811817881234,4.300554360147133,51.094706120277834,64.55329912618113,64.55329912618113,0.0,0.6204516731920715,0.15511291829801788,11.63346887235134,0.0,0.0,0.0,0.0,7.105427357601002e-15,0.0,0.0,-0.0,1.085790428086125,0.0,-0.11093267258630846,0.0
2,summer_commercial,夏季商业制冷日,75.0,15.75,0.25,53.65737316154999,11.863707836805006,39.98740274525666,0.0,0.0,0.0,19.051426920952807,45.919590923996005,0.0,0.0,7.322441538260286,2.5628545383911,3.295098692217129,1.6992880660527914,5.437721811368933,13.329134248418887,39.98740274525666,-0.0,0.0,0.0,-0.0,1.0697639314062672,0.0,45.978151787502725,0.0,3.1308873332189435,34.99456635556143,0.0,2.221687024088025,0.0,0.0,0.0,0.0,14.506999702519424,14.703110446329843,13.589945710989277,7.215284073631873,2.3536763613451477,0.0,75.60000000000001,11.340000000000002,40.0,45.0,0.5859314359619938,0.3453499057515089,1.0,33.61393736058653,6.525039310242754,27.19143386677453,0.0,0.34871028648287106,0.27832793146246515,0.6627690889606637,0.26903926402016154,1.5599473626845304,1.313533365289946,23.158906145966295,3.4473534180683827,18.499948938063554,4.322722665238079,51.435686137461964,64.97101784494882,64.97101784494882,0.0,1.4644883076520572,0.3661220769130143,27.459155768476073,0.0,0.0,0.0,0.0,0.0,0.0,0.0,0.0,1.4770641103049749,0.0,-0.27225450775434723,0.0
2,summer_commercial,夏季商业制冷日,75.0,16.0,0.25,53.79336542860097,12.04585838524142,39.701122313486714,0.0,0.0,0.0,17.591681450686682,46.473434068141636,0.0,0.0,11.542624710560215,4.039918648696075,5.194181119752097,1.6992880660527914,5.437721811368933,13.233707437828905,39.701122313486714,-0.0,0.0,0.0,-0.0,1.6073057979056986,0.0,46.357588006915954,0.0,1.4139554541203907,34.60497553182565,0.0,2.2286325628639805,0.0,0.0,0.0,0.0,14.89532880307743,14.750481259399088,13.52647175737129,7.169369579523042,2.3225775623986644,0.0,142.56,21.384,40.0,45.0,0.541036596164384,0.34951522329426304,1.0,33.69737640767363,6.625222111882781,26.99676317317097,0.0,0.36119136073684854,0.2680920942169789,0.6555983420918394,0.26829629131445343,1.5496242949948982,1.3062569048378694,23.018418899292996,3.4246301989264083,18.388561654066457,4.364453875461201,51.56473286573699,64.06511551882832,64.06511551882832,0.0,2.3085249421120433,0.5771312355280108,43.28484266460081,0.0,0.0,0.0,0.0,1.4210854715202004e-14,0.0,0.0,0.0,1.4770641103049749,0.0,-0.28628043176994566,0.0
2,summer_commercial,夏季商业制冷日,75.0,16.25,0.25,54.2961552093797,12.0124528147177,39.25851041174253,0.0,0.0,0.0,16.042489561942705,45.339054331422176,0.0,0.0,15.762807882860141,5.516982759001049,7.093263547287064,1.6992880660527914,5.437721811368933,13.086170137247509,39.25851041174253,-0.0,0.0,0.0,-0.0,0.05417807433427013,0.0,46.36813742017,0.5185325439382975,0.0,34.71082452324509,0.0,2.237264834648343,0.0,0.0,0.0,0.0,15.33798565850145,14.7945669433848,13.454647965680827,7.1189336323540084,2.289521569660788,0.0,142.56,21.384,40.0,45.0,0.4933908092257628,0.3409838333737625,1.0,33.9940966587357,6.606849048094735,26.69578707998492,0.0,0.3708782839729238,0.2575373629935046,0.6459737406294026,0.2673465064747553,1.5547981568401994,1.2944552861612104,22.863103167695623,3.399660555030794,18.26536386721126,4.345115361248219,52.058890374731355,61.38154389336488,61.38154389336488,0.0,3.1525615765720283,0.7881403941430071,59.11052956072553,0.0,0.0,0.0,0.0,7.105427357601002e-15,0.0,0.0,0.0,1.4770641103049744,0.0,-0.4426119017441863,0.0
2,summer_commercial,夏季商业制冷日,75.0,16.5,0.25,54.57631199959707,12.123544552465841,38.653701772982735,0.0,0.0,0.0,14.753791354222866,44.68074377614705,0.0,0.0,19.982991055160067,6.994046869306024,8.99234597482203,1.2054682215776893,3.857498309048606,12.884567257660912,38.653701772982735,-0.0,0.0,0.0,-0.0,0.009761713141074324,0.0,46.36813742017,0.7262997314047945,0.0,34.865965297192105,0.0,2.2475271923007734,0.0,0.0,0.0,0.0,15.83112623083189,14.82989178597658,13.374703558590024,7.064510734197663,2.2548396019890076,0.0,142.56,21.384,40.0,45.0,0.45375657109210965,0.33603284222500024,1.0,34.16992580718017,6.667949503856213,26.284517205628262,0.0,0.3772414772557969,0.24682711212296332,0.6337861276720743,0.2661939766255643,1.5245218610891689,1.2778159213052742,22.694053894776697,3.3726410716239634,18.131232520542294,4.36562446178427,52.328784807296294,59.43453513036991,59.43453513036991,0.0,3.9965982110320137,0.9991495527580034,74.93621645685026,0.0,0.0,0.0,0.0,-4.263256414560601e-14,0.0,0.0,0.0,1.4770641103049744,-1.5802235023203268,-0.604808638759792,0.0
2,summer_commercial,夏季商业制冷日,75.0,16.75,0.25,54.91977740646997,12.246201507142663,38.064186493093246,-0.0,0.0,-0.0,13.308155974202283,43.56936470521687,0.0,0.0,24.203174227459996,8.471110979610998,10.891428402356999,-0.0,-0.0,12.688062164364416,38.064186493093246,-0.0,0.0,0.0,-0.0,0.0,0.0,46.365819013298996,0.0,1.3547731047856644,34.49201307644202,0.0,2.2592079118042387,0.0,0.0,0.0,0.0,16.367692087289825,14.850761870470437,13.287028566191712,7.006662746906379,2.2188675697091758,0.0,142.56,21.384,40.0,45.0,0.40929569067578014,0.32767443463301604,1.0,34.373799277493795,6.735410828928465,25.883646815303408,0.0,0.37992287552824344,0.23611582771342954,0.6190759601371484,0.26484363707663444,1.5044016026916422,1.2562662791512358,22.512558882807266,3.343793587722172,17.98719689415963,4.388865604300108,52.66056949466573,56.87752067941915,56.87752067941915,0.0,4.840634845492,1.210158711373,90.761903352975,0.0,0.0,0.0,0.0,0.0,0.0,0.0,-0.0,1.4770641103049744,-3.857498309048606,-0.5895152798894898,0.0
2,summer_commercial,夏季商业制冷日,75.0,17.0,0.25,55.234519441728175,12.206745702485502,37.56159371325633,-0.0,0.0,-0.0,11.678202460370214,42.41186838870213,0.0,0.0,28.423357399759922,9.948175089915972,12.790510829891966,-0.0,0.0,12.52053123775211,37.56159371325633,-0.0,0.0,0.0,-0.0,0.0,1.444874528885613,45.9832705831679,0.5837651274064637,0.0,34.613411287662835,0.0,2.271930211606355,0.0,0.0,0.0,0.0,16.937257065050225,14.851545546059981,13.192169490081211,6.945969303480762,2.181940751190348,0.0,142.56,21.384,40.0,45.0,0.3591660596054394,0.31896919062337936,1.0,34.58165420068697,6.713710136367027,25.541883725014305,0.0,0.3787692427280859,0.22554568497605654,0.6020202847344334,0.26330127018922195,1.4415014327042486,1.2299830350921401,22.320079544752318,3.3133617786981593,17.834423144113853,4.366315676188664,52.96258923012182,54.09007084907235,54.09007084907235,0.0,5.684671479951985,1.4211678699879962,106.5875902490997,0.0,0.0,0.0,0.0,0.0,0.0,0.0,0.0,1.4770641103049744,0.0,-0.5025927798369167,0.0
2,summer_commercial,夏季商业制冷日,75.0,17.25,0.25,55.72166122825186,12.332126113281063,37.02802928852585,0.0,0.0,0.0,9.75962464407767,42.98114122531629,0.0,0.0,32.64354057205985,11.425239200220947,14.689593257426932,-0.0,0.0,12.342676429508616,37.02802928852585,-0.0,0.0,0.0,-0.0,0.0,1.6131788119517623,45.556450679651434,2.3574671441458683,0.0,35.156003028753645,0.0,2.285153776193817,0.0,0.0,0.0,0.0,17.526103797182568,14.826954612261414,13.090819165559813,6.883018246991057,2.144388724825195,0.0,142.56,21.384,40.0,45.0,0.3001597153788677,0.32325055107358447,1.0,34.87994733717789,6.782669362304586,25.17905991619758,0.0,0.3738466498862274,0.21524380604029084,0.5829122366524728,0.26157348061512725,1.3981692136029997,1.1993822880955936,22.118226137376066,3.2816071037871106,17.674194523423104,4.389626741946518,53.436507452058045,52.74076586939396,52.74076586939396,0.0,6.52870811441197,1.6321770286029924,122.41327714522443,0.0,0.0,0.0,0.0,7.105427357601002e-15,0.0,0.0,0.0,1.4770641103049744,0.0,-0.5335644247304785,0.0
2,summer_commercial,夏季商业制冷日,75.0,17.5,0.25,56.012548199750924,12.25954328195673,36.44602557746947,0.0,0.0,0.0,8.25057626763135,43.31071287456749,0.0,0.0,36.863723744359774,12.90230331052592,16.5886756849619,-0.0,0.0,12.148675192489824,36.44602557746947,-0.0,0.0,0.0,-0.0,0.0,1.3994415219997194,45.18589877238068,4.329132403005168,0.0,36.166593972953,0.0,2.298189417516261,0.0,0.0,0.0,0.0,18.11756173522022,14.772310664871231,12.98380129879141,6.81839631458311,2.106530659712633,0.0,142.56,21.384,40.0,45.0,0.25374855227722815,0.3257291780760692,1.0,35.059096126204544,6.742748805076203,24.78329739267924,0.0,0.36543419745537087,0.20532025050372663,0.5621352907345805,0.2596676670145618,1.344798713066726,1.1650914444603406,21.908728273087153,3.248804237616708,17.50788791859187,4.357319342862808,53.71435878223466,51.561289142198845,51.561289142198845,0.0,7.3727447488719555,1.8431861872179889,138.23896404134916,0.0,0.0,0.0,0.0,0.0,0.0,0.0,0.0,1.4770641103049726,0.0,-0.5820037110563803,0.0
2,summer_commercial,夏季商业制冷日,75.0,17.75,0.25,56.45831401093102,12.429930400109965,35.64802799750975,0.0,0.0,0.0,6.577163342861372,43.25244271445409,0.0,0.0,37.512739309332694,13.129458758266443,16.880732689199714,-0.0,0.0,11.882675999169917,35.64802799750975,-0.0,0.0,0.0,-0.0,0.0,3.0716978059270303,44.37529794956653,4.450802289089749,0.0,37.20557621962534,0.0,2.3102273885920006,0.0,0.0,0.0,0.0,18.692615981019294,14.683781813848869,12.872050395847415,6.752680268444092,2.068671053718672,0.0,142.56,21.384,40.0,45.0,0.2022823160716098,0.32529094258881075,1.0,35.31213625071902,6.836461720060481,24.24065903830663,0.0,0.3539978038122754,0.19586675269844833,0.5401345943984381,0.25759199037394886,1.3224576971763427,1.12790533619112,21.693401718010175,3.2152361276397343,17.336947498300347,4.392955723175679,54.14808662233902,49.82960605731546,49.82960605731546,0.0,7.502547861866539,1.8756369654666347,140.6727724099976,0.0,0.0,0.0,0.0,-1.4210854715202004e-14,0.0,0.0,0.0,0.22715544774052354,0.0,-0.7979975799597199,0.0
2,summer_commercial,夏季商业制冷日,75.0,18.0,0.25,56.45886422727668,12.620446524790438,34.855625131566015,0.0,0.0,0.0,4.896958478478361,39.71662498631494,0.0,0.0,37.512739309332694,13.129458758266443,16.880732689199714,-0.0,0.0,11.618541710522004,34.855625131566015,-0.0,0.0,0.0,-0.0,0.0,8.01398519916205,42.264135711205356,4.260286164409276,0.0,38.198791395562736,0.0,2.3203785155768815,0.0,0.0,0.0,0.0,19.230769370474007,14.558576741148748,12.756587996795925,6.686428654497108,2.031095991035345,0.0,142.56,21.384,40.0,45.0,0.15060719205160655,0.29869893045201995,1.0,35.303233374050905,6.941245588634741,23.70182508946489,0.0,0.34014748071260315,0.18695618406691347,0.5173876303438241,0.2553553390593274,1.2741827530940275,1.0887308600576557,21.47411264232838,3.181188835452766,17.162856393913785,4.434236597687454,54.13848571169979,44.6135834647933,44.6135834647933,0.0,7.502547861866539,1.8756369654666347,140.6727724099976,0.0,0.0,0.0,0.0,0.0,0.0,0.0,0.0,0.0,0.0,-0.7924028659437354,0.0
2,summer_commercial,夏季商业制冷日,75.0,18.25,0.25,56.61311197802556,12.762293946313228,34.18193618812129,0.0,0.0,0.0,3.6924810885104655,35.45572116327756,0.0,0.0,37.512739309332694,13.129458758266443,16.880732689199714,-0.0,0.0,11.393978729373764,34.18193618812129,-0.0,0.0,0.0,-0.0,0.0,13.401703812073535,38.735258343347816,4.118438742886486,0.0,39.1578212013005,0.0,2.327725885271307,0.0,0.0,0.0,0.0,19.71111178079266,14.395085702761358,12.638496270716306,6.620174344007675,1.9940699735316383,0.0,142.56,21.384,40.0,45.0,0.11356318639177497,0.2666537248199017,1.0,35.362358826161525,7.019261670472276,23.24371660792248,0.0,0.32458354264801875,0.17864268797677899,0.49437622304435463,0.25296729075500346,1.2682197016967565,1.048525614837669,21.25274058825562,3.1469463285842987,16.9871074079481,4.4619888477240135,54.28538609275425,39.14820225178802,39.14820225178802,0.0,7.502547861866539,1.8756369654666347,140.6727724099976,0.0,0.0,0.0,0.0,-7.105427357601002e-15,0.0,0.0,0.0,0.0,0.0,-0.6736889434447235,0.0
2,summer_commercial,夏季商业制冷日,75.0,18.5,0.25,56.60970746192911,12.804409166983822,33.546397179912944,0.0,0.0,0.0,2.5671276354088226,32.878979732049345,0.0,0.0,37.512739309332694,13.129458758266443,16.880732689199714,-0.0,0.0,11.182132393304315,33.546397179912944,-0.0,0.0,0.0,-0.0,0.0,16.884890235895078,34.28992941308984,4.076323522215892,0.0,40.106369127226124,0.0,2.3313834936137368,0.0,0.0,0.0,0.0,20.113524139478418,14.192961404826635,12.518890110770762,6.554417984311854,1.9578333617716144,0.0,142.56,21.384,40.0,45.0,0.07895265734969854,0.2472746887153868,1.0,35.34700745783588,7.042425041841103,22.811550082340805,0.0,0.3080383351366096,0.1709624091442977,0.471561551787004,0.25043807145043606,1.2245929972298946,1.0082364897223624,21.03114145685423,3.11278539005838,16.811173773384954,4.461998010619309,54.27832396831538,35.44610736745817,35.44610736745817,0.0,7.502547861866539,1.8756369654666347,140.6727724099976,0.0,0.0,0.0,0.0,0.0,0.0,0.0,0.0,0.0,0.0,-0.6355390082083474,0.0
2,summer_commercial,夏季商业制冷日,75.0,18.75,0.25,56.527486079209844,12.805223397771817,32.754155572328976,0.0,0.0,0.0,1.4497437054725457,31.39544855545493,0.0,0.0,37.512739309332694,13.129458758266443,16.880732689199714,-0.0,0.0,10.918051857442991,32.754155572328976,-0.0,0.0,0.0,-0.0,0.0,19.140329704284493,29.251286047070632,4.075509291427897,0.0,41.054249399376644,0.0,2.330557213174422,0.0,0.0,0.0,0.0,20.41992381186487,13.953136451817752,12.398888890148088,6.489622453680367,1.922600443223189,0.0,142.56,21.384,40.0,45.0,0.044587233000913065,0.23611741702138797,1.0,35.28052995586456,7.0428728687745,22.272825789183706,0.0,0.2912201767589911,0.16393472143466806,0.4493634050070509,0.24777851165098014,1.1858955912781701,0.9687438533469195,20.811111787051644,3.0789708059893384,16.636480963601322,4.4507004274507125,54.19692886603542,32.845192260927476,32.845192260927476,0.0,7.502547861866539,1.8756369654666347,140.6727724099976,0.0,0.0,0.0,0.0,0.0,0.0,0.0,0.0,0.0,0.0,-0.7922416075839678,0.0
2,summer_commercial,夏季商业制冷日,75.0,19.0,0.25,56.218473629943425,12.83587107577996,31.679716182773827,1.5703965640330555,0.0,1.5703965640330555,0.6479270118672599,28.81604785974514,0.0,0.0,37.512739309332694,13.129458758266443,16.880732689199714,-0.0,0.0,10.559905394257942,31.679716182773827,-0.0,0.0,0.0,-0.0,0.0,20.289945992301433,23.910364011110005,4.044861613419755,0.0,41.99437690786415,0.0,2.3246028379880324,0.0,0.0,0.0,0.0,20.6154462086356,13.677777992550384,12.279589001575207,6.426208383100325,1.8885581275123642,0.0,142.56,21.384,40.0,45.0,0.019927158529234233,0.21671838124528195,1.0,35.0860445264103,7.059729091678978,21.542207004286205,0.0,0.27476534528040114,0.15756384648939167,0.4281444477416163,0.245,1.1293953359221531,0.9308159841171072,20.594355512187896,3.045750977199803,16.46438048250384,4.448081034818641,53.89387079195539,29.4639748716124,29.4639748716124,0.0,8.366265972084719,2.0915664930211797,156.86748697658848,0.0,0.0,0.0,0.0,0.0,0.0,0.0,1.5703965640330555,0.0,0.0,-1.074439389555149,0.0
2,summer_commercial,夏季商业制冷日,75.0,19.25,0.25,55.56307418163136,13.098064775215517,30.665384651062833,0.39656448558275414,0.0,0.39656448558275414,0.2978130703847298,31.69203101193072,0.0,0.0,37.512739309332694,13.129458758266443,16.880732689199714,-0.0,0.0,10.221794883687611,30.665384651062833,-0.0,0.0,0.0,-0.0,0.0,17.95592581311123,19.18392485788018,3.7826679139841968,0.0,42.87176334898147,0.0,2.313075926043089,0.0,0.0,0.0,0.0,20.68945685519949,13.370183983431371,12.162038210481265,6.364550775640581,1.8558652521421384,0.0,142.56,21.384,40.0,45.0,0.009159316029334355,0.23834794045006993,1.0,34.65228083417454,7.203935626368535,20.852461562722727,0.0,0.259202323709624,0.1518407512250093,0.4081998162429818,0.24211443451095008,1.1159709963356161,0.8950768592911823,20.382454238263982,3.0133540803443264,16.296126452768625,4.510677944497176,53.24999825558827,31.98984408231545,31.98984408231545,0.0,7.720658328937054,1.9301645822342635,144.76234366756975,0.0,0.0,0.0,0.0,0.0,0.0,0.0,-1.1738320784503014,0.0,0.0,-1.0143315317109938,0.0
2,summer_commercial,夏季商业制冷日,75.0,19.5,0.25,54.787920243730625,13.035128104377282,29.75512863152044,0.39656448558275414,0.0,0.39656448558275414,-0.0,33.12178404588343,0.0,0.0,37.512739309332694,13.129458758266443,16.880732689199714,-0.0,0.0,9.918376210506812,29.75512863152044,-0.0,0.0,0.0,-0.0,0.0,15.76272043949405,15.034881335454639,3.845604584822432,0.0,43.76365855620231,0.0,2.2957687250107566,0.0,0.0,0.0,0.0,20.636299627902776,13.034628869736677,12.047212713111756,6.304976723146637,1.8246524673583497,0.0,142.56,21.384,40.0,45.0,0.0,0.24910076001113177,1.0,34.16896416770957,7.169320457407506,20.2334874694339,0.0,0.24493049347178397,0.14674521415945654,0.3897519363083301,0.2391341716182545,1.0669919846396796,0.861988647073182,20.17684190361674,2.981984878558642,16.132855674631287,4.482671451201873,52.492151518719865,33.12178404588343,33.12178404588343,0.0,7.720658328937054,1.9301645822342635,144.76234366756975,0.0,0.0,0.0,0.0,7.105427357601002e-15,0.0,0.0,0.0,0.0,0.0,-0.9102560195423948,0.0
2,summer_commercial,夏季商业制冷日,75.0,19.75,0.25,54.30844785075935,13.028855531598518,28.900515990255634,0.39656448558275414,0.0,0.39656448558275414,-0.0,33.83261131634526,0.0,0.0,37.512739309332694,13.129458758266443,16.880732689199714,-0.0,0.0,9.633505330085212,28.900515990255634,-0.0,0.0,0.0,-0.0,0.0,14.31058802710874,11.268185373727672,3.851877157601196,0.0,44.65659755185449,0.0,2.2727305935413717,0.0,0.0,0.0,0.0,20.455709546283863,12.676169216773264,11.935997616519531,6.247764191248742,1.795022656174443,0.0,142.56,21.384,40.0,45.0,0.0,0.2544467164083895,1.0,33.8574459132274,7.165870542379186,19.652350873373834,0.0,0.23221338979544398,0.14224795782605748,0.37295011241984355,0.23607197326515808,1.0413552569393958,0.8318485050590297,19.978784463942716,2.9518222527654947,15.975571657804753,4.471004762258884,52.03571725721798,33.83261131634526,33.83261131634526,0.0,7.720658328937054,1.9301645822342635,144.76234366756975,0.0,0.0,0.0,0.0,0.0,0.0,0.0,0.0,0.0,0.0,-0.8546126412648043,0.0
2,summer_commercial,夏季商业制冷日,75.0,20.0,0.25,53.311902301288306,13.10174955419146,27.780452316021357,0.39656448558275414,0.0,0.39656448558275414,-0.0,36.3849794307532,0.0,0.0,37.512739309332694,13.129458758266443,16.880732689199714,-0.0,0.0,9.260150772007119,27.780452316021357,-0.0,0.0,0.0,-0.0,0.0,10.416780503010845,8.526363937350869,3.7789831350082537,0.0,45.53177774764303,0.0,2.244269895682182,0.0,0.0,0.0,0.0,20.1528499510045,12.30042172597082,11.8291713594307,6.1931418178771125,1.7670518352263433,0.0,142.56,21.384,40.0,45.0,0.0,0.27364244681489275,1.0,33.23241650581044,7.2059622548053035,18.890707574894524,0.0,0.22118484928684853,0.1383127560824312,0.3578741719232368,0.23294095225512607,1.0092915270006673,0.804797825752103,19.78936501253416,2.92301749409936,15.82513294509323,4.48201055094452,51.067632405606126,36.3849794307532,36.3849794307532,0.0,7.720658328937054,1.9301645822342635,144.76234366756975,0.0,0.0,0.0,0.0,-7.105427357601002e-15,0.0,0.0,0.0,0.0,0.0,-1.1200636742342773,0.0
2,summer_commercial,夏季商业制冷日,75.0,20.25,0.25,52.30563325669013,12.911238331015333,26.642478827308164,0.39656448558275414,0.0,0.39656448558275414,-0.0,38.958875037213694,0.0,0.0,33.89017688921424,11.861561911224983,15.250579600146407,-0.0,0.0,8.880826275769389,26.642478827308164,-0.0,0.0,0.0,-0.0,0.0,7.758520936926924,6.4842215831206005,2.339341269131074,0.0,46.06460541018784,0.0,2.2109371615111604,0.0,0.0,0.0,0.0,19.737970326362728,11.913327043087309,11.727394384068832,6.141289648305275,1.7407904742722486,0.0,142.56,21.384,40.0,45.0,0.0,0.2930000801739663,1.0,32.592132945626375,7.101181082058434,18.116885602569553,0.0,0.21186511414784542,0.13489843965175155,0.344541280911342,0.2297545161008064,0.9970979486806174,0.7808410546604749,19.609474506646354,2.895693367123104,15.682245858592244,4.419792189917721,50.09469609517897,38.958875037213694,38.958875037213694,0.0,6.996145844913363,1.7490364612283407,131.17773459212555,0.0,0.0,0.0,0.0,0.0,0.0,0.0,0.0,-1.2678968470414596,0.0,-1.1379734887131931,0.0
2,summer_commercial,夏季商业制冷日,75.0,20.5,0.25,51.16427038304497,12.927189182717454,25.525407675252413,0.39656448558275414,0.0,0.39656448558275414,-0.0,41.71431143381301,0.0,0.0,29.66999371691431,10.384497800920007,13.35149717261144,-0.0,0.0,8.508469225084138,25.525407675252413,-0.0,0.0,0.0,-0.0,0.0,5.003874740770552,5.167088229733404,0.4243079898939861,0.0,46.14234625508257,0.0,2.173491147042781,0.0,0.0,0.0,0.0,19.22571792332078,11.520912784231822,11.631202161374672,6.0923407116461,1.7162651668298874,0.0,142.56,21.384,40.0,45.0,0.0,0.3137230369930912,1.0,31.89970363667414,7.109954050494601,17.357277219171642,0.0,0.20418331773262943,0.13196073947815107,0.33291497539419923,0.2265263096110026,0.9387334064071621,0.7598707111586983,19.43980803985066,2.869943924163834,15.547461618005409,4.415927958121955,48.99077923600219,41.71431143381301,41.71431143381301,0.0,6.152109210453377,1.5380273026133442,115.35204769600081,0.0,0.0,0.0,0.0,-7.105427357601002e-15,0.0,0.0,0.0,-1.4770641103049762,0.0,-1.1170711520557504,0.0
2,summer_commercial,夏季商业制冷日,75.0,20.75,0.25,49.96717794479549,13.023270106008486,24.592018941329833,0.39656448558275414,0.0,0.39656448558275414,-0.0,46.67137284999398,0.0,0.0,25.44981054461438,8.907433690615033,11.45241474507647,-0.0,-0.0,8.197339647109944,24.592018941329833,-0.0,0.0,0.0,-0.0,0.0,0.05629550437376096,5.152015268907778,0.0,1.5708553609320148,45.70589209223608,0.0,2.132851061339908,0.0,0.0,0.0,0.0,18.634169111584043,11.129068326507944,11.541002476848133,6.046383329976434,1.6934805816070466,0.0,142.56,21.384,40.0,45.0,0.0,0.3510038720013131,1.0,31.16385832820102,7.162798558304668,16.722572880104288,0.0,0.19800274338699517,0.1294539242493043,0.32291546364664436,0.22327015646150716,0.8991729717831178,0.74169524493335,19.280866388431615,2.8458350245710844,15.421177614478353,4.43505280076976,47.83432688345558,46.67137284999398,46.67137284999398,0.0,5.308072575993391,1.3270181439983477,99.52636079987607,0.0,0.0,0.0,0.0,7.105427357601002e-15,0.0,0.0,0.0,-1.4770641103049744,-0.0,-0.9333887339225804,0.0
2,summer_commercial,夏季商业制冷日,75.0,21.0,0.25,48.47327170565159,13.05177476378041,23.704412670830443,0.0,0.0,0.0,-0.0,50.931140351294474,0.0,0.0,21.229627372314454,7.4303695803100585,9.553332317541505,-0.0,0.0,7.901470890276815,23.704412670830443,-0.0,0.0,0.0,-0.0,4.076806795893058,0.0,6.1199992821689335,0.0,3.4984424462389043,44.76239639717972,0.0,2.090039460216931,0.0,0.0,0.0,0.0,17.983671069494836,10.743342259340881,11.457076710910421,6.003464041952302,1.6724216238937528,0.0,142.56,21.384,40.0,45.0,0.0,0.3830405316382071,1.0,30.23343712551598,7.1784761200792255,16.1190006161647,0.0,0.19314570572330614,0.12733220470161175,0.31443033799936343,0.22,0.8807388669761712,0.7260667655372237,19.132962376756478,2.8234054901172905,15.303642479792611,4.4358099495155745,46.38323224543466,50.931140351294474,50.931140351294474,0.0,4.245925474462891,1.0614813686157227,79.6111026461792,0.0,0.0,0.0,0.0,0.0,0.0,0.0,-0.39656448558275414,-1.4770641103049744,0.0,-0.8876062704993899,0.0
2,summer_commercial,夏季商业制冷日,75.0,21.25,0.25,47.43913631706021,13.031068948578838,22.918383936780717,0.0,0.0,0.0,-0.0,52.55495837084246,0.0,0.0,17.009444200014528,5.953305470005084,7.654249890006538,-0.0,0.0,7.639461312260239,22.918383936780717,-0.0,0.0,0.0,-0.0,5.475787207493667,0.0,7.42019274398457,0.0,5.3768190585723,43.32506281514632,0.0,2.046120995966567,0.0,0.0,0.0,0.0,17.295598248815807,10.368771149385628,11.379584703508304,5.963591017812332,1.6530557377363582,0.0,142.56,21.384,40.0,45.0,0.0,0.39525286604111337,1.0,29.584362053963574,7.167087921718362,15.58450107701089,0.0,0.18941567645829024,0.12555089224037952,0.30732496762187395,0.21672984353849287,0.8719496983726849,0.7127063503773057,18.996231459056993,2.802668809929215,15.19496447522526,4.423336619819606,45.39301532109364,52.55495837084246,52.55495837084246,0.0,3.401888840002906,0.8504722100007265,63.78541575005448,0.0,0.0,0.0,0.0,0.0,0.0,0.0,0.0,-1.4770641103049744,0.0,-0.7860287340497258,0.0
2,summer_commercial,夏季商业制冷日,75.0,21.5,0.25,46.0273182738683,12.886262786089446,22.040063349697455,0.0,0.0,0.0,-0.0,54.260950917397075,0.0,0.0,12.7892610277146,4.47624135970011,5.7551674624715705,-0.0,0.0,7.346687783232485,22.040063349697455,-0.0,0.0,0.0,-0.0,7.365328522173334,0.0,9.169087258363538,0.0,7.131095323617876,41.426796251207726,0.0,2.002142302176935,0.0,0.0,0.0,0.0,16.59112984864744,10.009745649848288,11.308572682495774,5.926737841814067,1.6353352832366128,0.0,142.56,21.384,40.0,45.0,0.0,0.4080832147726726,1.0,28.725560765152224,7.087444532349196,14.98724307779427,0.0,0.18661517828787932,0.12406731236663851,0.30145200754394297,0.2134736903889974,0.8269386820314764,0.7013254182133892,18.870645807546452,2.7836152957380795,15.095122640237161,4.376652958432761,44.02517597169137,54.260950917397075,54.260950917397075,0.0,2.55785220554292,0.63946305138573,47.959728853929754,0.0,0.0,0.0,0.0,0.0,0.0,0.0,0.0,-1.4770641103049744,0.0,-0.8783205870832624,0.0
2,summer_commercial,夏季商业制冷日,75.0,21.75,0.25,44.94420779631268,12.768458623427998,21.301473059581294,0.0,0.0,0.0,-0.0,55.56563406437248,0.0,0.0,8.56907785541467,2.9991772493951347,3.856085034936602,-0.0,0.0,7.100491019860431,21.301473059581294,-0.0,0.0,0.0,-0.0,8.479190304552315,0.0,11.182436501331793,0.0,8.912373588491397,39.06072138242649,0.0,1.959077806957808,0.0,0.0,0.0,0.0,15.890144801200037,9.669917210172176,11.243983661466974,5.892847541038627,1.6191999284026473,0.0,142.56,21.384,40.0,45.0,0.0,0.4178954145936446,1.0,28.040974626441244,7.0226522428854,14.485001680515282,0.0,0.18455883617672247,0.12284148401967926,0.29665963371041704,0.21024548389919362,0.8323816557614907,0.6916424192995054,18.756031130908248,2.7662145810115724,15.003980089687365,4.338052204955407,42.985129989354874,55.56563406437248,55.56563406437248,0.0,1.7138155710829341,0.42845389277073354,32.13404195780502,0.0,0.0,0.0,0.0,0.0,0.0,0.0,0.0,-1.4770641103049749,0.0,-0.7385902901161607,0.0
2,summer_commercial,夏季商业制冷日,75.0,22.0,0.25,43.9302403330482,12.68824951727959,20.673444834741666,0.0,0.0,0.0,-0.0,55.87109658944045,0.0,0.0,4.348894683114743,1.5221131390901599,1.9570026074016345,-0.0,0.0,6.891148278247222,20.673444834741666,-0.0,0.0,0.0,-0.0,8.489606424363139,0.0,13.198158905292972,0.0,10.731246909877957,36.21717867703055,0.0,1.9177853071279487,0.0,0.0,0.0,0.0,15.210311521702177,9.35214593197582,11.18566967513114,5.861836745664072,1.6045790012890015,0.0,62.0,9.299999999999999,40.0,45.0,0.0,0.42019272282571146,1.0,27.399366093013317,6.978537234503776,14.057942487624334,0.0,0.18308168911423775,0.12183658405036155,0.2927982824148416,0.20705904774487396,0.83996396276146,0.6833947434355374,18.652085422084212,2.7504183555188497,14.921298828801472,4.3104810247234315,42.01245502592025,55.87109658944045,55.87109658944045,0.0,0.8697789366229487,0.21744473415573717,16.308355061680288,0.0,0.0,0.0,0.0,0.0,0.0,0.0,0.0,-1.4770641103049749,0.0,-0.6280282248396283,0.0
2,summer_commercial,夏季商业制冷日,75.0,22.25,0.25,43.0497721301178,12.595728648442217,20.04457325400285,0.0,0.0,0.0,-0.0,55.11142507884052,0.0,0.0,0.12871151081481436,0.04504902878518502,0.05792017986666646,0.4207756559159659,1.3464820989310908,6.68152441800095,20.04457325400285,-0.0,0.0,0.0,-0.0,6.883375759251862,0.0,14.832300740170025,0.0,11.19132636964446,33.2539842009435,0.0,1.8789738556608717,0.0,0.0,0.0,0.0,14.566424019067494,9.05848766272033,11.133405216853182,5.833599874704633,1.5913937553560473,0.0,62.0,9.299999999999999,40.0,45.0,0.0,0.41447942095806145,1.0,26.861196976229934,6.92765075664322,13.630309812721938,0.0,0.182043365555862,0.12101922165231094,0.2897258220570208,0.20392802673484192,0.8161418934933121,0.6763462295227507,18.558398846913864,2.736163229647546,14.84675546524782,4.27994288750428,41.17079827445693,55.11142507884052,55.11142507884052,0.0,0.025742302162962874,0.0064355755407407185,0.48266816555555386,0.0,0.0,0.0,0.0,0.0,0.0,0.0,0.0,-1.4770641103049749,1.3464820989310908,-0.6288715807388172,0.0
2,summer_commercial,夏季商业制冷日,75.0,22.5,0.25,42.027359742733374,12.55804717201902,19.474693269807002,0.0,0.0,0.0,-0.0,55.14761549253422,0.0,0.0,0.0,-0.0,-0.0,0.42710025074205016,1.3667208023745605,6.491564423269001,19.474693269807002,-0.0,0.0,0.0,-0.0,8.044776174119121,0.0,16.74219346648631,0.0,11.19132636964446,30.292271322094486,0.0,1.843185098329325,0.0,0.0,0.0,0.0,13.970007574155687,8.790216369867089,11.086901269739792,5.808013252255753,1.5795595087182277,0.0,62.0,9.299999999999999,40.0,45.0,0.0,0.4147516001240064,1.0,26.22327412152184,6.906925944610461,13.242791423468763,0.0,0.18132900225654827,0.12035955086472266,0.2873112072951605,0.20086582838174552,0.8128707733777916,0.6702909605213789,18.474474030713772,2.7233736296928206,14.779957233614109,4.265214979915067,40.18417464440405,55.14761549253422,55.14761549253422,0.0,0.0,0.0,0.0,0.0,0.0,0.0,0.0,0.0,0.0,0.0,0.0,-0.04504902878518502,0.020238703443469674,-0.5698799841958468,0.0
2,summer_commercial,夏季商业制冷日,75.0,22.75,0.25,41.648731111117606,12.43866785265082,18.99254288698426,0.0,0.0,0.0,-0.0,54.95622976885454,0.0,0.0,-0.0,-0.0,-0.0,0.42710025074205016,1.3667208023745605,6.3308476289947535,18.99254288698426,-0.0,0.0,0.0,-0.0,8.360338603075235,0.0,18.726936775043356,0.0,11.07194705027626,27.36345491004495,0.0,1.8107878250750995,0.0,0.0,0.0,0.0,13.429189713014853,8.547876295826716,11.045819374464855,5.784939071873083,1.5689876259172395,0.0,62.0,9.299999999999999,40.0,45.0,0.0,0.41331223534951705,1.0,25.98762501569686,6.841267318957952,12.914929163149298,0.0,0.18084786708158976,0.11983125050059483,0.2854367561620599,0.19788556548904992,0.805874896058153,0.6650541623599965,18.399746072255176,2.71196463557473,14.720457804553853,4.2280398971571795,39.8379432860425,54.95622976885454,54.95622976885454,0.0,0.0,0.0,0.0,0.0,0.0,0.0,0.0,0.0,0.0,0.0,0.0,0.0,0.0,-0.48215038282274136,0.0
2,summer_commercial,夏季商业制冷日,75.0,23.0,0.25,40.66478419891482,12.374466258015852,18.531854335885257,0.0,0.0,0.0,-0.0,56.64801703078034,0.0,0.0,0.0,-0.0,-0.0,3.241036365833584,10.37131637066747,6.177284778628419,18.531854335885257,-0.0,0.0,0.0,-0.0,8.346896019337716,0.0,20.70838823279731,0.0,2.003149887348382,26.822628475392506,0.0,1.781984331934204,0.0,0.0,0.0,0.0,12.948808732370972,8.331357405875728,11.00978524794961,5.764229140256898,1.5595873187619862,0.0,62.0,9.299999999999999,40.0,45.0,0.0,0.42603574964268043,1.0,25.37025569080739,6.8059564419087195,12.601660948401975,0.0,0.18053058166192898,0.11941140039645429,0.28399924928051967,0.195,0.810325067626453,0.6604910294086008,18.333601706968494,2.701844685127832,14.667772423530257,4.206714600842148,38.88279986698062,56.64801703078034,56.64801703078034,0.0,0.0,0.0,0.0,0.0,0.0,0.0,0.0,-7.105427357601002e-15,0.0,0.0,0.0,0.0,9.00459556829291,-0.460688551099004,0.0
2,summer_commercial,夏季商业制冷日,75.0,23.25,0.25,40.049872684061974,12.315588328637277,18.079017135983772,-0.0,0.0,-0.0,-0.0,54.0469003071083,0.0,0.0,0.0,-0.0,-0.0,3.781573247170616,12.101034390945971,6.026339045327924,18.079017135983772,-0.0,0.0,0.0,-0.0,5.9459416597529895,0.0,22.119513957577006,0.0,0.21455393769130637,26.75275559860447,0.0,1.7568263292051949,0.0,0.0,0.0,0.0,12.530714753909406,8.139987205333004,10.978401550785753,5.745728345355169,1.5512672503706577,0.0,62.0,9.299999999999999,40.0,45.0,0.0,0.40647339298197693,1.0,24.981765511401534,6.7735735807505035,12.293731652468965,0.0,0.18032568600964824,0.1190802811046671,0.28291007965179904,0.1922214883490199,0.8155480121829694,0.6564842148365522,18.27539714651158,2.692918083339765,14.621392006885205,4.18725110471357,38.29304635485678,54.0469003071083,54.0469003071083,0.0,0.0,0.0,0.0,0.0,0.0,0.0,0.0,0.0,0.0,0.0,-0.0,0.0,1.7297180202785007,-0.4528371999014844,0.0
2,summer_commercial,夏季商业制冷日,75.0,23.5,0.25,39.48836214007042,12.191868724632656,17.805107118480954,0.0,0.0,0.0,-0.0,54.439588364017006,0.0,0.0,0.0,-0.0,-0.0,3.781573247170616,12.101034390945971,5.935035706160318,17.805107118480954,-0.0,0.0,0.0,-0.0,6.969854905310221,0.0,23.773748521890305,0.0,0.09083433368668459,26.71547544878236,0.0,1.7352376346945722,0.0,0.0,0.0,0.0,12.174208270260884,7.972632073124122,10.951259491787086,5.729277807833476,1.5439369336234074,0.0,62.0,9.299999999999999,40.0,45.0,0.0,0.4094267029029566,1.0,24.628928291415583,6.705527798547961,12.10747284056705,0.0,0.1801960958381208,0.11882112143762404,0.28209468634590784,0.18956192854956397,0.8174142376205384,0.6529405918966537,18.224474233243967,2.6850872698216257,14.58079591053957,4.149974115576035,37.75312450537585,54.439588364017006,54.439588364017006,0.0,0.0,0.0,0.0,0.0,0.0,0.0,0.0,0.0,0.0,0.0,0.0,0.0,0.0,-0.27391001750281774,0.0
2,summer_commercial,夏季商业制冷日,75.0,23.75,0.25,38.849781874838285,12.101034390945971,17.493323051819615,0.0,0.0,0.0,-0.0,55.113912618173686,0.0,0.0,-0.0,-0.0,-0.0,3.781573247170616,12.101034390945971,5.831107683939872,17.493323051819615,-0.0,0.0,0.0,-0.0,8.368490568735396,0.0,25.760076344538888,0.0,0.0,26.70211771105797,0.0,1.7170407565104782,0.0,0.0,0.0,0.0,11.876558385707586,7.827801757402305,10.92794904964467,5.71471768814865,1.5375079216242937,0.0,62.0,9.299999999999999,40.0,45.0,0.0,0.4144981291272105,1.0,24.24359473457962,6.655568915020285,11.895459675237339,0.0,0.1801158137317086,0.11861981497916076,0.28149149160536524,0.18703270924499654,0.7952544718723622,0.6497877447407479,18.180174659417613,2.678254812581462,14.545463174100174,4.122218470409137,37.13274111832781,55.113912618173686,55.113912618173686,0.0,0.0,0.0,0.0,0.0,0.0,0.0,0.0,0.0,0.0,0.0,0.0,0.0,0.0,-0.31178406666133895,0.0
3,autumn_processing,秋季农产品加工日,60.0,0.0,0.25,40.930566115074974,25.522746642736912,7.3338027525972995,0.0,0.0,0.0,-0.0,62.6755631453149,0.0,0.0,0.0,-0.0,-0.0,9.808290056722374,31.3865281815116,2.444600917532433,7.3338027525972995,-0.0,0.0,0.0,-0.0,4.989743783326869,0.0,26.943852489261793,5.863781538774688,0.0,28.081414767661432,4.502362272658247,0.0,0.0,0.0,0.0,0.0,10.000230459329856,5.508627751869952,11.625870429315905,5.1785218607002745,8.00707135563148,0.0,52.0,7.8,42.5,45.0,0.0,0.47136743576359497,1.0,28.644029927271234,18.376377582770576,4.546957706610326,0.20000042915901994,0.20700008945084003,0.10000721175353074,0.0,0.1846446609406726,0.6966935493918661,0.48031913129306164,24.811463645647656,4.088794084682884,19.286799111123308,9.001923652836023,45.43292838773322,62.6755631453149,62.6755631453149,0.0,0.0,0.0,0.0,0.0,0.0,0.0,0.0,0.0,0.0,0.0,-1.5703965640330555,-1.4770641103049749,0.0,-0.8602083762694841,0.0
3,autumn_processing,秋季农产品加工日,60.0,0.25,0.25,40.78384190558245,25.557617499685765,7.386080879796008,0.0,0.0,0.0,-0.0,64.21631053049299,0.0,0.0,0.0,-0.0,-0.0,9.808290056722374,31.3865281815116,2.4620269599320026,7.386080879796008,-0.0,0.0,0.0,-0.0,6.675928998642096,0.0,28.528038433814828,5.828910681825835,0.0,29.451740347211242,4.486222609614069,0.0,0.0,0.0,0.0,0.0,10.002573497766807,5.511389523958711,11.640018860480977,5.17937447421421,8.009844404749426,0.0,52.0,7.8,42.5,45.0,0.0,0.48295501643561883,1.0,28.54906607044014,18.40148459977375,4.579370145473525,0.20000088466333102,0.20700021940326377,0.10001045666848735,0.0,0.18240800962605114,0.6826010668977213,0.47819748336083767,24.82923773944461,4.0912554376611485,19.30056473041897,9.012254850704048,45.270064515196516,64.21631053049299,64.21631053049299,0.0,0.0,0.0,0.0,0.0,0.0,0.0,0.0,7.105427357601002e-15,0.0,0.0,0.0,0.0,0.0,0.052278127198708724,0.0
3,autumn_processing,秋季农产品加工日,60.0,0.5,0.25,40.74434518510403,25.583463337685735,7.320515225406026,0.0,0.0,0.0,-0.0,66.91744718220555,0.0,0.0,0.0,-0.0,-0.0,9.808290056722374,31.3865281815116,2.4401717418020086,7.320515225406026,-0.0,0.0,0.0,-0.0,9.442762228215688,0.0,30.769268061094362,5.803064843825865,0.0,30.815242377446282,4.4818779703614435,0.0,0.0,0.0,0.0,0.0,10.009349150666443,5.514943859784401,11.656345069569939,5.1804123152455706,8.013596124629373,0.0,52.0,7.8,42.5,45.0,0.0,0.5032695982801059,1.0,28.520071645706004,18.42009360313373,4.538719439751736,0.20000178879352262,0.20700052340517017,0.10001505670250135,0.0,0.18033233298543824,0.6817146338522696,0.4762302598297696,24.850353509444883,4.094226772511057,19.31689295510889,9.020250022204939,45.226223155465476,66.91744718220555,66.91744718220555,0.0,0.0,0.0,0.0,0.0,0.0,0.0,0.0,7.105427357601002e-15,0.0,0.0,0.0,0.0,0.0,-0.06556565438998252,0.0
3,autumn_processing,秋季农产品加工日,60.0,0.75,0.25,41.05578872031957,25.712173623886695,7.2857014412781576,0.0,0.0,0.0,-0.0,68.90193390749927,0.0,0.0,0.0,-0.0,-0.0,9.808290056722374,31.3865281815116,2.428567147092719,7.2857014412781576,-0.0,0.0,0.0,-0.0,11.093151224129453,0.0,33.40235301342205,5.6743545576249055,0.0,32.14749396369348,4.5161367592351525,0.0,0.0,0.0,0.0,0.0,10.020641493680687,5.519488090340794,11.675090595162596,5.181670276630986,8.018628585602091,0.0,52.0,7.8,42.5,45.0,0.0,0.5181944329695013,1.0,28.75001723818096,18.51276500919842,4.517134893592457,0.20000354784637903,0.20700121442080058,0.1000215303190446,0.0,0.17842651938487275,0.6620878979804259,0.47442666254356225,24.875389457395674,4.097809810045549,19.336219683762977,9.057295382227132,45.57192547955472,68.90193390749927,68.90193390749927,0.0,0.0,0.0,0.0,0.0,0.0,0.0,0.0,0.0,0.0,0.0,0.0,0.0,0.0,-0.034813784127868175,0.0
3,autumn_processing,秋季农产品加工日,60.0,1.0,0.25,41.01405484511537,25.92553536596657,7.369876523188905,0.0,0.0,0.0,-0.0,69.47727779849407,0.0,0.0,0.0,-0.0,-0.0,9.808290056722374,31.3865281815116,2.456625507729635,7.369876523188905,-0.0,0.0,2.8009739606532946,1.6430737331109075,8.885787395310711,0.0,35.511057402157675,7.104066548655936,0.0,33.818636022017415,4.51154603296269,0.0,0.0,0.0,0.0,0.0,10.036583118789409,5.525259519071628,11.696506231371472,5.18318857146193,8.025321177756105,0.0,52.0,7.8,42.5,45.0,0.0,0.5225214523207545,1.0,28.715280695470913,18.66638546349593,4.569323444377122,0.20000690226780407,0.20700274054318837,0.10003057420178106,0.0,0.17669872981077805,0.6676476291223573,0.4727956442758054,24.905015980589507,4.102125349734067,19.359048279911406,9.118362800183695,45.52560087807806,69.47727779849407,69.47727779849407,0.0,0.0,0.0,0.0,0.0,0.0,0.0,0.0,0.0,3.552713678800501e-15,0.0,0.0,0.0,0.0,0.08417508191074763,0.0
3,autumn_processing,秋季农产品加工日,60.0,1.25,0.25,41.07493902598057,26.138268236288205,7.449659936367261,0.0,0.0,0.0,-0.0,69.00245645611582,0.0,0.0,0.0,-0.0,-0.0,9.808290056722374,31.3865281815116,2.4832199787890867,7.449659936367261,-0.0,0.0,3.041506694539966,1.7841721590707,8.076257407225963,0.0,37.427392983503736,7.032432104294095,0.0,35.471929328776255,4.518243292857862,0.0,0.0,0.0,0.0,0.0,10.05738739604516,5.532540945684865,11.720849024039383,5.1850132711982955,8.03414502534278,0.0,52.0,7.8,42.5,45.0,0.0,0.5189504382385397,1.0,28.778217995441132,18.819553130127506,4.618789160547702,0.20001317168119073,0.20700601506560223,0.10004311653534873,0.0,0.1751563629233656,0.6365507043408785,0.47134617029334946,24.94000732058046,4.10731617727583,19.385958070228057,9.179662272418263,45.59318231883843,69.00245645611582,69.00245645611582,0.0,0.0,0.0,0.0,0.0,0.0,0.0,0.0,0.0,0.0,0.0,0.0,0.0,0.0,0.07978341317835547,0.0
3,autumn_processing,秋季农产品加工日,60.0,1.5,0.25,41.558667953733476,26.441490055353153,7.37269014352631,0.0,0.0,0.0,-0.0,70.5082728130007,0.0,0.0,0.0,-0.0,-0.0,9.808290056722374,31.3865281815116,2.457563381175437,7.37269014352631,-0.0,0.0,3.041506694539966,1.7841721590707,9.070791251918767,0.0,39.579834536185274,6.729210285229147,0.0,37.05238080685379,4.571453474910682,0.0,0.0,0.0,0.0,0.0,10.083391339407553,5.541666264799497,11.748378621679441,5.187196840685258,8.045678388943415,0.0,52.0,7.8,42.5,45.0,0.0,0.5302753112712723,1.0,29.107090483595915,19.03787283985427,4.571067888986312,0.20002465545497108,0.20701284045314294,0.10006038327302245,0.0,0.17380602337443565,0.6486639555648447,0.470087684877874,24.981253851308114,4.113550111492431,19.417613047938545,9.266815072763517,46.13012142864416,70.5082728130007,70.5082728130007,0.0,0.0,0.0,0.0,0.0,0.0,0.0,0.0,0.0,0.0,0.0,0.0,0.0,0.0,-0.07696979284095029,0.0
3,autumn_processing,秋季农产品加工日,60.0,1.75,0.25,41.55010499728833,26.631150820463052,7.330475809893322,0.0,0.0,0.0,-0.0,67.88372298851695,0.0,0.0,0.0,-0.0,-0.0,9.808290056722374,31.3865281815116,2.443491936631107,7.330475809893322,-0.0,0.0,3.041506694539966,1.7841721590707,6.4698177536334605,0.0,41.11443726094641,6.539549520119248,0.0,38.58699762747868,4.570511549701716,0.0,0.0,0.0,0.0,0.0,10.115109715811682,5.553025929154917,11.77935297923482,5.189798655513758,8.060622557272982,0.0,52.0,7.8,42.5,45.0,0.0,0.5105367200450174,1.0,29.0980148068784,19.174428590733395,4.54489500213386,0.20004526966049666,0.20702665978218746,0.10008397954363103,0.0,0.17265349352524473,0.6515565684148353,0.46903090666695546,25.02977419202156,4.121023078100711,19.45477040878154,9.322818182479892,46.12061654699004,67.88372298851695,67.88372298851695,0.0,0.0,0.0,0.0,0.0,0.0,0.0,0.0,0.0,0.0,0.0,0.0,0.0,0.0,-0.04221433363298832,0.0
3,autumn_processing,秋季农产品加工日,60.0,2.0,0.25,41.80338250183421,26.867571160124037,7.242891569324793,0.0,0.0,0.0,-0.0,66.52546536439743,0.0,0.0,0.0,-0.0,-0.0,9.808290056722374,31.3865281815116,2.414297189774931,7.242891569324793,-0.0,0.0,3.041506694539966,1.7841721590707,4.85961684632419,0.0,42.26654054008536,6.303129180458264,0.0,40.06469730902378,4.5983720752017625,0.0,0.0,0.0,0.0,0.0,10.153299311641868,5.5670720125138695,11.814023434895214,5.1928854844265695,8.079817524807646,0.0,52.0,7.8,42.5,45.0,0.0,0.5003215998090307,1.0,29.283264569404032,19.344651235289305,4.490592772981372,0.2000815312047496,0.20705383554423248,0.10011598836770236,0.0,0.17170370868554657,0.638989022092481,0.46818913358482644,25.086726444129432,4.12996205484189,19.49828841368662,9.392717918054235,46.40175457703597,66.52546536439743,66.52546536439743,0.0,0.0,0.0,0.0,0.0,0.0,0.0,0.0,7.105427357601002e-15,0.0,0.0,0.0,0.0,0.0,-0.0875842405685292,0.0
3,autumn_processing,秋季农产品加工日,60.0,2.25,0.25,41.86171376787425,27.312763058351162,7.416504588240271,0.0,0.0,0.0,-0.0,64.6032072645573,0.0,0.0,0.0,-0.0,-0.0,9.808290056722374,31.3865281815116,2.4721681960800903,7.416504588240271,-0.0,0.0,3.041506694539966,1.7841721590707,2.8147400348744505,0.0,42.93292797134104,5.857937282231138,0.0,41.435925064899166,4.6047885144661675,0.0,0.0,0.0,0.0,0.0,10.199029566159561,5.5843225517373,11.852629205484138,5.196531916720409,8.104256526605523,0.0,52.0,7.8,42.5,45.0,0.0,0.4858647712473685,1.0,29.324149264816533,19.665189402012835,4.598232844708968,0.2001440332922892,0.20710573478415248,0.10015908873524831,0.0,0.17096073597983846,0.6380438253417386,0.4675803050437779,25.15341764881007,4.140627685520985,19.549132927813154,9.522062384464952,46.466502282340414,64.6032072645573,64.6032072645573,0.0,0.0,0.0,0.0,0.0,0.0,0.0,0.0,7.105427357601002e-15,0.0,0.0,0.0,0.0,0.0,0.17361301891547853,0.0
3,autumn_processing,秋季农产品加工日,60.0,2.5,0.25,41.81571482714538,27.62220595982373,7.54229937017659,0.0,0.0,0.0,-0.0,62.49952558282258,0.0,0.0,0.0,-0.0,-0.0,9.808290056722374,31.3865281815116,2.514099790058863,7.54229937017659,-0.0,0.0,3.041506694539966,1.7841721590707,0.7201855833700002,0.0,43.101825400992844,5.548494380758569,0.0,42.73297451779688,4.599728630985991,0.0,0.0,0.0,0.0,0.0,10.253752091964921,5.605364793957556,11.89539137376926,5.200820711933314,8.135098269852099,0.0,52.0,7.8,42.5,45.0,0.0,0.47004350071992107,1.0,29.279388009576284,19.887988291073086,4.676225609509485,0.2002495883567642,0.20720197746761554,0.10021669479906908,0.0,0.1704277569313095,0.6554892914022641,0.4672301345561045,25.231310355554676,4.153316312367769,19.608381838096186,9.614601014278687,46.41544345813137,62.49952558282258,62.49952558282258,0.0,0.0,0.0,0.0,0.0,0.0,0.0,0.0,0.0,0.0,0.0,0.0,0.0,0.0,0.12579478193631832,0.0
3,autumn_processing,秋季农产品加工日,60.0,2.75,0.25,42.31591723545282,28.125213476854373,7.41945534639988,0.0,0.0,0.0,-0.0,64.00094031717433,0.0,0.0,0.0,-0.0,-0.0,9.808290056722374,31.3865281815116,2.4731517821332933,7.41945534639988,-0.0,0.0,3.041506694539966,1.7841721590707,1.7073236524260587,0.0,43.505159677173985,5.045486863727927,0.0,43.909911160673374,4.65475089589981,0.0,0.0,0.0,0.0,0.0,10.319357187532734,5.630856927221694,11.942506470666501,5.205843046657778,8.173675479634962,0.0,52.0,7.8,42.5,45.0,0.0,0.4813352702363465,1.0,29.6264220970997,20.250153703335148,4.600062314767925,0.20042423662733308,0.20737525304654184,0.10029311740868342,0.0,0.17010705383806982,0.6598523349762953,0.46717666676612724,25.32202499695924,4.168361130398072,19.677226412582733,9.76278880358614,46.97066813135263,64.00094031717433,64.00094031717433,0.0,0.0,0.0,0.0,0.0,0.0,0.0,0.0,7.105427357601002e-15,0.0,0.0,0.0,0.0,0.0,-0.12284402377671011,0.0
3,autumn_processing,秋季农产品加工日,60.0,3.0,0.25,42.43128503582167,28.371478845000254,7.518532222149347,0.0,-0.0,0.0,-0.0,66.59883329982628,0.0,0.0,0.0,-0.0,-0.0,9.808290056722374,31.3865281815116,2.506177407383116,7.518532222149347,-0.0,0.0,3.041506694539966,1.7841721590707,4.14413275141877,0.0,44.48721594765208,4.799221495582046,0.0,45.02777131029378,4.667441353940384,0.0,0.0,0.0,0.0,0.0,10.398200924913274,5.661527835970989,11.994139785701867,5.211698631222615,8.22149818566607,0.0,52.0,7.8,42.5,45.0,0.0,0.5008733819367824,1.0,29.711278192195778,20.42746476840018,4.661489977732596,0.20070731750622073,0.20767808134313465,0.10039374840127292,0.0,0.16999999999999998,0.6544256064398741,0.4674765916285171,25.42733660259055,4.186132128750829,19.756968549378474,9.840819640517774,47.09872638976206,66.59883329982628,66.59883329982628,0.0,0.0,0.0,0.0,0.0,0.0,-0.0,0.0,7.105427357601002e-15,0.0,0.0,0.0,0.0,0.0,0.09907687574946777,0.0
3,autumn_processing,秋季农产品加工日,60.0,3.25,0.25,42.65209897668432,28.70869647116249,7.560467709078665,0.0,0.0,0.0,-0.0,65.81174298675002,0.0,0.0,0.0,-0.0,-0.0,9.808290056722374,31.3865281815116,2.5201559030262217,7.560467709078665,-0.0,0.0,3.041506694539966,1.7841721590707,3.0979604683418565,0.0,45.22075719808589,4.46200386941981,0.0,46.06498334362584,4.691730887435275,0.0,0.0,0.0,0.0,0.0,10.493082784548367,5.698174401310606,12.050418569044123,5.218495667393227,8.28025004248385,0.0,52.0,7.8,42.5,45.0,0.0,0.4949538700254347,1.0,29.846451677422483,20.670261459236993,4.687489979628772,0.20115675945633454,0.20819172384222062,0.10052526693149218,0.0,0.17010705383806982,0.6831873144861745,0.46821351388378074,25.5491642789212,4.207034457762522,19.849012788400962,9.94635967296405,47.3438298641196,65.81174298675002,65.81174298675002,0.0,0.0,0.0,0.0,0.0,0.0,0.0,0.0,7.105427357601002e-15,0.0,0.0,0.0,0.0,0.0,0.04193548692931781,0.0
3,autumn_processing,秋季农产品加工日,60.0,3.5,0.25,42.99574940813405,29.24647831238044,7.785178533746812,0.0,0.0,0.0,-0.0,65.71820626877168,0.0,0.0,0.0,-0.0,-0.0,9.808290056722374,31.3865281815116,2.5950595112489374,7.785178533746812,-0.0,0.0,3.041506694539966,1.7841721590707,2.5480681632316085,0.0,45.823662348993494,3.9242220282018607,0.0,46.97395358365197,4.729532434894746,0.0,0.0,0.0,0.0,0.0,10.607152462632039,5.7416558654963765,12.111425316519579,5.226350617313072,8.35177592606901,0.0,52.0,7.8,42.5,45.0,0.0,0.49425040346381843,1.0,30.07980075698073,21.057464384913917,4.826810690923024,0.20185564166705766,0.209037068932719,0.10069586562510512,0.0,0.1704277569313095,0.6953312852811604,0.46950807098371206,25.689551859901663,4.2315048528338846,19.9548519445442,10.110441643543991,47.725281843028796,65.71820626877168,65.71820626877168,0.0,0.0,0.0,0.0,0.0,0.0,0.0,0.0,7.105427357601002e-15,0.0,0.0,0.0,0.0,0.0,0.22471082466814707,0.0
3,autumn_processing,秋季农产品加工日,60.0,3.75,0.25,43.2998077894805,29.709330146412988,7.989048536364422,0.0,0.0,0.0,-0.0,65.87777327866418,0.0,0.0,0.0,-0.0,-0.0,9.808290056722374,31.3865281815116,2.6630161787881406,7.989048536364422,-0.0,0.0,3.041506694539966,1.7841721590707,2.302173702290343,0.0,46.36813742017,3.4613701941693122,0.0,47.772542027975355,4.762978856842855,0.0,0.0,0.0,0.0,0.0,10.743726880835009,5.79288480563595,12.177191353710693,5.235387753815113,8.438059113425217,0.0,52.0,7.8,42.5,45.0,0.0,0.49545046754798316,1.0,30.27737097265175,21.39071770541735,4.953210092545941,0.2029198973153593,0.21038666381150897,0.1009154924615823,0.0,0.17096073597983846,0.7200339301561431,0.47152927112470266,25.850638220951026,4.260005763085551,20.076045285841495,10.256294101717387,48.06278664632335,65.87777327866418,65.87777327866418,0.0,0.0,0.0,0.0,0.0,0.0,0.0,0.0,0.0,0.0,0.0,0.0,0.0,0.0,0.20387000261760946,0.0
3,autumn_processing,秋季农产品加工日,60.0,4.0,0.25,43.995392299430414,30.282122011015627,7.823104113055635,-0.0,0.0,-0.0,-0.0,60.29476155659109,0.0,0.0,0.0,-0.0,-0.0,9.808290056722374,31.3865281815116,2.607701371018545,7.823104113055635,-0.0,0.0,0.0,-0.0,0.0,0.0,46.36581901329899,1.1044061704959738,0.0,48.010952222454165,3.8833778294197607,0.0,0.0,0.0,0.0,0.0,10.906005849727691,5.852814317999734,12.247690954873722,5.245738463133685,8.541186555136457,0.0,52.0,7.8,42.5,45.0,0.0,0.45346201483683424,1.0,30.7551365141533,21.80312784793125,4.850324550094494,0.20450674979563901,0.2124761421518508,0.10119610203089346,0.0,0.17170370868554657,0.7373482463740375,0.47450567701384255,26.034615973143865,4.29301688007893,20.21418834279472,10.436066820059633,47.87877012885018,60.29476155659109,60.29476155659109,0.0,0.0,0.0,0.0,0.0,0.0,0.0,0.0,-7.105427357601002e-15,0.0,0.0,-0.0,0.0,0.0,-0.16594442330878678,0.0
3,autumn_processing,秋季农产品加工日,60.0,4.25,0.25,44.56009039030867,31.062885513884538,7.736110801889641,-0.0,0.0,-0.0,-0.0,58.44546155939548,0.0,0.0,0.0,-0.0,-0.0,9.808290056722374,31.3865281815116,2.5787036006298805,7.736110801889641,-0.0,0.0,0.0,-0.0,0.0,0.0,46.36350072234832,0.3236426676270625,0.0,48.06381187990434,1.4983775117345566,0.0,0.0,0.0,0.0,0.0,11.096687861144517,5.922421105353917,12.322836245310848,5.257540273096758,8.663301115661433,0.0,52.0,7.8,42.5,45.0,0.0,0.4395538861517412,1.0,31.15198727300507,22.365277569996866,4.796388697171578,0.20682309978165314,0.21561219002359663,0.10155190720389393,0.0,0.17265349352524473,0.7411573621193998,0.4787341532725832,26.243677634069037,4.331023844040233,20.370873709481906,10.67760536655447,46.05846790204323,58.44546155939548,58.44546155939548,0.0,0.0,0.0,0.0,0.0,0.0,0.0,0.0,0.0,0.0,0.0,0.0,0.0,0.0,-0.08699331116599396,0.0
3,autumn_processing,秋季农产品加工日,60.0,4.5,0.25,44.8481189115815,31.68181115011988,7.758188336888718,1.0581755768288303,0.0,1.0581755768288303,-0.0,56.27657209812804,0.0,0.0,0.0,-0.0,-0.0,9.900565984412463,31.68181115011988,2.5860627789629063,7.758188336888718,-0.0,0.0,0.0,-0.0,0.0,0.0,46.361182547312204,0.0,0.0,48.03977997396439,0.0,0.0,0.0,0.0,0.0,0.0,11.317505545336891,6.0026842877241195,12.402473140380435,5.270935583206797,8.806540194919112,0.0,52.0,7.8,42.5,45.0,0.0,0.4232422040142869,1.0,31.358469570153964,22.810904028086313,4.8100767688710055,0.2101326351042705,0.2201731233593118,0.10199961937688362,0.0,0.17380602337443565,0.7425666517657246,0.484582988282922,26.479948918506345,4.374504024705081,20.547642591396347,10.877759203775552,44.8481189115815,56.27657209812804,56.27657209812804,0.0,0.5819965672558567,0.14549914181396417,8.72994850883785,0.0,0.0,0.0,0.0,0.0,0.0,0.0,1.0581755768288303,0.0,0.29528296860828007,0.022077534999077386,0.0
3,autumn_processing,秋季农产品加工日,60.0,4.75,0.25,45.686849939896256,32.412166637514105,7.794846079878623,1.0581755768288303,0.0,1.0581755768288303,-0.0,58.778858525538034,0.0,0.0,0.0,-0.0,-0.0,10.040217729943896,32.12869673582047,2.5982820266262077,7.794846079878623,-0.0,0.0,0.0,-0.0,0.0,0.0,46.358864488184835,0.0,0.2834699016936355,47.94116274142645,1.511684405900505,0.0,0.0,0.0,0.0,0.0,11.568721378689224,6.094559922417775,12.486378569055232,5.286070077726755,8.972960858114199,0.0,52.0,7.8,42.5,45.0,0.0,0.44206128241809167,1.0,31.94360472925314,23.336759979010154,4.832804569524747,0.2147599705087012,0.2265974776748122,0.10255866241721266,0.0,0.1751563629233656,0.7566797052533456,0.4924855650031026,26.745409504896188,4.423909431062567,20.745927368550316,11.113425219182647,47.19853434579676,58.778858525538034,58.778858525538034,0.0,0.5819965672558567,0.14549914181396417,8.72994850883785,0.0,0.0,0.0,0.0,0.0,0.0,0.0,0.0,0.0,0.44688558570058845,0.036657742989905095,0.0
3,autumn_processing,秋季农产品加工日,60.0,5.0,0.25,46.34511205837483,33.17264807586119,7.78297865214821,1.5703965640330555,0.0,1.5703965640330555,-0.0,57.00514281940211,0.0,0.0,0.0,-0.0,-0.0,10.040217729943896,32.12869673582047,2.594326217382737,7.78297865214821,-0.0,0.0,0.0,-0.0,0.0,0.4041166222662991,46.25020006541666,0.0,1.0439513400407208,47.64246812320292,0.0,0.0,0.0,0.0,0.0,0.0,11.848644711242066,6.198951420061325,12.574259213621621,5.3030908090363456,9.164452473978255,0.0,52.0,7.8,42.5,45.0,0.0,0.42872160452422975,1.0,32.40699493108334,23.884306614620055,4.825446764331891,0.22108972818368647,0.23535618902018068,0.10325134241556064,0.0,0.17669872981077805,0.7678632120738524,0.5029207386726604,27.041802496636222,4.479646995536353,20.966986063660464,11.362190171280126,46.34511205837483,57.00514281940211,57.00514281940211,0.0,0.8637181102181806,0.21592952755454514,12.95577165327271,0.0,0.0,0.0,0.0,0.0,0.0,0.0,0.5122209872042252,0.0,0.0,-0.011867427730413382,0.0
3,autumn_processing,秋季农产品加工日,60.0,5.25,0.25,47.12943369795165,34.10332042808891,7.599599232879393,1.5703965640330555,0.0,1.5703965640330555,-0.0,58.13245460815562,0.0,0.0,0.0,-0.0,-0.0,10.040217729943896,32.12869673582047,2.533199744293131,7.599599232879393,-0.0,0.0,0.0,-0.0,0.0,0.0,46.247887555413385,0.0,1.9746236922684375,47.09900907538646,0.0,0.0,0.0,0.0,0.0,0.0,12.153246440496071,6.316676275220832,12.665751968884981,5.322143946123236,9.382638862291229,0.0,52.0,7.8,42.5,45.0,0.0,0.437199838153161,1.0,32.95677521367946,24.554390708224012,4.711751524385224,0.22955826109942332,0.24690541318276354,0.10410295255905022,0.0,0.17842651938487275,0.7860077231688558,0.5163770313315069,27.370534777299447,4.54205669627245,21.211830310245954,11.663576230767173,47.12943369795165,58.13245460815562,58.13245460815562,0.0,0.8637181102181806,0.21592952755454514,12.95577165327271,0.0,0.0,0.0,0.0,0.0,0.0,0.0,0.0,0.0,0.0,-0.1833794192688174,0.0
3,autumn_processing,秋季农产品加工日,60.0,5.5,0.25,47.82756250776741,34.88279141323623,7.564245677519665,1.5703965640330555,0.0,1.5703965640330555,-0.0,55.77127917086622,0.0,0.0,0.0,-0.0,-0.0,10.040217729943896,32.12869673582047,2.5214152258398883,7.564245677519665,-0.0,0.0,0.0,-0.0,0.0,3.0475197286519187,45.443596285074584,0.0,2.7540946774157575,46.3506978136341,0.0,0.0,0.0,0.0,0.0,0.0,12.47595278954371,6.448429785326559,12.760426283691972,5.343372192075292,9.628773028753082,0.0,52.0,7.8,42.5,45.0,0.0,0.4194420206656242,1.0,33.436906937434145,25.115609817530082,4.689832320062192,0.24063583481986098,0.2616200415836501,0.10514179014121908,0.0,0.18033233298543824,0.8224095953740181,0.5332998987587698,27.732571504520344,4.611388214942267,21.48114916716671,11.927830516247724,47.82756250776741,55.77127917086622,55.77127917086622,0.0,0.8637181102181806,0.21592952755454514,12.95577165327271,0.0,0.0,0.0,0.0,0.0,0.0,0.0,0.0,0.0,0.0,-0.03535355535972773,0.0
3,autumn_processing,秋季农产品加工日,60.0,5.75,0.25,48.3750087656846,35.51036805097514,7.616203874323304,1.5703965640330555,0.0,1.5703965640330555,-0.0,58.72141077789752,0.0,0.0,0.0,-0.0,-0.0,10.040217729943896,32.12869673582047,2.5387346247744347,7.616203874323304,-0.0,0.0,0.0,-0.0,0.0,0.6621537784723568,45.267073110925494,0.0,3.3816713151546693,45.43760896073922,0.0,0.0,0.0,0.0,0.0,0.0,12.807690723526726,6.59474669961735,12.857788494831153,5.366911884728261,9.903628650216993,0.0,52.0,7.8,42.5,45.0,0.0,0.44162923209198734,1.0,33.8087484375697,25.5674649967021,4.722046402080449,0.254797645491182,0.2797124046250423,0.1063990612206606,0.0,0.18240800962605114,0.8682604597318684,0.5540246234027865,28.12832902977641,4.687777061678564,21.77523187499084,12.15490916209036,48.3750087656846,58.72141077789752,58.72141077789752,0.0,0.8637181102181806,0.21592952755454514,12.95577165327271,0.0,0.0,0.0,0.0,0.0,0.0,0.0,0.0,0.0,0.0,0.05195819680363911,0.0
3,autumn_processing,秋季农产品加工日,60.0,6.0,0.25,49.100282359203476,36.02197958117681,7.647542133261675,1.5703965640330555,0.0,1.5703965640330555,0.13123746007834175,55.28340977883557,0.0,0.0,0.0,-0.0,-0.0,10.040217729943896,32.12869673582047,2.549180711087225,7.647542133261675,-0.0,0.0,0.0,-0.0,0.0,4.7046369972876345,44.02674738956268,0.0,3.893282845356339,44.39034203905981,0.0,0.0,0.0,0.0,0.0,0.0,13.137232885936893,6.755962007398548,12.957288199185621,5.392889806010945,10.207393482115103,0.0,52.0,7.8,42.5,45.0,0.00403624115688348,0.41577287542354874,1.0,34.310166404107036,25.935825298447302,4.741476122622238,0.27248314324284467,0.3011458661775548,0.10790864805221334,0.0,0.1846446609406726,0.9124752356218724,0.578701417599915,28.55757148731167,4.7712213150495675,22.09389333565707,12.354916293991101,49.100282359203476,55.41464723891391,55.41464723891391,0.0,0.8637181102181806,0.21592952755454514,12.95577165327271,0.0,0.0,0.0,0.0,7.105427357601002e-15,0.0,0.0,0.0,0.0,0.0,0.031338258938371055,0.0
3,autumn_processing,秋季农产品加工日,60.0,6.25,0.25,49.966481548465644,36.64190510288183,7.750686750935881,1.5703965640330555,0.0,1.5703965640330555,0.686233521976056,56.76421871154986,0.0,0.0,0.0,-0.0,-0.0,10.040217729943896,32.12869673582047,2.5835622503119606,7.750686750935881,-0.0,0.0,0.0,-0.0,0.0,3.5694127311625348,43.08522691241359,0.0,4.51320836706136,43.18046045565572,0.0,0.0,0.0,0.0,0.0,0.0,13.45185113683954,6.932172326468697,13.058326635822345,5.421419737755537,10.539570698547848,0.0,52.0,7.8,42.5,45.0,0.021105284900968337,0.4269096737934496,1.0,34.91461242581402,26.382171674074915,4.805425785580247,0.29404474812821724,0.32555783884887557,0.10970671546551213,0.0,0.18703270924499654,0.9559256069324681,0.6072232667407965,29.01931707212573,4.861560302775205,22.43640665336564,12.59056973356597,49.966481548465644,57.450452233525915,57.450452233525915,0.0,0.8637181102181806,0.21592952755454514,12.95577165327271,0.0,0.0,0.0,0.0,0.0,0.0,0.0,0.0,0.0,0.0,0.10314461767420635,0.0
3,autumn_processing,秋季农产品加工日,60.0,6.5,0.25,51.04457659699509,36.86710965768844,7.791235344633329,1.5703965640330555,0.0,1.5703965640330555,1.3802930642463966,59.149223878443486,0.0,0.0,0.0,-0.0,-0.0,10.040217729943896,32.12869673582047,2.59707844821111,7.791235344633329,-0.0,0.0,0.0,-0.0,0.0,1.5819592684271608,42.66676758042923,0.0,4.738412921867969,41.91191945651528,0.0,0.0,0.0,0.0,0.0,0.0,13.738239998577866,7.123199570844414,13.160266967660982,5.452598814468941,10.898894746609848,0.0,52.0,7.8,42.5,45.0,0.042451261028264436,0.4448467087937583,1.0,35.67513111301107,26.544318953535676,4.830565913672664,0.3196890691264989,0.35220967993395413,0.11183113515097548,0.0,0.18956192854956397,0.9932032982735678,0.6391698039060062,29.51176052873977,4.958456666977893,22.801447432777948,12.72079966370005,51.04457659699509,60.52951694268988,60.52951694268988,0.0,0.8637181102181806,0.21592952755454514,12.95577165327271,0.0,0.0,0.0,0.0,7.105427357601002e-15,0.0,0.0,0.0,0.0,0.0,0.0405485936974479,0.0
3,autumn_processing,秋季农产品加工日,60.0,6.75,0.25,52.01510586550125,37.2135395347037,7.808189637392734,1.5490274947183642,0.0,1.5490274947183642,2.369762851012086,61.91566111549171,0.0,0.0,0.0,-0.0,-0.0,11.216615716590002,35.89317029308801,2.6027298791309113,7.808189637392734,-0.0,0.0,0.0,-0.0,0.0,0.0,42.66463424205021,0.0,1.320369241615687,41.54349790688817,0.0,0.0,0.0,0.0,0.0,0.0,13.983622741974894,7.32855874385238,13.262446265319886,5.486503736387345,11.283268507968318,0.0,52.0,7.8,42.5,45.0,0.07288265366914873,0.4656524002177822,1.0,36.343523385914494,26.793748464986663,4.841077575183495,0.349415911494491,0.3799804997059127,0.11432071156928099,0.0,0.1922214883490199,1.0583309901392943,0.6737809731611325,30.032218509675545,5.061383296141138,23.18705462597982,12.889699700062323,52.01510586550125,64.2854239665038,64.2854239665038,0.0,0.8519651220951003,0.21299128052377508,12.779476831426505,0.0,0.0,0.0,0.0,0.0,0.0,0.0,-0.02136906931469129,0.0,3.764473557267543,0.01695429275940441,0.0
3,autumn_processing,秋季农产品加工日,60.0,7.0,0.25,52.88949898523715,37.370781750318585,8.139492955882032,-0.0,0.0,-0.0,3.7551847175737016,61.70105378316113,0.0,0.0,0.0,-0.0,-0.0,11.216615716590002,35.89317029308801,2.713164318627344,8.139492955882032,-0.0,0.0,0.0,-0.0,0.0,1.3630405197196573,42.30380613672767,0.0,1.477611457230573,41.1338810376109,0.0,0.0,0.0,0.0,0.0,0.0,14.176913169248692,7.547431800518047,13.364188907195219,5.523186918596117,11.689728335149224,0.0,88.0,13.2,42.5,45.0,0.11549165230508897,0.46403839145806525,1.0,36.951713772560254,26.90696286022938,5.04648563264686,0.38296231001599634,0.40741721838244743,0.11721420006985696,0.0,0.195,1.1155816550598965,0.7099716414361832,30.577104160940564,5.169616547943557,23.59061249891237,13.009824943903753,52.88949898523715,65.45623850073483,65.45623850073483,0.0,0.0,0.0,0.0,0.0,0.0,0.0,0.0,0.0,0.0,0.0,-1.5490274947183642,0.0,0.0,0.33130331848929817,0.0
3,autumn_processing,秋季农产品加工日,60.0,7.25,0.25,54.00516154678616,37.2326951599541,8.178770402753889,0.0,0.0,0.0,5.045714658606069,64.66270081940995,0.0,0.0,0.0,-0.0,-0.0,11.216615716590002,35.89317029308801,2.726256800917963,8.178770402753889,-0.0,0.0,0.0,-0.0,0.0,0.0,42.30169094642083,0.0,1.3395248668660855,40.76080755317996,1.7603814137218832,0.0,0.0,0.0,0.0,0.0,14.309784422849622,7.77864953573197,13.464821023858946,5.5626726635783195,12.114442814527765,0.0,88.0,13.2,42.5,45.0,0.15518222585837033,0.48631220758440363,1.0,37.72916252691829,26.80754051516695,5.0708376497074115,0.41976011093117943,0.432844361527752,0.12054911680174364,0.0,0.19788556548904995,1.1726330572336172,0.7463925842315059,31.141936501965027,5.2822370215032795,24.00885771574732,13.050768164488414,55.76554296050804,69.70841547801602,69.70841547801602,0.0,0.0,0.0,0.0,0.0,0.0,0.0,0.0,1.4210854715202004e-14,0.0,0.0,0.0,0.0,0.0,0.03927744687185708,0.0
3,autumn_processing,秋季农产品加工日,60.0,7.5,0.25,55.22611665014925,37.094975303028676,8.430498198595373,0.0,0.0,0.0,6.511903977905035,67.41872679155263,0.0,0.0,0.0,-0.0,-0.0,11.216615716590002,35.89317029308801,2.8101660661984575,8.430498198595373,-0.0,0.0,0.0,-0.0,0.0,0.0,42.29957586187351,0.0,1.2018050099406636,40.42416267310321,4.677732336519952,0.0,0.0,0.0,0.0,0.0,14.377498513103541,8.020683368460157,13.563685535955084,5.604953454714412,12.55274988299242,0.0,88.0,13.2,42.5,45.0,0.20027524785685155,0.5070395984556235,1.0,38.57731456695607,26.708382218180645,5.2269088831291315,0.4589158110928265,0.4545254638594489,0.1243603509825903,0.0,0.20086582838174552,1.2321461422564197,0.7815352114310931,31.721388873661915,5.398138860421536,24.4379146048539,13.094484340163818,59.9038489866692,73.93063076945766,73.93063076945766,0.0,0.0,0.0,0.0,0.0,0.0,0.0,0.0,7.105427357601002e-15,0.0,0.0,0.0,0.0,0.0,0.2517277958414841,0.0
3,autumn_processing,秋季农产品加工日,60.0,7.75,0.25,56.19262840443179,36.77790645713908,8.831988703620539,0.0,0.0,0.0,8.24881228068023,66.68249820357325,0.0,0.0,0.0,-0.0,-0.0,11.216615716590002,35.89317029308801,2.9439962345401796,8.831988703620539,-0.0,0.0,0.0,-0.0,0.0,0.0,42.29746088308041,0.0,0.8847361640510698,40.171125285437434,4.578070128691511,0.0,0.0,0.0,0.0,0.0,14.37937816844001,8.271648697825473,13.660157267660423,5.649986476440852,12.999235210996195,0.0,88.0,13.2,42.5,45.0,0.25369430041401725,0.5015026050209241,1.0,39.2319061418329,26.480092649140136,5.475832996244734,0.49922013255373776,0.4708560506798216,0.12867860273305876,0.0,0.20392802673484192,1.3097177014241181,0.813868649727536,32.30937895509747,5.516048184297768,24.87336039043152,13.089675064093527,60.770698533123294,74.93131048425347,74.93131048425347,0.0,0.0,0.0,0.0,0.0,0.0,0.0,0.0,0.0,0.0,0.0,0.0,0.0,0.0,0.4014905050251656,0.0
3,autumn_processing,秋季农产品加工日,60.0,8.0,0.25,57.11730604264152,36.38769530722186,9.137296007034308,0.0,0.0,0.0,9.840027651025204,68.03077204463702,0.0,0.0,0.0,-0.0,-0.0,11.216615716590002,35.89317029308801,3.045765335678103,9.137296007034308,-0.0,0.0,0.0,-0.0,0.2082089360620305,0.0,42.34479563235099,0.0,0.4945250141338491,40.02090156118055,6.282903664690568,0.0,0.0,0.0,0.0,0.0,14.318852125322003,8.529321199854733,13.753657567192246,5.6976904724469435,13.447852625355692,0.0,88.0,13.2,42.5,45.0,0.3026325301193016,0.5116426396895536,1.0,39.86767481866097,26.19914062119974,5.665123524361271,0.5391920658809507,0.4805590228415551,0.13352868346558616,0.0,0.20705904774487396,1.3663283724459594,0.8419904495240791,32.89920066499488,5.634550770681772,25.31032059897042,13.064983396381903,63.40020970733209,77.87079969566223,77.87079969566223,0.0,0.0,0.0,0.0,0.0,0.0,0.0,0.0,0.0,0.0,0.0,0.0,0.0,0.0,0.30530730341376966,0.0
3,autumn_processing,秋季农产品加工日,60.0,8.25,0.25,57.68192062570543,35.89317029308801,9.63354609333696,0.0,0.0,0.0,11.290903268287206,69.18960409193032,0.0,0.0,0.0,-0.0,-0.0,11.216615716590002,35.89317029308801,3.2111820311123203,9.63354609333696,-0.0,0.0,0.0,-0.0,2.0257777179821908,0.0,42.82380060059014,0.0,0.0,40.00089111039996,6.345011268827597,0.0,0.0,0.0,0.0,0.0,14.203067364864626,8.791167015656038,13.843667836270596,5.747943055948842,13.892084888583007,0.0,88.0,13.2,42.5,45.0,0.347254575352544,0.5203579294005827,1.0,40.24299830717467,25.843082611023366,5.972798577868915,0.5771580487929054,0.4828496088855635,0.13892773002937972,0.0,0.2102454838991936,1.42730620121031,0.8647682100280869,33.48369578080245,5.752128565911525,25.743593060186832,13.010498406485492,64.02693189453302,80.48050736021753,80.48050736021753,0.0,0.0,0.0,0.0,0.0,0.0,0.0,0.0,0.0,0.0,0.0,0.0,0.0,0.0,0.496250086302652,0.0
3,autumn_processing,秋季农产品加工日,60.0,8.5,0.25,58.42875311753627,35.196011472459865,10.118748517051435,0.0,0.0,0.0,13.089821312371951,67.67757085408596,0.0,0.0,0.0,-0.0,-0.0,11.216615716590002,35.89317029308801,3.3729161723504784,10.118748517051435,-0.0,0.0,0.0,-0.0,1.3219443170521838,0.0,43.13562118586,0.6971588206281467,0.0,40.146465884743954,6.42716284292899,0.0,0.0,0.0,0.0,0.0,14.042125424524812,9.054387260897604,13.92974136580569,5.800578585294906,14.325140525004464,0.0,88.0,13.2,42.5,45.0,0.4025807531302976,0.5089863007411073,1.0,40.7606949038206,25.341128260171104,6.2736240805718895,0.6113620596886408,0.4775403886289402,0.1448833975799133,0.0,0.2134736903889974,1.4584033358250557,0.8814500566227518,34.05546047610506,5.867204024750748,26.16779702668527,12.897454793613159,64.85591596046525,80.76739216645791,80.76739216645791,0.0,0.0,0.0,0.0,0.0,0.0,0.0,0.0,0.0,0.0,0.0,0.0,0.0,0.0,0.4852024237144743,0.0
3,autumn_processing,秋季农产品加工日,60.0,8.75,0.25,59.1341691056073,34.64072779632058,10.461052772718796,0.0,0.0,0.0,14.808202645145427,67.42381322921968,0.0,0.0,0.0,-0.0,-0.0,11.216615716590002,35.89317029308801,3.4870175909062655,10.461052772718796,-0.0,0.0,0.0,-0.0,1.8894548596447436,0.0,43.58220993396634,1.2524424967674292,0.0,40.42384774478385,6.504758601616803,0.0,0.0,0.0,0.0,0.0,13.848052841132166,9.315976677598782,14.0115128984607,5.855386713589334,14.740179765374604,0.0,88.0,13.2,42.5,45.0,0.45543000405621686,0.5070778522974714,1.0,41.22938581477612,24.94132401335082,6.485852719085654,0.6400974541028691,0.4650669612587242,0.15139210845489745,0.0,0.21672984353849284,1.5089425570529535,0.891727230788087,34.60707937742464,5.978190704643777,26.57754206555589,12.82106707782434,65.6389277072241,82.2320158743651,82.2320158743651,0.0,0.0,0.0,0.0,0.0,0.0,0.0,0.0,0.0,0.0,0.0,0.0,0.0,0.0,0.34230425566736145,0.0
3,autumn_processing,秋季农产品加工日,60.0,9.0,0.25,59.810425184399435,33.85236373727246,10.885185011977956,0.0,0.0,0.0,16.42376777423838,67.12771286335872,0.0,0.0,0.0,-0.0,-0.0,11.216615716590002,35.89317029308801,3.6283950039926522,10.885185011977956,-0.0,0.0,0.0,-0.0,2.3168979623310832,0.0,44.130294089523275,2.04080655581555,0.0,40.888327377917655,6.579146770283938,0.0,0.0,0.0,0.0,0.0,13.633648525237714,9.572795573907925,14.08870539206945,5.912111712452298,15.130560267112676,0.0,88.0,13.2,42.5,45.0,0.5051171167279965,0.504850954553275,1.0,41.7020391539977,24.373701890836173,6.748814707426333,0.6618472410256578,0.44642949771848406,0.15843744412450295,0.0,0.22,1.5157133679369612,0.8957408824739718,35.13137737163442,6.083548014054536,26.967609670844276,12.675131631512755,66.38957195468338,83.55148063759711,83.55148063759711,0.0,0.0,0.0,0.0,0.0,0.0,0.0,0.0,0.0,0.0,0.0,0.0,0.0,0.0,0.4241322392591602,0.0
3,autumn_processing,秋季农产品加工日,60.0,9.25,0.25,60.063988949737364,33.150905807368936,11.080844942887067,0.0,0.0,0.0,18.209787655588386,64.0466034653516,0.0,0.0,0.0,-0.0,-0.0,11.216615716590002,35.89317029308801,3.6936149809623555,11.080844942887067,-0.0,0.0,0.0,-0.0,0.6751326891791507,0.0,44.288431588498845,2.742264485719076,0.0,41.51917102958698,6.6070387844711105,0.0,0.0,0.0,0.0,0.0,13.411358434662016,9.821653483262208,14.161133541687265,5.970452657385938,15.490091255046035,0.0,88.0,13.2,42.5,45.0,0.5600466082604734,0.4816786914995158,1.0,41.881321355537835,23.868652181305634,6.870123864589981,0.6754170241877749,0.42306123638007764,0.1659887734732613,0.0,0.22327015646150716,1.5107232542492364,0.8940353686961424,35.62167745411924,6.1818375794420675,27.333139151501122,12.548106264562465,66.67102773420848,82.25639112093998,82.25639112093998,0.0,0.0,0.0,0.0,0.0,0.0,0.0,0.0,0.0,0.0,0.0,0.0,0.0,0.0,0.1956599309091107,0.0
3,autumn_processing,秋季农产品加工日,60.0,9.5,0.25,60.45930068206459,32.560437337207176,11.398029369248349,0.0,0.0,0.0,19.72119100890238,62.78668221060737,0.0,0.0,0.0,-0.0,-0.0,11.216615716590002,35.89317029308801,3.799343123082783,11.398029369248349,-0.0,0.0,0.0,-0.0,0.38209062274528094,0.0,44.37696368982142,3.332732955880836,0.0,42.28993552109389,6.650523075027104,0.0,0.0,0.0,0.0,0.0,13.192310703390511,10.059402253748166,14.228703731212935,6.030064545566906,15.813283301116714,0.0,88.0,13.2,42.5,45.0,0.6065301992691384,0.47220313481826354,1.0,42.15708686177659,23.443514882789167,7.066778208933976,0.6800446260885122,0.3966481726080379,0.17400021229129375,0.0,0.2265263096110026,1.5027044868826274,0.8874695251492226,36.07205157789655,6.271778392193273,27.669808396337665,12.445718612264372,67.10982375709169,82.50787321950975,82.50787321950975,0.0,0.0,0.0,0.0,0.0,0.0,0.0,0.0,0.0,0.0,0.0,0.0,0.0,0.0,0.3171844263612815,0.0
3,autumn_processing,秋季农产品加工日,60.0,9.75,0.25,60.971634088088784,31.758883044672086,11.755925332834602,0.0,0.0,0.0,21.073262309486495,62.23002893558469,0.0,0.0,0.0,-0.0,-0.0,11.216615716590002,35.89317029308801,3.918641777611534,11.755925332834602,-0.0,0.0,0.0,-0.0,0.4895199130910939,0.0,44.491005820996065,4.1342872484159265,0.0,43.25068377483213,6.706879749689766,0.0,0.0,0.0,0.0,0.0,12.985607713073245,10.283035588116705,14.291410225159177,6.090560396487061,16.095580272170423,0.0,88.0,13.2,42.5,45.0,0.6481134928440131,0.468016682975007,1.0,42.51800580194571,22.8663957921639,7.288673706357454,0.6754726879382156,0.3689317363412404,0.18241000511889055,0.0,0.2297545161008064,1.484630729766361,0.8771034511200111,36.47755089381666,6.352297758264266,27.973999712565735,12.276936533217825,67.67851383777855,83.3032912450712,83.3032912450712,0.0,0.0,0.0,0.0,0.0,0.0,0.0,0.0,0.0,0.0,0.0,0.0,0.0,0.0,0.35789596358625353,0.0
3,autumn_processing,秋季农产品加工日,60.0,10.0,0.25,61.33534760975583,30.991719353340216,11.943370547202344,0.0,0.0,0.0,22.58682681200904,58.779776270505,0.0,0.0,0.0,-0.0,-0.0,11.216615716590002,35.89317029308801,3.9811235157341147,11.943370547202344,-0.0,0.0,0.0,-0.0,3.013900369042539,0.0,45.204582608352624,4.9014509397477966,0.0,44.393153031134815,1.8196158713915551,0.0,0.0,0.0,0.0,0.0,12.797924118151261,10.489791433602038,14.349327572566256,6.151514362137339,16.33356012623964,0.0,88.0,13.2,42.5,45.0,0.6946635505412022,0.4420681845513962,1.0,42.809175516380066,22.314037934404954,7.404889739265453,0.661975050326179,0.34152672258399613,0.1911404109966581,0.0,0.23294095225512604,1.4137829405876137,0.864080247962322,36.83440206094323,6.422575121665393,28.24294114893233,12.109843390629385,63.154963481147384,81.36660308251405,81.36660308251405,0.0,0.0,0.0,0.0,0.0,0.0,0.0,0.0,7.105427357601002e-15,0.0,0.0,0.0,0.0,0.0,0.18744521436774164,0.0
3,autumn_processing,秋季农产品加工日,60.0,10.25,0.25,61.71941616144377,30.414580594167226,12.276971846730106,0.0,0.0,0.0,23.751091883054773,56.06078639185487,0.0,0.0,0.0,-0.0,-0.0,11.216615716590002,35.89317029308801,4.092323948910035,12.276971846730106,-0.0,0.0,0.0,-0.0,2.783522447965833,0.0,45.863408960614095,5.478589698920786,0.0,45.672121508112944,0.0,0.0,0.0,0.0,0.0,0.0,12.633411302483733,10.677253107911184,14.402599371788932,6.212465846968564,16.52509227337895,0.0,88.0,13.2,42.5,45.0,0.7304708161989759,0.4216193329950893,1.0,43.08981669573191,21.898498027800404,7.6117225449726655,0.6403337795879619,0.3157806160904105,0.20009815907917758,0.0,0.23607197326515808,1.3761351273870814,0.849519971892234,37.140157492136446,6.4820760772123815,28.474814575221174,11.98759644333252,61.71941616144377,79.81187827490965,79.81187827490965,0.0,0.0,0.0,0.0,0.0,0.0,0.0,0.0,7.105427357601002e-15,0.0,0.0,0.0,0.0,0.0,0.3336012995277624,0.0
3,autumn_processing,秋季农产品加工日,60.0,10.5,0.25,62.12145031532813,29.907380975239377,12.656869555891978,0.0,0.0,0.0,24.503296766792072,55.18855369956247,0.0,0.0,0.0,-0.0,-0.0,11.216615716590002,35.89317029308801,4.21895651863066,12.656869555891978,-0.0,0.0,0.0,-0.0,2.1348279158057473,0.0,46.36813742017,5.985789317848635,0.0,47.07091041034794,0.0,0.0,0.0,0.0,0.0,0.0,12.493867783035192,10.843444681691825,14.451423728910362,6.27292460941646,16.66944111382777,0.0,88.0,13.2,42.5,45.0,0.7536050669558625,0.41505948627138617,1.0,43.3840208615058,21.53331430217235,7.847259124653027,0.6117703091489876,0.2926898222584888,0.209175518748274,0.0,0.23913417161825448,1.3363318184539525,0.8344379136938761,37.39378945215459,6.5305743222063155,28.66882327460423,11.876400042309342,62.12145031532813,79.69185046635454,79.69185046635454,0.0,0.0,0.0,0.0,0.0,0.0,0.0,0.0,0.0,0.0,0.0,0.0,0.0,0.0,0.37989770916187204,0.0
3,autumn_processing,秋季农产品加工日,60.0,10.75,0.25,62.26280351037801,29.405129584158438,13.145918262329147,0.0,0.0,0.0,25.340874000088498,51.840183978855016,0.0,0.0,0.0,-0.0,-0.0,10.526520001314736,33.68486400420716,4.381972754109715,13.145918262329147,-0.0,0.0,0.0,-0.0,0.009761713141074324,0.0,46.36813742017,4.279734420048719,0.0,48.06381187990434,0.0,0.0,0.0,0.0,0.0,0.0,12.379107526163123,10.986915953427594,14.496035924563476,6.332376787231772,16.767308032419162,0.0,88.0,13.2,42.5,45.0,0.7793649658374894,0.3898772243174093,1.0,43.48928089962345,21.171693300594075,8.15046932264407,0.5778401917041663,0.27287613293375446,0.21825200253686833,0.0,0.24211443451095005,1.3062491897997506,0.8196928752186703,37.59572074421441,6.568159899781552,28.825213841520632,11.758141872378356,62.26280351037801,77.18105797894351,77.18105797894351,0.0,0.0,0.0,0.0,0.0,0.0,0.0,0.0,-2.842170943040401e-14,0.0,0.0,0.0,0.0,-2.2083062888808556,0.4890487064371687,0.0
3,autumn_processing,秋季农产品加工日,60.0,11.0,0.25,62.78279896478505,28.93656111528076,13.738265477802218,1.0335624284118659,0.0,1.0335624284118659,25.720763072375494,49.68219156732535,0.0,0.0,-0.0,-0.0,-0.0,9.074296277393591,29.037748087659494,4.579421825934072,13.738265477802218,-0.0,0.0,0.0,-0.0,0.0,0.0,46.36581901329899,0.10118697237873532,0.0,48.06381187990434,0.0,0.0,0.0,0.0,0.0,0.0,12.287446286747524,11.106812379791272,14.53668897386992,6.3902917592023005,16.820807408580215,0.0,70.0,10.5,42.5,45.0,0.7910485499886893,0.37364749620054155,1.0,43.874306546557094,20.83432400300215,8.517724596237375,0.5403053948617548,0.2566159199396542,0.2271966900143889,0.0,0.245,1.2565968313782339,0.8059650531723221,37.747788141652435,6.595232823408452,28.94524964671027,11.641205786559237,62.78279896478505,75.40295463970084,75.40295463970084,0.0,0.5684593356265263,0.14211483390663157,8.526890034397894,0.0,0.0,0.0,0.0,0.0,0.0,0.0,1.0335624284118659,0.0,-4.647115916547662,0.5923472154730707,0.0
3,autumn_processing,秋季农产品加工日,60.0,11.25,0.25,63.071755479831914,28.61126975548591,14.210695402819612,1.5703965640330555,0.0,1.5703965640330555,25.64307290915825,48.89151293324141,0.0,0.0,-0.0,-0.0,-0.0,8.941021798589347,28.61126975548591,4.7368984676065375,14.210695402819612,-0.0,0.0,0.0,-0.0,0.0,0.0,46.36350072234832,0.0,0.0,48.0397799739644,0.0,0.6446933395950794,0.0,0.0,0.0,0.0,12.21622880576157,11.202925585485719,14.573632911669982,6.446129727153869,16.83337588813057,0.0,70.0,10.5,42.5,45.0,0.788659169440824,0.36770099741285467,1.0,44.075658361176714,20.600114223949856,8.81063114974816,0.5010002187863076,0.24390714521052786,0.23587112835802132,0.0,0.2477785116509801,1.240470220741217,0.7937586798132275,37.85313852695442,6.612481995676819,29.031135875908923,11.556853569571867,62.427062140236835,74.53458584239965,74.53458584239965,0.0,0.8637181102181806,0.21592952755454514,12.95577165327271,0.0,0.0,0.0,0.0,-7.105427357601002e-15,0.0,0.0,0.5368341356211896,0.0,-0.4264783321735841,0.4724299250173942,0.0
3,autumn_processing,秋季农产品加工日,60.0,11.5,0.25,62.99213968333018,28.2208845532872,14.785307745854873,1.5703965640330555,0.0,1.5703965640330555,26.019521788867692,47.40048499454996,0.0,0.0,-0.0,-0.0,-0.0,8.81902642290225,28.2208845532872,4.9284359152849575,14.785307745854873,-0.0,0.0,0.0,-0.0,0.0,0.0,46.361182547312204,0.0,0.0,48.015760083977426,0.0,1.7491986740666743,0.0,0.0,0.0,0.0,12.162333387105987,11.27572058474174,14.607093750204768,6.499349875461849,16.80961801163677,0.0,70.0,10.5,42.5,45.0,0.8002369496023641,0.3564873444220813,1.0,44.032683899377375,20.319036878366784,9.166890802430022,0.4617065082128121,0.23455616950706737,0.24413273252502546,0.0,0.25043807145043606,1.20748014661946,0.7834222236798686,37.916061637303386,6.620850190167793,29.08589898643538,11.447526907051984,61.242941009263504,73.42000678341765,73.42000678341765,0.0,0.8637181102181806,0.21592952755454514,12.95577165327271,0.0,0.0,0.0,0.0,-7.105427357601002e-15,0.0,0.0,0.0,0.0,-0.3903852021987113,0.5746123430352608,0.0
3,autumn_processing,秋季农产品加工日,60.0,11.75,0.25,62.97587993403925,27.684213976925445,15.394923214646598,1.5703965640330555,0.0,1.5703965640330555,26.938198238265034,46.29103816365895,0.0,0.0,-0.0,-0.0,-0.0,8.651316867789202,27.684213976925445,5.131641071548866,15.394923214646598,-0.0,0.0,0.0,-0.0,0.0,0.0,46.35886448818484,0.0,0.0,47.99175220393544,0.0,1.9592049074202738,0.0,0.0,0.0,0.0,12.122610151998087,11.326336603979913,14.637253129949473,6.549418941765688,16.755095042051778,0.0,70.0,10.5,42.5,45.0,0.8284910753123836,0.3481434687303599,1.0,44.03714858392784,19.93263406338632,9.544852393080891,0.4240510813176851,0.22826720036135217,0.2518385768315622,0.0,0.25296729075500346,1.1730656199706087,0.7751785640797956,37.94176711376694,6.621486694363152,29.113226161556362,11.2914505364497,61.01667502661898,73.22923640192398,73.22923640192398,0.0,0.8637181102181806,0.21592952755454514,12.95577165327271,0.0,0.0,0.0,0.0,0.0,0.0,0.0,0.0,0.0,-0.5366705763617539,0.6096154687917252,0.0
3,autumn_processing,秋季农产品加工日,60.0,12.0,0.25,62.70705686366666,27.29974692630238,15.90444219696346,1.5703965640330555,0.0,1.5703965640330555,27.791551407634742,44.88698607852168,0.0,0.0,-0.0,-0.0,-0.0,8.531170914469493,27.29974692630238,5.301480732321154,15.90444219696346,-0.0,0.0,0.0,-0.0,0.0,0.0,46.35654654496042,0.0,0.0,47.96775632783348,0.0,2.2907744602678246,0.0,0.0,0.0,0.0,12.094230276476052,11.356559390839653,14.6642297091183,6.595820013161198,16.676067223061896,0.0,70.0,10.5,42.5,45.0,0.8547361670835204,0.3375839396597518,1.0,43.870057412490695,19.655817786937714,9.860754162117345,0.3894338124453357,0.2247208733497156,0.2588494424652272,0.0,0.2553553390593274,1.1343441544309953,0.7691585160257339,37.936116945341396,6.615689956536829,29.117272785035468,11.173286840568704,60.41628240339883,72.67853748615642,72.67853748615642,0.0,0.8637181102181806,0.21592952755454514,12.95577165327271,0.0,0.0,0.0,0.0,-7.105427357601002e-15,0.0,0.0,0.0,0.0,-0.38446705062306563,0.5095189823168624,0.0
3,autumn_processing,秋季农产品加工日,60.0,12.25,0.25,62.780334710993024,27.158114249947012,16.229736303779106,1.5703965640330555,0.0,1.5703965640330555,28.864273502016516,42.704656800559576,0.0,0.0,-0.0,-0.0,-0.0,8.48691070310844,27.158114249947012,5.409912101259702,16.229736303779106,-0.0,0.0,0.0,-0.0,0.0,0.0,46.35422871763316,0.0,0.0,47.943772449669574,0.0,3.5378306487520135,0.0,0.0,0.0,0.0,12.07494185043492,11.368764103662437,14.688063308536513,6.638061347741322,16.57920249465755,0.0,70.0,10.5,42.5,45.0,0.8877280054249308,0.3211711799792397,1.0,43.91643208227534,19.553842259961847,10.062436508343046,0.35898944730909216,0.22363340955659336,0.2650339640317652,0.0,0.25759199037394886,1.136049810216301,0.7654326517316378,37.905327150935385,6.604843188442481,29.102447935869456,11.119573346842829,59.24250406224101,71.56893030257609,71.56893030257609,0.0,0.8637181102181806,0.21592952755454514,12.95577165327271,0.0,0.0,0.0,0.0,-7.105427357601002e-15,0.0,0.0,0.0,0.0,-0.1416326763553677,0.32529410681564563,0.0
3,autumn_processing,秋季农产品加工日,60.0,12.5,0.25,62.8756352450293,26.861242350806243,16.671268953413026,1.5703965640330555,0.0,1.5703965640330555,29.72495724826054,40.921956865410905,0.0,0.0,-0.0,-0.0,-0.0,8.39413823462695,26.861242350806243,5.557089651137676,16.671268953413026,-0.0,0.0,0.0,-0.0,0.0,0.0,46.351911006197284,0.0,0.0,47.91980056344474,0.0,4.6095524530894245,0.0,0.0,0.0,0.0,12.063241217856055,11.365829257138497,14.708702744030587,6.675685012698839,16.471266702574443,0.0,70.0,10.5,42.5,45.0,0.9141985509351612,0.3077639339171871,1.0,43.999285628508034,19.340094492580494,10.336186751116076,0.3335809346176488,0.22479268211354836,0.27027270440321777,0.0,0.2596676670145618,1.1109956646212398,0.7640379222223905,37.855654459303864,6.590346306135839,29.07318927711846,11.020030665705056,58.26608279193988,70.64691411367144,70.64691411367144,0.0,0.8637181102181806,0.21592952755454514,12.95577165327271,0.0,0.0,0.0,0.0,0.0,0.0,0.0,0.0,0.0,-0.2968718991407684,0.44153264963392047,0.0
3,autumn_processing,秋季农产品加工日,60.0,12.75,0.25,62.41848468010308,26.526681550226634,17.187261237319778,1.5703965640330555,0.0,1.5703965640330555,29.889025589321957,39.40412204709847,0.0,0.0,2.268808875634719,0.7940831064721516,1.0209639940356234,7.970536736309691,25.505717556191012,5.729087079106592,17.187261237319778,-0.0,0.0,0.0,-0.0,0.0,0.0,46.34959341064697,0.0,0.0,47.89584066316302,0.0,4.460481188593712,0.0,0.0,0.0,0.0,12.05847586526324,11.351023698216837,14.725998139380218,6.708275127831233,16.358811429651563,0.0,70.0,10.5,42.5,45.0,0.9192445141101447,0.29634867300342665,1.0,43.71152185531678,19.099210716163174,10.656101967138262,0.31381766482434575,0.2280714528172848,0.2744619822057419,0.0,0.26157348061512725,1.0663060156936026,0.764996790230159,37.79308469686302,6.573547814258593,29.033739388000555,10.908718901627237,57.958003491509366,69.29314763642043,69.29314763642043,0.0,1.3174798853451244,0.3293699713362811,19.762198280176865,0.0,0.0,0.0,0.0,-1.4210854715202004e-14,0.0,0.0,0.0,0.7940831064721516,-1.3555247946152313,0.5159922839067512,0.0
3,autumn_processing,秋季农产品加工日,60.0,13.0,0.25,62.25385027928633,26.408522272331222,17.53935559044754,1.5703965640330555,0.0,1.5703965640330555,29.30985364971975,37.5597942927816,0.0,0.0,6.488992047934647,2.2711472167771265,2.920046421570591,7.340148703362696,23.48847585076063,5.846451863482513,17.53935559044754,-0.0,0.0,0.0,-0.0,0.0,0.0,46.34727593097643,0.0,0.0,47.87189274283145,0.0,4.729259122820002,0.0,0.0,0.0,0.0,12.06089649049281,11.32787013076424,14.739698323768964,6.735465507506913,16.247875683138307,0.0,70.0,10.5,42.5,45.0,0.9014319351548754,0.28247793932937343,1.0,43.607080463588744,19.01413603607848,10.874400466077473,0.3000891236167872,0.23342064571272897,0.27751728101390494,0.0,0.26330127018922195,1.0556316239553487,0.768327404857061,37.72303951441418,6.555680240493947,28.98793552085532,10.857841099818192,57.52459115646633,66.86964794250136,66.86964794250136,0.0,2.16151651980511,0.5403791299512775,32.422747797076646,0.0,0.0,0.0,0.0,-7.105427357601002e-15,-3.552713678800501e-15,0.0,0.0,1.4770641103049749,-2.017241705430383,0.35209435312776094,0.0
3,autumn_processing,秋季农产品加工日,60.0,13.25,0.25,62.22231822313389,26.172239097721384,17.758028342379745,1.5703965640330555,0.0,1.5703965640330555,28.260149933871396,37.47911430963249,0.0,0.0,8.76080613265581,3.0662821464295336,3.942362759695115,6.9468363556332084,22.22987633802627,5.919342780793248,17.758028342379745,-0.0,0.0,0.0,-0.0,0.0,0.0,46.34495856717988,0.0,0.0,47.84795679646003,0.0,4.712554405593872,0.0,0.0,0.0,0.0,12.071673021903075,11.29999021418578,14.749453686482282,6.756946505022219,16.143716796579398,0.0,70.0,10.5,42.5,45.0,0.8691480328459503,0.2818711650960686,1.0,43.59400992574344,18.844012150359397,11.009977572275442,0.2926034059173393,0.24084690237611975,0.27937608381466644,0.0,0.26484363707663444,1.050938264058046,0.774043954390355,37.650116988083894,6.5378025085293405,28.93902396331245,10.774651691148057,57.50976381754002,65.7392642435039,65.7392642435039,0.0,2.6158793367493427,0.6539698341873357,39.23819005124014,0.0,0.0,0.0,0.0,-7.105427357601002e-15,0.0,0.0,0.0,0.7951349296524071,-1.25859951273436,0.21867275193220692,0.0
3,autumn_processing,秋季农产品加工日,60.0,13.5,0.25,61.9784480904726,25.93827603876274,17.98552825183995,1.5703965640330555,0.0,1.5703965640330555,26.88575727480149,37.96089860868545,0.0,0.0,10.118913680708687,3.54161978824804,4.553511156318909,6.682739025763698,21.384764882443832,5.9951760839466495,17.98552825183995,-0.0,0.0,0.0,-0.0,0.0,0.0,46.34264131925152,0.0,0.0,47.82403281806181,0.0,4.697690964414907,0.0,0.0,0.0,0.0,12.092883680544793,11.270937637079138,14.754824599315574,6.772470880598991,16.05058412054993,0.0,70.0,10.5,42.5,45.0,0.826878240265806,0.28549454585627365,1.0,43.43806929709768,18.67555874790917,11.151027516140768,0.2914208017773349,0.25037917219119576,0.28,0.0,0.2661939766255643,1.041416207404753,0.7821469789501905,37.5778796004645,6.520752216946672,28.88950871157723,10.693620103000477,57.28075712605769,64.84665588348693,64.84665588348693,0.0,2.8875008463599183,0.7218752115899796,43.31251269539877,0.0,0.0,0.0,0.0,0.0,0.0,0.0,0.0,0.47533764181850646,-0.8451114555824368,0.22749990946020304,0.0
3,autumn_processing,秋季农产品加工日,60.0,13.75,0.25,61.97931295932433,25.829109862267938,18.268473150245033,1.5703965640330555,0.0,1.5703965640330555,25.37354373567907,38.37835985740667,0.0,0.0,10.34484285989888,3.620695000964608,4.655179286954496,6.61685330478545,21.17393057531344,6.089491050081677,18.268473150245033,-0.0,0.0,0.0,-0.0,0.0,1.0572801801497613,46.06209256083035,0.0,0.0,47.80012080165278,0.0,4.685381975958296,0.0,0.0,0.0,0.0,12.127479331606976,11.244026714050397,14.755295237285592,6.781858537583036,15.971546516323137,0.0,70.0,10.5,42.5,45.0,0.7803697317884339,0.2886341688363522,1.0,43.44881022593179,18.596959100832915,11.326453353151921,0.29647500069703947,0.26202914711605496,0.27937608381466644,0.0,0.2673465064747553,1.0418759362923802,0.7926043098094195,37.508700291191765,6.505110198830307,28.841042119156832,10.649577817379832,57.29393098336604,63.75190359308574,63.75190359308574,0.0,2.932686682197957,0.7331716705494893,43.99030023296936,0.0,0.0,0.0,0.0,0.0,0.0,0.0,0.0,0.07907521271656792,-0.21083430713039064,0.2829448984050842,0.0
3,autumn_processing,秋季农产品加工日,60.0,14.0,0.25,61.740381330230704,25.977240818690934,18.53866091674994,1.5703965640330555,0.0,1.5703965640330555,24.03817800703931,40.4506810714883,0.0,0.0,10.679438723669291,3.7378035532842517,4.805747425651181,6.61685330478545,21.17393057531344,6.179553638916647,18.53866091674994,-0.0,0.0,0.0,-0.0,0.0,0.0635887244863986,46.04305558133747,0.0024371822736890536,0.0,47.77679957204196,0.0,4.676140353601513,0.0,0.0,0.0,0.0,12.179218811202517,11.222164875668714,14.750292346085311,6.785,15.908381512161348,0.0,70.0,10.5,42.5,45.0,0.7393002222885545,0.3042195850295081,1.0,43.264357657665634,18.703613389457473,11.493969768384963,0.30757791164159914,0.27575027086459325,0.27751728101390494,0.0,0.26829629131445343,1.0846196597669686,0.8053244883410201,37.44367385824666,6.491179014205734,28.794362718702715,10.679936101422506,57.06424097662919,64.48885907852761,64.48885907852761,0.0,2.999605854952039,0.7499014637380097,44.994087824280584,0.0,0.0,0.0,0.0,1.4210854715202004e-14,0.0,0.0,0.0,0.11710855231964379,0.0,0.2701877665049075,0.0
3,autumn_processing,秋季农产品加工日,60.0,14.25,0.25,61.69510150148088,26.136963734788655,18.70185440933661,1.5703965640330555,0.0,1.5703965640330555,22.566810777560192,45.149235120382386,0.0,0.0,11.028962576611583,3.860136901814054,4.963033159475213,6.61685330478545,21.17393057531344,6.23395146977887,18.70185440933661,-0.0,0.0,0.0,-0.0,0.0,0.0,46.040753428558396,0.0,0.0,47.75291117225594,0.0,1.3993269122555079,0.0,0.0,0.0,0.0,12.252565799200204,11.207697830766447,14.739208236447563,6.781858537583036,15.86153044817739,0.0,70.0,10.5,42.5,45.0,0.6940479523576363,0.33955624995406436,1.0,43.21763892181153,18.818613889047832,11.595149733788698,0.32440808906189256,0.29139997359447706,0.2744619822057419,0.0,0.26903926402016154,1.12722575245315,0.8201258974921175,37.38259722220799,6.47897622373768,28.749282689438232,10.715974009419398,60.29577458922537,67.71604589794258,67.71604589794258,0.0,3.069510625540497,0.7673776563851242,46.042659383107456,0.0,0.0,0.0,0.0,7.105427357601002e-15,0.0,0.0,0.0,0.12233334852980216,0.0,0.1631934925866716,0.0
3,autumn_processing,秋季农产品加工日,60.0,14.5,0.25,62.17243827044038,26.183680507074648,18.747559344549238,1.5703965640330555,0.0,1.5703965640330555,21.24247402008892,47.42355578290395,0.0,0.0,11.132777626136013,3.8964721691476045,5.009749931761206,6.61685330478545,21.17393057531344,6.249186448183079,18.747559344549238,-0.0,0.0,0.0,-0.0,0.0,0.0,46.03845139088697,0.0,0.0,47.729034716669815,0.0,0.9055794872353804,0.0,0.0,0.0,0.0,12.352534983712014,11.202276106632288,14.721427047174016,6.772470880598991,15.830120253786582,0.0,70.0,10.5,42.5,45.0,0.6533176416453725,0.35666085412509346,1.0,43.539664500395844,18.852249965093744,11.623486793620527,0.3464866713882691,0.3087096611946484,0.27027270440321777,0.0,0.26957224306869054,1.1682120737324595,0.8367061627003001,37.32401818155959,6.468242460001749,28.704724636837206,10.722649858110405,61.266858783205,68.66602980299287,68.66602980299287,0.0,3.0902736354453832,0.7725684088613458,46.35410453168075,0.0,0.0,0.0,0.0,-7.105427357601002e-15,0.0,0.0,0.0,0.036335267333550636,0.0,0.045704935212626197,0.0
3,autumn_processing,秋季农产品加工日,60.0,14.75,0.25,62.10042940054785,26.297980267474482,18.761382366638284,1.5703965640330555,0.0,1.5703965640330555,19.988187889994677,48.58475462999933,0.0,0.0,11.386777093691201,3.98537198279192,5.124049692161041,6.61685330478545,21.17393057531344,6.253794122212761,18.761382366638284,-0.0,0.0,0.0,-0.0,0.0,0.0,46.03614946831742,0.0,0.0,47.70517019931149,0.0,0.8423657607270814,0.0,0.0,0.0,0.0,12.4844752775454,11.20675107116141,14.696353124783023,6.756946505022219,15.81204890213321,0.0,70.0,10.5,42.5,45.0,0.6147417556310258,0.36539394395306907,1.0,43.47385999486534,18.934545792581627,11.632057067315735,0.37314797956861556,0.32726665779746916,0.2650339640317652,0.0,0.26989294616193016,1.215797007582597,0.8546173197896663,37.26534853193846,6.458463504347268,28.658804641185778,10.75015899767861,61.25806363982077,68.572942519994,68.572942519994,0.0,3.1410735289564204,0.7852683822391051,47.11610293434631,0.0,0.0,0.0,0.0,0.0,0.0,0.0,0.0,0.08889981364431554,0.0,0.013823022089045622,0.0
3,autumn_processing,秋季农产品加工日,60.0,15.0,0.25,62.29293515440018,26.523478954283828,18.632612065747406,1.5703965640330555,0.0,1.5703965640330555,18.831383524370388,48.6504725417829,0.0,0.0,11.887885286600858,4.1607598503103,5.349548378970386,6.61685330478545,21.17393057531344,6.210870688582468,18.632612065747406,-0.0,0.0,0.0,-0.0,0.0,0.0,46.033847660844,0.0,0.0,47.681317614211835,0.0,1.9076466672714627,0.0,0.0,0.0,0.0,12.653780967822355,11.221107399472668,14.663440230986495,6.735465507506913,15.804128282568962,0.0,70.0,10.5,42.5,45.0,0.5791639458486054,0.36588819214178236,1.0,43.58991028660686,19.096904847084357,11.552219480763391,0.4035139748808098,0.3465115641755557,0.2588494424652272,0.0,0.27,1.269138294033066,0.8732524843498768,37.20303402106237,6.448904841234796,28.608956080075064,10.81015443866244,60.38528848712872,67.48185606615328,67.48185606615328,0.0,3.241295167538352,0.810323791884588,48.61942751307528,0.0,0.0,0.0,0.0,-7.105427357601002e-15,0.0,0.0,0.0,0.17538786751837998,0.0,-0.12877030089087782,0.0
3,autumn_processing,秋季农产品加工日,60.0,15.25,0.25,62.706813543335684,26.64050233430538,18.583053373854742,1.5703965640330555,0.0,1.5703965640330555,17.42025115624129,52.36213191073874,0.0,0.0,15.949901448048605,5.5824655068170115,7.177455651621872,6.61685330478545,21.17393057531344,6.194351124618247,18.583053373854742,-0.0,0.0,0.0,-0.0,1.4172271650907105,0.0,46.36813742017,1.7108838926299326,0.0,48.06381187990434,0.0,0.0,0.0,0.0,0.0,0.0,12.865527876919177,11.244437291907689,14.622220218779994,6.708275127831233,15.802275409518089,0.0,70.0,10.5,42.5,45.0,0.5357642142578454,0.3938026658436979,1.0,43.86613035328438,19.181161680699873,11.52149309178994,0.43648226849979155,0.365753215943676,0.2518385768315622,0.0,0.26989294616193016,1.314983128840475,0.8918490631377398,37.13277075612932,6.438656539357201,28.55208667543628,10.840412237545262,62.706813543335684,69.78238306698003,69.78238306698003,0.0,4.053698399827902,1.0134245999569755,60.80547599741853,0.0,0.0,0.0,0.0,0.0,0.0,0.0,0.0,1.4217056565067114,0.0,-0.049558691892663376,0.0
3,autumn_processing,秋季农产品加工日,60.0,15.5,0.25,62.757188764732774,26.836552011275934,18.367301857821214,1.5703965640330555,0.0,1.5703965640330555,15.830916601565626,49.557275531747216,0.0,0.0,20.170084620348536,7.059529617121987,9.076538079156842,5.550004353787217,17.760013932119094,6.1224339526070715,18.367301857821214,-0.0,0.0,0.0,-0.0,0.0,0.0,46.36581901329899,0.0,0.0,48.0397799739644,0.0,0.41150875665917486,0.0,0.0,0.0,0.0,13.124040521215267,11.274959647894914,14.572329819169981,6.675685012698839,15.80174068810127,0.0,70.0,10.5,42.5,45.0,0.48688382951244097,0.3727080335388388,1.0,43.89627931982059,19.32231744811867,11.387727151849154,0.4707361454247402,0.38420159607224635,0.24413273252502546,0.0,0.26957224306869054,1.347520962613364,0.9095118583370103,37.04975551997009,6.426685831968468,28.484759665306502,10.892602688031397,62.3456800080736,65.38819213331284,65.38819213331284,0.0,4.897735034287888,1.224433758571972,73.46602551431832,0.0,0.0,0.0,0.0,0.0,0.0,0.0,0.0,1.4770641103049753,-3.413916643194348,-0.21575151603352793,0.0
3,autumn_processing,秋季农产品加工日,60.0,15.75,0.25,63.09391325435706,27.230270433036157,18.29236806680747,1.5703965640330555,0.0,1.5703965640330555,14.29398810173552,47.49761505181521,0.0,0.0,24.390267792648462,8.536593727426961,10.975620506691808,5.079578101982609,16.25464992634435,6.0974560222691565,18.29236806680747,-0.0,0.0,0.0,-0.0,0.0,0.0,46.36350072234832,0.0,0.0,48.01576008397742,0.0,2.372353933598081,0.0,0.0,0.0,0.0,13.43240713196243,11.310084958715263,14.513534254454568,6.638061347741322,15.797360481274225,0.0,70.0,10.5,42.5,45.0,0.439615206190271,0.3572178356012756,1.0,44.120966386514326,19.605794711786032,11.34126820142063,0.5047821989270429,0.4010168294553017,0.23587112835802132,0.0,0.26903926402016154,1.3857567973145124,0.9252568665845489,36.948956083470115,6.411894459008316,28.40338902404954,10.999045515698791,60.721559320758985,61.79160315355073,61.79160315355073,0.0,5.741771668747874,1.4354429171869685,86.12657503121811,0.0,0.0,0.0,0.0,0.0,0.0,0.0,0.0,1.4770641103049744,-1.5053640057747444,-0.07493379101374487,0.0
3,autumn_processing,秋季农产品加工日,60.0,16.0,0.25,63.52956486798399,27.547678104881236,17.993226661065357,0.0,0.0,0.0,12.55983223322923,49.286371617712234,0.0,0.0,28.610450964948395,10.013657837731937,12.874702934226779,4.5853047408295176,14.672975170654457,5.997742220355119,17.993226661065357,-0.0,0.0,0.0,-0.0,0.0,0.0,46.361182547312204,0.0,0.0,47.991752203935434,0.0,2.252750140495227,0.0,0.0,0.0,0.0,13.791971113960582,11.346524045691606,14.445746536998465,6.595820013161198,15.783820517930295,0.0,132.0,19.8,42.5,45.0,0.3862808054426659,0.37067063208779916,1.0,44.41984602559496,19.834328235514487,11.155800529860521,0.5370170267312674,0.4153700648473758,0.2271966900143889,0.0,0.26829629131445343,1.4127469778637485,0.9380735025107875,36.82538706808996,6.393177700753496,28.304438283087247,11.082103163647094,61.27681472748877,61.846203850941464,61.846203850941464,0.0,5.722090192989679,1.4305225482474198,85.83135289484518,0.0,0.0,0.0,0.0,0.0,0.0,0.0,-1.5703965640330555,1.4770641103049762,-1.5816747556898925,-0.29914140574211245,0.0
3,autumn_processing,秋季农产品加工日,60.0,16.25,0.25,63.5185624177899,27.854292207498972,17.746148408878664,0.0,0.0,0.0,11.035579721157177,48.67574646972905,0.0,0.0,32.83063413724832,11.49072194803691,14.773785361761743,4.214047273596677,13.484951275509367,5.915382802959555,17.746148408878664,-0.0,0.0,0.0,-0.0,0.039043924148036,0.0,46.36813742017,0.4044444297721377,0.0,48.06381187990434,0.0,2.4849882795710307,0.0,0.0,0.0,0.0,14.201838572686528,11.380436110296,14.369041516746515,6.549418941765688,15.755916745296158,0.0,132.0,19.8,42.5,45.0,0.33940203531837604,0.36607827111371005,1.0,44.4115718685857,20.055090389399258,11.002612013504772,0.5658196238378864,0.42651002656886233,0.21825200253686833,0.0,0.2673465064747553,1.4263167060612647,0.9469998703756628,36.67437720380836,6.36948207549256,28.184612729594004,11.159220347594275,61.03357413821887,59.711326190886226,59.711326190886226,0.0,6.566126827449664,1.641531706862416,98.49190241174496,0.0,0.0,0.0,0.0,0.0,0.0,0.0,0.0,1.4770641103049726,-1.1880238951450899,-0.247078252186693,0.0
3,autumn_processing,秋季农产品加工日,60.0,16.5,0.25,63.893613987504054,28.161696212863326,17.49270657547892,-0.0,0.0,-0.0,9.408767147002068,46.258784287028675,0.0,0.0,37.05081730954825,12.967786058341886,16.672867789296713,3.6218798112329256,11.590015395945363,5.830902191826307,17.49270657547892,-0.0,0.0,0.0,-0.0,0.009761713141074324,0.0,46.36813742017,0.10118697237875018,0.0,48.06381187990434,0.0,4.7208202113317315,0.0,0.0,0.0,0.0,14.65845021373323,11.40760906613583,14.283663994610707,6.499349875461849,15.708801015390595,0.0,132.0,19.8,42.5,45.0,0.289369004639325,0.34790089528773444,1.0,44.665420693469564,20.276421273261594,10.84547807679693,0.5896614007468814,0.4338276988441664,0.209175518748274,0.0,0.2661939766255643,1.4447317455761834,0.9512031241200576,36.49181488546316,6.339858880322348,28.041035539774768,11.232807112408988,59.17279377617232,55.66755143403074,55.66755143403074,0.0,7.410163461909651,1.8525408654774127,111.15245192864477,0.0,0.0,0.0,0.0,0.0,0.0,0.0,-0.0,1.4770641103049762,-1.894935879564004,-0.25344183339974435,0.0
3,autumn_processing,秋季农产品加工日,60.0,16.75,0.25,64.09195700244223,28.546914611269038,17.480234543833596,1.5703965640330555,0.0,1.5703965640330555,7.760492891851616,42.73719762681665,0.0,0.0,37.512739309332694,13.129458758266443,16.880732689199714,0.6876000846339164,2.2003202708285325,5.826744847944532,17.480234543833596,-0.0,0.0,0.0,-0.0,0.0,0.6843702627173113,46.18572157574181,0.0,9.46586165124079,45.54876374995366,0.0,4.724385831335601,0.0,0.0,0.0,0.0,15.15527045119428,11.423662977284952,14.190030507583382,6.446129727153869,15.638200418268948,0.0,132.0,19.8,42.5,45.0,0.23867591455286394,0.3214159114991602,1.0,44.78933378858264,20.553778520113706,10.83774541717683,0.6072219917723533,0.4369113068574799,0.20009815907917758,0.0,0.26484363707663444,1.46441646205934,0.9500554103146222,36.2743606530062,6.30351110381687,27.871399662421005,11.32370254461605,59.367571171106626,50.497690518668264,50.497690518668264,0.0,8.366265972084719,2.0915664930211797,125.49398958127078,0.0,0.0,0.0,0.0,0.0,-3.552713678800501e-15,0.0,1.5703965640330555,0.1616726999245568,-9.38969512511683,-0.012472031645323511,0.0
3,autumn_processing,秋季农产品加工日,60.0,17.0,0.25,64.48120277684534,28.97452092226098,17.224440711481876,1.5703965640330555,0.0,1.5703965640330555,5.986027072948862,44.87359363308284,0.0,0.0,37.512739309332694,13.129458758266443,16.880732689199714,0.6876000846339164,2.2003202708285325,5.7414802371606255,17.224440711481876,-0.0,0.0,0.0,-0.0,0.0,0.6269417024206954,46.01842763113126,0.0,9.89346796223273,42.92244516749112,0.0,4.723865367887978,0.0,0.0,0.0,0.0,15.68264543060206,11.424265804661523,14.088724698144985,6.3902917592023005,15.54060101670585,0.0,132.0,19.8,42.5,45.0,0.18410177112260545,0.337483218384213,1.0,45.055685544099696,20.861655064027904,10.679153241118764,0.6174969240018547,0.43558462913729873,0.1911404109966581,0.0,0.26330127018922195,1.4633602000936425,0.9431957403735114,36.019617474053135,6.259831704109099,27.674088909495275,11.42139738197631,59.757337408957355,50.859620706031706,50.859620706031706,0.0,8.366265972084719,2.0915664930211797,125.49398958127078,0.0,0.0,0.0,0.0,7.105427357601002e-15,-3.552713678800501e-15,0.0,0.0,0.0,0.0,-0.2557938323517206,0.0
3,autumn_processing,秋季农产品加工日,60.0,17.25,0.25,64.87334590068815,29.436642493594245,17.034623486653384,1.5703965640330555,0.0,1.5703965640330555,4.596171241033018,43.071147463796315,0.0,0.0,37.512739309332694,13.129458758266443,16.880732689199714,0.6876000846339164,2.2003202708285325,5.678207828884461,17.034623486653384,-0.0,0.0,0.0,-0.0,0.0,4.153784940278464,44.92302540967643,0.0,10.355589533566,40.17582880449527,0.0,4.7181948467992365,0.0,0.0,0.0,0.0,16.227873886280154,11.40534970173955,13.980486487491063,6.332376787231772,15.413389057998849,0.0,132.0,19.8,42.5,45.0,0.1413564047648254,0.32392746577057235,1.0,45.322148939439714,21.194382595387857,10.561466561725098,0.6198832638765847,0.4299236473691615,0.18241000511889055,0.0,0.26157348061512725,1.4568038539265418,0.93056950670659,35.726252332721685,6.208431792960393,27.448263619021525,11.523260071624724,60.155151053888915,47.667318704829334,47.667318704829334,0.0,8.366265972084719,2.0915664930211797,125.49398958127078,0.0,0.0,0.0,0.0,7.105427357601002e-15,0.0,0.0,0.0,0.0,0.0,-0.1898172248284915,0.0
3,autumn_processing,秋季农产品加工日,60.0,17.5,0.25,65.10073888191188,29.79365673997176,16.77781925630382,1.5703965640330555,0.0,1.5703965640330555,3.04267765901371,40.61385749801875,0.0,0.0,37.512739309332694,13.129458758266443,16.880732689199714,0.6876000846339164,2.2003202708285325,5.59260641876794,16.77781925630382,-0.0,-0.0,0.0,-0.0,0.0,8.318188323472015,42.73178233117647,0.0,10.71260377994351,37.33663463221315,0.0,4.706366582509755,0.0,0.0,0.0,0.0,16.775520125203908,11.363315896054793,13.86619556181607,6.27292460941646,15.254945286194673,0.0,132.0,19.8,42.5,45.0,0.09357831816548359,0.3054467946450387,1.0,45.46645827141081,21.451432852779664,10.402247938908369,0.6142316444874159,0.42024932707367646,0.17400021229129375,0.0,0.2596676670145618,1.452141464536675,0.9124400792481671,35.3940654574272,6.14915786007572,27.19390830837486,11.589948007460452,60.39437229940212,43.656535157032465,43.656535157032465,0.0,8.366265972084719,2.0915664930211797,125.49398958127078,0.0,0.0,0.0,0.0,0.0,-3.552713678800501e-15,0.0,0.0,0.0,0.0,-0.25680423034956235,-0.0
3,autumn_processing,秋季农产品加工日,60.0,17.75,0.25,65.10219031921248,30.272379329672706,16.450307382424487,1.5703965640330555,0.0,1.5703965640330555,1.8673717778686965,35.64196569022535,0.0,0.0,37.512739309332694,13.129458758266443,16.880732689199714,0.6876000846339164,2.2003202708285325,5.483435794141496,16.450307382424487,-0.0,-0.0,0.0,-0.0,0.0,14.376568443950122,38.946338256809874,0.0,11.19132636964446,34.3728804281485,0.0,4.687464963644225,0.0,0.0,0.0,0.0,17.30797776020305,11.295216779883745,13.746849937312774,6.212465846968564,15.064690596800894,0.0,132.0,19.8,42.5,45.0,0.05743148961079424,0.26805442392313655,1.0,45.461084634904665,21.796113117364346,10.199190577103183,0.6008572872556105,0.4070974743841167,0.1659887734732613,0.0,0.25759199037394886,1.4283130830479989,0.8893705695895319,35.02400638108223,6.082097776228071,26.91184080919357,11.684907787490005,60.41472535556826,37.509337468094046,37.509337468094046,0.0,8.366265972084719,2.0915664930211797,125.49398958127078,0.0,0.0,0.0,0.0,-7.105427357601002e-15,-3.552713678800501e-15,0.0,0.0,0.0,0.0,-0.32751187387933456,0.0
3,autumn_processing,秋季农产品加工日,60.0,18.0,0.25,65.43206776135527,30.45331225271923,16.19115369025909,1.5703965640330555,0.0,1.5703965640330555,0.9455163846413644,36.30890559538097,0.0,0.0,37.512739309332694,13.129458758266443,16.880732689199714,0.7441416230859554,2.3812531938750574,5.397051230086363,16.19115369025909,-0.0,-0.0,0.0,-0.0,0.0,14.958278551295292,35.008001847450906,0.0,11.19132636964446,31.41060810118588,0.0,4.66070476091047,0.0,0.0,0.0,0.0,17.80626793562408,11.198905185499036,13.623540579102446,6.151514362137339,14.843083816729632,0.0,132.0,19.8,42.5,45.0,0.02907959468218144,0.2730703142817559,1.0,45.686059185122296,21.926384821957843,10.038515287960635,0.580508082533798,0.3911696028194936,0.15843744412450295,0.0,0.2553553390593274,1.3979515292932543,0.8621778226788885,34.61813875796942,6.007575894357533,26.603684351183354,11.690803666743705,60.7713630004448,37.254421980022336,37.254421980022336,0.0,8.366265972084719,2.0915664930211797,125.49398958127078,0.0,0.0,0.0,0.0,7.105427357601002e-15,0.0,0.0,0.0,0.0,0.18093292304652486,-0.2591536921653983,0.0
3,autumn_processing,秋季农产品加工日,60.0,18.25,0.25,65.16441408472477,30.654459652624915,15.754397081526353,1.5703965640330555,0.0,1.5703965640330555,0.4298324083642299,34.62286688886627,0.0,0.0,37.512739309332694,13.129458758266443,16.880732689199714,0.8070001855564823,2.5824005937807435,5.251465693842118,15.754397081526353,-0.0,-0.0,0.0,-0.0,0.0,16.84485489043893,30.573394897243027,0.0,11.19132636964446,28.449816910386744,0.0,4.625470454154429,0.0,0.0,0.0,0.0,18.25102942665987,11.073142848277968,13.497423201735861,6.090560396487061,14.591574720022926,0.0,132.0,19.8,42.5,45.0,0.013219604038103181,0.2603900334545159,1.0,45.50453093417096,22.071210949889938,9.76772619054634,0.5542935604533574,0.37327107404522153,0.15139210845489745,0.0,0.25296729075500346,1.346318924219099,0.8318643218169911,34.17955831824585,5.926138093981018,26.27180583674935,11.696976984058068,60.53894363057034,35.0526992972305,35.0526992972305,0.0,8.366265972084719,2.0915664930211797,125.49398958127078,0.0,0.0,0.0,0.0,7.105427357601002e-15,0.0,0.0,0.0,0.0,0.2011473999056861,-0.43675660873273614,0.0
3,autumn_processing,秋季农产品加工日,60.0,18.5,0.25,64.9688825244378,30.876085558857422,15.32263452962408,1.5703965640330555,0.0,1.5703965640330555,0.11270672497069464,31.268823376680157,0.0,0.0,37.512739309332694,13.129458758266443,16.880732689199714,0.8762582812541397,2.804026500013247,5.107544843208027,15.32263452962408,-0.0,-0.0,0.0,-0.0,0.0,20.289945992301433,25.232406755839897,0.0,11.19132636964446,25.49050611518301,0.0,4.581354232648184,0.0,0.0,0.0,0.0,18.623633462480015,10.917662619097412,13.369688467813436,6.030064545566906,14.312517391282487,0.0,132.0,19.8,42.5,45.0,0.0034663237288553653,0.23516510031569224,1.0,45.377666961965964,22.230781602377345,9.50003340836693,0.5235836861312604,0.354244085407101,0.1448833975799133,0.0,0.25043807145043606,1.2858388296732086,0.7995363756307481,33.71227040466283,5.838528060421803,25.919225035805407,11.70396225055628,60.38752829178962,31.381530101650853,31.381530101650853,0.0,8.366265972084719,2.0915664930211797,125.49398958127078,0.0,0.0,0.0,0.0,7.105427357601002e-15,-3.552713678800501e-15,0.0,0.0,0.0,0.22162590623250367,-0.4317625519022723,0.0
3,autumn_processing,秋季农产品加工日,60.0,18.75,0.25,64.32557612827618,31.188512414950743,14.923428621336459,1.5703965640330555,0.0,1.5703965640330555,-0.0,32.0812409187632,0.0,0.0,37.512739309332694,13.129458758266443,16.880732689199714,0.9738916737833037,3.1164533561065717,4.974476207112153,14.923428621336459,-0.0,-0.0,0.0,-0.0,0.0,18.96465810525837,20.240445634118323,0.0,11.19132636964446,22.532674975376878,0.0,4.528189662850573,0.0,0.0,0.0,0.0,18.90733686283784,10.733181886013655,13.241531824429998,5.970452657385938,14.009050636577143,0.0,132.0,19.8,42.5,45.0,0.0,0.24127509206308465,1.0,44.93130548582714,22.455728938764533,9.252525745228604,0.48989001434487245,0.33490320327283973,0.13892773002937972,0.0,0.24777851165098014,1.2327372776753642,0.766318290406566,33.221035118393075,5.74565643730804,25.54950056674285,11.73204880336097,59.79738646542561,32.0812409187632,32.0812409187632,0.0,8.366265972084719,2.0915664930211797,125.49398958127078,0.0,0.0,0.0,0.0,0.0,0.0,0.0,0.0,0.0,0.31242685609332455,-0.39920590828762137,0.0
3,autumn_processing,秋季农产品加工日,60.0,19.0,0.25,63.51309975272065,31.216374894574503,14.524777800568474,1.5703965640330555,0.0,1.5703965640330555,-0.0,33.80616718737757,0.0,0.0,37.512739309332694,13.129458758266443,16.880732689199714,0.9825986986657276,3.1443158357303282,4.841592600189491,14.524777800568474,-0.0,-0.0,0.0,-0.0,0.0,16.36519086031255,15.932804438070157,0.0,11.19132636964446,19.57632275114065,0.0,4.466077681586255,0.0,0.0,0.0,0.0,19.088376119107036,10.521367686577218,13.114124176439542,5.912111712452298,13.684953258653099,0.0,132.0,19.8,42.5,45.0,0.0,0.2542478366435025,1.0,44.37021238619936,22.475789924093643,9.005362236352454,0.4547433062383259,0.3159801470724613,0.13352868346558616,0.0,0.245,1.1746135942260716,0.7332720752531645,32.71118914754494,5.64856472631784,25.166599276562053,11.676845494034604,59.04702207113439,33.80616718737757,33.80616718737757,0.0,8.366265972084719,2.0915664930211797,125.49398958127078,0.0,0.0,0.0,0.0,7.105427357601002e-15,-3.552713678800501e-15,0.0,0.0,0.0,0.027862479623756542,-0.3986508207679851,0.0
3,autumn_processing,秋季农产品加工日,60.0,19.25,0.25,62.7256586137287,31.400257852962802,14.069198720285618,1.5703965640330555,0.0,1.5703965640330555,-0.0,33.93800051637133,0.0,0.0,37.512739309332694,13.129458758266443,16.880732689199714,1.0400621231620715,3.328198794118629,4.689732906761873,14.069198720285618,-0.0,-0.0,0.0,-0.0,0.0,15.422196144903053,11.873535128136925,0.0,11.19132636964446,16.62144870301654,0.0,4.39540166007876,0.0,0.0,0.0,0.0,19.156904495555082,10.284756910331824,12.988584496630478,5.855386713589334,13.344482633477131,0.0,132.0,19.8,42.5,45.0,0.0,0.2552393225610983,1.0,43.85221675654947,22.608185654133216,8.722903206577083,0.4195811110469304,0.29808267226606755,0.12867860273305876,0.0,0.24211443451095008,1.0815356967977825,0.7013307146978284,32.18845384369695,5.548385927406706,24.774755977162137,11.662510009942617,58.330256953649936,33.93800051637133,33.93800051637133,0.0,8.366265972084719,2.0915664930211797,125.49398958127078,0.0,0.0,0.0,0.0,0.0,0.0,0.0,0.0,0.0,0.18388295838830082,-0.4555790802828561,0.0
3,autumn_processing,秋季农产品加工日,60.0,19.5,0.25,61.861507600759985,31.37388181724506,13.657317508973733,1.5703965640330555,0.0,1.5703965640330555,-0.0,34.706118816587626,0.0,0.0,37.512739309332694,13.129458758266443,16.880732689199714,1.0400621231620715,3.328198794118629,4.552439169657911,13.657317508973733,-0.0,-0.0,0.0,-0.0,0.0,13.731205919778933,8.25946620933343,0.0,11.164950333926715,13.674993153947478,0.0,4.316828834913906,0.0,0.0,0.0,0.0,19.107684840650716,10.026637592105136,12.865955324682458,5.800578585294906,12.99220515314225,0.0,132.0,19.8,42.5,45.0,0.0,0.2610161506479332,1.0,43.2614693179568,22.58919490841644,8.467536855563715,0.3856563158022558,0.2816700674925515,0.1243603509825903,0.0,0.2391341716182545,1.0183379132463364,0.6712505366972487,31.65873906311961,5.446303918006273,24.378330446868354,11.587330123217814,57.54467876584608,34.706118816587626,34.706118816587626,0.0,8.366265972084719,2.0915664930211797,125.49398958127078,0.0,0.0,0.0,0.0,0.0,0.0,0.0,0.0,0.0,0.0,-0.4118812113118846,0.0
3,autumn_processing,秋季农产品加工日,60.0,19.75,0.25,60.64766970796518,31.530654071537338,13.263948490285848,1.5703965640330555,0.0,1.5703965640330555,-0.0,39.43524368967116,0.0,0.0,37.512739309332694,13.129458758266443,16.880732689199714,1.0808109414666134,3.458595012693163,4.421316163428616,13.263948490285848,-0.0,-0.0,0.0,-0.0,0.0,7.7834014174848525,6.210789705105898,0.0,11.19132636964446,10.723069770621963,0.0,4.231296383404898,0.0,0.0,0.0,0.0,18.940471802114686,9.750899397517895,12.74718192055484,5.747943055948842,12.632826768908181,0.0,132.0,19.8,42.5,45.0,0.0,0.2965827311932546,1.0,42.41601141789027,22.70207093150688,8.223648063977226,0.3539738484097968,0.26704539826476054,0.12054911680174364,0.0,0.23607197326515808,0.9727751187679876,0.6435852054522306,31.127951745411863,5.343513469697172,23.981668199762673,11.562327402909833,56.41637332456028,39.43524368967116,39.43524368967116,0.0,8.366265972084719,2.0915664930211797,125.49398958127078,0.0,0.0,0.0,0.0,0.0,-3.552713678800501e-15,0.0,0.0,0.0,0.13039621857453376,-0.3933690186878849,0.0
3,autumn_processing,秋季农产品加工日,60.0,20.0,0.25,59.62991073246618,31.58907054026989,12.86609432426906,1.5703965640330555,0.0,1.5703965640330555,-0.0,42.15665400042572,0.0,0.0,37.512739309332694,13.129458758266443,16.880732689199714,1.099066087945536,3.5170114814257154,4.288698108089687,12.86609432426906,-0.0,-0.0,0.0,-0.0,0.0,4.0211838756612295,5.152272882551906,0.0,11.19132636964446,7.772622348988111,0.0,4.139981730114955,0.0,0.0,0.0,0.0,18.660046250930094,9.4618628661314,12.633095626576477,5.6976904724469435,12.271031134891508,0.0,132.0,19.8,42.5,45.0,0.0,0.317049786221812,1.0,41.71551367600579,22.74413078899432,7.976978481046817,0.32525833999381004,0.2543625766798758,0.11721420006985696,0.0,0.23294095225512607,0.9201496344278788,0.6186809073789876,30.60181723391493,5.241182609905758,23.588970812155907,11.509540593351797,55.489929002351225,42.15665400042572,42.15665400042572,0.0,8.366265972084719,2.0915664930211797,125.49398958127078,0.0,0.0,0.0,0.0,-7.105427357601002e-15,-3.552713678800501e-15,0.0,0.0,0.0,0.05841646873255257,-0.39785416601678847,0.0
3,autumn_processing,秋季农产品加工日,60.0,20.25,0.25,58.46993854306271,31.714859211206033,12.228935652958295,1.5703965640330555,0.0,1.5703965640330555,-0.0,45.554180405720864,0.0,0.0,37.512739309332694,13.129458758266443,16.880732689199714,1.7520434495995314,5.606539038718501,4.0763118843194315,12.228935652958295,-0.0,0.0,0.0,-0.0,0.0,0.0,5.152015268907778,0.0,9.227587483287817,5.340423542211594,0.0,4.04425814896131,0.0,0.0,0.0,0.0,18.27589845033586,9.164097725451775,12.524401769393899,5.649986476440852,11.911331793925557,0.0,132.0,19.8,42.5,45.0,0.0,0.3426017434637437,1.0,40.92912114509023,22.834698632068342,7.581940104834143,0.29995137422673773,0.2436448812700222,0.11432071156928099,0.0,0.2297545161008064,0.8521795194716651,0.5966898285764928,30.08572003976031,5.140418772750244,23.204180641492776,11.47619922015956,54.4256803941014,45.554180405720864,45.554180405720864,0.0,8.366265972084719,2.0915664930211797,125.49398958127078,0.0,0.0,0.0,0.0,0.0,0.0,0.0,0.0,0.0,2.0895275572927856,-0.6371586713107646,0.0
3,autumn_processing,秋季农产品加工日,60.0,20.5,0.25,57.2191420545481,31.80889787555834,11.726596636172863,0.0,0.0,0.0,-0.0,50.28016314028581,0.0,0.0,34.33800751627644,12.018302630696754,15.452103382324399,5.115011715676535,16.368037490164912,3.908865545390954,11.726596636172863,-0.0,0.0,0.0,-0.0,0.0010846347934551958,0.0,5.152015268907778,0.011242996930970861,0.0,5.340423542211594,0.0,3.945638179426481,0.0,0.0,0.0,0.0,17.80159066974146,8.862240603255247,12.421672211176835,5.604953454714412,11.557943551461126,0.0,132.0,19.8,42.5,45.0,0.0,0.37814469276106366,1.0,40.0613342583787,22.902406470402003,7.270489914427174,0.2782335984832168,0.23481081539252383,0.11183113515097548,0.0,0.2265263096110026,0.8138036083074164,0.577597346010223,29.58456921735237,5.0422398685112615,22.830883652824337,11.435317520796492,53.27350387512162,50.28016314028581,50.28016314028581,0.0,6.867601503255289,1.7169003758138222,103.01402254882933,0.0,0.0,0.0,0.0,-7.105427357601002e-15,0.0,0.0,-1.5703965640330555,-1.1111561275696893,10.76149845144641,-0.5023390167854327,0.0
3,autumn_processing,秋季农产品加工日,60.0,20.75,0.25,56.091016644913275,31.524155606143967,11.249495141754222,0.0,0.0,0.0,-0.0,51.49625685893945,0.0,0.0,30.117824343976515,10.54123852039178,13.553020954789432,5.619493015089223,17.982377648285514,3.749831713918074,11.249495141754222,-0.0,0.0,0.0,-0.0,0.0021693238213621752,0.0,5.152272882551906,0.011242996930977966,0.0,5.340423542211594,0.0,3.4250153184107104,0.0,0.0,0.0,0.0,17.25386028850374,8.560821789621496,12.32534245100286,5.5626726635783195,11.21467674636287,0.0,132.0,19.8,42.5,45.0,0.0,0.38729063336443625,1.0,39.28075714594211,22.697392036423654,6.974686987887618,0.2600648307077429,0.22770315489504442,0.10970671546551213,0.0,0.22327015646150716,0.777445853184017,0.5612575917316338,29.10269186094405,4.947551057764272,22.47223285984085,11.290419197151895,52.66600132650257,51.49625685893945,51.49625685893945,0.0,6.023564868795304,1.505891217198826,90.35347303192955,0.0,0.0,0.0,0.0,-7.105427357601002e-15,0.0,0.0,0.0,-1.4770641103049744,1.6143401581206014,-0.47710149441864047,0.0
3,autumn_processing,秋季农产品加工日,60.0,21.0,0.25,54.60399372045727,31.344461710945094,10.916328614978724,0.0,0.0,0.0,-0.0,50.76640634864512,0.0,0.0,27.574949600141633,9.65123236004957,12.408727320063734,5.920930433691355,18.946977387812336,3.638776204992908,10.916328614978724,-0.0,0.0,0.0,-0.0,0.0,0.0,5.152015268907778,0.011242996930977966,0.0,5.340423542211594,0.0,3.7460616504468436,0.0,0.0,0.0,0.0,16.65154728656929,8.264109430262216,12.235712992234431,5.523186918596117,10.884856644005794,0.0,132.0,19.8,42.5,45.0,0.0,0.38180160787725315,1.0,38.27271550343978,22.568012431880465,6.768123741286809,0.2452344816370877,0.22211756158180204,0.10790864805221334,0.0,0.22,0.7107317797250653,0.5474321449272341,28.643756554836344,4.857127666096708,22.130893667619688,11.177578428473359,50.85793207001043,50.76640634864512,50.76640634864512,0.0,5.514989920028327,1.3787474800070818,82.72484880042491,0.0,0.0,0.0,0.0,0.0,0.0,0.0,0.0,-0.8900061603422085,0.9645997395268218,-0.3331665267754982,0.0
3,autumn_processing,秋季农产品加工日,60.0,21.25,0.25,53.188942936723784,31.205902844614464,10.552489667504704,0.0,0.0,0.0,-0.0,54.65524191591184,0.0,0.0,23.354766427841707,8.174168249744596,10.509644892528769,6.471094046567708,20.707500949016666,3.517496555834901,10.552489667504704,-0.0,0.0,0.0,-0.0,0.0010846347934551958,0.0,5.152015268907778,0.011242996930970861,0.0,5.340423542211594,0.0,0.34920800826341614,0.0,0.0,0.0,0.0,16.0144428229776,7.975977807219714,12.152954537727314,5.486503736387345,10.571268735731614,0.0,132.0,19.8,42.5,45.0,0.0,0.41104858002170375,1.0,37.27976580396945,22.468250048122414,6.542543593852916,0.23341499392968873,0.21782802792703376,0.1063990612206606,0.0,0.21672984353849287,0.6976023223166827,0.5358273738844774,28.210727009846273,4.771604338937955,21.809011242447184,11.079401467834728,52.839734928460366,54.65524191591184,54.65524191591184,0.0,4.670953285568341,1.1677383213920853,70.06429928352512,0.0,0.0,0.0,0.0,0.0,0.0,0.0,0.0,-1.4770641103049744,1.7605235612043302,-0.36383894747402046,0.0
3,autumn_processing,秋季农产品加工日,60.0,21.5,0.25,51.64886183760789,30.794968940522786,10.098229517157222,0.0,0.0,0.0,-0.0,55.21250231217492,0.0,0.0,19.240938771121066,6.734328569892373,8.65842244700448,9.28269481409335,29.704623405098722,3.366076505719074,10.098229517157222,-0.0,0.0,0.0,-0.0,0.0010846347934551958,0.0,5.152015268907778,7.568076911580416,0.0,7.135171596940837,0.0,2.3518869101464737,0.0,0.0,0.0,0.0,15.362157267266147,7.699804346037144,12.077116457034323,5.452598814468941,10.276129406514727,0.0,132.0,19.8,42.5,45.0,0.0,0.4152395978739106,1.0,36.18218848150938,22.172377637176403,6.260902300637477,0.22421227301478436,0.2146074550310612,0.10514179014121908,0.0,0.2134736903889974,0.7116313369852894,0.526127131073562,27.80584467801799,4.691470230881768,21.508198989620663,10.908502501676546,49.29697492746141,55.21250231217492,55.21250231217492,0.0,3.848187754224213,0.9620469385560533,57.7228163133632,0.0,0.0,0.0,0.0,0.0,-3.552713678800501e-15,0.0,0.0,-1.4398396798522235,8.997122456082057,-0.4542601503474817,0.0
3,autumn_processing,秋季农产品加工日,60.0,21.75,0.25,50.30864774837327,30.579887882119266,9.633926744782235,0.0,0.0,0.0,-0.0,54.784249821344524,0.0,0.0,19.240938771121066,6.734328569892373,8.65842244700448,9.808290056722374,31.3865281815116,3.2113089149274114,9.633926744782235,-0.0,0.0,0.0,-0.0,0.0010846347934551958,0.0,5.152015268907778,9.465062746396814,0.0,9.37955641341161,0.0,1.8107529635796147,0.0,0.0,0.0,0.0,14.713097038148181,7.438397853978596,12.008137890887062,5.421419737755537,10.001080291245833,0.0,132.0,19.8,42.5,45.0,0.0,0.4120188166262963,1.0,35.23005886365346,22.01751927512587,5.973034581764986,0.21720886170947123,0.21224266160323083,0.10410295255905022,0.0,0.21024548389919362,0.7200191313368232,0.5180188317279556,27.430637919888433,4.617069763776527,21.229546339058672,10.796276638438089,48.49789478479365,54.784249821344524,54.784249821344524,0.0,3.848187754224213,0.9620469385560533,57.7228163133632,0.0,0.0,0.0,0.0,7.105427357601002e-15,-3.552713678800501e-15,0.0,0.0,0.0,1.6819047764128783,-0.46430277237498707,0.0
3,autumn_processing,秋季农产品加工日,60.0,22.0,0.25,48.97403948720031,30.168130640948426,9.526148233478052,1.5703965640330555,0.0,1.5703965640330555,-0.0,58.45247539762002,0.0,0.0,19.240938771121066,6.734328569892373,8.65842244700448,9.808290056722374,31.3865281815116,3.175382744492684,9.526148233478052,-0.0,0.0,0.0,-0.0,4.79948824313008,0.0,6.2916361258877265,9.876819987567654,0.0,11.720611382252223,0.0,0.0,0.0,0.0,0.0,0.0,14.083621779353868,7.1939584092121684,11.945860818101217,5.392889806010945,9.74720372315027,0.0,62.0,9.299999999999999,42.5,45.0,0.0,0.439606635497305,1.0,34.28361857893867,21.721054061482867,5.906211904756392,0.21199751034570122,0.2105439424813734,0.10325134241556064,0.0,0.20705904774487396,0.7277446485587604,0.5112121918895917,27.08595434726243,4.548608282347175,20.973643351956557,10.633004434113484,48.97403948720031,58.45247539762002,58.45247539762002,0.0,4.711905864442394,1.1779764661105985,70.6785879666359,0.0,0.0,0.0,0.0,0.0,-3.552713678800501e-15,0.0,1.5703965640330555,0.0,0.0,-0.1077785113041827,0.0
3,autumn_processing,秋季农产品加工日,60.0,22.25,0.25,47.873734158660724,29.695776962672184,9.297864565307533,1.5703965640330555,0.0,1.5703965640330555,-0.0,62.54284457421251,0.0,0.0,19.240938771121066,6.734328569892373,8.65842244700448,9.808290056722374,31.3865281815116,3.0992881884358443,9.297864565307533,-0.0,0.0,0.0,-0.0,10.066257304318997,0.0,8.682057653857195,10.349173665843896,0.0,14.172679822199022,0.0,0.0,0.0,0.0,0.0,0.0,13.487429647284715,6.968067432861792,11.890044406348059,5.366911884728261,9.515056010483105,0.0,62.0,9.299999999999999,42.5,45.0,0.0,0.47036929215866724,1.0,33.50509756904577,21.38095941312397,5.76467603049067,0.20820450771334104,0.2093498703892413,0.10255866241721266,0.0,0.20392802673484192,0.7313817865178063,0.5054509085457295,26.77201230155943,4.486161790319137,20.740619185365627,10.456880582213433,47.873734158660724,62.54284457421251,62.54284457421251,0.0,4.711905864442394,1.1779764661105985,70.6785879666359,0.0,0.0,0.0,0.0,7.105427357601002e-15,-3.552713678800501e-15,0.0,0.0,0.0,0.0,-0.22828366817051915,0.0
3,autumn_processing,秋季农产品加工日,60.0,22.5,0.25,46.73665558466237,29.353922760676674,9.082852211218711,1.5703965640330555,0.0,1.5703965640330555,-0.0,61.72633925478873,0.0,0.0,19.240938771121066,6.734328569892373,8.65842244700448,9.808290056722374,31.3865281815116,3.0276174037395704,9.082852211218711,-0.0,0.0,0.0,-0.0,10.458501343589846,0.0,11.16551762007709,10.691027867839406,0.0,16.704712600899782,0.0,0.0,0.0,0.0,0.0,0.0,12.935192198292302,6.761704899897761,11.840379996809487,5.343372192075292,9.304714866400865,0.0,62.0,9.299999999999999,42.5,45.0,0.0,0.46422855724717105,1.0,32.7154675287747,21.134824387687203,5.631368370955601,0.20550346651129045,0.2085283525950305,0.10199961937688362,0.0,0.20086582838174552,0.7152994785518353,0.5005182544973265,26.488467055285643,4.429689864798881,20.530191186504773,10.321416824307649,46.73665558466237,61.72633925478873,61.72633925478873,0.0,4.711905864442394,1.1779764661105985,70.6785879666359,0.0,0.0,0.0,0.0,0.0,-3.552713678800501e-15,0.0,0.0,0.0,0.0,-0.21501235408882202,0.0
3,autumn_processing,秋季农产品加工日,60.0,22.75,0.25,45.84503591565853,28.938331737216217,8.739657401672568,1.5703965640330555,0.0,1.5703965640330555,-0.0,63.449414727356945,0.0,0.0,19.240938771121066,6.734328569892373,8.65842244700448,9.808290056722374,31.3865281815116,2.913219133890856,8.739657401672568,-0.0,0.0,0.0,-0.0,13.187594755010615,0.0,14.297013098511107,11.106618891299863,0.0,19.33418223128305,0.0,0.0,0.0,0.0,0.0,0.0,12.434434919458196,6.575289458328243,11.796506128069264,5.322143946123236,9.115837151792075,0.0,62.0,9.299999999999999,42.5,45.0,0.0,0.47718738244748893,1.0,32.09365793688909,20.835598850795677,5.418587589036992,0.20362111680990788,0.2079750471438282,0.10155190720389393,0.0,0.19788556548904992,0.70586447379161,0.4962379275822495,26.234487225984576,4.379050819064751,20.341721322850304,10.169355089432976,45.84503591565853,63.449414727356945,63.449414727356945,0.0,4.711905864442394,1.1779764661105985,70.6785879666359,0.0,0.0,0.0,0.0,-7.105427357601002e-15,-3.552713678800501e-15,0.0,0.0,0.0,0.0,-0.34319480954614257,0.0
3,autumn_processing,秋季农产品加工日,60.0,23.0,0.25,45.028141502459626,28.76978553416131,8.579095111332933,1.5703965640330555,0.0,1.5703965640330555,-0.0,65.57210873075425,0.0,0.0,16.880732689199714,5.9082564412198995,7.596329710139871,9.808290056722374,31.3865281815116,2.859698370444311,8.579095111332933,-0.0,0.0,0.0,-0.0,15.35463180638089,0.0,17.943023301871644,10.213072357490162,0.0,21.750119825071323,0.0,0.0,0.0,0.0,0.0,0.0,11.989637715158308,6.408736466058253,11.758023080334537,5.3030908090363456,8.947723147939667,0.0,62.0,9.299999999999999,42.5,45.0,0.0,0.49315163995200156,1.0,31.523854937797417,20.714245584596142,5.319038969026418,0.20233706691196635,0.2076101689112183,0.10119610203089346,0.0,0.195,0.6975938534416662,0.4924715834848451,26.00883703731055,4.334018207813413,20.174276764948758,10.090377380917214,45.028141502459626,65.57210873075425,65.57210873075425,0.0,4.2398646480581235,1.0599661620145309,63.59796972087185,0.0,0.0,0.0,0.0,1.4210854715202004e-14,-3.552713678800501e-15,0.0,0.0,-0.8260721286724735,0.0,-0.16056229033963554,0.0
3,autumn_processing,秋季农产品加工日,60.0,23.25,0.25,44.41266152945475,28.402751053140708,8.381598759580289,1.5703965640330555,0.0,1.5703965640330555,-0.0,63.1198861283912,0.0,0.0,12.660549516899787,4.431192330914925,5.697247282604904,9.808290056722374,31.3865281815116,2.7938662531934297,8.381598759580289,-0.0,0.0,0.0,-0.0,12.106657183968627,0.0,20.8174572318991,8.681024410975795,0.0,23.800988062765537,0.0,0.0,0.0,0.0,0.0,0.0,11.602513661027226,6.261528619486926,11.724506510547892,5.286070077726755,8.799383820755047,0.0,62.0,9.299999999999999,42.5,45.0,0.0,0.4747090792155719,1.0,31.102290050390696,20.449980758261308,5.196591230939779,0.2014795245123685,0.20737453891109545,0.1009154924615823,0.0,0.1922214883490199,0.6795534117024493,0.4891143679640887,25.809960409029692,4.2942978358226735,20.026691696015998,9.959544988833448,44.41266152945475,63.1198861283912,63.1198861283912,0.0,3.3958280135981385,0.8489570033995346,50.937420203972074,0.0,0.0,0.0,0.0,0.0,3.552713678800501e-15,0.0,0.0,-1.4770641103049744,0.0,-0.19749635175264402,0.0
3,autumn_processing,秋季农产品加工日,60.0,23.5,0.25,43.949885625305335,28.162350551690448,8.375606156118451,1.5703965640330555,0.0,1.5703965640330555,-0.0,62.03323344347343,0.0,0.0,8.440366344599857,2.9541282206099497,3.7981648550699356,9.808290056722374,31.3865281815116,2.79186871870615,8.375606156118451,-0.0,0.0,0.0,-0.0,10.007713827382576,0.0,23.193248393040864,7.022342484891087,0.0,25.45689390889579,0.0,0.0,0.0,0.0,0.0,0.0,11.272415065056373,6.13279390240317,11.69551984559786,5.270935583206797,8.669607929738786,0.0,62.0,9.299999999999999,42.5,45.0,0.0,0.4665366326678203,1.0,30.762138921763828,20.27689239721712,5.19287581679344,0.2009187462696719,0.2072255102138389,0.10069586562510512,0.0,0.18956192854956397,0.6983864935409406,0.48608952952875273,25.636063358543446,4.2595445309915,19.897627790536102,9.867662428482852,43.949885625305335,62.03323344347343,62.03323344347343,0.0,2.551791379138152,0.637947844784538,38.27687068707228,0.0,0.0,0.0,0.0,0.0,0.0,0.0,0.0,-1.4770641103049753,0.0,-0.005992603461837831,0.0
3,autumn_processing,秋季农产品加工日,60.0,23.75,0.25,43.419191973515574,27.988969560134453,8.194011128866784,1.5703965640330555,0.0,1.5703965640330555,-0.0,61.652102774387714,0.0,0.0,4.220183172299929,1.4770641103049749,1.8990824275349678,9.808290056722374,31.3865281815116,2.7313370429555945,8.194011128866784,-0.0,0.0,0.0,-0.0,10.812579427021781,0.0,25.760076344538888,5.2966410489121145,0.0,26.70211771105797,0.0,2.071835051489577,0.0,0.0,0.0,0.0,10.996813320099616,6.0213859672325425,11.670625198649649,5.257540273096758,8.557026328483346,0.0,62.0,9.299999999999999,42.5,45.0,0.0,0.46367024300712806,1.0,30.387365697559993,20.152058083296804,5.080286899897406,0.200559617669453,0.20713318579146486,0.10052526693149218,0.0,0.18703270924499654,0.6991594202290425,0.48334291025942355,25.485191800229753,4.22937806526171,19.785631246317948,9.79777943781239,41.347356922025995,61.652102774387714,61.652102774387714,0.0,1.7077547446781662,0.42693868616954156,25.616321170172494,0.0,0.0,0.0,0.0,-7.105427357601002e-15,3.552713678800501e-15,0.0,0.0,-1.4770641103049749,0.0,-0.18159502725166732,0.0
4,winter_heating,冬季采暖日,80.0,0.0,0.25,35.25530356230701,46.338452365657176,2.221182884414139,0.0,5.0,-5.0,-0.0,67.28786262213006,0.0,0.0,0.0,-0.0,-0.0,16.649378881945914,53.27801242222693,0.740394294804713,2.221182884414139,-0.0,0.0,3.041506694539966,1.7841721590707,6.601279188532452,0.0,27.32659214799812,8.723732215640453,0.0,28.76065305341705,0.0,0.0,0.0,0.0,0.0,0.0,11.80027194200923,5.949317972019548,10.991732042262308,4.14281748856022,1.5033616864879322,0.0,52.0,7.8,46.0,45.0,0.0,0.5060554013478763,1.0,27.51934046598023,42.6313761764046,0.6663548653242417,0.0,0.2430001050075079,0.14501045704261956,0.0,0.22157359312880712,0.6293598858143848,0.51110439831598,16.63791121731046,2.395454564039661,13.2187944473977,13.576797165036655,35.25530356230701,67.28786262213006,67.28786262213006,0.0,0.0,0.0,0.0,0.0,0.0,0.0,0.0,0.0,0.0,0.0,-4.344808322444143,0.0,-2.466035664009283,-0.21291444104818602,0.0
4,winter_heating,冬季采暖日,80.0,0.25,0.25,35.31420965577262,46.613349556981056,2.3083780553326574,0.0,5.0,-5.0,-0.0,69.6963953496144,0.0,0.0,0.0,-0.0,-0.0,16.649378881945914,53.27801242222693,0.7694593517775524,2.3083780553326574,-0.0,0.0,3.041506694539966,1.7841721590707,8.921840765578345,0.0,29.44416300021558,8.448835024316573,0.0,30.752871045165534,0.0,0.0,0.0,0.0,0.0,0.0,11.803036727364832,5.952300685875409,11.005108740818377,4.143499579371369,1.5041430289633455,0.0,52.0,7.8,46.0,45.0,0.0,0.5241693813224122,1.0,27.57351820331135,42.884281592422575,0.6925134165997971,0.0,0.24300025756035315,0.14501516216930666,0.0,0.21888961155126135,0.6155439556533567,0.5085589572183215,16.652751349153093,2.3973544395569877,13.230377436951322,13.653963587517808,35.31420965577262,69.6963953496144,69.6963953496144,0.0,0.0,0.0,0.0,0.0,0.0,0.0,0.0,0.0,0.0,0.0,0.0,0.0,0.0,0.08719517091851836,0.0
4,winter_heating,冬季采暖日,80.0,0.5,0.25,35.34483334757414,46.81028989777492,2.3110991302417423,0.0,5.0,-5.0,-0.0,69.51060328389659,0.0,0.0,0.0,-0.0,-0.0,16.649378881945914,53.27801242222693,0.7703663767472474,2.3110991302417423,-0.0,0.0,3.041506694539966,1.7841721590707,8.704517983089318,0.0,31.510013813049284,8.251894683522707,0.0,32.6973195969796,0.0,0.0,0.0,0.0,0.0,0.0,11.811031997786403,5.956139368567153,11.02054442941158,4.144329852196457,1.5050860692310126,0.0,52.0,7.8,46.0,45.0,0.0,0.5227720850683748,1.0,27.581315694129323,43.06546670595293,0.6933297390725227,0.0,0.24300061443215631,0.14502183221862697,0.0,0.2163987995825259,0.6331451995912579,0.5061989387026733,16.669960350839048,2.3995636401555744,13.243810297676315,13.70934305201428,35.34483334757414,69.51060328389659,69.51060328389659,0.0,0.0,0.0,0.0,0.0,0.0,0.0,0.0,0.0,0.0,0.0,0.0,0.0,0.0,0.0027210749090849085,0.0
4,winter_heating,冬季采暖日,80.0,0.75,0.25,35.494660495064274,47.217792058542514,2.4087124634762147,0.0,5.0,-5.0,-0.0,71.64799458664481,0.0,0.0,0.0,-0.0,-0.0,16.649378881945914,53.27801242222693,0.8029041544920715,2.4087124634762147,-0.0,0.0,3.041506694539966,1.7841721590707,10.659544360602588,0.0,34.040080098001745,7.844392522755115,0.0,34.54401416133545,0.0,0.0,0.0,0.0,0.0,0.0,11.82435696254321,5.961047137568058,11.03826747179009,4.145336221304789,1.5062194231045318,0.0,52.0,7.8,46.0,45.0,0.0,0.5388468773325295,1.0,27.722864333986095,43.440368693859114,0.7226137390428644,0.0,0.2430014256244181,0.14503121896261464,0.0,0.2141118232618473,0.5987258708541504,0.5040353271022007,16.689823116199413,2.40212088953267,13.259315762953651,13.823728170255105,35.494660495064274,71.64799458664481,71.64799458664481,0.0,0.0,0.0,0.0,0.0,0.0,0.0,0.0,0.0,0.0,0.0,0.0,0.0,0.0,0.09761333323447241,0.0
4,winter_heating,冬季采暖日,80.0,1.0,0.25,35.70630297515263,47.4834023740044,2.4755022974713126,0.0,5.0,-5.0,-0.0,75.64138114731045,0.0,0.0,0.0,-0.0,-0.0,16.649378881945914,53.27801242222693,0.8251674324904376,2.4755022974713126,-0.0,0.0,3.041506694539966,1.7841721590707,10.491331835914707,0.0,36.53006940502659,7.57878220729323,0.0,36.326702928486924,3.9276933272667893,0.0,0.0,0.0,0.0,0.0,11.843168080171502,5.967280280597358,11.058514982387573,4.146550857169545,1.50757567744426,0.0,52.0,7.8,46.0,45.0,0.0,0.5688801516846,1.0,27.89333854326558,43.684730184084046,0.7426506892413938,0.0,0.2430032171593951,0.14504433259258254,0.0,0.21203847577293367,0.5893031803623838,0.5020787033291878,16.71264151700138,2.4050676012147636,13.277129911187982,13.898440355234763,39.63399630241942,75.64138114731045,75.64138114731045,0.0,0.0,0.0,0.0,0.0,0.0,0.0,0.0,7.105427357601002e-15,0.0,0.0,0.0,0.0,0.0,0.06678983399509786,0.0
4,winter_heating,冬季采暖日,80.0,1.25,0.25,35.593630530881086,47.783231547175426,2.5623098666883393,0.0,5.0,-5.0,-0.0,78.65308337252168,0.0,0.0,0.0,-0.0,-0.0,16.649378881945914,53.27801242222693,0.8541032888961131,2.5623098666883393,-0.0,0.0,3.041506694539966,1.7841721590707,13.599164617861675,0.0,39.75804449829849,7.278953034122203,0.0,38.03729092262671,3.9152993583969193,0.0,0.0,0.0,0.0,0.0,11.867717127333288,5.975144221339654,11.081529986364508,4.148010616958637,1.5091917114992284,0.0,52.0,7.8,46.0,45.0,0.0,0.591530420528454,1.0,27.811315797123918,43.960573023401395,0.7686929600065018,0.0,0.24300706116396786,0.14506251897625563,0.0,0.2101876355080387,0.5795583084479164,0.5003394636260443,16.73873231482237,2.408447685946126,13.297500552228188,13.982800190635674,39.50892988927801,78.65308337252168,78.65308337252168,0.0,0.0,0.0,0.0,0.0,0.0,0.0,0.0,0.0,0.0,0.0,0.0,0.0,0.0,0.0868075692170267,0.0
4,winter_heating,冬季采暖日,80.0,1.5,0.25,35.68320226072845,47.95657613793442,2.6956063267810078,0.0,5.0,-5.0,-0.0,78.20247426582603,0.0,0.0,0.0,-0.0,-0.0,16.649378881945914,53.27801242222693,0.8985354422603359,2.6956063267810078,-0.0,0.0,3.041506694539966,1.7841721590707,13.00469873767122,0.0,42.844672546270495,7.105608443363209,0.0,39.705854282464166,3.9251522486801296,0.0,0.0,0.0,0.0,0.0,11.898401780500912,5.984999565983458,11.107557969587834,4.149757472548207,1.5111089965382423,0.0,52.0,7.8,46.0,45.0,0.0,0.5881415006927855,1.0,27.874755310889956,44.12005004689967,0.8086818980343023,0.0,0.2430150735754287,0.14508755574588256,0.0,0.2085672280493228,0.5858598343579312,0.49882821832095103,16.76842443867428,2.4123072806476307,13.320685120177503,14.031821535802377,39.60835450940858,78.20247426582603,78.20247426582603,0.0,0.0,0.0,0.0,0.0,0.0,0.0,0.0,7.105427357601002e-15,0.0,0.0,0.0,0.0,0.0,0.1332964600926685,0.0
4,winter_heating,冬季采暖日,80.0,1.75,0.25,35.78372358535162,48.474205367794816,2.6842008668633537,0.0,5.0,-5.0,0.0,80.15021388389005,-0.0,2.5837587462127374,0.0,-0.0,-0.0,16.649378881945914,53.27801242222693,0.8947336222877845,2.6842008668633537,-0.0,0.0,3.041506694539966,1.7841721590707,14.84466150537607,0.0,46.36813742017,6.587979213502813,0.0,41.250646418529854,3.9362095943886786,0.0,0.0,0.0,0.0,0.0,11.935829464657784,5.997268003487311,11.136842816731102,4.151838924411007,1.5133738613170247,0.0,52.0,7.8,46.0,45.0,0.0,0.622221781059532,1.0,27.98017061183159,44.59626893837123,0.8052602600590061,0.0,0.2430312962660462,0.14512177033826498,0.0,0.20718419223029366,0.5496029077591341,0.4975564833094498,16.802055602459134,2.4166943938914587,13.346948052191983,14.177331911972495,39.7199331797403,82.73397263010278,80.15021388389005,2.5837587462127374,0.0,0.0,0.0,0.0,0.0,0.0,0.0,7.105427357601002e-15,0.0,0.0,0.0,0.0,0.0,-0.01140545991765407,0.0
4,winter_heating,冬季采暖日,80.0,2.0,0.25,35.75918371864463,48.944062512009786,2.531339917035826,0.0,5.0,-5.0,0.0,65.23712118966776,-0.0,14.072135404027946,0.0,-0.0,-0.0,16.649378881945914,53.27801242222693,0.8437799723452754,2.531339917035826,-0.0,0.0,3.041506694539966,1.7841721590707,0.009761713141074324,0.0,46.36813742017,6.118122069287843,0.0,42.683075086776455,3.933510209050909,0.0,0.0,0.0,0.0,0.0,11.980893187737404,6.012437773514979,11.169622156628202,4.154308387541256,1.5160377092753505,0.0,52.0,7.8,46.0,45.0,0.0,0.5964653373151516,1.0,27.95149390745361,45.028537511049,0.7594019751107478,0.0,0.2430631982475773,0.14516818313316843,0.0,0.20604445042265587,0.5605220827998457,0.4965378314946788,16.83996825344481,2.4216584645933876,13.376557646133731,14.309568962035604,39.69269392769554,79.30925659369571,65.23712118966776,14.072135404027946,0.0,0.0,0.0,0.0,0.0,0.0,0.0,-7.105427357601002e-15,0.0,0.0,0.0,0.0,0.0,-0.15286094982752774,0.0
4,winter_heating,冬季采暖日,80.0,2.25,0.25,36.10863594110014,49.460671402950176,2.56519120397064,0.0,5.0,-5.0,0.0,65.636296918905,-0.0,11.678200409755533,0.0,-0.0,-0.0,16.649378881945914,53.27801242222693,0.85506373465688,2.56519120397064,-0.0,0.0,3.041506694539966,1.7841721590707,0.009761713141074324,0.0,46.36813742017,5.601513178347453,0.0,43.99209292909059,3.9719499535210154,0.0,0.0,0.0,0.0,0.0,12.034854888068281,6.031068355876284,11.206122157912276,4.157225533376328,1.519157171837129,0.0,52.0,7.8,46.0,45.0,0.0,0.5814632453906599,1.0,28.202315185236124,45.503817690714165,0.769557361191192,0.0,0.24312412344226597,0.14523067866611006,0.0,0.20515288317580616,0.5874494680103703,0.49578973622610106,16.88250486312573,2.4272498327613805,13.409782405597952,14.45501432642684,40.08058589462115,77.31449732866054,65.636296918905,11.678200409755533,0.0,0.0,0.0,0.0,0.0,0.0,0.0,1.4210854715202004e-14,0.0,0.0,0.0,0.0,0.0,0.033851286934813984,0.0
4,winter_heating,冬季采暖日,80.0,2.5,0.25,36.055688156747244,50.123857732819566,2.5702581761597565,0.0,5.0,-5.0,0.0,65.57921386900298,-0.0,8.102451644402208,0.0,-0.0,-0.0,16.649378881945914,53.27801242222693,0.8567527253865855,2.5702581761597565,-0.0,0.0,3.041506694539966,1.7841721590707,0.009761713141074324,0.0,46.36813742017,4.938326848478063,0.0,45.142949509139584,3.9661256972421968,0.0,0.0,0.0,0.0,0.0,12.099427468518607,6.053793977474161,11.246551844290934,4.160656569546652,1.5227941808836123,0.0,52.0,7.8,46.0,45.0,0.0,0.5541416142575326,1.0,28.178129889425694,46.113949114194,0.771077452847927,0.0,0.2432371039837226,0.14531420745865017,0.0,0.2045133083175714,0.5649272759490261,0.4953364024030838,16.9300025947212,2.4335191236277045,13.446886898593252,14.641635643312261,40.02181385398944,73.68166551340519,65.57921386900298,8.102451644402208,0.0,0.0,0.0,0.0,0.0,0.0,0.0,0.0,0.0,0.0,0.0,0.0,0.0,0.005066972189116559,0.0
4,winter_heating,冬季采暖日,80.0,2.75,0.25,35.81439031407422,50.801900156715426,2.669839980071661,0.0,5.0,-5.0,0.0,65.34456719827323,-0.0,9.050260286068195,0.0,-0.0,-0.0,16.649378881945914,53.27801242222693,0.8899466600238869,2.669839980071661,-0.0,0.0,3.041506694539966,1.7841721590707,0.009761713141074324,0.0,46.36813742017,4.260284424582203,0.0,46.13219558522329,3.939582934548164,0.0,0.0,0.0,0.0,0.0,12.176841481288626,6.081325481399429,11.291097026811965,4.164674437326223,1.5270159424802652,0.0,52.0,7.8,46.0,45.0,0.0,0.5595051293606187,1.0,27.997717038892475,46.73774814417819,0.8009519940214982,0.0,0.24344051444594048,0.14542502024259096,0.0,0.20412846460568376,0.5547696484503915,0.49521291970588976,16.982787406618453,2.440516549281814,13.488127175599676,14.832568868512867,39.75397324862238,74.39482748434142,65.34456719827323,9.050260286068195,0.0,0.0,0.0,0.0,0.0,0.0,0.0,0.0,0.0,0.0,0.0,0.0,0.0,0.0995818039119043,0.0
4,winter_heating,冬季采暖日,80.0,3.0,0.25,36.03584602820735,51.4223865686978,2.6930090522045256,0.0,5.0,-5.0,0.0,65.5981060650053,-0.0,2.9454181630612624,0.0,-0.0,-0.0,16.649378881945914,53.27801242222693,0.8976696840681752,2.6930090522045256,-0.0,0.0,3.041506694539966,1.7841721590707,0.009761713141074324,0.0,46.36813742017,3.639798012599826,0.0,46.97358151542314,3.9639430631028088,0.0,0.0,0.0,0.0,0.0,12.269877091397662,6.114450062848668,11.339913979209037,4.169358904978092,1.5318947933621572,0.0,52.0,7.8,46.0,45.0,0.0,0.5154989222621568,1.0,28.167512286052073,47.30859564320198,0.8079027156613576,0.0,0.24379600853324507,0.14557093518184575,0.0,0.204,0.5588700815212745,0.49547104763693267,17.041167677549286,2.448291134940815,13.53374581328496,15.007558014438823,39.99978909131016,68.54352422806656,65.5981060650053,2.9454181630612624,0.0,0.0,0.0,0.0,0.0,0.0,0.0,0.0,0.0,0.0,0.0,0.0,0.0,0.023169072132864788,0.0
4,winter_heating,冬季采暖日,80.0,3.25,0.25,35.76804335715052,52.37862235307533,2.705959090746179,0.0,5.0,-5.0,0.0,65.30516177964608,-0.0,3.1553856347578915,0.0,-0.0,-0.0,16.649378881945914,53.27801242222693,0.9019863635820596,2.705959090746179,-0.0,0.0,3.041506694539966,1.7841721590707,0.009761713141074324,0.0,46.36813742017,2.6835622282223,0.0,47.58744075386823,3.934484769286557,0.0,0.0,0.0,0.0,0.0,12.381837685767072,6.1540283534154545,11.393123010732625,4.174796533914582,1.5375079216242937,0.0,52.0,7.8,46.0,45.0,0.0,0.5148748741336496,1.0,27.94149756555665,48.1883325648293,0.8117877272238537,0.0,0.24439898016260686,0.14576163705066364,0.0,0.20412846460568376,0.5817475049430468,0.4961868008348216,17.1054274662715,2.456889880149884,13.58396667110748,15.276749407466632,39.70252812643707,68.46054741440398,65.30516177964608,3.1553856347578915,0.0,0.0,0.0,0.0,0.0,0.0,0.0,-7.105427357601002e-15,0.0,0.0,0.0,0.0,0.0,0.012950038541653441,0.0
4,winter_heating,冬季采暖日,80.0,3.5,0.25,36.07876321588515,53.39144832399925,2.583385581082893,0.0,5.0,-5.0,0.0,65.6092029862871,-0.0,2.723223333609596,0.0,-0.0,-0.0,16.649378881945914,53.27801242222693,0.8611285270276311,2.583385581082893,-0.0,0.0,3.041506694539966,1.7841721590707,0.009761713141074324,0.0,46.36813742017,1.6707362572983797,0.0,47.96044689459966,3.9686639537473662,0.0,0.0,0.0,0.0,0.0,12.516439905905806,6.2009883347360875,11.450802117436693,4.181080493850458,1.5439369336234074,0.0,52.0,7.8,46.0,45.0,0.0,0.5139113070150726,1.0,28.19484549346825,49.12013245807931,0.775015674324868,0.0,0.24539134179058322,0.14600900515640242,0.0,0.2045133083175714,0.5693070534846527,0.4974696867958633,17.175819544910556,2.4663568683826353,13.638989468520867,15.562000618280042,40.04742716963251,68.3324263198967,65.6092029862871,2.723223333609596,0.0,0.0,0.0,0.0,0.0,0.0,0.0,0.0,0.0,0.0,0.0,0.0,0.0,-0.12257350966328584,0.0
4,winter_heating,冬季采暖日,80.0,3.75,0.25,36.506000524973835,54.5259942286575,2.557616067893291,0.0,5.0,-5.0,0.0,66.07484656164567,-0.0,0.619719386596671,0.0,-0.0,-0.0,16.649378881945914,53.27801242222693,0.8525386892977637,2.557616067893291,-0.0,0.0,3.041506694539966,1.7841721590707,0.009761713141074324,0.0,46.36813742017,0.5361903526401264,0.0,48.06381187990434,4.015660057747122,0.0,0.0,0.0,0.0,0.0,12.67759771938531,6.256315590086826,11.512980916235565,4.18831020305209,1.5512672503706577,0.0,52.0,7.8,46.0,45.0,0.0,0.5015933635490436,1.0,28.526064393760553,50.163914690364905,0.7672848203679873,0.0,0.24697564882220624,0.1463274640692943,0.0,0.20515288317580616,0.5744729827871389,0.49947291085492507,17.252558369658313,2.476732341579188,13.698984309555412,15.881571305334987,40.521660582720955,66.69456594824234,66.07484656164567,0.619719386596671,0.0,0.0,0.0,0.0,0.0,0.0,0.0,-7.105427357601002e-15,0.0,0.0,0.0,0.0,0.0,-0.0257695131896023,0.0
4,winter_heating,冬季采暖日,80.0,4.0,0.25,36.678409847033365,55.47284088897673,2.6108609877943416,0.0,5.0,-5.0,-0.0,63.986319918662964,0.0,0.0,0.0,-0.0,-0.0,16.809329906963995,53.78985570228479,0.8702869959314472,2.6108609877943416,-0.0,0.0,3.041506694539966,1.7841721590707,0.009761713141074324,0.0,46.36813742017,0.10118697237876262,0.0,48.06381187990434,1.5770247610531172,0.0,0.0,0.0,0.0,0.0,12.869086902678674,6.321039463439713,11.579635084607881,4.196590770506949,1.5595873187619862,0.0,52.0,7.8,46.0,45.0,0.0,0.48122531382893197,1.0,28.64353632377729,51.03501361785859,0.7832582963383025,0.0,0.2494285146999988,0.1467343479447955,0.0,0.20604445042265587,0.6000339208340633,0.5024031013418382,17.335813173876815,2.4880517589718334,13.764086298138755,16.1488484279312,38.25543460808648,63.986319918662964,63.986319918662964,0.0,0.0,0.0,0.0,0.0,0.0,0.0,0.0,0.0,0.0,0.0,0.0,0.0,0.5118432800578603,0.053244919901050736,0.0
4,winter_heating,冬季采暖日,80.0,4.25,0.25,37.192040165925235,56.72089559772213,2.5947950024658244,0.0,5.0,-5.0,-0.0,66.91756774783516,0.0,0.0,0.0,-0.0,-0.0,17.19934700344692,55.03791041103015,0.8649316674886082,2.5947950024658244,-0.0,0.0,3.041506694539966,1.7841721590707,0.009761713141074324,0.0,46.36813742017,0.10118697237871999,0.0,48.06381187990434,3.609980503293361,0.0,0.0,0.0,0.0,0.0,13.09409167615053,6.396214793782231,11.650681541021164,4.206032218477407,1.5689876259172395,0.0,52.0,7.8,46.0,45.0,0.0,0.5032705050244384,1.0,29.03421782296548,52.18322394990436,0.7784385007397473,0.0,0.25310996220161347,0.14725026544564618,0.0,0.20718419223029366,0.6180778224579447,0.50652719506099,17.42570138541581,2.500344861950266,13.834390400547491,16.500751117505494,40.80202066921859,66.91756774783516,66.91756774783516,0.0,0.0,0.0,0.0,0.0,0.0,0.0,0.0,7.105427357601002e-15,0.0,0.0,0.0,0.0,1.2480547087453573,-0.01606598532851722,0.0
4,winter_heating,冬季采暖日,80.0,4.5,0.25,37.80370102558888,57.83461351955978,2.4991455256652855,0.0,5.0,-5.0,-0.0,63.522548472793204,0.0,0.0,0.0,-0.0,-0.0,17.420015026948814,55.74404808623621,0.8330485085550952,2.4991455256652855,-0.0,0.0,3.041506694539966,1.7841721590707,0.0,0.5757227828395521,46.2143130178149,0.0,0.3063932742528688,47.95915016495048,0.0,0.0,0.0,0.0,0.0,0.0,13.35465654349753,6.4828990307420495,11.725974605450592,4.216748466565439,1.5795595087182277,0.0,52.0,7.8,46.0,45.0,0.0,0.4777374032901282,1.0,29.545944686779006,53.207844437995,0.7497436576995856,0.0,0.2584641013348443,0.14789944809648126,0.0,0.2085672280493228,0.5809171205748764,0.5121732408680808,17.522282580734256,2.5136347685538603,13.909946719774863,16.81535237437126,37.80370102558888,63.522548472793204,63.522548472793204,0.0,0.0,0.0,0.0,0.0,0.0,0.0,0.0,-7.105427357601002e-15,0.0,0.0,0.0,0.0,0.7061376752060653,-0.09564947680053892,0.0
4,winter_heating,冬季采暖日,80.0,4.75,0.25,38.22204873936158,59.10880286134117,2.368167775051888,0.0,5.0,-5.0,-0.0,61.2220934133161,0.0,0.0,0.0,-0.0,-0.0,17.420015026948814,55.74404808623621,0.7893892583506293,2.368167775051888,-0.0,0.0,3.041506694539966,1.7841721590707,0.0,3.2508663058848946,45.35651116903641,0.0,1.5805826160342558,47.51922779617478,0.0,0.0,0.0,0.0,0.0,0.0,13.651091226853284,6.582124716211198,11.805303374379491,4.228856062181404,1.5913937553560473,0.0,52.0,7.8,46.0,45.0,0.0,0.46043624877220235,1.0,29.874185502997996,54.38009863243388,0.7104503325155664,0.0,0.2660057346617361,0.14871006050495836,0.0,0.2101876355080387,0.5881203027619903,0.5197213224503145,17.625553191916943,2.527937122296522,13.990756349348366,17.17522416211413,38.22204873936158,61.2220934133161,61.2220934133161,0.0,0.0,0.0,0.0,0.0,0.0,0.0,0.0,0.0,0.0,0.0,0.0,0.0,0.0,-0.13097775061339734,0.0
4,winter_heating,冬季采暖日,80.0,5.0,0.25,39.17442175305361,60.25982393466976,2.2761362788853563,0.0,5.0,-5.0,-0.0,61.467871915839225,0.0,0.0,0.0,-0.0,-0.0,17.420015026948814,55.74404808623621,0.7587120929617854,2.2761362788853563,-0.0,0.0,3.041506694539966,1.7841721590707,0.0,3.9267836516649517,44.320879224618764,0.0,2.731603689362849,46.77662510612858,0.0,0.0,0.0,0.0,0.0,0.0,13.981400759265638,6.6948675336662316,11.888390529242258,4.242472647229077,1.6045790012890015,0.0,52.0,7.8,46.0,45.0,0.0,0.4622846882067478,1.0,30.608852626320836,55.43903801989618,0.6828408836656069,0.0,0.2762877001541252,0.1497144465025629,0.0,0.21203847577293367,0.611252929494178,0.5295809439444812,17.735442177760337,2.543259320293885,14.076767970354048,17.50097273371788,39.17442175305361,61.467871915839225,61.467871915839225,0.0,0.0,0.0,0.0,0.0,0.0,0.0,0.0,-7.105427357601002e-15,0.0,0.0,0.0,0.0,0.0,-0.09203149616653183,0.0
4,winter_heating,冬季采暖日,80.0,5.25,0.25,39.626101205345414,61.51018422953103,2.2206816089743553,0.0,5.0,-5.0,-0.0,60.72717340895755,0.0,0.0,0.0,-0.0,-0.0,17.420015026948814,55.74404808623621,0.7402272029914517,2.2206816089743553,-0.0,0.0,3.041506694539966,1.7841721590707,0.0,5.100676720868098,42.97637983306066,0.0,3.9819639842241155,45.705351534569175,0.0,0.0,0.0,0.0,0.0,0.0,14.340830799785364,6.822010377238499,11.974892770582164,4.257715156898589,1.6191999284026473,0.0,52.0,7.8,46.0,45.0,0.0,0.4567140776156112,1.0,30.97286691014932,56.58936949116855,0.6662044826923066,0.0,0.2898454850406355,0.15094928121062282,0.0,0.2141118232618473,0.6123646855600788,0.5421524247167603,17.8518078558834,2.559599844960188,14.167875344436782,17.854924783933054,39.626101205345414,60.72717340895755,60.72717340895755,0.0,0.0,0.0,0.0,0.0,0.0,0.0,0.0,0.0,0.0,0.0,0.0,0.0,0.0,-0.05545466991100101,0.0
4,winter_heating,冬季采暖日,80.0,5.5,0.25,40.45158370746353,62.54845008661435,2.2919057456417913,0.0,5.0,-5.0,-0.0,60.585302270514624,0.0,0.0,0.0,-0.0,-0.0,17.420015026948814,55.74404808623621,0.7639685818805971,2.2919057456417913,-0.0,0.0,3.041506694539966,1.7841721590707,0.0,6.091771740318283,41.371133187669464,0.0,5.02022984130744,44.361385742668354,0.0,0.0,0.0,0.0,0.0,0.0,14.721624291661577,6.964304168152685,12.064403031854226,4.274697753660234,1.6353352832366128,0.0,52.0,7.8,46.0,45.0,0.0,0.4556470998114923,1.0,31.61022370890593,57.544574079685205,0.6875717236925374,0.0,0.3071191792503719,0.15245559570476766,0.0,0.2163987995825259,0.6407485950366367,0.5577723212129508,17.974436068751075,2.5769477217934043,14.26391583692446,18.14990219552743,40.45158370746353,60.585302270514624,60.585302270514624,0.0,0.0,0.0,0.0,0.0,0.0,0.0,0.0,0.0,0.0,0.0,0.0,0.0,0.0,0.07122413666743599,0.0
4,winter_heating,冬季采暖日,80.0,5.75,0.25,41.3787722562968,63.468817852773896,2.134953766350596,0.0,5.0,-5.0,-0.0,63.12503381465612,0.0,0.0,0.0,-0.0,-0.0,17.420015026948814,55.74404808623621,0.7116512554501987,2.134953766350596,-0.0,0.0,3.041506694539966,1.7841721590707,0.0,4.42691141857966,40.204087941910174,0.0,5.940597607466984,42.77588988993729,0.0,0.0,0.0,0.0,0.0,0.0,15.113075053761536,7.122326435586738,12.15645457693127,4.29352950778261,1.6530557377363582,0.0,52.0,7.8,46.0,45.0,0.0,0.4747477936930021,1.0,32.32457897323985,58.391312424551984,0.6404861299051788,0.0,0.32835804021200626,0.15427863876995787,0.0,0.21888961155126135,0.6762947701111782,0.5766465340150647,18.103039822450242,2.595282122934621,14.364670077869613,18.412301392191843,41.3787722562968,63.12503381465612,63.12503381465612,0.0,0.0,0.0,0.0,0.0,0.0,0.0,0.0,0.0,0.0,0.0,0.0,0.0,0.0,-0.1569519792911951,0.0
4,winter_heating,冬季采暖日,80.0,6.0,0.25,42.1597387369157,64.40560695992357,2.08694399277572,0.0,5.0,-5.0,-0.0,63.31455363902503,0.0,0.0,0.0,-0.0,-0.0,17.420015026948814,55.74404808623621,0.6956479975919067,2.08694399277572,-0.0,0.0,3.041506694539966,1.7841721590707,0.0,5.0023548169713585,38.885668575152195,0.0,6.877386714616662,40.94466333588267,0.0,0.0,0.0,0.0,0.0,0.0,15.501934805405533,7.296438967990432,12.250527024684587,4.314311844808757,1.6724216238937528,0.0,52.0,7.8,46.0,45.0,0.0,0.47617312549946733,1.0,32.923141582706236,59.25315840312969,0.626083197832716,0.0,0.35351906029539043,0.15646753967570934,0.0,0.22157359312880712,0.7182482993272913,0.5987790413872784,18.237260493387097,2.6145721322843523,14.469862834993013,18.679750788664176,42.1597387369157,63.31455363902503,63.31455363902503,0.0,0.0,0.0,0.0,0.0,0.0,0.0,0.0,-7.105427357601002e-15,0.0,0.0,0.0,0.0,0.0,-0.048009773574876125,0.0
4,winter_heating,冬季采暖日,80.0,6.25,0.25,42.99975392744615,65.145291600575,2.221516131833329,0.0,5.0,-5.0,-0.0,66.75809434978943,0.0,0.0,0.0,-0.0,-0.0,17.420015026948814,55.74404808623621,0.7405053772777763,2.221516131833329,-0.0,0.0,3.041506694539966,1.7841721590707,0.0,2.4436866764232796,38.24064885055942,0.0,7.617071355268095,38.91969854230208,0.0,0.0,0.0,0.0,0.0,0.0,15.873184341470656,7.486746112586193,12.346054273868399,4.33713579020443,1.6934805816070466,0.0,52.0,7.8,46.0,45.0,0.0,0.5020711449718603,1.0,33.57602653017665,59.93366827252901,0.6664548395499986,0.0,0.38217659343128874,0.15907473742499256,0.0,0.22443925109399585,0.7534483344295324,0.6239081676236914,18.376670645679877,2.634776683054555,14.579165131950234,18.892479016066627,42.99975392744615,66.75809434978943,66.75809434978943,0.0,0.0,0.0,0.0,0.0,0.0,0.0,0.0,0.0,0.0,0.0,0.0,0.0,0.0,0.1345721390576089,0.0
4,winter_heating,冬季采暖日,80.0,6.5,0.25,43.79320403731152,65.60431946334232,2.4277778341675065,0.0,5.0,-5.0,-0.0,71.50088273026049,0.0,0.0,0.0,-0.0,-0.0,17.420015026948814,55.74404808623621,0.8092592780558355,2.4277778341675065,-0.0,0.0,3.041506694539966,1.7841721590707,1.436897693404351,0.0,38.580000020300425,0.0,8.07609921803541,36.77494942512688,0.0,0.0,0.0,0.0,0.0,0.0,16.211123198321882,7.6930555365119675,12.442434223970382,4.3620790515751535,1.7162651668298874,0.0,52.0,7.8,46.0,45.0,0.0,0.5377404853827111,1.0,34.193891156810636,60.35597390627494,0.7283333502502519,0.0,0.4134635373137723,0.16215514596891445,0.0,0.22747431425947676,0.7900932029878405,0.6514647060381664,18.520778442375423,2.655844672862549,14.692197599169049,19.027103503891244,43.79320403731152,71.50088273026049,71.50088273026049,0.0,0.0,0.0,0.0,0.0,0.0,0.0,0.0,0.0,0.0,0.0,0.0,0.0,0.0,0.2062617023341775,0.0
4,winter_heating,冬季采暖日,80.0,6.75,0.25,44.152815082327464,66.02252797766603,2.5645471986166344,0.0,5.0,-5.0,-0.0,71.67860700916609,0.0,0.0,0.0,-0.0,-0.0,17.420015026948814,55.74404808623621,0.8548490662055448,2.5645471986166344,-0.0,0.0,3.041506694539966,1.7841721590707,1.2094211391442933,0.0,38.86530854084618,0.0,8.494307732359118,34.52121781031981,0.0,0.0,0.0,0.0,0.0,0.0,16.500674835530376,7.914843443360571,12.539040105393347,4.389202989109877,1.7407904742722486,0.0,52.0,7.8,46.0,45.0,0.0,0.5390771058040775,1.0,34.4846371839288,60.74072573945275,0.7693641595849903,0.0,0.4460640648721585,0.16576503177545743,0.0,0.23066578601882387,0.8142621166832456,0.6805658707263054,18.669033568775472,2.6777152550268744,14.808534994317325,19.150786358244286,44.152815082327464,71.67860700916609,71.67860700916609,0.0,0.0,0.0,0.0,0.0,0.0,0.0,0.0,-7.105427357601002e-15,0.0,0.0,0.0,0.0,0.0,0.1367693644491279,0.0
4,winter_heating,冬季采暖日,80.0,7.0,0.25,44.7295899359731,65.94822546142366,2.7574025086043563,0.0,5.0,-5.0,-0.0,72.6924519542238,0.0,0.0,0.0,-0.0,-0.0,17.420015026948814,55.74404808623621,0.9191341695347854,2.7574025086043563,-0.0,0.0,3.041506694539966,1.7841721590707,1.5822061272271277,0.0,39.23913923063558,0.0,8.42000521611675,32.288166355068135,0.0,0.0,0.0,0.0,0.0,0.0,16.728757539713456,8.151226344559491,12.635233148620934,4.418549534876894,1.7670518352263433,0.0,93.28,13.991999999999999,46.0,45.0,0.0,0.5467019833166374,1.0,34.90733175104534,60.67236742450977,0.8272207525813069,0.0,0.4782723867967862,0.16996059010129258,0.0,0.23399999999999999,0.8869276934135818,0.7100552018489136,18.820834518724173,2.7003182978621485,14.927711777281424,19.13705642232952,44.7295899359731,72.6924519542238,72.6924519542238,0.0,0.0,0.0,0.0,0.0,0.0,0.0,0.0,0.0,0.0,0.0,0.0,0.0,0.0,0.19285530998772193,0.0
4,winter_heating,冬季采暖日,80.0,7.25,0.25,45.20167927370281,65.82746932980781,2.8153324235594828,0.0,5.0,-5.0,0.1704015203771768,73.5909254622493,0.0,0.0,0.0,-0.0,-0.0,17.420015026948814,55.74404808623621,0.9384441411864942,2.8153324235594828,-0.0,0.0,3.041506694539966,1.7841721590707,2.159681846248393,0.0,39.75010171215804,0.0,8.2992490845009,30.088009354916686,0.0,0.0,0.0,0.0,0.0,0.0,16.885545618962553,8.400941498590528,12.730376240739366,4.450138130862656,1.795022656174443,0.0,93.28,13.991999999999999,46.0,45.0,0.005240741700817061,0.5534591807365885,1.0,35.26504067507769,60.56127178342319,0.8445997270678448,0.0,0.5081216417934481,0.1747962193625283,0.0,0.23746267858685993,0.9370005766021797,0.7385912913392061,18.975537027776465,2.7235749968023795,15.04922857276419,19.1108065409266,45.20167927370281,73.76132698262649,73.76132698262649,0.0,0.0,0.0,0.0,0.0,0.0,0.0,0.0,7.105427357601002e-15,0.0,0.0,0.0,0.0,0.0,0.05792991495512645,0.0
4,winter_heating,冬季采暖日,80.0,7.5,0.25,45.65797956941416,65.45027868363952,2.876786180868667,0.0,5.0,-5.0,0.9635052348657784,71.37216670557287,0.0,0.0,0.0,-0.0,-0.0,17.420015026948814,55.74404808623621,0.9589287269562224,2.876786180868667,-0.0,0.0,3.041506694539966,1.7841721590707,0.2572419225794782,0.0,39.80920916368506,0.0,7.922058438332613,27.988213129625386,0.0,0.0,0.0,0.0,0.0,0.0,16.965448245462177,8.66233803793697,12.823848143084806,4.4839627637715305,1.8246524673583497,0.0,93.28,13.991999999999999,46.0,45.0,0.02963284630406935,0.5367724439411367,1.0,35.61727337002058,60.214256388948364,0.8630358542606001,0.0,0.533573370617614,0.18032250892475593,0.0,0.24103899405809462,0.9752940460798297,0.7647786618198,19.132463374214687,2.7473986174678893,15.172559304947677,19.013232496645294,45.65797956941416,72.33567194043864,72.33567194043864,0.0,0.0,0.0,0.0,0.0,0.0,0.0,0.0,-7.105427357601002e-15,0.0,0.0,0.0,0.0,0.0,0.061453757309184454,0.0
4,winter_heating,冬季采暖日,80.0,7.75,0.25,46.07055484138256,64.85945051305862,2.9155226977622988,0.0,5.0,-5.0,1.7878744682335574,68.37130272396615,0.0,0.0,0.0,-0.0,-0.0,17.420015026948814,55.74404808623621,0.9718408992540996,2.9155226977622988,-0.0,0.0,3.041506694539966,1.7841721590707,0.0,2.344740269925726,39.19018179008853,0.0,7.331230267751707,26.04494789996802,0.0,0.0,0.0,0.0,0.0,0.0,16.96766623875921,8.933380593651512,12.915057780333491,4.519989181152683,1.8558652521421384,0.0,93.28,13.991999999999999,46.0,45.0,0.054986529819441105,0.5142036868514602,1.0,35.9444896547467,59.670694472013935,0.8746568093286896,0.0,0.5527440594937038,0.1865839739629352,0.0,0.2447136320818103,0.9972660131046839,0.787324368689954,19.29091221362831,2.7716953417187717,15.297158745993771,18.85630102353421,46.07055484138256,70.1591771921997,70.1591771921997,0.0,0.0,0.0,0.0,0.0,0.0,0.0,0.0,-1.4210854715202004e-14,0.0,0.0,0.0,0.0,0.0,0.038736516893631556,0.0
4,winter_heating,冬季采暖日,80.0,8.0,0.25,46.34764811340974,64.05216044987515,2.8921385579132513,0.0,5.0,-5.0,3.000218853581701,69.99213461144875,0.0,0.0,0.0,-0.0,-0.0,17.420015026948814,55.74404808623621,0.9640461859710837,2.8921385579132513,-0.0,0.0,3.041506694539966,1.7841721590707,0.21913744416083958,0.0,39.24026742398723,0.0,6.523940204568234,24.315099056394818,0.0,0.0,0.0,0.0,0.0,0.0,16.896245507879964,9.211666895843113,13.003458063527212,4.558152377957555,1.8885581275123642,0.0,93.28,13.991999999999999,46.0,45.0,0.09227248690469508,0.5263935632923813,1.0,36.159869546122884,58.927987613885136,0.8676415673739754,0.0,0.5641345050748691,0.19361659102509993,0.0,0.24847085729384874,1.0211440797959779,0.8051963999041546,19.45016856899713,2.796365183708345,15.422470186403624,18.639197579153873,46.34764811340974,72.99235346503045,72.99235346503045,0.0,0.0,0.0,0.0,0.0,0.0,0.0,0.0,0.0,0.0,0.0,0.0,0.0,0.0,-0.023384139849047525,0.0
4,winter_heating,冬季采暖日,80.0,8.25,0.25,46.501086395299325,62.94792565431822,2.974171966670183,0.0,5.0,-5.0,4.320193952971071,71.8116229057189,0.0,0.0,0.0,-0.0,-0.0,17.420015026948814,55.74404808623621,0.9913906555567277,2.974171966670183,-0.0,0.0,3.041506694539966,1.7841721590707,3.1778180863451446,0.0,39.993037206123,0.0,5.419705409011307,22.876703241337328,0.0,0.0,0.0,0.0,0.0,0.0,16.75961949054026,9.494460376908522,13.088558681564926,4.5983544447590745,1.922600443223189,0.0,93.28,13.991999999999999,46.0,45.0,0.13286865372350093,0.5400774855203081,1.0,36.303606665633836,57.91209160197276,0.8922515900010549,0.0,0.5668234539091398,0.2014452085426006,0.0,0.2522945806790323,1.0064072817557104,0.817756957069819,19.60951356954719,2.821302939353526,15.547932913234144,18.339355618570004,46.501086395299325,76.13181685868997,76.13181685868997,0.0,0.0,0.0,0.0,0.0,0.0,0.0,0.0,-7.105427357601002e-15,0.0,0.0,0.0,0.0,0.0,0.08203340875693188,0.0
4,winter_heating,冬季采暖日,80.0,8.5,0.25,46.813064989863875,61.82344600487478,2.9532027626231674,0.0,5.0,-5.0,5.897040548601361,73.5717173391782,0.0,0.0,0.0,-0.0,-0.0,17.420015026948814,55.74404808623621,0.9844009208743891,2.9532027626231674,-0.0,0.0,3.041506694539966,1.7841721590707,6.209770255552517,0.0,41.46585798995641,0.0,4.29522575956787,21.734942321409324,0.0,0.0,0.0,0.0,0.0,0.0,16.56970800093928,9.778738241769414,13.169937291307198,4.640462868235925,1.9578333617716144,0.0,93.28,13.991999999999999,46.0,45.0,0.18136496814146738,0.5533147211854735,1.0,36.555682344797155,56.8775703244848,0.8859608287869501,0.0,0.5605908909991908,0.2100809264908743,0.0,0.2561684284667969,1.0043010408735205,0.8248464645846775,19.768233521314734,2.8463991308290852,15.672989174378072,18.034211915942706,46.813064989863875,79.46875788777957,79.46875788777957,0.0,0.0,0.0,0.0,0.0,0.0,0.0,0.0,7.105427357601002e-15,0.0,0.0,0.0,0.0,0.0,-0.020969204047015744,0.0
4,winter_heating,冬季采暖日,80.0,8.75,0.25,46.92907169479802,60.59370910523226,3.1505978453299073,0.0,5.0,-5.0,7.280627295318905,75.59547590306437,0.0,0.0,0.0,-0.0,-0.0,17.420015026948814,55.74404808623621,1.0501992817766357,3.1505978453299073,-0.0,0.0,3.041506694539966,1.7841721590707,6.004763891426052,0.0,42.8899161212706,0.0,3.065488859925345,20.917367255531424,3.4305466088937884,0.0,0.0,0.0,0.0,0.0,16.340702352535956,10.061254811806684,13.247248558544662,4.684309370871468,1.9940699735316383,0.0,93.28,13.991999999999999,46.0,45.0,0.22391752720414831,0.5685349096766709,1.0,36.64757446227145,55.74621237681368,0.9451793535989721,0.0,0.5459481719124154,0.2195185572596013,0.0,0.2600758122461914,1.005005004073358,0.8268024435062138,19.925627902947767,2.871540907959184,15.797090315557078,17.699915894370445,50.3596183036918,82.87610319838328,82.87610319838328,0.0,0.0,0.0,0.0,0.0,0.0,0.0,0.0,0.0,0.0,0.0,0.0,0.0,0.0,0.1973950827067399,0.0
4,winter_heating,冬季采暖日,80.0,9.0,0.25,47.06493496436403,59.065733961176804,3.253891224472131,0.0,5.0,-5.0,9.050090359154096,74.80637294850821,0.0,0.0,0.0,-0.0,-0.0,17.420015026948814,55.74404808623621,1.084630408157377,3.253891224472131,-0.0,0.0,3.041506694539966,1.7841721590707,5.068233367572073,0.0,44.0914770502629,0.0,1.5375137158698915,20.50229969930632,5.177142846080043,0.0,0.0,0.0,0.0,0.0,16.087705259780503,10.33861921982056,13.320230552502023,4.729689369961839,2.031095991035345,0.0,93.28,13.991999999999999,46.0,45.0,0.2783378096415969,0.5626002611856757,1.0,36.73959680934607,54.340475244282665,0.9761673673416392,0.0,0.5240694103651771,0.22973429398052927,0.0,0.264,1.0198229675589425,0.8244094518381003,20.081015913499208,2.89661287092115,15.919701802664209,17.282377937112816,52.24207781044407,83.85646330766231,83.85646330766231,0.0,0.0,0.0,0.0,0.0,0.0,0.0,0.0,-7.105427357601002e-15,0.0,0.0,0.0,0.0,0.0,0.1032933791422237,0.0
4,winter_heating,冬季采暖日,80.0,9.25,0.25,47.32937683138222,57.606348270425585,3.3150722337120238,0.0,5.0,-5.0,10.669460938759835,73.0298548796791,0.0,0.0,0.0,-0.0,-0.0,17.420015026948814,55.74404808623621,1.105024077904008,3.3150722337120238,-0.0,0.0,3.041506694539966,1.7841721590707,4.597161736211891,0.0,45.18109838876072,0.0,0.07812802511867245,20.471488542846494,5.2062314514520445,0.0,0.0,0.0,0.0,0.0,15.825402952901179,10.607385761923187,13.38870807577705,4.776362125908751,2.068671053718672,0.0,93.28,13.991999999999999,46.0,45.0,0.3281419599028805,0.5492395074139043,1.0,36.942262079313984,52.99784040879154,0.994521670113607,0.0,0.49663710357661295,0.24068372153622888,0.0,0.2679241877538086,1.0172322428416722,0.8187893002523532,20.23374125540447,2.921497783574929,16.040306886065068,16.884247275461227,52.53560828283426,83.69931581843895,83.69931581843895,0.0,0.0,0.0,0.0,0.0,0.0,0.0,0.0,7.105427357601002e-15,0.0,0.0,0.0,0.0,0.0,0.06118100923989278,0.0
4,winter_heating,冬季采暖日,80.0,9.5,0.25,47.33179146198865,56.177357827194626,3.457416568155401,0.0,5.0,-5.0,12.107898998592274,72.05195432489647,0.0,0.0,0.0,-0.0,-0.0,17.420015026948814,55.74404808623621,1.1524721893851337,3.457416568155401,-0.0,0.0,3.041506694539966,1.7841721590707,5.007570889807422,0.0,46.36813742017,1.350862418112286,0.0,20.78208262287674,5.2064970608187515,0.0,0.0,0.0,0.0,0.0,15.566926630000802,10.86415443404802,13.45259261860132,4.824051636453525,2.106530659712633,0.0,93.28,13.991999999999999,46.0,45.0,0.37238148492308054,0.5418849587859013,1.0,36.93688044796812,51.683169201019055,1.0372249704466203,0.0,0.4656304634963924,0.25230030782237595,0.0,0.2718315715332031,1.0168826754194669,0.8112515944441561,20.38317491476748,2.946077153930572,16.158408724852155,16.494759841279055,52.538288522807406,84.15985332348875,84.15985332348875,0.0,0.0,0.0,0.0,0.0,0.0,0.0,0.0,-7.105427357601002e-15,0.0,0.0,0.0,0.0,0.0,0.14234433444337746,0.0
4,winter_heating,冬季采暖日,80.0,9.75,0.25,47.42284029776081,54.72951799838483,3.636624336620945,0.0,5.0,-5.0,13.553706127128601,65.76913815022273,0.0,2.979769862535477,0.0,-0.0,-0.0,17.420015026948814,55.74404808623621,1.2122081122069817,3.636624336620945,-0.0,0.0,3.041506694539966,1.7841721590707,0.009761713141074324,0.0,46.36813742017,2.7987022469220832,0.0,21.4363833652093,5.216512432753689,0.0,0.0,0.0,0.0,0.0,15.323017101426428,11.105678435166043,13.511878758332314,4.872448317189649,2.144388724825195,0.0,93.28,13.991999999999999,46.0,45.0,0.4168476475082928,0.5170435629973834,1.0,37.01905087504467,50.35115655851404,1.0909873009862836,0.0,0.43309377744406485,0.2644945074223913,0.0,0.2757054193209677,0.9921735980188151,0.8031308492459168,20.528715800347157,2.9702316675555576,16.27353086615644,16.10005087539146,52.639352730514496,82.30261413988681,79.32284427735134,2.979769862535477,0.0,0.0,0.0,0.0,0.0,0.0,0.0,0.0,0.0,0.0,0.0,0.0,0.0,0.17920776846554398,0.0
4,winter_heating,冬季采暖日,80.0,10.0,0.25,47.68479266024926,53.357997139697396,3.6849191788669833,0.0,5.0,-5.0,13.665481819298165,65.96422786116403,1.6978041287587882,0.0,0.0,-0.0,-0.0,17.420015026948814,55.74404808623621,1.228306392955661,3.6849191788669833,-0.0,0.0,3.041506694539966,1.7841721590707,0.009761713141074324,0.0,46.36813742017,4.170223105609516,0.0,22.416093161108954,5.2453271926274185,0.0,0.0,0.0,0.0,0.0,15.101550459418487,11.328974748290202,13.566636977699005,4.921211489709872,2.181940751190348,0.0,88.0,13.2,46.0,45.0,0.47250173091966646,0.4961006711172512,1.0,37.24489175216469,49.089357368521604,1.105475753660095,0.0,0.40092267433773465,0.27715359594515426,0.0,0.27952914270615126,0.9549786112661952,0.7956367939578968,20.669789218599227,2.993841470733534,16.385216064612763,15.726685453506324,52.93011985287668,81.32751380922099,79.6297096804622,1.6978041287587882,0.0,0.0,0.0,0.0,0.0,0.0,0.0,0.0,0.0,0.0,0.0,0.0,0.0,0.04829484224603808,0.0
4,winter_heating,冬季采暖日,80.0,10.25,0.25,48.07760229467804,52.20136070860809,3.8229658109578706,0.0,5.0,-5.0,16.639764698605713,63.471979220102725,0.0,0.6097424529191215,0.0,-0.0,-0.0,17.420015026948814,55.74404808623621,1.2743219369859569,3.8229658109578706,-0.0,0.0,3.041506694539966,1.7841721590707,0.009761713141074324,0.0,46.36813742017,5.326859536698819,0.0,23.670014254494372,5.288536252414584,0.0,0.0,0.0,0.0,0.0,14.907425336930803,11.53143335654408,13.617003042418625,4.969972677574852,2.2188675697091758,0.0,88.0,13.2,46.0,45.0,0.5117601565686887,0.48194280686868707,1.0,37.580513690209465,48.02525185191945,1.146889743287361,0.0,0.37069898410613417,0.2901423306648075,0.0,0.2832863679181897,0.9099429944029634,0.7897394359949008,20.80584328970265,3.0167863123897267,16.493023525991507,15.413374975163908,53.36613854709262,80.72148637162756,80.11174391870844,0.6097424529191215,0.0,0.0,0.0,0.0,0.0,0.0,0.0,7.105427357601002e-15,0.0,0.0,0.0,0.0,0.0,0.1380466320908873,0.0
4,winter_heating,冬季采暖日,80.0,10.5,0.25,48.410290325876325,51.13146982597273,3.841627065679696,0.0,4.419598426623164,-4.419598426623164,17.47286782404341,57.099085005171425,0.0,0.0,0.0,-0.0,-0.0,17.420015026948814,55.74404808623621,1.2805423552265653,3.841627065679696,-0.0,0.0,3.041506694539966,1.7841721590707,0.0,0.0,46.365819013298996,6.396750419334182,0.0,25.177407471958993,0.0,0.0,0.0,0.0,0.0,0.0,14.742763983981526,11.71092025622717,13.663164252787977,5.018339687533169,2.2548396019890076,0.0,88.0,13.2,46.0,45.0,0.5373824531356338,0.4294281205089915,1.0,37.86090517045203,47.040952239894914,1.1524881197039087,0.0,0.34359240004257385,0.30330450218499727,0.0,0.2869610059419054,0.8784909889392488,0.7861016876411093,20.936343542310155,3.038945566528109,16.596524761885235,15.12414985463304,48.410290325876325,74.57195282921484,74.57195282921484,0.0,0.0,0.0,0.0,0.0,0.0,0.0,0.0,-7.105427357601002e-15,0.0,0.0,0.580401573376836,0.0,0.0,0.018661254721825227,0.0
4,winter_heating,冬季采暖日,80.0,10.75,0.25,48.714453557000205,50.090833285222445,4.197793985985609,0.0,2.0102404393769397,-2.0102404393769397,18.31059911509661,54.29440420296101,0.0,0.0,0.0,-0.0,-0.0,17.420015026948814,55.74404808623621,1.399264661995203,4.197793985985609,-0.0,0.0,3.041506694539966,1.7841721590707,0.01952293819649161,0.0,46.36813742017,7.437386960084467,0.0,26.931198171243075,0.0,0.0,0.0,0.0,0.0,0.0,14.607346880872484,11.865869229701802,13.705343055950921,5.065901429785418,2.289521569660788,0.0,88.0,13.2,46.0,45.0,0.5631470901023933,0.40833480867375305,1.0,38.10731684030566,46.08356662240465,1.2593381957956826,0.0,0.3203328517048422,0.31646540367845905,0.0,0.29053732141314004,0.8654092935910124,0.7850623148464857,21.060766055397128,3.0601981694008593,16.695298343412947,14.84281931678406,48.714453557000205,72.60500331805763,72.60500331805763,0.0,0.0,0.0,0.0,0.0,0.0,0.0,0.0,0.0,0.0,0.0,2.4093579872462243,0.0,0.0,0.3561669203059128,0.0
4,winter_heating,冬季采暖日,80.0,11.0,0.25,48.59151542674832,49.04774880038662,4.496414766406469,0.0,-0.0,0.0,18.803948978799365,50.76750912267867,0.0,0.0,0.0,-0.0,-0.0,17.420015026948814,55.74404808623621,1.4988049221354895,4.496414766406469,-0.0,0.0,3.041506694539966,1.7841721590707,0.009761713141074324,0.0,46.36813742017,8.48047144492029,0.0,28.931844540326026,0.0,0.9901456820356485,0.0,0.0,0.0,0.0,14.499186618362078,11.995357370174574,13.743778666204287,5.112233407361841,2.3225775623986644,0.0,70.0,10.5,46.0,45.0,0.5783201894859933,0.3818099015684836,1.0,38.02058199911835,45.12392889635569,1.3489244299219405,0.0,0.3012447755813332,0.3294352005208639,0.0,0.294,0.8557218681039138,0.7866630233757107,21.17858963596479,3.080422516997352,16.788923934897568,14.560412297928963,47.60136974471268,69.57145810147803,69.57145810147803,0.0,0.0,0.0,0.0,0.0,0.0,-0.0,0.0,0.0,0.0,0.0,2.0102404393769397,0.0,0.0,0.29862078042086004,0.0
4,winter_heating,冬季采暖日,80.0,11.25,0.25,48.763767164869996,48.1440056466119,4.732857723536569,0.0,-0.0,0.0,18.66243889633491,48.36376775536474,0.0,0.0,0.0,-0.0,-0.0,17.420015026948814,55.74404808623621,1.5776192411788565,4.732857723536569,-0.0,0.0,1.204260986618999,0.7064291288385977,0.009761713141074324,0.0,46.36813742017,8.30647156846291,0.0,30.890165615565806,0.0,1.9492174810580913,0.0,0.0,0.0,0.0,14.415149990798652,12.099159632324577,13.778707480124346,5.156903781723095,2.3536763613451477,0.0,70.0,10.5,46.0,45.0,0.5739680112388978,0.36373195623079835,1.0,38.13927686880059,44.29248519488295,1.4198573170609707,0.0,0.2863257791601849,0.3420131361191309,0.0,0.2973342139811761,0.8809857576916259,0.7907073712014645,21.28928762319259,3.099496377821011,16.87697606694736,14.316535628631307,46.814549683811904,67.02620665169965,67.02620665169965,0.0,0.0,0.0,0.0,0.0,0.0,-0.0,0.0,0.0,0.0,0.0,0.0,0.0,0.0,0.23644295713010077,0.0
4,winter_heating,冬季采暖日,80.0,11.5,0.25,48.814044229517954,47.535170731266106,4.931176470394881,0.0,0.0,0.0,18.5636811931041,47.35670104019688,0.0,0.0,0.0,-0.0,-0.0,17.420015026948814,55.74404808623621,1.643725490131627,4.931176470394881,-0.0,0.0,0.0,-0.0,0.0,0.0,46.365819013298996,8.208877354970106,0.0,32.82432890456342,0.0,1.95740251329741,0.0,0.0,0.0,0.0,14.351553396785064,12.17777823152108,13.81034318201178,5.1994799003694805,2.3824969025845952,0.0,70.0,10.5,46.0,45.0,0.5709306931888416,0.35615805611168905,1.0,38.16901855773479,43.73235707276482,1.4793529411184643,0.0,0.27534854681264437,0.3539924621612869,0.0,0.30052568574052324,0.9009904377650371,0.7968366001675063,21.392319984965855,3.117296882476531,16.95901816614785,14.154655639249297,46.856641716220544,65.92038223330098,65.92038223330098,0.0,0.0,0.0,0.0,0.0,0.0,0.0,0.0,-7.105427357601002e-15,0.0,0.0,0.0,0.0,0.0,0.19831874685831163,0.0
4,winter_heating,冬季采暖日,80.0,11.75,0.25,49.07900669519257,46.957622934102965,5.187634174876703,0.0,0.0,0.0,19.389337302490826,49.49366572126217,0.0,0.0,0.0,-0.0,-0.0,17.420015026948814,55.74404808623621,1.7292113916255678,5.187634174876703,-0.0,0.0,2.6008193045864165,1.5256614106248283,0.01952293819652153,0.0,46.36813742017,10.312086562758076,0.0,35.25703729876619,0.0,1.9655723327968997,0.0,0.0,0.0,0.0,14.304679979357742,12.232443532298307,13.8388575046795,5.23953515341255,2.40873375636107,0.0,70.0,10.5,46.0,45.0,0.5963239549004722,0.3722296398594996,1.0,38.36713385792171,43.20101309937473,1.556290252463011,0.0,0.2679658439024569,0.36516593640576517,0.0,0.30356074890600415,0.9219224478027082,0.8046081449576125,21.48712641445312,3.133700654575234,17.034597390164773,14.000869309966829,47.113434362395665,68.88300302375299,68.88300302375299,0.0,0.0,0.0,0.0,0.0,0.0,0.0,0.0,7.105427357601002e-15,0.0,0.0,0.0,0.0,0.0,0.25645770448182237,0.0
4,winter_heating,冬季采暖日,80.0,12.0,0.25,49.29896689180379,46.36880286687079,5.43752595197697,0.0,0.0,0.0,19.83614789662086,47.124419277836516,0.0,0.0,0.0,-0.0,-0.0,17.420015026948814,55.74404808623621,1.81250865065899,5.43752595197697,-0.0,0.0,0.39276669688318,0.23040008652524843,0.009761713141074324,0.0,46.36813742017,9.605645305890675,0.0,37.52074954026585,0.0,1.9734518049784793,0.0,0.0,0.0,0.0,14.27119172624174,12.265084142106826,13.864362634075484,5.276656010528959,2.432102492359528,0.0,70.0,10.5,46.0,45.0,0.6100657273203487,0.3544111223275506,1.0,38.53353907984788,42.659298637521125,1.631257785593091,0.0,0.26380276436705746,0.3753316915745794,0.0,0.3064264068711929,0.940026461231774,0.8135655440016949,21.57312113696397,3.148584146303367,17.10324081813264,13.843175732190854,47.32551508682531,66.96056717445738,66.96056717445738,0.0,0.0,0.0,0.0,0.0,0.0,0.0,0.0,7.105427357601002e-15,0.0,0.0,0.0,0.0,0.0,0.24989177710026667,0.0
4,winter_heating,冬季采暖日,80.0,12.25,0.25,49.31697616906983,45.915787756606186,5.529284869717188,0.0,0.0,0.0,20.515806868738437,46.380846932512405,0.0,0.0,0.0,-0.0,-0.0,17.420015026948814,55.74404808623621,1.843094956572396,5.529284869717188,-0.0,0.0,0.28761291223844904,0.16871603522237208,0.009761713141074324,0.0,46.36813742017,9.9969763648524,0.0,39.87627105214816,0.0,1.980806976719716,0.0,0.0,0.0,0.0,14.248431383513205,12.278265231955434,13.886896218979976,5.3104490781930584,2.4523447998951764,0.0,70.0,10.5,46.0,45.0,0.6309688102836162,0.34881889830704177,1.0,38.53797447074016,42.24252473607769,1.6587854609151562,0.0,0.2625261764360009,0.38429924784605957,0.0,0.3091103884487386,0.9648198163170042,0.8232925155929559,21.64969009706821,3.161824236329286,17.16445351397494,13.722678562086312,47.33616919235011,66.89665380125084,66.89665380125084,0.0,0.0,0.0,0.0,0.0,0.0,0.0,0.0,-1.4210854715202004e-14,0.0,0.0,0.0,0.0,0.0,0.0917589177402176,0.0
4,winter_heating,冬季采暖日,80.0,12.5,0.25,49.08491340666564,45.46947165447996,5.504994709281415,0.0,0.0,0.0,20.739191150923602,43.7689477892446,0.0,0.0,0.0,-0.0,-0.0,16.0337853319038,51.30811306209216,1.8349982364271382,5.504994709281415,-0.0,0.0,0.0,-0.0,0.0,0.4581011113022342,46.24526608927209,5.838641407612201,0.0,41.24301025092999,0.0,1.9874569235261443,0.0,0.0,0.0,0.0,14.234624637070144,12.275095597709578,13.906409867083463,5.340548010159072,2.469233234476344,0.0,70.0,10.5,46.0,45.0,0.6378390501756288,0.3291754497307475,1.0,38.375235556781675,41.831913922121565,1.6514984127844243,0.0,0.2638870616115568,0.39189542138466577,0.0,0.31160120041747413,0.9544164912672009,0.8334479627708893,21.71619111171888,3.1732991374634443,17.21771891388487,13.603157886272855,47.097456483139496,64.50813894016821,64.50813894016821,0.0,0.0,0.0,0.0,0.0,0.0,0.0,0.0,0.0,0.0,0.0,0.0,0.0,-4.435935024144051,-0.024290160435772812,0.0
4,winter_heating,冬季采暖日,80.0,12.75,0.25,49.26787601804776,45.1071180540666,5.629769039081866,0.0,0.0,0.0,20.71553169777129,44.996526698022905,0.0,0.0,0.0,-0.0,-0.0,16.0337853319038,51.30811306209216,1.8765896796939554,5.629769039081866,-0.0,0.0,0.0,-0.0,0.5270888176942066,0.0,46.36813742017,6.200995008025558,0.0,42.6951250602106,0.0,1.99328145154553,0.0,0.0,0.0,0.0,14.229001521010623,12.259105594074185,13.922761877232205,5.366620102264988,2.4825754689579003,0.0,70.0,10.5,46.0,45.0,0.637111397731687,0.3384077676133441,1.0,38.51215308732681,41.49854860974128,1.6889307117245598,0.0,0.2677360533072474,0.39796987419832575,0.0,0.31388817673815267,0.9750924342887858,0.8437818919948115,21.771957448455094,3.1828896468463004,17.262501889838695,13.50618624773227,47.27459456650223,65.7120583957942,65.7120583957942,0.0,0.0,0.0,0.0,0.0,0.0,0.0,0.0,7.105427357601002e-15,0.0,0.0,0.0,0.0,0.0,0.12477432980045133,0.0
4,winter_heating,冬季采暖日,80.0,13.0,0.25,49.208274265843464,44.89690376310639,5.717569292955376,-0.0,0.0,-0.0,20.01683954146081,44.23426108793274,0.0,0.0,0.0,-0.0,-0.0,15.451340185915386,49.44428859492924,1.9058564309851251,5.717569292955376,-0.0,0.0,0.0,-0.0,0.0,0.3161445976263284,46.282623066555225,4.547384831822853,0.0,43.75378139523843,0.0,1.9982256557240983,0.0,0.0,0.0,0.0,14.231857858781515,12.234099741225378,13.935714778836111,5.388372406005531,2.4922179382602434,0.0,70.0,10.5,46.0,45.0,0.6156229443921559,0.33267495616391346,1.0,38.46604238137784,41.30515146205788,1.7152707878866127,0.0,0.27401554061929057,0.40240005747016216,0.0,0.3159615242270663,0.9878793899390114,0.8541343781723623,21.816305123101884,3.1904807529585826,17.298254712204297,13.450802075037076,47.210048610119365,64.25110062939355,64.25110062939355,0.0,0.0,0.0,0.0,0.0,0.0,0.0,0.0,7.105427357601002e-15,0.0,0.0,-0.0,0.0,-1.863824467162921,0.08780025387350943,0.0
4,winter_heating,冬季采暖日,80.0,13.25,0.25,49.32355068344466,44.88716953592342,5.766809152235518,-0.0,0.0,-0.0,19.154782609560048,44.40114697001096,0.0,0.0,0.0,-0.0,-0.0,15.451340185915386,49.44428859492924,1.9222697174118393,5.766809152235518,-0.0,0.0,0.0,-0.0,0.0,1.1389288382909353,45.980590820062176,4.557119059005821,0.0,44.81422028105469,0.0,2.0023021689099334,0.0,0.0,0.0,0.0,14.244574165845629,12.203989431320643,13.944938030855974,5.405557204017775,2.4980487811074754,0.0,70.0,10.5,46.0,45.0,0.5891101662110062,0.333930063678751,1.0,38.5502537322491,41.29619597304955,1.7300427456706553,0.0,0.2827333201806624,0.4050953215312663,0.0,0.3178123644919613,1.0083803341150095,0.8644208597719666,21.848544015981222,3.195963592269561,17.32442598192033,13.450500826979326,47.32124851453472,63.555929579571014,63.555929579571014,0.0,0.0,0.0,0.0,0.0,0.0,0.0,0.0,7.105427357601002e-15,0.0,0.0,0.0,0.0,0.0,0.049239859280142184,0.0
4,winter_heating,冬季采暖日,80.0,13.5,0.25,49.47741586192031,44.98331804294376,5.662920427126808,0.0,0.0,0.0,17.74398541197939,47.33773797698636,0.0,0.0,0.0,-0.0,-0.0,15.451340185915386,49.44428859492924,1.8876401423756028,5.662920427126808,-0.0,0.0,0.0,-0.0,0.27091880394308454,0.0,46.04263500645766,4.460970551985483,0.0,45.851293677010716,0.0,2.0055916051886347,0.0,0.0,0.0,0.0,14.269602743042855,12.172612648045469,13.95001598480745,5.4179767044791936,2.5,0.0,70.0,10.5,46.0,45.0,0.5457207428749273,0.3560154395952799,1.0,38.668871741141885,41.38465259950826,1.6988761281380425,0.0,0.2939233760505342,0.406,0.0,0.31943277195067715,1.0232309330057454,0.8746074965885172,21.867992689286645,3.1992377249831483,17.34047243400192,13.478767188382587,47.47182425673168,65.08172338896576,65.08172338896576,0.0,0.0,0.0,0.0,0.0,0.0,0.0,0.0,0.0,0.0,0.0,0.0,0.0,0.0,-0.1038887251087095,0.0
4,winter_heating,冬季采暖日,80.0,13.75,0.25,49.28968296893673,44.811829612880324,5.789904347444621,0.0,0.0,0.0,16.673904034304506,49.369075600169325,0.0,0.0,0.0,-0.0,-0.0,15.451340185915386,49.44428859492924,1.9299681158148736,5.789904347444621,-0.0,0.0,0.0,-0.0,1.3802296651059347,0.0,46.36813742017,4.632458982048917,0.0,46.92857703840883,0.0,2.0082413012990963,0.0,0.0,0.0,0.0,14.31042561129623,12.14354885117443,13.950460951615469,5.425486830066429,2.4980487811074754,0.0,70.0,10.5,46.0,45.0,0.5128101204413046,0.37129262832017207,1.0,38.51717861028148,41.2268832438499,1.736971304233386,0.0,0.3075994335710211,0.4050953215312663,0.0,0.3208158077697063,1.042890404805439,0.8846804102590755,21.873996562789372,3.200213675449458,17.34587333851458,13.431000018611151,47.28144166763764,66.04297963447382,66.04297963447382,0.0,0.0,0.0,0.0,0.0,0.0,0.0,0.0,0.0,0.0,0.0,0.0,0.0,0.0,0.12698392031781225,0.0
4,winter_heating,冬季采暖日,80.0,14.0,0.25,49.164780967288685,44.85513616249801,5.936417146849104,0.0,0.0,0.0,15.556144382551631,48.397955076314666,0.0,0.0,0.0,-0.0,-0.0,14.811213141159811,47.395882051711396,1.978805715616368,5.936417146849104,-0.0,0.0,0.0,-0.0,0.009761713141074324,0.0,46.36813742017,2.540745889213383,0.0,47.50853989857781,0.0,2.010462078339634,0.0,0.0,0.0,0.0,14.37147819721897,12.119938065722211,13.945730945389748,5.428000000000001,2.4922179382602434,0.0,70.0,10.5,46.0,45.0,0.4784331406733668,0.36398907063078273,1.0,38.407928125591546,41.266725269498174,1.7809251440547311,0.0,0.3237068397106095,0.40240005747016216,0.0,0.3219555495773441,1.0707867186060032,0.8946126116190496,21.865948883649992,3.198815659864023,17.340147052951377,13.44227735438629,47.15431888894905,63.954099458866295,63.954099458866295,0.0,0.0,0.0,0.0,0.0,0.0,0.0,0.0,-7.105427357601002e-15,0.0,0.0,0.0,0.0,-2.048406543217844,0.14651279940448347,0.0
4,winter_heating,冬季采暖日,80.0,14.25,0.25,49.332703390598425,44.89093406972761,5.910370007796833,0.0,0.0,0.0,14.112823617949722,49.977535914549534,0.0,0.0,0.0,-0.0,-0.0,14.790293543205223,47.32893933825672,1.9701233359322776,5.910370007796833,-0.0,0.0,0.0,-0.0,0.009761713141074324,0.0,46.36813742017,2.4380052685291105,0.0,48.06381187990434,0.0,2.01252245037773,0.0,0.0,0.0,0.0,14.458027643056239,12.104313657227763,13.935251423550422,5.425486830066429,2.4825754689579003,0.0,70.0,10.5,46.0,45.0,0.4340434468375276,0.3758687081152325,1.0,38.54344312834739,41.2996593441494,1.7731110023390497,0.0,0.34207822987177744,0.39796987419832575,0.0,0.3228471168241938,1.0774332371680786,0.9043324086717215,21.843313722574752,3.194984403408746,17.322869121876145,13.450364070341466,47.320180940220695,64.09035953249926,64.09035953249926,0.0,0.0,0.0,0.0,0.0,0.0,0.0,0.0,-7.105427357601002e-15,0.0,0.0,0.0,0.0,-0.06694271345467939,-0.026047139052271184,0.0
4,winter_heating,冬季采暖日,80.0,14.5,0.25,49.444298132853085,44.935726346967144,5.965738073120631,0.2759933860331465,0.0,0.2759933860331465,12.572218414399376,50.64396155569254,0.0,0.0,0.0,-0.0,-0.0,14.074035412295586,45.03691331934588,1.988579357706877,5.965738073120631,-0.0,0.0,0.0,-0.0,0.0,0.0,46.365819013298996,0.1011869723787342,0.0,48.06381187990434,0.0,2.0147395467304796,0.0,0.0,0.0,0.0,14.575991280780174,12.098458195162872,13.91844011732816,5.4179767044791936,2.469233234476344,0.0,70.0,10.5,46.0,45.0,0.38666174556590294,0.3808807308211852,1.0,38.6411635811735,41.340868239209776,1.7897214219361894,0.0,0.3623982979241525,0.39189542138466577,0.0,0.32348669168242866,1.0757512914657974,0.913697044891413,21.8056500562837,3.1886799324704294,17.29369118619104,13.459903495714878,47.4295585861226,63.216179970091915,63.216179970091915,0.0,0.15179636231823057,0.03794909057955764,3.0359272463646114,0.0,0.0,0.0,0.0,0.0,0.0,0.0,0.2759933860331465,0.0,-2.292026018910839,0.055368065323798454,0.0
4,winter_heating,冬季采暖日,80.0,14.75,0.25,49.73578381698221,45.11472749174941,6.057798955183352,0.8375372305627786,0.0,0.8375372305627786,11.165850764908338,50.383297405873925,0.0,0.0,-0.0,-0.0,-0.0,14.074035412295586,45.03691331934588,2.019266318394451,6.057798955183352,-0.0,0.0,0.0,-0.0,0.0,1.4249341235100488,45.98851805826673,0.0,0.07781417240353505,48.01930256017399,0.0,2.017466022817156,0.0,0.0,0.0,0.0,14.73168082750357,12.103291156854324,13.89473386343122,5.405557204017775,2.4523447998951764,0.0,70.0,10.5,46.0,45.0,0.3434085540975777,0.3789203401086099,1.0,38.88378867812671,41.50554929240946,1.8173396865550056,0.0,0.3841825982839856,0.38429924784605957,0.0,0.3238715353943162,1.067433076415718,0.9224751004848439,21.75263586734417,3.1798842163118843,17.252359864856167,13.505990337992392,47.71831779416506,61.54914817078226,61.54914817078226,0.0,0.4606454768095283,0.11516136920238207,9.212909536190566,0.0,0.0,0.0,0.0,-7.105427357601002e-15,0.0,0.0,0.5615438445296321,0.0,0.0,0.09206088206272067,0.0
4,winter_heating,冬季采暖日,80.0,15.0,0.25,49.76371523391301,45.38471772248019,6.015719484370675,0.8375372305627786,0.0,0.8375372305627786,9.552613657715462,53.43176715995062,0.0,0.0,-0.0,-0.0,-0.0,14.074035412295586,45.03691331934588,2.005239828123558,6.015719484370675,-0.0,0.0,0.0,-0.0,0.0,0.0,45.986218632363816,0.0,0.3478044031343117,47.90376543438488,0.0,2.0210724261032915,0.0,0.0,0.0,0.0,14.931461542030378,12.118795991430483,13.863616218387232,5.388372406005531,2.432102492359528,0.0,70.0,10.5,46.0,45.0,0.29379304032600234,0.40184712845912546,1.0,38.90283951489043,41.75394030468178,1.8047158453112024,0.0,0.4067744449017393,0.3753316915745794,0.0,0.324,1.0810243607821217,0.9303406338483391,21.684091116752292,3.16860352760656,17.19873471400566,13.576569203399613,47.742642807809716,62.98438081766608,62.98438081766608,0.0,0.4606454768095283,0.11516136920238207,9.212909536190566,0.0,0.0,0.0,0.0,0.0,0.0,0.0,0.0,0.0,0.0,-0.042079470812677044,0.0
4,winter_heating,冬季采暖日,80.0,15.25,0.25,49.53243794970358,45.654494895001584,6.129871608657463,0.8375372305627786,0.0,0.8375372305627786,8.209862078571739,53.974943680282855,0.0,0.0,-0.0,-0.0,-0.0,13.472539360245568,43.11212595278582,2.0432905362191542,6.129871608657463,-0.0,0.0,0.0,-0.0,0.0,0.0,45.9839193214322,0.0,2.5423689422157665,47.21076909318985,0.0,2.0259248567509274,0.0,0.0,0.0,0.0,15.181322894764628,12.143992275260304,13.824644570482901,5.366620102264988,2.40873375636107,0.0,70.0,10.5,46.0,45.0,0.25249637713262046,0.405932224957778,1.0,38.74788095440157,42.00213530340146,1.8389614825972387,0.0,0.42936247089040236,0.36516593640576517,0.0,0.3238715353943162,1.056797022282423,0.9368810310130706,21.599998429108958,3.1548703932650817,17.132804357504522,13.646160254926636,47.50651309295265,62.184805758854594,62.184805758854594,0.0,0.4606454768095283,0.11516136920238207,9.212909536190566,0.0,0.0,0.0,0.0,0.0,0.0,0.0,0.0,0.0,-1.9247873665600608,0.11415212428678778,0.0
4,winter_heating,冬季采暖日,80.0,15.5,0.25,50.070096147778806,46.05188887106398,6.1215116076474345,0.8375372305627786,0.0,0.8375372305627786,6.823377484707354,55.721553705794754,0.0,0.0,0.48089331647025574,0.1683126607645895,0.2164019924116151,13.472539360245568,43.11212595278582,2.0405038692158115,6.1215116076474345,-0.0,0.0,0.0,-0.0,0.0,0.0,45.981620125466115,0.0,2.723360925866548,46.470489780783645,0.0,2.03235829541071,0.0,0.0,0.0,0.0,15.486367815034015,12.176956419726508,13.777475465397073,5.340548010159072,2.3824969025845952,0.0,70.0,10.5,46.0,45.0,0.20985469405067358,0.41906804772008327,1.0,39.140402532513264,42.36773776137886,1.8364534822942302,0.0,0.4510192649543763,0.3539924621612869,0.0,0.32348669168242866,1.0972968221355546,0.9416190585115287,21.500520378140738,3.1387450162448927,17.054699921607426,13.750622167175868,48.037737852368096,62.54493119050211,62.54493119050211,0.0,0.5568241401035794,0.13920603502589485,11.136482802071587,0.0,0.0,0.0,0.0,0.0,0.0,0.0,0.0,0.1683126607645895,0.0,-0.008360001010028206,0.0
4,winter_heating,冬季采暖日,80.0,15.75,0.25,50.6492033972168,46.59114142785386,6.041320780223284,0.8375372305627786,0.0,0.8375372305627786,5.570176549886897,55.14783521578517,0.0,0.0,4.701076488770184,1.6453767710695644,2.1154844199465828,12.578595395811853,40.25150526659793,2.013773593407761,6.041320780223284,-0.0,0.0,0.0,-0.0,0.0,0.0,45.979321044459844,0.0,4.224151741309349,45.335635656601326,0.0,2.040646619132005,0.0,0.0,0.0,0.0,15.850240415715666,12.214891755412486,13.721886931484319,5.3104490781930584,2.3536763613451477,0.0,70.0,10.5,46.0,45.0,0.17131218349044414,0.41475325260832696,1.0,39.59490847541531,42.86385011362555,1.812396234066985,0.0,0.47075888675187594,0.3420131361191309,0.0,0.3228471168241938,1.0968179213209157,0.944047804216515,21.386012371022524,3.1203160653488013,16.964704993972305,13.894017271096654,48.6085567780848,60.71801176567207,60.71801176567207,0.0,1.400860774563565,0.35021519364089126,28.0172154912713,0.0,0.0,0.0,0.0,0.0,0.0,0.0,0.0,1.4770641103049749,-2.860620686187886,-0.08019082742415051,0.0
4,winter_heating,冬季采暖日,80.0,16.0,0.25,51.086552731531455,47.10532991312451,6.110469177218224,0.0,0.0,0.0,4.357219460538708,54.2448017461828,0.0,0.0,8.921259661070113,3.1224408813745392,4.014566847481551,11.7714636220913,37.66868359069216,2.0368230590727414,6.110469177218224,-0.0,0.0,0.0,-0.0,0.0,1.1194063012167668,45.68244147282426,0.0,5.422079474950794,43.88610481904913,0.0,2.0509710233826883,0.0,0.0,0.0,0.0,16.274525914473486,12.254245969346934,13.657796725889458,5.276656010528959,2.3225775623986644,0.0,132.0,19.8,46.0,45.0,0.1340073825392658,0.40796176084321484,1.0,39.907079955728655,43.33690352007455,1.833140753165467,0.0,0.48760833699474554,0.3294352005208639,0.0,0.3219555495773441,1.133469824781353,0.9436752884635764,21.25703029881708,3.0997007527296536,16.86326146017572,14.029688817748939,49.03558170814877,58.60202120672151,58.60202120672151,0.0,1.7842519322140227,0.44606298305350567,35.68503864428045,0.0,0.0,0.0,0.0,0.0,0.0,0.0,-0.8375372305627786,1.4770641103049749,-2.5828216759057696,0.06914839699494024,0.0
4,winter_heating,冬季采暖日,80.0,16.25,0.25,51.21598504169662,47.533918300482696,6.093179943593974,0.0,0.0,0.0,3.2252043252334768,54.551946020428204,0.0,0.0,13.141442833370041,4.599504991679514,5.913649275016518,11.7714636220913,37.66868359069216,2.0310599811979912,6.093179943593974,-0.0,0.0,0.0,-0.0,0.0,0.5784640820973799,45.52792996072499,0.0,3.9515854347740165,42.82427086275171,0.0,2.063389225547329,0.0,0.0,0.0,0.0,16.758169515770103,12.29087099911968,13.585275615833067,5.23953515341255,2.289521569660788,0.0,132.0,19.8,46.0,45.0,0.09919197178225712,0.4102717170956199,1.0,40.01194480691918,43.731204836444086,1.8279539830781921,0.0,0.5006856833634471,0.31646540367845905,0.0,0.3208158077697063,1.123842800833882,0.940073859046247,21.114332338906404,3.0770441468396004,16.750970742440355,14.140773818947102,49.15259581614929,57.77715034566168,57.77715034566168,0.0,2.6282885666740086,0.6570721416685021,52.56577133348017,0.0,0.0,0.0,0.0,-7.105427357601002e-15,0.0,0.0,0.0,1.4770641103049749,0.0,-0.0172892336242505,0.0
4,winter_heating,冬季采暖日,80.0,16.5,0.25,51.67992444494474,48.28085566522162,5.924632875156874,0.0,0.0,0.0,1.9619191164820078,55.0403502995546,0.0,0.0,17.361626005669972,6.076569101984489,7.8127317025514875,11.7714636220913,37.66868359069216,1.9748776250522913,5.924632875156874,-0.0,0.0,0.0,-0.0,0.0,0.26961883302832845,45.454701239745816,0.0,2.7994403719779735,42.06616389258929,0.0,2.0778083410389057,0.0,0.0,0.0,0.0,17.29697125220521,12.320217791426698,13.504555049450122,5.1994799003694805,2.2548396019890076,0.0,132.0,19.8,46.0,45.0,0.06033931683601668,0.41394488509147837,1.0,40.36683729632476,44.41838721200389,1.777389862547062,0.0,0.5092759942953258,0.30330450218499727,0.0,0.31943277195067715,1.123630964177572,0.9329283813263688,20.95887455180861,3.052517700438103,16.628590166320933,14.340469106649635,49.602116103905836,57.00226941603661,57.00226941603661,0.0,3.4723252011339945,0.8680813002834986,69.44650402267989,0.0,0.0,0.0,0.0,0.0,0.0,0.0,0.0,1.4770641103049753,0.0,-0.16854706843709977,0.0
4,winter_heating,冬季采暖日,80.0,16.75,0.25,52.063807131626696,48.92201747006991,6.008567063532839,0.0,0.0,0.0,0.8899226418226778,50.954342563406406,0.0,0.0,21.581809177969898,7.553633212289464,9.711814130086454,11.7714636220913,37.66868359069216,2.0028556878442796,6.008567063532839,-0.0,0.0,0.0,-0.0,0.0,4.346263430632636,44.30867497030682,0.0,1.5415197492912949,41.639467718724234,0.0,2.0939645934110964,0.0,0.0,0.0,0.0,17.88321913240925,12.337556015467749,13.416028843533379,5.156903781723095,2.2188675697091758,0.0,132.0,19.8,46.0,45.0,0.027369795112027997,0.3832150297468541,1.0,40.6785662626321,45.00825607246432,1.8025701190598515,0.0,0.5128958819631286,0.2901423306648075,0.0,0.3178123644919613,1.0939490529187261,0.9220769612398799,20.79180019496565,3.026317007270181,16.497024400428508,14.510113356705075,49.9698425382156,51.844265205229085,51.844265205229085,0.0,4.3163618355939795,1.0790904588984949,86.32723671187959,0.0,0.0,0.0,0.0,-7.105427357601002e-15,0.0,0.0,0.0,1.4770641103049744,0.0,0.08393418837596478,0.0
4,winter_heating,冬季采暖日,80.0,17.0,0.25,52.96030870163693,49.57211306791943,5.934303678375473,0.0,0.0,0.0,0.20920917474070266,50.718002594042545,0.0,0.0,22.388534547597096,7.835987091658983,10.074840546418693,11.7714636220913,37.66868359069216,1.9781012261251576,5.934303678375473,-0.0,0.0,0.0,-0.0,0.0,5.835261734792997,42.770864343191725,0.0,1.8285889308085768,41.13744037149419,0.0,2.111412954618162,0.0,0.0,0.0,0.0,18.50552160811043,12.338207069034446,13.320248805518894,5.112233407361841,2.181940751190348,0.0,139.92000000000002,20.988000000000003,46.0,45.0,0.006434280890395006,0.3814375751898173,1.0,41.36028453709201,45.60634402248588,1.7802911035126419,0.0,0.511338477682916,0.27715359594515426,0.0,0.3159615242270663,1.0978139345246032,0.907538618744393,20.614422964071082,2.9986588352492753,16.357312139492972,14.68191966682065,50.84889574701877,50.927211768783245,50.927211768783245,0.0,4.477706909519419,1.1194267273798548,89.55413819038839,0.0,0.0,0.0,0.0,-7.105427357601002e-15,0.0,0.0,0.0,0.28235387936951906,0.0,-0.07426338515736575,0.0
4,winter_heating,冬季采暖日,80.0,17.25,0.25,53.09665033499947,50.26123082008916,5.782366544801959,0.0,0.0,0.0,-0.0,51.02156663306336,0.0,0.0,22.388534547597096,7.835987091658983,10.074840546418693,11.7714636220913,37.66868359069216,1.9274555149339863,5.782366544801959,-0.0,0.0,0.0,-0.0,0.0,5.808486394979422,41.2401767486642,0.0,2.5177066829783055,40.454317261051,0.0,2.1295293523229923,0.0,0.0,0.0,0.0,19.14889118581058,12.317777677878714,13.217914497264278,5.065901429785418,2.144388724825195,0.0,139.92000000000002,20.988000000000003,46.0,45.0,0.0,0.38372060537706143,1.0,41.471532586072136,46.24033235448203,1.7347099634405876,0.0,0.5046929773464071,0.2644945074223913,0.0,0.31388817673815267,1.0684340819888805,0.8895239087238822,20.42820465187489,2.9697775164946316,16.210608419355736,14.864406714476335,50.96712098267648,51.02156663306336,51.02156663306336,0.0,4.477706909519419,1.1194267273798548,89.55413819038839,0.0,0.0,0.0,0.0,-7.105427357601002e-15,0.0,0.0,0.0,0.0,0.0,-0.15193713357351424,0.0
4,winter_heating,冬季采暖日,80.0,17.5,0.25,53.37928799193048,50.91147073567654,5.6893130780716525,0.0,0.0,0.0,-0.0,46.111040166037405,0.0,0.0,22.388534547597096,7.835987091658983,10.074840546418693,11.7714636220913,37.66868359069216,1.8964376926905508,5.6893130780716525,-0.0,0.0,0.0,-0.0,0.0,10.952634832164119,38.35584241557305,0.0,3.167946598565683,39.600419944903194,0.0,2.1475272168518305,0.0,0.0,0.0,0.0,19.79511374774061,12.272381167739177,13.109857622080646,5.018339687533169,2.106530659712633,0.0,139.92000000000002,20.988000000000003,46.0,45.0,0.0,0.34678974823191405,1.0,41.66691149616485,46.838553076822414,1.7067939234214957,0.0,0.4933361665647507,0.25230030782237595,0.0,0.31160120041747413,1.0735382968884541,0.8684267340320643,20.23472796932645,2.9399208035424267,16.058163151494526,15.035854499740362,51.231760775078655,46.111040166037405,46.111040166037405,0.0,4.477706909519419,1.1194267273798548,89.55413819038839,0.0,0.0,0.0,0.0,0.0,0.0,0.0,0.0,0.0,0.0,-0.09305346673030623,0.0
4,winter_heating,冬季采暖日,80.0,17.75,0.25,53.75156761035374,51.452280838058655,5.490264032349716,0.0,0.0,0.0,-0.0,43.62275635711426,0.0,0.0,22.388534547597096,7.835987091658983,10.074840546418693,11.7714636220913,37.66868359069216,1.8300880107832385,5.490264032349716,-0.0,0.0,0.0,-0.0,0.0,13.72988687613363,34.74079649815395,0.0,3.7087567009478004,38.604631129418166,0.0,2.164488918321398,0.0,0.0,0.0,0.0,20.423413757039597,12.198834122274446,12.997021758913895,4.969972677574852,2.068671053718672,0.0,139.92000000000002,20.988000000000003,46.0,45.0,0.0,0.32807598006448996,1.0,41.9409263747513,47.33609837101397,1.6470792097049147,0.0,0.47789703514657184,0.24068372153622888,0.0,0.3091103884487386,1.0642237235078589,0.8447981430115079,20.035665490207418,2.9093453248512486,15.901296633344655,15.176597238531773,51.58707869203234,43.62275635711426,43.62275635711426,0.0,4.477706909519419,1.1194267273798548,89.55413819038839,0.0,0.0,0.0,0.0,0.0,0.0,0.0,0.0,0.0,0.0,-0.19904904572193693,0.0
4,winter_heating,冬季采暖日,80.0,18.0,0.25,54.044723102444635,51.8915052045283,5.430408523216555,0.0,0.0,0.0,-0.0,43.87215048497528,0.0,0.0,22.388534547597096,7.835987091658983,10.074840546418693,11.7714636220913,37.66868359069216,1.8101361744055184,5.430408523216555,-0.0,0.0,0.0,-0.0,0.0,13.738774149550277,31.12359257686844,0.0,4.1479810674174455,37.493754848743606,0.0,2.179411172756918,0.0,0.0,0.0,0.0,21.011396164036416,12.09481760033896,12.880438365696858,4.921211489709872,2.031095991035345,0.0,139.92000000000002,20.988000000000003,46.0,45.0,0.0,0.32995161172450055,1.0,42.1684964164601,47.74018478816604,1.6291225569649666,0.0,0.4591990989620143,0.22973429398052927,0.0,0.3064264068711929,1.0329396459361981,0.8193053203835196,19.832745846442073,2.878311790059176,15.741372919939487,15.288915654831078,51.86531192968772,43.87215048497528,43.87215048497528,0.0,4.477706909519419,1.1194267273798548,89.55413819038839,0.0,0.0,0.0,0.0,-7.105427357601002e-15,0.0,0.0,0.0,0.0,0.0,-0.05985550913316029,0.0
4,winter_heating,冬季采暖日,80.0,18.25,0.25,54.124643439028695,52.501006972746204,5.21228044171843,0.0,0.0,0.0,-0.0,42.68361488455801,0.0,0.0,22.388534547597096,7.835987091658983,10.074840546418693,11.7714636220913,37.66868359069216,1.7374268139061433,5.21228044171843,-0.0,0.0,0.0,-0.0,0.0,14.922669963011852,27.19501798592069,0.0,4.757482835635349,36.22303880404677,0.0,2.191261935797286,0.0,0.0,0.0,0.0,21.536214723458645,11.958994276140206,12.761200118004814,4.872448317189649,1.9940699735316383,0.0,139.92000000000002,20.988000000000003,46.0,45.0,0.0,0.32101292892425976,1.0,42.23636659368952,48.30092641492651,1.5636841325155288,0.0,0.4381877825748253,0.2195185572596013,0.0,0.30356074890600415,0.9917130122430574,0.7926808607967228,19.6277184087261,2.847080105431675,15.579772025769632,15.449010412979804,51.93338150323141,42.68361488455801,42.68361488455801,0.0,4.477706909519419,1.1194267273798548,89.55413819038839,0.0,0.0,0.0,0.0,-7.105427357601002e-15,0.0,0.0,0.0,0.0,0.0,-0.21812808149812568,0.0
4,winter_heating,冬季采暖日,80.0,18.5,0.25,54.45811460808443,53.08669050847555,4.974254934555919,0.0,0.0,0.0,-0.0,40.750363160033096,0.0,0.0,22.388534547597096,7.835987091658983,10.074840546418693,11.7714636220913,37.66868359069216,1.6580849781853064,4.974254934555919,-0.0,0.0,0.0,-0.0,0.0,17.102268107161155,22.693061364715824,0.0,5.343166371364694,34.79883087112773,0.0,2.199044849507797,0.0,0.0,0.0,0.0,21.975887485726417,11.791075628625205,12.64043273320543,4.824051636453525,1.9578333617716144,0.0,139.92000000000002,20.988000000000003,46.0,45.0,0.0,0.3064734200256791,1.0,42.49564230980864,48.83975526779751,1.4922764803667756,0.0,0.415851752434423,0.2100809264908743,0.0,0.30052568574052324,0.9581481365341086,0.76566846199938,19.422317731430567,2.8159045621360415,15.417861959725828,15.602607478408327,52.25906975857663,40.750363160033096,40.750363160033096,0.0,4.477706909519419,1.1194267273798548,89.55413819038839,0.0,0.0,0.0,0.0,-7.105427357601002e-15,0.0,0.0,0.0,0.0,0.0,-0.23802550716251059,0.0
4,winter_heating,冬季采暖日,80.0,18.75,0.25,54.06917313935657,53.64478177227475,4.720583014941524,-0.0,0.0,-0.0,-0.0,42.88878370341349,0.0,0.0,22.388534547597096,7.835987091658983,10.074840546418693,11.7714636220913,37.66868359069216,1.5735276716471747,4.720583014941524,-0.0,0.0,0.0,-0.0,0.0,14.487527472959801,18.879419481921325,0.0,5.901257635163892,33.22846892012272,0.0,2.201866165062773,0.0,0.0,0.0,0.0,22.31065749814865,11.591836436894749,12.519266452188361,4.776362125908751,1.922600443223189,0.0,139.92000000000002,20.988000000000003,46.0,45.0,0.0,0.32255595295450784,1.0,42.20878408360658,49.35319923049277,1.4161749044824572,0.0,0.393147238624638,0.2014452085426006,0.0,0.29733421398117615,0.9027464398708313,0.7389712580077045,19.2182290213203,2.7850292544352797,15.256971580109143,15.748715946089805,51.8673069742938,42.88878370341349,42.88878370341349,0.0,4.477706909519419,1.1194267273798548,89.55413819038839,0.0,0.0,0.0,0.0,-7.105427357601002e-15,0.0,0.0,-0.0,0.0,0.0,-0.25367191961439506,0.0
4,winter_heating,冬季采暖日,80.0,19.0,0.25,54.047351874608985,54.221453809959314,4.5026376087243865,0.0,0.0,0.0,-0.0,43.502140728512444,0.0,0.0,22.388534547597096,7.835987091658983,10.074840546418693,11.7714636220913,37.66868359069216,1.5008792029081288,4.5026376087243865,-0.0,0.0,0.0,-0.0,0.0,13.782568468734926,15.251483808648565,0.0,6.477929672848459,31.507136350702545,0.0,2.1989984107020573,0.0,0.0,0.0,0.0,22.5242838205463,11.363077101503396,12.398808312270113,4.729689369961839,1.8885581275123642,0.0,139.92000000000002,20.988000000000003,46.0,45.0,0.0,0.3271688597018817,1.0,42.18382161822999,49.88373750516257,1.3507912826173158,0.0,0.3709332161285416,0.19361659102509993,0.0,0.294,0.8798987527917842,0.713208183212569,19.017055809744317,2.7546838721182647,15.09836519354677,15.900322679337782,51.848353463906925,43.502140728512444,43.502140728512444,0.0,4.477706909519419,1.1194267273798548,89.55413819038839,0.0,0.0,0.0,0.0,0.0,0.0,0.0,0.0,0.0,0.0,-0.21794540621713754,0.0
4,winter_heating,冬季采暖日,80.0,19.25,0.25,53.64136488903271,54.63042088028738,4.288627679754855,-0.0,0.0,-0.0,-0.0,44.37754005218456,0.0,0.0,22.388534547597096,7.835987091658983,10.074840546418693,11.7714636220913,37.66868359069216,1.429542559918285,4.288627679754855,-0.0,-0.0,0.0,-0.0,0.0,12.438908892527362,11.977324157477248,0.0,6.886896743176527,29.67904153432285,0.0,2.189935034671389,0.0,0.0,0.0,0.0,22.605147304754997,11.107537463158371,12.280116251359724,4.684309370871468,1.8558652521421384,0.0,139.92000000000002,20.988000000000003,46.0,45.0,0.0,0.3337525218783476,1.0,41.87861637634166,50.25998720986439,1.2865883039264565,0.0,0.3499231370079924,0.1865839739629352,0.0,0.2905373214131401,0.8340134165622614,0.6888822278147194,18.820290874373327,2.7250799923913016,14.943219716552388,16.00531834153577,51.45142985436132,44.37754005218456,44.37754005218456,0.0,4.477706909519419,1.1194267273798548,89.55413819038839,0.0,0.0,0.0,0.0,-7.105427357601002e-15,0.0,0.0,-0.0,0.0,0.0,-0.21400992896953142,-0.0
4,winter_heating,冬季采暖日,80.0,19.5,0.25,52.942971061445235,55.00319336020831,4.298246467496602,0.0,0.0,0.0,-0.0,48.5137353500598,0.0,0.0,22.388534547597096,7.835987091658983,10.074840546418693,11.7714636220913,37.66868359069216,1.4327488224988674,4.298246467496602,-0.0,0.0,0.0,-0.0,0.0,7.623030192067315,9.970664714409555,0.0,7.259669223097452,27.753762744319516,0.0,2.174430872249305,0.0,0.0,0.0,0.0,22.547068111967842,10.828768599473547,12.164175943336142,4.640462868235925,1.8246524673583497,0.0,139.92000000000002,20.988000000000003,46.0,45.0,0.0,0.36485982548336726,1.0,41.333352012020136,50.60293789139165,1.2894739402489805,0.0,0.3306561661869084,0.18032250892475593,0.0,0.2869610059419054,0.805805058865482,0.6663625300079263,18.629291278930417,2.6964079723016403,14.7926050789831,16.100568614441706,50.76854018919593,48.5137353500598,48.5137353500598,0.0,4.477706909519419,1.1194267273798548,89.55413819038839,0.0,0.0,0.0,0.0,0.0,0.0,0.0,0.0,0.0,0.0,0.00961878774174707,0.0
4,winter_heating,冬季采暖日,80.0,19.75,0.25,52.24705875690209,55.18832438749284,4.047252140754068,0.0,0.0,0.0,-0.0,49.57723843100466,0.0,0.0,22.388534547597096,7.835987091658983,10.074840546418693,11.7714636220913,37.66868359069216,1.3490840469180228,4.047252140754068,-0.0,0.0,0.0,-0.0,0.0,5.801856384538237,8.443361869453245,0.0,7.444800250381986,25.780727902320518,0.0,2.1525245187095328,0.0,0.0,0.0,0.0,22.34975672649533,10.530971349319326,12.051881088524576,4.5983544447590745,1.795022656174443,0.0,139.92000000000002,20.988000000000003,46.0,45.0,0.0,0.37285816957529644,1.0,40.805436864315816,50.773258436493414,1.2141756422262204,0.0,0.3134880762238494,0.1747962193625283,0.0,0.2832863679181897,0.7604477774013697,0.6458803003052502,18.44525818945809,2.6688345150379598,14.647468383987572,16.143703262190122,50.09453423819256,49.57723843100466,49.57723843100466,0.0,4.477706909519419,1.1194267273798548,89.55413819038839,0.0,0.0,0.0,0.0,-7.105427357601002e-15,0.0,0.0,0.0,0.0,0.0,-0.25099432674253386,0.0
4,winter_heating,冬季采暖日,80.0,20.0,0.25,51.41815436740751,55.223397861817574,3.8623771673194947,0.0,0.0,0.0,-0.0,49.0704775063552,0.0,0.0,22.388534547597096,7.835987091658983,10.074840546418693,11.7714636220913,37.66868359069216,1.2874590557731649,3.8623771673194947,-0.0,0.0,0.0,-0.0,0.0,5.44607204553051,7.009762847272796,0.0,7.479873724706719,23.79944971607812,0.0,2.124540401727276,0.0,0.0,0.0,0.0,22.01885457609751,10.218811895421911,11.944017683308669,4.558152377957555,1.7670518352263433,0.0,139.92000000000002,20.988000000000003,46.0,45.0,0.0,0.36904694578073116,1.0,40.16003774431033,50.80552603287217,1.1587131501958483,0.0,0.2985995465372455,0.16996059010129258,0.0,0.27952914270615126,0.7354609762892382,0.6275368992380788,18.269221896492567,2.6425009537791952,14.508622159387226,16.145272921886267,49.29361396568024,49.0704775063552,49.0704775063552,0.0,4.477706909519419,1.1194267273798548,89.55413819038839,0.0,0.0,0.0,0.0,-7.105427357601002e-15,0.0,0.0,0.0,0.0,0.0,-0.1848749734345736,0.0
4,winter_heating,冬季采暖日,80.0,20.25,0.25,50.469534560262154,55.27845947543101,3.7375907465850697,0.0,0.0,0.0,-0.0,51.937955855311195,0.0,0.0,19.964364555673935,6.9875275944858775,8.98396405005327,11.7714636220913,37.66868359069216,1.2458635821950232,3.7375907465850697,-0.0,0.0,0.0,-0.0,0.0,2.4703079830672188,6.359331310954849,0.0,8.625811834685582,21.517599508408086,0.0,2.0910703316841865,0.0,0.0,0.0,0.0,21.565560171396314,9.897225543487918,11.841252581972414,4.519989181152683,1.7407904742722486,0.0,139.92000000000002,20.988000000000003,46.0,45.0,0.0,0.3906125424602729,1.0,39.417067541001344,50.856182717396536,1.1212772239755209,0.0,0.2860179040995913,0.16576503177545743,0.0,0.2757054193209677,0.7185777254175358,0.6113212098225449,18.102032237397346,2.6175222667840674,14.376736851205811,16.152910072981904,48.37846422857797,51.937955855311195,51.937955855311195,0.0,3.9928729111347874,0.9982182277836968,79.85745822269575,0.0,0.0,0.0,0.0,-7.105427357601002e-15,-7.105427357601002e-15,0.0,0.0,-0.8484594971731054,0.0,-0.12478642073442492,0.0
4,winter_heating,冬季采暖日,80.0,20.5,0.25,49.24314921254652,55.20252258431479,3.726520061171183,0.0,0.0,0.0,-0.0,53.61683932407205,0.0,0.0,15.74418138337401,5.510463484180903,7.084881622518305,11.7714636220913,37.66868359069216,1.2421733537237276,3.726520061171183,-0.0,0.0,0.0,-0.0,0.0,1.0765470603907268,6.075711486391741,0.0,10.448957371104326,18.75711508467906,0.0,2.0529363197178623,0.0,0.0,0.0,0.0,21.005876990294922,9.571219851515666,11.744126454203553,4.4839627637715305,1.7162651668298874,0.0,139.92000000000002,20.988000000000003,46.0,45.0,0.0,0.40323901051100075,1.0,38.448636193340285,50.786320777569614,1.1179560183513548,0.0,0.27564747893904973,0.16215514596891445,0.0,0.2718315715332031,0.7155808359383361,0.5971328595859007,17.94435438480497,2.593986808685877,14.252337531239807,16.124351074739245,47.190212892828654,53.61683932407205,53.61683932407205,0.0,3.148836276674802,0.7872090691687005,62.97672553349604,0.0,0.0,0.0,0.0,0.0,0.0,0.0,0.0,-1.4770641103049744,0.0,-0.011070685413886672,0.0
4,winter_heating,冬季采暖日,80.0,20.75,0.25,48.02412355981341,55.13869941865416,3.6180347249964986,0.0,0.0,0.0,-0.0,53.12308941989954,0.0,0.0,11.523998211074083,4.033399373875929,5.185799194983337,12.112991829383239,38.761573854026366,1.206011574998833,3.6180347249964986,-0.0,0.0,0.0,-0.0,0.0,2.1754999299939666,5.502907719240062,0.0,11.19132636964446,15.802650640388181,0.0,2.011138240426046,0.0,0.0,0.0,0.0,20.359555140434413,9.245687532791216,11.653051044584522,4.450138130862656,1.6934805816070466,0.0,139.92000000000002,20.988000000000003,46.0,45.0,0.0,0.3995256393890101,1.0,37.493082674573465,50.727603465161835,1.0854104174989496,0.0,0.2673037035724435,0.15907473742499256,0.0,0.2679241877538086,0.7058224828593842,0.584807834549322,17.796669757054225,2.571956716858971,14.135804626074885,16.099673392381447,46.01298531938737,53.12308941989954,53.12308941989954,0.0,2.304799642214817,0.5761999105537042,46.09599284429634,0.0,0.0,0.0,0.0,0.0,0.0,0.0,0.0,-1.4770641103049744,1.0928902633342048,-0.10848533617468448,0.0
4,winter_heating,冬季采暖日,80.0,21.0,0.25,46.84180210045749,54.65539540604831,3.4990330104168543,0.0,0.0,0.0,-0.0,55.175835377473966,0.0,0.0,7.303815038774151,2.556335263570953,3.286716767448368,13.022182292886875,41.670983337238,1.166344336805618,3.4990330104168543,-0.0,0.0,0.0,-0.0,0.0,1.331366826948532,5.152272882551906,0.0,9.69769530136194,13.242724235762216,0.0,1.966791262156533,0.0,0.0,0.0,0.0,19.648825798151762,8.925238184683195,11.568310465385279,4.418549534876894,1.6724216238937528,0.0,139.92000000000002,20.988000000000003,46.0,45.0,0.0,0.41496383491112354,1.0,36.569507088562844,50.28296377356445,1.0497099031250563,0.0,0.26074670272646333,0.15646753967570934,0.0,0.264,0.6939000351418828,0.5741434776166627,17.659281624155927,2.5514689293807,14.02737833219815,15.958030568784555,44.87501083830096,55.175835377473966,55.175835377473966,0.0,1.4607630077548304,0.3651907519387076,29.21526015509661,0.0,0.0,0.0,0.0,0.0,0.0,0.0,0.0,-1.4770641103049758,2.9094094832116326,-0.11900171457964426,0.0
4,winter_heating,冬季采暖日,80.0,21.25,0.25,45.6169813681411,54.20742729439865,3.37121007254056,0.0,0.0,0.0,-0.0,60.24657348195623,0.0,0.0,3.0836318664742324,1.0792711532659813,1.3876343399134046,16.506185298276637,52.819792954485244,1.1237366908468533,3.37121007254056,-0.0,0.0,0.0,-0.0,0.0,0.0,5.152015268907778,0.0,0.0,13.236102873644336,0.0,1.9210587220423712,0.0,0.0,0.0,0.0,18.897042531113566,8.614056031797292,11.490066108396734,4.389202989109877,1.6530557377363582,0.0,139.92000000000002,20.988000000000003,46.0,45.0,0.0,0.453099604225184,1.0,35.63412058091006,49.87083311084676,1.0113630217621679,0.0,0.25571116321869186,0.15427863876995787,0.0,0.2600758122461914,0.6564685859229903,0.5649206107799282,17.53232483524297,2.5325367333493842,13.927166266354124,15.826765914352958,43.69592264609872,60.24657348195623,60.24657348195623,0.0,0.6167263732948465,0.15418159332371162,12.33452746589693,0.0,0.0,0.0,0.0,0.0,0.0,0.0,0.0,-1.4770641103049715,11.148809617247245,-0.1278229378762945,0.0
4,winter_heating,冬季采暖日,80.0,21.5,0.25,44.395760605906545,53.77500908838223,3.1419208418448603,0.0,-0.0,0.0,-0.0,62.19913049928476,0.0,0.0,0.0,-0.0,-0.0,17.420015026948814,55.74404808623621,1.04730694728162,3.1419208418448603,-0.0,0.0,1.2100495052724414,0.7098247201888561,0.0010846347934551958,0.0,5.152015268907778,2.678863718042841,0.0,13.86571495524269,0.0,1.8750862209181127,0.0,0.0,0.0,0.0,18.12734557537405,8.315788693720116,11.418364650286996,4.3620790515751535,1.6353352832366128,0.0,139.92000000000002,20.988000000000003,46.0,45.0,0.0,0.46778430346444666,1.0,34.68590731270283,49.47300836131165,0.942576252553458,0.0,0.2519304906886371,0.15245559570476766,0.0,0.2561684284667969,0.6406504443129104,0.5569213866597938,17.415778985098765,2.515151749630022,13.835153815508852,15.700329219855627,42.52067438498843,62.19913049928476,62.19913049928476,0.0,0.0,0.0,0.0,0.0,0.0,-0.0,0.0,-7.105427357601002e-15,0.0,0.0,0.0,-1.0792711532659813,2.924255131750968,-0.2292892306956995,0.0
4,winter_heating,冬季采暖日,80.0,21.75,0.25,43.178048328779894,53.241855766046726,3.146062438714218,0.0,0.6551916775558569,-0.6551916775558569,-0.0,66.34066093224006,0.0,0.0,0.0,-0.0,-0.0,17.420015026948814,55.74404808623621,1.048687479571406,3.146062438714218,-0.0,0.0,3.041506694539966,1.7841721590707,0.9972117248441156,0.0,5.38859545279481,4.286364479260186,0.0,14.876793661589364,0.0,0.0,0.0,0.0,0.0,0.0,17.36145450501485,8.033469682296884,11.35314855138413,4.33713579020443,1.6191999284026473,0.0,139.92000000000002,20.988000000000003,46.0,45.0,0.0,0.49893173130315377,1.0,33.73878178375765,48.98250730476299,0.9438187316142653,0.0,0.24915442883857536,0.15094928121062282,0.0,0.2522945806790323,0.6282541251439887,0.549942304921644,17.30948426999121,2.4992862526514754,13.751216598105339,15.546146464821915,43.178048328779894,66.34066093224006,66.34066093224006,0.0,0.0,0.0,0.0,0.0,0.0,0.0,0.0,-1.4210854715202004e-14,0.0,0.0,-0.6551916775558569,0.0,0.0,0.004141596869357667,0.0
4,winter_heating,冬季采暖日,80.0,22.0,0.25,42.01369662890231,52.713050438962824,3.069763982605852,0.0,0.6551916775558569,-0.6551916775558569,-0.0,69.21985088546363,0.0,0.0,0.0,-0.0,-0.0,17.420015026948814,55.74404808623621,1.0232546608686173,3.069763982605852,-0.0,0.0,3.041506694539966,1.7841721590707,5.066186196648063,0.0,6.591545244726085,4.8151698063440875,0.0,16.012958093765292,0.0,0.0,0.0,0.0,0.0,0.0,16.61867369963756,7.7694750819491425,11.29426840984115,4.314311844808757,1.6045790012890015,0.0,62.0,9.299999999999999,46.0,45.0,0.0,0.5205854080667864,1.0,32.854839027275204,48.4960064038458,0.9209291947817555,0.0,0.247160280304221,0.1497144465025629,0.0,0.24847085729384874,0.5892908407218072,0.5438025124944176,17.21315925593891,2.4848957215300946,13.67513442713971,15.393623290726314,42.01369662890231,69.21985088546363,69.21985088546363,0.0,0.0,0.0,0.0,0.0,0.0,0.0,0.0,-7.105427357601002e-15,0.0,0.0,0.0,0.0,0.0,-0.07629845610836616,0.0
4,winter_heating,冬季采暖日,80.0,22.25,0.25,41.06880263906872,52.37369261481956,2.9047576496032055,0.0,0.6551916775558569,-0.6551916775558569,-0.0,69.1896382739093,0.0,0.0,0.0,-0.0,-0.0,17.420015026948814,55.74404808623621,0.9682525498677351,2.9047576496032055,-0.0,0.0,3.041506694539966,1.7841721590707,6.0358696859281995,0.0,8.024734717871796,5.154527630487351,0.0,17.229151926959158,0.0,0.0,0.0,0.0,0.0,0.0,15.915166983795963,7.525512827490736,11.241496529638164,4.29352950778261,1.5913937553560473,0.0,62.0,9.299999999999999,46.0,45.0,0.0,0.520358186474807,1.0,32.105982749129836,48.183797205634,0.8714272948809616,0.0,0.24575854350041373,0.14871006050495836,0.0,0.2447136320818103,0.5974760188797967,0.538347985382472,17.126419792776822,2.47192152113578,13.606606173667167,15.294567168736176,41.06880263906872,69.1896382739093,69.1896382739093,0.0,0.0,0.0,0.0,0.0,0.0,0.0,0.0,0.0,0.0,0.0,0.0,0.0,0.0,-0.16500633300264633,0.0
4,winter_heating,冬季采暖日,80.0,22.5,0.25,39.96757025000506,51.733175355925894,2.8717453826566572,0.0,0.6551916775558569,-0.6551916775558569,-0.0,69.11283268460744,0.0,0.0,0.0,-0.0,-0.0,17.420015026948814,55.74404808623621,0.9572484608855524,2.8717453826566572,-0.0,0.0,3.041506694539966,1.7841721590707,7.071300574672188,0.0,9.703767367620548,5.795044889381018,0.0,18.59686051222367,0.0,0.0,0.0,0.0,0.0,0.0,15.263526793984916,7.302641291889582,11.194541087892606,4.274697753660234,1.5795595087182277,0.0,62.0,9.299999999999999,46.0,45.0,0.0,0.5197805506010361,1.0,31.211766154991246,47.59452132745182,0.8615236147969971,0.0,0.2447941530463402,0.14789944809648126,0.0,0.24103899405809462,0.6363988394707224,0.5334524547744611,17.048798350271067,2.460293618123965,13.54526496298116,15.11158563152135,39.96757025000506,69.11283268460744,69.11283268460744,0.0,0.0,0.0,0.0,0.0,0.0,0.0,0.0,0.0,0.0,0.0,0.0,0.0,0.0,-0.03301226694654824,0.0
4,winter_heating,冬季采暖日,80.0,22.75,0.25,39.29599070651184,51.41263101166973,2.7642806135650337,0.0,0.6551916775558569,-0.6551916775558569,-0.0,72.07485468904518,0.0,0.0,0.0,-0.0,-0.0,17.420015026948814,55.74404808623621,0.9214268711883445,2.7642806135650337,-0.0,0.0,3.041506694539966,1.7841721590707,10.74072371230036,0.0,12.254204060923502,6.115589233637181,0.0,20.04001452495639,0.0,0.0,0.0,0.0,0.0,0.0,14.67263320496067,7.1013126149945025,11.153060339265485,4.257715156898589,1.5689876259172395,0.0,62.0,9.299999999999999,46.0,45.0,0.0,0.5420571867705435,1.0,30.68676416288296,47.299620530736156,0.8292841840695101,0.0,0.24414462056014619,0.14725026544564618,0.0,0.2374626785868599,0.6322110335217617,0.5290160179507007,16.979763122081312,2.449933246655397,13.490693190220277,15.018571668484515,39.29599070651184,72.07485468904518,72.07485468904518,0.0,0.0,0.0,0.0,0.0,0.0,0.0,0.0,0.0,0.0,0.0,0.0,0.0,0.0,-0.1074647690916235,0.0
4,winter_heating,冬季采暖日,80.0,23.0,0.25,38.46549317551717,50.96765680801544,2.549756998098103,0.0,0.6551916775558569,-0.6551916775558569,-0.0,74.00506445029853,0.0,0.0,0.0,-0.0,-0.0,17.420015026948814,55.74404808623621,0.8499189993660344,2.549756998098103,-0.0,0.0,3.041506694539966,1.7841721590707,13.572938876370694,0.0,15.477164333858495,6.560563437291471,0.0,21.588128334050637,0.0,0.0,0.0,0.0,0.0,0.0,14.147772503886802,6.921435383342914,11.116676366861743,4.242472647229077,1.5595873187619862,0.0,62.0,9.299999999999999,46.0,45.0,0.0,0.5565738178144221,1.0,30.039937406717534,46.89024426337421,0.7649270994294309,0.0,0.24371628524360414,0.1467343479447955,0.0,0.23399999999999999,0.6257815166752551,0.5249623128208388,16.918736332852806,2.44075545065228,13.442436912277795,14.891067435399808,38.46549317551717,74.00506445029853,74.00506445029853,0.0,0.0,0.0,0.0,0.0,0.0,0.0,0.0,0.0,0.0,0.0,0.0,0.0,0.0,-0.21452361546693055,0.0
4,winter_heating,冬季采暖日,80.0,23.25,0.25,37.83013193761159,50.635233652560245,2.58712933437329,0.0,0.6551916775558569,-0.6551916775558569,-0.0,72.07748396715841,0.0,0.0,0.0,-0.0,-0.0,17.420015026948814,55.74404808623621,0.8623764447910967,2.58712933437329,-0.0,0.0,3.041506694539966,1.7841721590707,12.26826218571109,0.0,18.390102744748184,6.8929865927466665,0.0,23.214418585660948,0.0,0.0,0.0,0.0,0.0,0.0,13.690966120012126,6.762450909045881,11.084987973608916,4.228856062181404,1.5512672503706577,0.0,62.0,9.299999999999999,46.0,45.0,0.0,0.5420769609220619,1.0,29.53973893626658,46.584414960355424,0.776138800311987,0.0,0.24343967611302514,0.1463274640692943,0.0,0.23066578601882387,0.6269217470895153,0.5212349876593652,16.865111286160978,2.4326714431072674,13.400019253157836,14.7954020127581,37.83013193761159,72.07748396715841,72.07748396715841,0.0,0.0,0.0,0.0,0.0,0.0,0.0,0.0,0.0,0.0,0.0,0.0,0.0,0.0,0.03737233627518677,0.0
4,winter_heating,冬季采暖日,80.0,23.5,0.25,37.23494987844804,50.31223025967734,2.529483609919074,0.0,0.6551916775558569,-0.6551916775558569,-0.0,74.64217708876564,0.0,0.0,0.0,-0.0,-0.0,17.420015026948814,55.74404808623621,0.8431612033063579,2.529483609919074,-0.0,0.0,3.041506694539966,1.7841721590707,15.447352607966595,0.0,22.05792948400301,7.2159899856295695,0.0,24.91660899795514,0.0,0.0,0.0,0.0,0.0,0.0,13.30144977676652,6.6234174145954245,11.05758239947434,4.216748466565439,1.5439369336234074,0.0,62.0,9.299999999999999,46.0,45.0,0.0,0.5613653846646557,1.0,29.08012686711104,46.28725183890316,0.7588450829757222,0.0,0.2432647293814631,0.14600900515640242,0.0,0.22747431425947676,0.6165744254265673,0.5177940137542892,16.818267799663186,2.4255907373158494,13.362952545045115,14.702672998087104,37.23494987844804,74.64217708876564,74.64217708876564,0.0,0.0,0.0,0.0,0.0,0.0,0.0,0.0,-7.105427357601002e-15,0.0,0.0,0.0,0.0,0.0,-0.05764572445421612,0.0
4,winter_heating,冬季采暖日,80.0,23.75,0.25,36.66484247586565,49.95783280277307,2.434097325462325,0.0,0.6551916775558569,-0.6551916775558569,-0.0,74.18555220589627,0.0,0.0,0.0,-0.0,-0.0,17.420015026948814,55.74404808623621,0.8113657751541083,2.434097325462325,-0.0,0.0,3.041506694539966,1.7841721590707,15.592630555831876,0.0,25.760076344538888,7.570387442533843,0.0,26.70211771105797,0.0,0.0,0.0,0.0,0.0,0.0,12.976239717717545,6.503096844611147,11.034045642359668,4.206032218477407,1.5375079216242937,0.0,62.0,9.299999999999999,46.0,45.0,0.0,0.5579312216616852,1.0,28.641254862185008,45.96120617855122,0.7302291976386975,0.0,0.24315634853780663,0.14576163705066364,0.0,0.22443925109399585,0.6050441985276352,0.5146122058613579,16.77758578246137,2.419423019166438,13.330749012500604,14.601427188147028,36.66484247586565,74.18555220589627,74.18555220589627,0.0,0.0,0.0,0.0,0.0,0.0,0.0,0.0,-7.105427357601002e-15,0.0,0.0,0.0,0.0,0.0,-0.0953862844567488,0.0
5,holiday_return,春节返乡日,30.0,0.0,0.25,34.36564543454299,34.702979936087765,3.4720535789939304,0.0,5.0,-5.0,-0.0,62.46435807536094,0.0,0.0,0.0,-0.0,-0.0,12.748845119556945,40.79630438258223,1.1573511929979767,3.4720535789939304,-0.0,0.0,3.041506694539966,1.7841721590707,6.151009633723056,0.0,27.219653128730886,7.877496605565163,0.0,28.55967209602417,0.0,0.0,0.0,0.0,0.0,0.0,14.200327252248394,6.169663082094346,7.609660644643136,4.503062487565456,1.1275212648659492,0.0,52.0,7.8,45.0,45.0,0.0,0.469779014579191,1.0,24.82205883932151,30.538622343757233,1.2152187526478755,0.0,0.18000007778333918,0.12500901469191342,0.0,0.21234136008177348,0.5019976851363728,0.4402324597487443,13.240244397074543,1.9717652033894673,10.619984352831423,10.28003320878568,34.36564543454299,62.46435807536094,62.46435807536094,0.0,0.0,0.0,0.0,0.0,0.0,0.0,0.0,0.0,0.0,0.0,-5.0,0.0,-8.018904598754858,-0.10980469738637266,0.0
5,holiday_return,春节返乡日,30.0,0.25,0.25,34.1581611111117,34.94053222660779,3.414775164246354,0.0,5.0,-5.0,-0.0,63.829934510074196,0.0,0.0,0.0,-0.0,-0.0,12.748845119556945,40.79630438258223,1.138258388082118,3.414775164246354,-0.0,0.0,3.041506694539966,1.7841721590707,7.743163196783463,0.0,29.057293405310524,7.639944315045135,0.0,30.359879034799377,0.0,0.0,0.0,0.0,0.0,0.0,14.203654366828866,6.172756266833757,7.618921435951184,4.503803890621053,1.1281072717225091,0.0,52.0,7.8,45.0,45.0,0.0,0.4800491777826324,1.0,24.657742119734266,30.74766835941486,1.1951713074862238,0.0,0.18000019078544677,0.1250130708356092,0.0,0.2097692110699588,0.5193424001173369,0.43779264781832183,13.250832598294746,1.9731388724048837,10.628267301616237,10.34671264360992,34.1581611111117,63.829934510074196,63.829934510074196,0.0,0.0,0.0,0.0,0.0,0.0,0.0,0.0,0.0,0.0,0.0,0.0,0.0,0.0,-0.057278414747576445,0.0
5,holiday_return,春节返乡日,30.0,0.5,0.25,34.08742382018034,35.114109618072675,3.2450607601756847,0.0,5.0,-5.0,-0.0,69.0566755296079,0.0,0.0,0.0,-0.0,-0.0,12.748845119556945,40.79630438258223,1.0816869200585615,3.2450607601756847,-0.0,0.0,3.041506694539966,1.7841721590707,13.097212975272086,0.0,32.166428622267375,7.466366923580253,0.0,32.11796123963229,0.0,0.0,0.0,0.0,0.0,0.0,14.213275793946348,6.17673712295853,7.629607681900323,4.504706361083105,1.1288145519232595,0.0,52.0,7.8,45.0,45.0,0.0,0.5193582065035361,1.0,24.60460058611286,30.900416463903955,1.1357712660614896,0.0,0.1800004551349306,0.12501882087812669,0.0,0.20738218293325397,0.5192706883171415,0.4355303311713567,13.263128594906687,1.974739268246115,10.63788793979847,10.395513821293186,34.08742382018034,69.0566755296079,69.0566755296079,0.0,0.0,0.0,0.0,0.0,0.0,0.0,0.0,0.0,0.0,0.0,0.0,0.0,0.0,-0.1697144040706693,0.0
5,holiday_return,春节返乡日,30.0,0.75,0.25,34.02714243463909,35.32539163721898,3.3635622966442176,0.0,5.0,-5.0,-0.0,70.62733223410044,0.0,0.0,0.0,-0.0,-0.0,12.748845119556945,40.79630438258223,1.1211874322147393,3.3635622966442176,-0.0,0.0,3.041506694539966,1.7841721590707,14.688650553149692,0.0,35.65337480720931,7.25508490443395,0.0,33.824984923815535,0.0,0.0,0.0,0.0,0.0,0.0,14.229310921026574,6.18182666118169,7.641877480470062,4.505800240548684,1.129664567328399,0.0,52.0,7.8,45.0,45.0,0.0,0.5311707277814863,1.0,24.56238282872141,31.0863446407527,1.177246803825476,0.0,0.18000105601808747,0.12502691289880574,0.0,0.20519049729260364,0.514743968705963,0.43345593324955983,13.277342288347144,1.9765955457674182,10.649011130114966,10.45491329978432,34.02714243463909,70.62733223410044,70.62733223410044,0.0,0.0,0.0,0.0,0.0,0.0,0.0,0.0,0.0,0.0,0.0,0.0,0.0,0.0,0.1185015364685329,0.0
5,holiday_return,春节返乡日,30.0,1.0,0.25,34.07288760261142,35.51221653913066,3.408825253526362,0.0,5.0,-5.0,-0.0,71.1459184360062,0.0,0.0,0.0,-0.0,-0.0,12.748845119556945,40.79630438258223,1.1362750845087872,3.408825253526362,-0.0,0.0,3.041506694539966,1.7841721590707,15.146403934789078,0.0,39.24886307298136,7.0682600025222655,0.0,35.486784181952665,0.0,0.0,0.0,0.0,0.0,0.0,14.25194802868096,6.188290661360224,7.655894987806781,4.5071204969234175,1.130681758083195,0.0,52.0,7.8,45.0,45.0,0.0,0.5350708865666248,1.0,24.615452211282925,31.250750554434983,1.1930888387342267,0.0,0.1800023830810334,0.12503821775222632,0.0,0.20320353928239474,0.4841754014573578,0.43157942645200204,13.293697242813394,1.9787390747613318,10.661812583663327,10.507512987165434,34.07288760261142,71.1459184360062,71.1459184360062,0.0,0.0,0.0,0.0,0.0,0.0,0.0,0.0,0.0,0.0,0.0,0.0,0.0,0.0,0.04526295688214432,0.0
5,holiday_return,春节返乡日,30.0,1.25,0.25,33.94356639655971,35.79894228297481,3.389080477454121,0.0,5.0,-5.0,-0.0,71.4485385281509,0.0,0.0,0.0,-0.0,-0.0,12.748845119556945,40.79630438258223,1.129693492484707,3.389080477454121,-0.0,0.0,3.041506694539966,1.7841721590707,15.584926825009575,0.0,42.94832075076748,6.781534258678121,0.0,37.07965517629774,0.0,0.0,0.0,0.0,0.0,0.0,14.281490102384126,6.196445859167049,7.671828452098505,4.508707192346344,1.1318937836244212,0.0,52.0,7.8,45.0,45.0,0.0,0.5373468175624752,1.0,24.498819273329456,31.50306920901783,1.1861781671089422,0.0,0.18000523049182804,0.1250538956691859,0.0,0.2014298173618704,0.5145264251859099,0.4299104939403238,13.312429428069269,1.981203341271535,10.676477902264272,10.58814129567305,33.94356639655971,71.4485385281509,71.4485385281509,0.0,0.0,0.0,0.0,0.0,0.0,0.0,0.0,0.0,0.0,0.0,0.0,0.0,0.0,-0.0197447760722409,0.0
5,holiday_return,春节返乡日,30.0,1.5,0.25,33.855130023368126,35.98388419137586,3.4134190527129404,0.0,5.0,-5.0,0.0,70.19155802180119,-0.0,1.0356910097962952,0.0,-0.0,-0.0,12.748845119556945,40.79630438258223,1.1378063509043135,3.4134190527129404,-0.0,0.0,3.041506694539966,1.7841721590707,14.40826983343183,0.0,46.36813742017,6.596592350277071,0.0,38.6278060319004,0.0,0.0,0.0,0.0,0.0,0.0,14.318415701958726,6.206666216575438,7.689847825099269,4.510605948421964,1.1333317474036817,0.0,52.0,7.8,45.0,45.0,0.0,0.5356825538954705,1.0,24.444492034064176,31.665818088410756,1.194696668449529,0.0,0.18001116561142866,0.12507547909127806,0.0,0.199876926880601,0.4995283477883254,0.4284588276467213,13.333785520924915,1.9840237941566756,10.69320127735097,10.64033576399166,33.855130023368126,71.22724903159748,70.19155802180119,1.0356910097962952,0.0,0.0,0.0,0.0,0.0,0.0,0.0,0.0,0.0,0.0,0.0,0.0,0.0,0.02433857525881944,0.0
5,holiday_return,春节返乡日,30.0,1.75,0.25,33.96124618272164,36.27736296613194,3.5105809067846465,0.0,5.0,-5.0,0.0,59.667290425653896,-0.0,6.55455912796041,0.0,-0.0,-0.0,12.748845119556945,40.79630438258223,1.170193635594882,3.5105809067846465,-0.0,0.0,3.041506694539966,1.7841721590707,0.009761713141074324,0.0,46.36813742017,6.303113575520989,0.0,40.105481603070686,3.7357370800993803,0.0,0.0,0.0,0.0,0.0,14.363455796452588,6.219389040653508,7.710121950044608,4.51286839609892,1.1350303959877686,0.0,52.0,7.8,45.0,45.0,0.0,0.49803818025914465,1.0,24.517945257756388,31.924079410196107,1.2287033173746262,0.0,0.18002318241929346,0.1251049744295388,0.0,0.19855151755403141,0.5019258891105702,0.42723464635642017,13.358020742131298,1.9872376324204675,10.712183826791058,10.722996573482657,37.69698326282102,66.2218495536143,59.667290425653896,6.55455912796041,0.0,0.0,0.0,0.0,0.0,0.0,0.0,0.0,0.0,0.0,0.0,0.0,0.0,0.09716185407170608,0.0
5,holiday_return,春节返乡日,30.0,2.0,0.25,34.307395912275204,36.53240202110907,3.5672462698933454,0.0,5.0,-5.0,0.0,60.070405079827914,-0.0,9.562177842852272,0.0,-0.0,-0.0,12.748845119556945,40.79630438258223,1.1890820899644485,3.5672462698933454,-0.0,0.0,3.041506694539966,1.7841721590707,0.009761713141074324,0.0,46.36813742017,6.048074520543857,0.0,41.52184656089832,3.7738135503502725,0.0,0.0,0.0,0.0,0.0,14.417685022531453,6.235120654015534,7.732815339204139,4.515552595153539,1.137028281956513,0.0,52.0,7.8,45.0,45.0,0.0,0.5236894638147849,1.0,24.754627325648016,32.14851377857598,1.2485361944626707,0.0,0.1800468135167239,0.12514498545962793,0.0,0.19745926498837854,0.5179823462561978,0.4262495581143315,13.38539621631419,1.9908835298625667,10.733631559419962,10.794981864274996,38.08120946262548,69.63258292268019,60.070405079827914,9.562177842852272,0.0,0.0,0.0,0.0,0.0,0.0,0.0,-7.105427357601002e-15,0.0,0.0,0.0,0.0,0.0,0.05666536310869885,0.0
5,holiday_return,春节返乡日,30.0,2.25,0.25,34.59811905930396,37.04343775778925,3.8049880957122695,0.0,5.0,-5.0,0.0,60.47235504830281,-0.0,10.528785466716563,0.0,-0.0,-0.0,12.748845119556945,40.79630438258223,1.2683293652374232,3.8049880957122695,-0.0,0.0,3.041506694539966,1.7841721590707,0.009761713141074324,0.0,46.36813742017,5.537038783863679,0.0,42.816132348785494,3.805793096523436,0.0,0.0,0.0,0.0,0.0,14.482621983946576,6.254441257945776,7.758084570862344,4.518723405843835,1.1393678788778467,0.0,52.0,7.8,45.0,45.0,0.0,0.5339820475686804,1.0,24.960496950094896,32.59822522685454,1.3317458334992942,0.0,0.18009194329056738,0.1251988609190604,0.0,0.19660484637681422,0.521759321933998,0.425517939188525,13.416175855584026,1.9950012949084976,10.757752967090376,10.938746662846508,38.4039121558274,71.00114051501937,60.47235504830281,10.528785466716563,0.0,0.0,0.0,0.0,0.0,0.0,0.0,0.0,0.0,0.0,0.0,0.0,0.0,0.2377418258189241,0.0
5,holiday_return,春节返乡日,30.0,2.5,0.25,34.679197980391535,37.344681084688936,3.607310598885315,0.0,5.0,-5.0,0.0,56.68174837392463,-0.0,15.409822671311993,0.0,-0.0,-0.0,12.748845119556945,40.79630438258223,1.202436866295105,3.607310598885315,-0.0,0.0,3.041506694539966,1.7841721590707,0.009761713141074324,0.0,46.36813742017,5.2357954569639915,0.0,44.03822570364005,0.0,0.0,0.0,0.0,0.0,0.0,14.560327970590187,6.278008569232464,7.7860743537398776,4.522452792985491,1.1420956356627092,0.0,52.0,7.8,45.0,45.0,0.0,0.542182906358176,1.0,25.012468253385485,32.86331935452626,1.2625587096098603,0.0,0.18017563258053526,0.12527086849883634,0.0,0.1959919204710059,0.5300185297211136,0.425059048902783,13.450622782388077,1.9996314650319695,10.784756255561778,11.02388414157103,34.679197980391535,72.09157104523662,56.68174837392463,15.409822671311993,0.0,0.0,0.0,0.0,0.0,0.0,0.0,0.0,0.0,0.0,0.0,0.0,0.0,-0.19767749682695435,0.0
5,holiday_return,春节返乡日,30.0,2.75,0.25,34.798066183027025,37.87647164221119,3.7692449683335933,0.0,5.0,-5.0,0.0,60.68238197984252,-0.0,12.611649757763942,0.0,-0.0,-0.0,12.748845119556945,40.79630438258223,1.2564149894445311,3.7692449683335933,-0.0,0.0,3.041506694539966,1.7841721590707,0.009761713141074324,0.0,46.36813742017,4.704004899441735,0.0,45.133407754405646,3.8277872801329726,0.0,0.0,0.0,0.0,0.0,14.653487206296482,6.306559758488298,7.816913326254436,4.526820040571981,1.145261956860199,0.0,52.0,7.8,45.0,45.0,0.0,0.5512263163368746,1.0,25.096666741726843,33.33129504514585,1.3192357389167575,0.0,0.18032630699699292,0.1253663967608543,0.0,0.19562311191378026,0.531723664379685,0.4249001283007552,13.488995323686616,2.0048148369627325,10.814846238309707,11.17370481529973,38.62585346316,73.29403173760646,60.68238197984252,12.611649757763942,0.0,0.0,0.0,0.0,0.0,0.0,0.0,0.0,0.0,0.0,0.0,0.0,0.0,0.16193436944827821,0.0
5,holiday_return,春节返乡日,30.0,3.0,0.25,34.85205589255267,38.50033912067869,3.8321159497198267,0.0,5.0,-5.0,0.0,60.7632675512114,-0.0,11.481493440986881,0.0,-0.0,-0.0,12.748845119556945,40.79630438258223,1.2773719832399422,3.8321159497198267,-0.0,0.0,3.041506694539966,1.7841721590707,0.009761713141074324,0.0,46.36813742017,4.080137420974239,0.0,46.079873688009826,3.833726148180794,0.0,0.0,0.0,0.0,0.0,14.765445313376848,6.340911176287508,7.850709677913948,4.531911853237057,1.1489210950216178,0.0,52.0,7.8,45.0,45.0,0.0,0.5433350101265404,1.0,25.13984533525226,33.88029842619725,1.3412405824019393,0.0,0.18058963595055189,0.12549218550159116,0.0,0.19549999999999998,0.5259939159756692,0.4250807121168183,13.531542626172623,2.0105919358371,10.848220930972312,11.349453699152889,38.685782040733464,72.24476099219828,60.7632675512114,11.481493440986881,0.0,0.0,0.0,0.0,0.0,0.0,0.0,0.0,0.0,0.0,0.0,0.0,0.0,0.06287098138623337,0.0
5,holiday_return,春节返乡日,30.0,3.25,0.25,34.980179560655195,39.18126555214227,3.78505914558118,0.0,5.0,-5.0,0.0,60.88979922142565,-0.0,7.928639571840762,0.0,-0.0,-0.0,12.748845119556945,40.79630438258223,1.2616863818603934,3.78505914558118,-0.0,0.0,3.041506694539966,1.7841721590707,0.009761713141074324,0.0,46.36813742017,3.3992109895106566,0.0,46.864146361174605,3.8478197516720716,0.0,0.0,0.0,0.0,0.0,14.900177554058681,6.381955329467879,7.88754669973797,4.5378223194723715,1.1531309412182202,0.0,52.0,7.8,45.0,45.0,0.0,0.517566486830374,1.0,25.253640647568538,34.4795136858852,1.3247707009534129,0.0,0.181036281601931,0.12565658366436522,0.0,0.19562311191378026,0.49687071505635355,0.42565827873737166,13.578499960428562,2.0170024285415917,10.885067898218974,11.541343709576907,38.827999312327265,68.81843879326641,60.88979922142565,7.928639571840762,0.0,0.0,0.0,0.0,0.0,0.0,0.0,0.0,0.0,0.0,0.0,0.0,0.0,-0.04705680413864677,0.0
5,holiday_return,春节返乡日,30.0,3.5,0.25,35.48214251154512,39.96663398009658,3.8311925715048853,0.0,5.0,-5.0,0.0,61.4623559055547,-0.0,7.0529216829500285,0.0,-0.0,-0.0,12.748845119556945,40.79630438258223,1.2770641905016284,3.8311925715048853,-0.0,0.0,3.041506694539966,1.7841721590707,0.009761713141074324,0.0,46.36813742017,2.6138425615563463,0.0,47.46150189636365,3.903035676269963,0.0,0.0,0.0,0.0,0.0,15.062156496937494,6.4306545693559425,7.927478388994633,4.54465271070702,1.1579527002175556,0.0,52.0,7.8,45.0,45.0,0.0,0.5152864862601326,1.0,25.619539354751044,35.17063790248499,1.34091740002671,0.0,0.1817713642893209,0.12586983203138138,0.0,0.1959919204710059,0.4921088636662068,0.42671512827822344,13.630083799919207,2.0240844886544815,10.92556041878049,11.762661217322764,39.385178187815086,68.51527758850473,61.4623559055547,7.0529216829500285,0.0,0.0,0.0,0.0,0.0,0.0,0.0,0.0,0.0,0.0,0.0,0.0,0.0,0.046133425923705396,0.0
5,holiday_return,春节返乡日,30.0,3.75,0.25,35.4699398900809,40.79808330614687,3.847593339809337,0.0,5.0,-5.0,0.0,61.45427791849757,-0.0,5.489565318798853,0.0,-0.0,-0.0,12.748845119556945,40.79630438258223,1.282531113269779,3.847593339809337,-0.0,0.0,3.041506694539966,1.7841721590707,0.009761713141074324,0.0,46.36813742017,1.7823932355060563,0.0,47.861089538848155,3.901693387908899,0.0,0.0,0.0,0.0,0.0,15.256092170785712,6.488030982312265,7.970525249701544,4.552511090274011,1.1634504377779933,0.0,52.0,7.8,45.0,45.0,0.0,0.5034681164932348,1.0,25.60163304418545,35.902313309409244,1.3466576689332679,0.0,0.18294492505348608,0.12614436557697786,0.0,0.19660484637681422,0.507068968454845,0.42836598061469383,13.686486777753547,2.0318741225246657,10.96985354760301,11.997085291743085,39.3716332779898,66.94384323729642,61.45427791849757,5.489565318798853,0.0,0.0,0.0,0.0,0.0,0.0,0.0,0.0,0.0,0.0,0.0,0.0,0.0,0.016400768304451585,0.0
5,holiday_return,春节返乡日,30.0,4.0,0.25,35.963304038668554,41.62614860133441,3.7282927926322977,0.0,5.0,-5.0,0.0,61.96214527437085,-0.0,4.369873683196509,0.0,-0.0,-0.0,12.748845119556945,40.79630438258223,1.242764264210766,3.7282927926322977,-0.0,0.0,3.041506694539966,1.7841721590707,0.009761713141074324,0.0,46.36813742017,0.954327940318521,0.0,48.06381187990434,3.9559634442535407,0.0,0.0,0.0,0.0,0.0,15.486528306613321,6.555152036159702,8.01667044319007,4.56151170707277,1.1696904890714896,0.0,52.0,7.8,45.0,45.0,0.0,0.4988667371453516,1.0,25.96076775584087,36.63101076917428,1.304902477421304,0.0,0.18476186274073983,0.12649512753861683,0.0,0.19745926498837854,0.5049671839482214,0.43076522044223264,13.74787263933433,2.040404468051635,11.018080165902312,12.230786832972324,39.919267482922095,66.33201895756736,61.96214527437085,4.369873683196509,0.0,0.0,0.0,0.0,0.0,0.0,0.0,0.0,0.0,0.0,0.0,0.0,0.0,-0.1193005471770392,0.0
5,holiday_return,春节返乡日,30.0,4.25,0.25,36.21817567639274,42.53691207428009,3.816625497543949,0.0,5.0,-5.0,0.0,58.308504735626386,-0.0,9.070955422098208,0.0,-0.0,-0.0,12.766852152371287,40.85392688758812,1.2722084991813163,3.816625497543949,-0.0,0.0,3.041506694539966,1.7841721590707,0.009761713141074324,0.0,46.36813742017,0.10118697237873532,0.0,48.06381187990434,0.0,0.0,0.0,0.0,0.0,0.0,15.757296762825213,6.633111637996388,8.06585645147619,4.57177415051892,1.1767407194379296,0.0,52.0,7.8,45.0,45.0,0.0,0.5067442837975698,1.0,26.137201151604664,37.432482625366475,1.335818924140382,0.0,0.18748886089008404,0.12693988400486741,0.0,0.19855151755403141,0.5194407990303841,0.43411203990376934,13.81437132143304,2.049705079546893,11.07034711959301,12.487890642338767,36.21817567639274,67.3794601577246,58.308504735626386,9.070955422098208,0.0,0.0,0.0,0.0,0.0,0.0,0.0,0.0,0.0,0.0,0.0,0.0,0.057622505005895164,0.08833270491165113,0.0
5,holiday_return,春节返乡日,30.0,4.5,0.25,36.466724469287435,43.404036045982124,3.656355632574625,0.0,5.0,-5.0,0.0,62.78594617297648,-0.0,4.622651151946229,0.0,-0.0,-0.0,13.037828393528175,41.72105085929016,1.2187852108582085,3.656355632574625,-0.0,0.0,3.041506694539966,1.7841721590707,0.009761713141074324,0.0,46.36813742017,0.10118697237873532,0.0,48.06381187990434,4.011339691621618,0.0,0.0,0.0,0.0,0.0,16.070857874378383,6.7230064022510145,8.117982419158102,4.583422246266781,1.1846696315386707,0.0,52.0,7.8,45.0,45.0,0.0,0.5069634172380743,1.0,26.29580370536651,38.19555172046427,1.2797244714011187,0.0,0.19145488987766246,0.12749952422110453,0.0,0.199876926880601,0.5540124830144036,0.43865107524992875,13.886074296963553,2.0598012135655,11.126731553440594,12.733044406253299,40.47806416090906,67.40859732492271,62.78594617297648,4.622651151946229,0.0,0.0,0.0,0.0,0.0,0.0,0.0,0.0,0.0,0.0,0.0,0.0,0.8671239717020356,-0.16026986496932372,0.0
5,holiday_return,春节返乡日,30.0,4.75,0.25,37.205047057938856,44.46312743395697,3.6691510615720846,0.0,5.0,-5.0,0.0,63.94071544812085,-0.0,0.8174491613999564,0.0,-0.0,-0.0,13.368794452270313,42.780142247265005,1.2230503538573616,3.6691510615720846,-0.0,0.0,3.041506694539966,1.7841721590707,0.009761713141074324,0.0,46.36813742017,0.10118697237873532,0.0,48.06381187990434,4.092555176373274,0.0,0.0,0.0,0.0,0.0,16.4275843577387,6.825907113107909,8.172902336108878,4.596582676284135,1.1935453165170355,0.0,52.0,7.8,45.0,45.0,0.0,0.4870301671797327,1.0,26.82555863193916,39.127552141882134,1.2842028715502296,0.0,0.1970412849346193,0.12819832802151582,0.0,0.2014298173618704,0.5649180152002661,0.44466572116737463,13.963030328910047,2.0707131316979575,11.187277551661547,13.03224045258375,41.29760223431213,64.7581646095208,63.94071544812085,0.8174491613999564,0.0,0.0,0.0,0.0,0.0,0.0,0.0,0.0,0.0,0.0,0.0,0.0,1.0590913879748456,0.012795428997459446,0.0
5,holiday_return,春节返乡日,30.0,5.0,0.25,37.76727001286552,45.35772595967056,3.5994097125252638,0.0,5.0,-5.0,0.0,64.3203952774327,-0.0,0.0,0.0,-0.0,-0.0,13.64835649155581,43.674740772978595,1.1998032375084213,3.5994097125252638,-0.0,0.0,3.041506694539966,1.7841721590707,0.009761713141074324,0.0,46.36813742017,0.10118697237873532,0.0,48.06381187990434,3.653697127821907,0.0,0.0,0.0,0.0,0.0,16.825075489963734,6.9428255904686855,8.230424212552332,4.611383312205518,1.203434250966751,0.0,52.0,7.8,45.0,45.0,0.0,0.48373781211873573,1.0,27.245209366650077,39.914798844510095,1.2597933993838422,0.0,0.20465755566972235,0.1290641780194508,0.0,0.20320353928239474,0.5551200751634443,0.4524614115045863,14.045241775724602,2.0824554369159585,11.251993194983626,13.285692098858215,41.420967140687424,64.3203952774327,64.3203952774327,0.0,0.0,0.0,0.0,0.0,0.0,0.0,0.0,0.0,0.0,0.0,0.0,0.0,0.8945985257135902,-0.06974134904682083,0.0
5,holiday_return,春节返乡日,30.0,5.25,0.25,38.42898607870786,46.15715454876119,3.7011467990290963,0.0,5.0,-5.0,0.0,63.5907389942844,-0.0,0.0,0.0,-0.0,-0.0,13.681086126980263,43.779475606336845,1.2337155996763653,3.7011467990290963,-0.0,0.0,3.041506694539966,1.7841721590707,0.009761713141074324,0.0,46.36813742017,0.0,0.5935067833536465,47.88359397834501,2.1956827812388724,0.0,0.0,0.0,0.0,0.0,17.25760994550442,7.074677428247333,8.290310379633805,4.6279512574984665,1.2143999463019854,0.0,52.0,7.8,45.0,45.0,0.0,0.47825024736596305,1.0,27.706429492032363,40.61829600290985,1.2954013796601835,0.0,0.21470035928935963,0.13012869069881278,0.0,0.20519049729260364,0.5899687919399297,0.46233704555945665,14.132661583434256,2.095036460092217,11.320848138900478,13.512831364587369,40.62466885994673,63.5907389942844,63.5907389942844,0.0,0.0,0.0,0.0,0.0,0.0,0.0,0.0,0.0,0.0,0.0,0.0,0.0,0.10473483335825051,0.10173708650383251,0.0
5,holiday_return,春节返乡日,30.0,5.5,0.25,39.36979589127329,47.008376246375555,3.6654869016832334,0.0,5.0,-5.0,-0.0,61.80053257294339,0.0,0.0,0.0,-0.0,-0.0,13.681086126980263,43.779475606336845,1.2218289672277445,3.6654869016832334,-0.0,0.0,3.041506694539966,1.7841721590707,0.0,0.5136851070778761,46.23063872196271,0.0,1.4447284809680099,47.479460475837946,0.0,0.0,0.0,0.0,0.0,0.0,17.715852961152066,7.222241359565747,8.352279022052926,4.646410601804602,1.2265014624274597,0.0,52.0,7.8,45.0,45.0,0.0,0.4647865468746159,1.0,28.387804003341348,41.36737109681049,1.2829204155891316,0.0,0.2274956883336088,0.13142723767652384,0.0,0.20738218293325397,0.6013800109783433,0.4745445695289889,14.225191086284987,2.1084577127052206,11.393771807701011,13.754828460366468,39.36979589127329,61.80053257294339,61.80053257294339,0.0,0.0,0.0,0.0,0.0,0.0,0.0,0.0,0.0,0.0,0.0,0.0,0.0,0.0,-0.035659897345862834,0.0
5,holiday_return,春节返乡日,30.0,5.75,0.25,39.80173593635767,47.71714727210389,3.7401502674468206,0.0,5.0,-5.0,-0.0,58.535318010984604,0.0,0.0,0.0,-0.0,-0.0,13.681086126980263,43.779475606336845,1.246716755815607,3.7401502674468206,-0.0,0.0,3.041506694539966,1.7841721590707,0.0,4.2357275027089045,45.11366205773479,0.0,2.153499506696342,46.88901034910099,0.0,0.0,0.0,0.0,0.0,0.0,18.18692082740795,7.386116303571432,8.416007014798572,4.666879899763706,1.2397918033022686,0.0,52.0,7.8,45.0,45.0,0.0,0.4402296743385051,1.0,28.70292446204785,41.99108959945142,1.309052593606387,0.0,0.24322817793481943,0.13299882652582576,0.0,0.2097692110699588,0.6160622653802115,0.48923941894407763,14.322678717864544,2.1227134204597946,11.470652283717307,13.957314152764596,39.80173593635767,58.535318010984604,58.535318010984604,0.0,0.0,0.0,0.0,0.0,0.0,0.0,0.0,0.0,0.0,0.0,0.0,0.0,0.0,0.07466336576358712,0.0
5,holiday_return,春节返乡日,30.0,6.0,0.25,40.7109506747761,48.428053272610974,3.787038924748729,0.0,5.0,-5.0,-0.0,62.080065415649244,0.0,0.0,0.0,-0.0,-0.0,13.681086126980263,43.779475606336845,1.2623463082495763,3.787038924748729,-0.0,0.0,3.041506694539966,1.7841721590707,0.0,1.6158243888966624,44.686189430185415,0.0,2.864405507203429,46.11177492097818,0.0,0.0,0.0,0.0,0.0,0.0,18.654870698030386,7.566677448286375,8.481134094012406,4.6894693965312575,1.2543162179203147,0.0,52.0,7.8,45.0,45.0,0.0,0.466888844367699,1.0,29.367120509499745,42.61668687989766,1.3254636236620552,0.0,0.2618659705891781,0.13488581006526668,0.0,0.21234136008177348,0.6266551067887378,0.5064277005488494,14.424919708463976,2.137790150599584,11.551335951249184,14.160789387279232,40.7109506747761,62.080065415649244,62.080065415649244,0.0,0.0,0.0,0.0,0.0,0.0,0.0,0.0,0.0,0.0,0.0,0.0,0.0,0.0,0.0468886573019085,0.0
5,holiday_return,春节返乡日,30.0,6.25,0.25,41.610256279806464,48.97198548728181,3.829900241944475,0.0,5.0,-5.0,-0.0,62.80835686033874,0.0,0.0,0.0,-0.0,-0.0,13.681086126980263,43.779475606336845,1.2766334139814917,3.829900241944475,-0.0,0.0,3.041506694539966,1.7841721590707,0.0,1.8011256549694465,44.209974685195625,0.0,3.4083377218742683,45.191788054077094,0.0,0.0,0.0,0.0,0.0,0.0,19.101628614312148,7.764033005644941,8.547268343447353,4.714278032830902,1.270110436205285,0.0,52.0,7.8,45.0,45.0,0.0,0.4723661445074029,1.0,30.014850150894446,43.095347228807995,1.3404650846805661,0.0,0.2830937729120657,0.13713339433189015,0.0,0.215087615631746,0.6534073629909871,0.5259189307873058,14.53165681248354,2.1536665430884074,11.635627930191317,14.317918057582334,41.610256279806464,62.80835686033874,62.80835686033874,0.0,0.0,0.0,0.0,0.0,0.0,0.0,0.0,0.0,0.0,0.0,0.0,0.0,0.0,0.04286131719574593,0.0
5,holiday_return,春节返乡日,30.0,6.5,0.25,42.4120930800947,49.41095758837573,3.844442167751026,0.0,5.0,-5.0,-0.0,62.083552230693755,0.0,0.0,0.0,-0.0,-0.0,13.681086126980263,43.779475606336845,1.2814807225836753,3.844442167751026,-0.0,0.0,3.041506694539966,1.7841721590707,0.0,3.332614393504855,43.33076039869693,0.0,3.8473098229681852,44.15674220663738,0.0,0.0,0.0,0.0,0.0,0.0,19.508300797980567,7.977983519345744,8.613992924287187,4.741390273451254,1.2871988751224155,0.0,52.0,7.8,45.0,45.0,0.0,0.46691506784275105,1.0,30.60696012737208,43.481642677770644,1.345554758712859,0.0,0.30626928689909055,0.13978891893871936,0.0,0.21799621783199855,0.6625580904315447,0.5472949348146094,14.642582072860856,2.1703131526626196,11.723293306200224,14.446075144143341,42.4120930800947,62.083552230693755,62.083552230693755,0.0,0.0,0.0,0.0,0.0,0.0,0.0,0.0,7.105427357601002e-15,0.0,0.0,0.0,0.0,0.0,0.014541925806550893,0.0
5,holiday_return,春节返乡日,30.0,6.75,0.25,43.09166754468446,49.59320662771062,3.91968522761934,0.0,5.0,-5.0,-0.0,64.21562421311653,0.0,0.0,0.0,-0.0,-0.0,13.681086126980263,43.779475606336845,1.30656174253978,3.91968522761934,-0.0,0.0,3.041506694539966,1.7841721590707,0.0,1.9051978956279498,42.827225993406486,0.0,4.029558862303077,43.0742536086122,0.0,0.0,0.0,0.0,0.0,0.0,19.85674429360435,8.207985793114666,8.68087391911847,4.7708728142498655,1.3055928557041865,0.0,52.0,7.8,45.0,45.0,0.0,0.4829498548120828,1.0,31.11236161959286,43.642021832385346,1.371889829666769,0.0,0.3304178258312285,0.14290088946160123,0.0,0.22105471160137286,0.6715892599979947,0.5699052546186052,14.757339589072522,2.187692405114113,11.814059133274306,14.502774394925718,43.09166754468446,64.21562421311653,64.21562421311653,0.0,0.0,0.0,0.0,0.0,0.0,0.0,0.0,7.105427357601002e-15,0.0,0.0,0.0,0.0,0.0,0.07524305986831425,0.0
5,holiday_return,春节返乡日,30.0,7.0,0.25,43.678178468172156,49.64886192664685,3.834365635596886,0.0,5.0,-5.0,0.48957616670739,65.7501536206097,0.0,0.0,0.0,-0.0,-0.0,13.681086126980263,43.779475606336845,1.2781218785322952,3.834365635596886,-0.0,0.0,3.041506694539966,1.7841721590707,0.0,0.4391633809076053,42.709515321341655,0.0,4.085214161239307,41.97766012358703,0.0,0.0,0.0,0.0,0.0,0.0,20.13121670033314,8.453123616580214,8.747469102891415,4.802771233561842,1.3252888764197575,0.0,88.0,13.2,45.0,45.0,0.015057038381526285,0.4944906716091626,1.0,31.545439215846276,43.69099849544923,1.34202797245891,0.0,0.35427584207169344,0.1465177500873212,0.0,0.22424999999999998,0.6885358968978477,0.5928965645287745,14.875529212873014,2.2057586672004477,11.907617152140713,14.524455035901624,43.678178468172156,66.23972978731709,66.23972978731709,0.0,0.0,0.0,0.0,0.0,0.0,0.0,0.0,7.105427357601002e-15,0.0,0.0,0.0,0.0,0.0,-0.08531959202245432,0.0
5,holiday_return,春节返乡日,30.0,7.25,0.25,44.51099028761354,49.56969824861388,3.9560970569612928,0.0,5.0,-5.0,1.5255016627688487,64.32940277607419,0.0,0.0,0.0,-0.0,-0.0,13.681086126980263,43.779475606336845,1.3186990189870975,3.9560970569612928,-0.0,0.0,3.041506694539966,1.7841721590707,0.0,1.6973776892778265,42.26070150629195,0.0,4.006050483206337,40.902447482155154,0.0,0.0,0.0,0.0,0.0,0.0,20.319893880446465,8.712087480019807,8.813337397434944,4.837106663981148,1.3462669921308321,0.0,88.0,13.2,45.0,45.0,0.04691718806875899,0.483805555292059,1.0,32.1366593379956,43.62133445878022,1.3846339699364525,0.0,0.37638640132848006,0.15068639600217956,0.0,0.22756840031240744,0.7312942871039309,0.6152782176286846,14.996711053546925,2.2244584254775828,12.003627135357243,14.508812101313929,44.51099028761354,65.85490443884304,65.85490443884304,0.0,0.0,0.0,0.0,0.0,0.0,0.0,0.0,0.0,0.0,0.0,0.0,0.0,0.0,0.12173142136440696,0.0
5,holiday_return,春节返乡日,30.0,7.5,0.25,45.11033261738063,49.32927679134124,3.918327549861244,0.0,5.0,-5.0,2.6285119598903024,64.6252015680481,0.0,0.0,0.0,-0.0,-0.0,13.681086126980263,43.779475606336845,1.3061091832870815,3.918327549861244,-0.0,0.0,3.041506694539966,1.7841721590707,0.0,0.8853210942495493,42.02560923588781,0.0,3.7656290259336984,39.89104125158942,0.0,0.0,0.0,0.0,0.0,0.0,20.41604788860703,8.983165372675376,8.878048714443327,4.87387256931688,1.3684893505187623,0.0,88.0,13.2,45.0,45.0,0.08084054771813251,0.4860301849735097,1.0,32.56664632698271,43.40976357638029,1.3714146424514353,0.0,0.39523953379082516,0.15545043872823788,0.0,0.23099570263900734,0.7622390882602577,0.6360189860160487,15.12041063427897,2.2437305653243653,12.101720739251821,14.448435390214279,45.11033261738063,67.2537135279384,67.2537135279384,0.0,0.0,0.0,0.0,0.0,0.0,0.0,0.0,7.105427357601002e-15,0.0,0.0,0.0,0.0,0.0,-0.03776950710004856,0.0
5,holiday_return,春节返乡日,30.0,7.75,0.25,45.60888562711808,48.73789779923327,4.099470709381006,0.0,5.0,-5.0,3.8816835411002364,68.67153794476536,0.0,0.0,0.0,-0.0,-0.0,13.681086126980263,43.779475606336845,1.3664902364603353,4.099470709381006,-0.0,0.0,3.041506694539966,1.7841721590707,3.855252800766954,0.0,42.93913049560817,0.0,3.1742500338257216,39.035766774693705,0.0,0.0,0.0,0.0,0.0,0.0,20.418716999184813,9.26424654156453,8.941193847923186,4.91303171864422,1.391898939106604,0.0,88.0,13.2,45.0,45.0,0.11938215550067316,0.5164616818187479,1.0,32.94307804308974,42.889350063325274,1.434814748283352,0.0,0.40944004406941015,0.16084825341632344,0.0,0.2345172307450682,0.7631700507866168,0.6541628281310929,15.24612450567401,2.2635067377101947,12.20150571557087,14.290195730316043,45.60888562711808,72.55322148586559,72.55322148586559,0.0,0.0,0.0,0.0,0.0,0.0,0.0,0.0,-7.105427357601002e-15,0.0,0.0,0.0,0.0,0.0,0.18114315951976145,0.0
5,holiday_return,春节返乡日,30.0,8.0,0.25,46.26596432271307,48.08093178626276,4.252616896942698,0.0,5.0,-5.0,5.331817622019499,72.84851628932729,0.0,0.0,0.0,-0.0,-0.0,13.681086126980263,43.779475606336845,1.4175389656475659,4.252616896942698,-0.0,0.0,3.041506694539966,1.7841721590707,8.77423780146593,0.0,45.020865016931545,0.0,2.5172840208552145,38.35380572792341,0.0,0.0,0.0,0.0,0.0,0.0,20.332770017957245,9.552839743837302,9.002394043980377,4.95451345430169,1.4164185956342732,0.0,88.0,13.2,45.0,45.0,0.16398139459682562,0.5478757046485275,1.0,33.40604057895469,42.31121997191123,1.488415913929944,0.0,0.4178774111665697,0.16691085433198272,0.0,0.23811790490660503,0.7977773607991396,0.6689459663766579,15.37332609391634,2.2837117980914896,12.302570313860825,14.113977323711879,46.26596432271307,78.18033391134679,78.18033391134679,0.0,0.0,0.0,0.0,0.0,0.0,0.0,0.0,0.0,0.0,0.0,0.0,0.0,0.0,0.15314618756169196,0.0
5,holiday_return,春节返乡日,30.0,8.25,0.25,46.4368845621014,47.28540842889223,4.299407997132538,0.0,5.0,-5.0,6.795815004714226,73.58705966500085,0.0,1.5122140469132574,0.0,-0.0,-0.0,13.681086126980263,43.779475606336845,1.4331359990441792,4.299407997132538,-0.0,0.0,3.041506694539966,1.7841721590707,5.6822039852181065,0.0,46.36813742017,0.0,1.7217606634846874,37.88153391361611,5.1080573018311535,0.0,0.0,0.0,0.0,0.0,20.168355658107767,9.846107057534763,9.061309856468025,4.998211352998994,1.4419503324173917,0.0,88.0,13.2,45.0,45.0,0.2090070030326698,0.5648030955097924,1.0,33.5193220261004,41.611159417425164,1.504792798996388,0.0,0.41986922511788133,0.17365966253672466,0.0,0.24178230648407262,0.8265697272750641,0.6798953450254381,15.50147154188441,2.304264299447808,12.404487690964718,13.899322328164878,51.54494186393255,81.89508871662834,80.38287466971508,1.5122140469132574,0.0,0.0,0.0,0.0,0.0,0.0,0.0,7.105427357601002e-15,0.0,0.0,0.0,0.0,0.0,0.04679110018984023,0.0
5,holiday_return,春节返乡日,30.0,8.5,0.25,46.77311372651547,46.39013158065991,4.57291784154819,0.0,5.0,-5.0,0.0,70.02977420835951,8.087651465950232,4.408969805564283,0.0,-0.0,-0.0,13.681086126980263,43.779475606336845,1.5243059471827298,4.57291784154819,-0.0,0.0,3.041506694539966,1.7841721590707,0.009761713141074324,0.0,46.36813742017,0.0,0.8264838152523666,37.64509740580342,0.0,0.0,0.0,0.0,0.0,0.0,19.93981810282523,10.140913732205318,9.117648893981904,5.0439813785173095,1.4683750213287108,0.0,88.0,13.2,45.0,45.0,0.24873775894406053,0.5598354147365775,1.0,33.76280855446433,40.82331579098072,1.6005212445418664,0.0,0.4152525118512524,0.18110424697489164,0.0,0.245494743947347,0.8343387721528722,0.6868905873232588,15.630005293827924,2.3250770201032607,12.506820138187443,13.65706285670533,46.77311372651547,82.52639547987403,70.02977420835951,12.496621271514515,0.0,0.0,0.0,0.0,0.0,0.0,0.0,7.105427357601002e-15,0.0,0.0,0.0,0.0,0.0,0.27350984441565185,0.0
5,holiday_return,春节返乡日,30.0,8.75,0.25,46.714028466035856,45.387193337697674,4.7008274529998015,0.0,5.0,-5.0,1.350560312529069,73.80130830376531,8.139583376821427,0.0,0.0,-0.0,-0.0,13.681086126980263,43.779475606336845,1.566942484333267,4.7008274529998015,-0.0,0.0,3.041506694539966,1.7841721590707,0.009761713141074324,0.0,46.36813742017,0.17645442770987074,0.0,37.668182783681615,5.138543131263944,0.0,0.0,0.0,0.0,0.0,19.664235034407675,10.433893878910636,9.171172078992457,5.0916406205124645,1.4955524801487288,0.0,88.0,13.2,45.0,45.0,0.2918717607063468,0.5550414181439196,1.0,33.71852280827502,39.94073013717395,1.6452896085499304,0.0,0.40440605326845586,0.18924013556862182,0.0,0.24923932006926675,0.8413269453281539,0.6901777133654821,15.758365179653651,2.346057506804059,12.60912294096192,13.384944830623118,51.8525715972998,83.2914519931158,75.15186861629438,8.139583376821427,0.0,0.0,0.0,0.0,0.0,0.0,0.0,7.105427357601002e-15,0.0,0.0,0.0,0.0,0.0,0.12790961145161184,0.0
5,holiday_return,春节返乡日,30.0,9.0,0.25,46.89452271787283,44.29362971904263,4.699248352923433,0.0,5.0,-5.0,11.187707103139436,64.16398376600186,0.0,5.647528279740925,0.0,-0.0,-0.0,13.681086126980263,43.779475606336845,1.5664161176411442,4.699248352923433,-0.0,0.0,3.041506694539966,1.7841721590707,0.009761713141074324,0.0,46.36813742017,1.2700180463649176,0.0,37.950977978301445,5.1583974989660115,0.0,0.0,0.0,0.0,0.0,19.359780905837553,10.721531042776878,9.221698074809092,5.14096670648026,1.5233219932765087,0.0,88.0,13.2,45.0,45.0,0.344080751287728,0.525035145571579,1.0,33.83530674285838,38.97839415275751,1.6447369235232012,0.0,0.38819956323346444,0.19804680515562867,0.0,0.253,0.8598353234910366,0.6903318189034908,15.885986774565861,2.3671086146643696,12.710947701083201,13.087691616640129,52.05292021683884,80.99921914888222,75.3516908691413,5.647528279740925,0.0,0.0,0.0,0.0,0.0,0.0,0.0,0.0,0.0,0.0,0.0,0.0,0.0,-0.0015791000763689667,0.0
5,holiday_return,春节返乡日,30.0,9.25,0.25,47.02421815313639,43.16956235240539,4.981209780797655,0.0,5.0,-5.0,12.685883883693908,57.73109206436967,0.0,7.667353273047816,0.0,-0.0,-0.0,13.681086126980263,43.779475606336845,1.660403260265885,4.981209780797655,-0.0,0.0,3.041506694539966,1.7841721590707,0.009761713141074324,0.0,46.36813742017,2.394085413002152,0.0,38.50059777490031,0.0,0.0,0.0,0.0,0.0,0.0,19.044128977220062,11.000251901253675,9.269105590922573,5.191697962944294,1.5515032902890038,0.0,88.0,13.2,45.0,45.0,0.39015755571804395,0.49184556044836214,1.0,33.930251554939076,37.98921487011675,1.743423423279179,0.0,0.36787933598267625,0.2074859668415766,0.0,0.2567606799307332,0.8546681480536297,0.6881755512794888,16.012306844155873,2.388129028104262,12.811844978059783,12.782083887961075,47.02421815313639,78.08432922111139,70.41697594806358,7.667353273047816,0.0,0.0,0.0,0.0,0.0,0.0,0.0,0.0,0.0,0.0,0.0,0.0,0.0,0.2819614278742222,0.0
5,holiday_return,春节返乡日,30.0,9.5,0.25,47.266005204479875,41.99599749336082,5.198651095393566,0.0,5.0,-5.0,8.836661361736297,61.8945820758694,5.408352842562273,0.0,0.0,-0.0,-0.0,13.681086126980263,43.779475606336845,1.732883698464522,5.198651095393566,-0.0,0.0,3.041506694539966,1.7841721590707,0.009761713141074324,0.0,46.36813742017,3.567650272046727,0.0,39.328664415623955,0.0,0.0,0.0,0.0,0.0,0.0,18.733081198814524,11.266530524197947,9.313333351339375,5.2435343874494835,1.579897994784475,0.0,88.0,13.2,45.0,45.0,0.4381090016330508,0.46549386996521647,1.0,34.10165848422457,36.95647779415752,1.819527883387748,0.0,0.3449114544417721,0.2175002653641172,0.0,0.26050525605265296,0.8535187683165317,0.6846682501869663,16.136765733573334,2.4090137507542164,12.91136614349609,12.462743688198195,47.266005204479875,76.13959628016798,70.7312434376057,5.408352842562273,0.0,0.0,0.0,0.0,0.0,0.0,0.0,0.0,0.0,0.0,0.0,0.0,0.0,0.2174413145959111,0.0
5,holiday_return,春节返乡日,30.0,9.75,0.25,47.07580589174937,40.79055835804644,5.289349766071947,0.0,5.0,-5.0,14.568531943447681,61.18108371974607,1.3295164434638984,0.0,0.0,-0.0,-0.0,13.681086126980263,43.779475606336845,1.763116588690649,5.289349766071947,-0.0,0.0,3.041506694539966,1.7841721590707,0.009761713141074324,0.0,46.36813742017,4.773089407361105,0.0,40.44260881766441,5.1783386480924305,0.0,0.0,0.0,0.0,0.0,18.439562952564007,11.516999858690712,9.35437760192237,5.29613947520614,1.6082915436188965,0.0,88.0,13.2,45.0,45.0,0.4889484844881366,0.460127824992192,1.0,33.95442910958061,35.895691355080864,1.8512724181251812,0.0,0.3208102055141221,0.2280125063986132,0.0,0.26421769351592733,0.8624115846356967,0.6807852084587682,16.258808620747406,2.4296545573639468,13.009064389582335,12.134539976120898,52.254144539841796,77.07913210665765,75.74961566319375,1.3295164434638984,0.0,0.0,0.0,0.0,0.0,0.0,0.0,0.0,0.0,0.0,0.0,0.0,0.0,0.090698670678381,0.0
5,holiday_return,春节返乡日,30.0,10.0,0.25,47.23317056036095,39.83183782641117,5.595912934008723,0.0,5.0,-5.0,14.88132671078177,58.3179906599021,2.5099644763523656,0.0,0.0,-0.0,-0.0,13.681086126980263,43.779475606336845,1.865304311336241,5.595912934008723,-0.0,0.0,3.041506694539966,1.7841721590707,0.009761713141074324,0.0,46.36813742017,5.731809938996378,0.0,41.78369237376722,2.368487964325375,0.0,0.0,0.0,0.0,0.0,18.17305224777479,11.748566405634284,9.392287138407003,5.349142923597687,1.636455563392761,0.0,88.0,13.2,45.0,45.0,0.5348735431099689,0.43859520898932997,1.0,34.075085776659805,35.052017287241824,1.958569526903053,0.0,0.2969797587686923,0.23892551374582263,0.0,0.26788209509339495,0.8475052925668467,0.6774067838480502,16.37788562539745,2.449940406802831,13.10449488789426,11.87540802669364,49.60165852468633,75.70928184703624,73.19931737068387,2.5099644763523656,0.0,0.0,0.0,0.0,0.0,0.0,0.0,0.0,0.0,0.0,0.0,0.0,0.0,0.3065631679367762,0.0
5,holiday_return,春节返乡日,30.0,10.25,0.25,47.28515817737301,38.86105154467226,5.64715497178658,0.0,5.0,-5.0,18.559340332674925,57.004763947560036,0.0,0.0,0.0,-0.0,-0.0,13.681086126980263,43.779475606336845,1.8823849905955266,5.64715497178658,-0.0,0.0,3.041506694539966,1.7841721590707,0.009761713141074324,0.0,46.36813742017,6.702596220735288,0.0,43.35466713000496,4.664206577605118,0.0,0.0,0.0,0.0,0.0,17.939444049526898,11.958523480860528,9.427155952443664,5.402144214755273,1.664150677281882,0.0,88.0,13.2,45.0,45.0,0.5707971889324345,0.4287187551226493,1.0,34.124029170976534,34.19772535931158,1.9765042401253028,0.0,0.27459184007861787,0.250122698848972,0.0,0.27148276925493176,0.8284973118657348,0.6752333478112924,16.49345084448082,2.469757821951203,13.197214155238548,11.612813091599392,51.949364754978134,75.56410428023496,75.56410428023496,0.0,0.0,0.0,0.0,0.0,0.0,0.0,0.0,-7.105427357601002e-15,0.0,0.0,0.0,0.0,0.0,0.05124203777785663,0.0
5,holiday_return,春节返乡日,30.0,10.5,0.25,47.51769577379562,38.0898347179353,5.940618588133989,0.0,5.0,-5.0,19.755244536322483,51.4750119681791,0.0,3.3120812638536137,0.0,-0.0,-0.0,13.681086126980263,43.779475606336845,1.980206196044663,5.940618588133989,-0.0,0.0,3.041506694539966,1.7841721590707,0.009761713141074324,0.0,46.36813742017,7.473813047472248,0.0,45.108020395214616,0.0,0.0,0.0,0.0,0.0,0.0,17.74129225190997,12.144658043494845,9.459113713468598,5.454717051666488,1.6911297014917557,0.0,88.0,13.2,45.0,45.0,0.6075775240865193,0.41204020121604157,1.0,34.29105523980631,33.519054551783064,2.079216505846896,0.0,0.25451288892042506,0.2614693984353425,0.0,0.27500429736099263,0.8283628897994189,0.6747355633290488,16.604960466626842,2.4889912492443855,13.28677874601275,11.40593443142372,47.51769577379562,74.5423377683552,71.23025650450158,3.3120812638536137,0.0,0.0,0.0,0.0,0.0,0.0,0.0,-7.105427357601002e-15,0.0,0.0,0.0,0.0,0.0,0.2934636163474096,0.0
5,holiday_return,春节返乡日,30.0,10.75,0.25,47.528254590054054,37.2266096447532,6.408488087924318,0.0,5.0,-5.0,20.515453167961084,52.99402098619948,0.0,0.0,0.0,-0.0,-0.0,13.681086126980263,43.779475606336845,2.1361626959747726,6.408488087924318,-0.0,0.0,3.041506694539966,1.7841721590707,0.009761713141074324,0.0,46.36813742017,8.337038120654348,0.0,47.06551293867242,2.1127023334704305,0.0,0.0,0.0,0.0,0.0,17.578332687151633,12.305345867838907,9.488314423350637,5.506414597592846,1.717141177245591,0.0,88.0,13.2,45.0,45.0,0.6309579321270752,0.39855494756626303,1.0,34.32105197193448,32.759416487382815,2.242970830773511,0.0,0.23728359385543868,0.2728150031710854,0.0,0.2784315996875925,0.7992130155006041,0.6761420382559968,16.711870198189075,2.507523417362819,13.37274345176017,11.17304928024253,49.640956923524485,73.50947415416056,73.50947415416056,0.0,0.0,0.0,0.0,0.0,0.0,0.0,0.0,-7.105427357601002e-15,0.0,0.0,0.0,0.0,0.0,0.46786949979032855,0.0
5,holiday_return,春节返乡日,30.0,11.0,0.25,47.62427879881752,36.49723316328546,6.813931052915554,0.0,5.0,-5.0,20.775436040794983,49.36376847220482,0.0,0.0,0.0,-0.0,-0.0,12.19234695552938,39.01551025769402,2.2713103509718513,6.813931052915554,-0.0,0.0,3.041506694539966,1.7841721590707,0.009761713141074324,0.0,46.36813742017,4.30244925347926,0.0,48.06381187990434,0.0,0.0,0.0,0.0,0.0,0.0,17.448173727181484,12.439629865366225,9.514923691987583,5.55677544278461,1.7419331717989983,0.0,70.0,10.5,45.0,45.0,0.6389537708974277,0.3712527147210856,1.0,34.41724305727456,32.117565183691205,2.3848758685204436,0.0,0.22314427820839497,0.28399586251798614,0.0,0.28175,0.7662464567862675,0.679459771012064,16.81363230657119,2.525235720535519,13.454659244240359,10.977315292066518,47.62427879881752,70.1392045129998,70.1392045129998,0.0,0.0,0.0,0.0,0.0,0.0,0.0,0.0,0.0,0.0,0.0,0.0,0.0,-4.763965348642827,0.4054429649912361,0.0
5,holiday_return,春节返乡日,30.0,11.25,0.25,47.6025213080628,36.09379690007008,6.808285811077181,0.0,5.0,-5.0,21.143258174303835,47.337441833745686,0.0,0.0,0.0,-0.0,-0.0,10.567243401754354,33.81517888561393,2.269428603692394,6.808285811077181,-0.0,0.0,3.041506694539966,1.7841721590707,0.0,0.0,46.365819013298996,0.0,0.4944458553854503,47.9096626435998,0.0,0.0,0.0,0.0,0.0,0.0,17.34704490418143,12.547276655744007,9.539105178547624,5.605330197525103,1.7652572710088608,0.0,70.0,10.5,45.0,45.0,0.6502662333056065,0.3560132123750848,1.0,34.40986401020394,31.76254127206167,2.3829000338770134,0.0,0.21209316974828513,0.29483891044752664,0.0,0.2849452883986271,0.7617633247313083,0.6845182622052692,16.909692647081588,2.542008656602183,13.532071244265117,10.872435856603227,47.6025213080628,68.48070000804952,68.48070000804952,0.0,0.0,0.0,0.0,0.0,0.0,0.0,0.0,7.105427357601002e-15,0.0,0.0,0.0,0.0,-5.200331372080086,-0.005645241838372783,0.0
5,holiday_return,春节返乡日,30.0,11.5,0.25,47.67761839985564,35.4371232590388,6.983755916547578,0.0,-0.0,0.0,21.30876880783253,41.517359473387955,0.0,0.0,0.0,-0.0,-0.0,10.422462388530906,33.3518796432989,2.3279186388491926,6.983755916547578,-0.0,0.0,2.3981288539847476,1.4067615707782846,0.0,0.0,46.363500722348334,0.0,0.6784820449616138,47.70715990570916,0.0,0.0,0.0,0.0,0.0,0.0,17.2705134096905,12.62880705491075,9.561006818315848,5.6516085873581305,1.7868726769384464,0.0,70.0,10.5,45.0,45.0,0.6553565545488825,0.3122418099263487,1.0,34.44869128335316,31.184668467954143,2.444314570791652,0.0,0.2039618865278847,0.3051659156562818,0.0,0.28800378216800143,0.791972503142605,0.6910262377197742,16.999488082612427,2.5577223528488235,13.604517030810037,10.696160281368435,47.67761839985564,62.826128281220484,62.826128281220484,0.0,0.0,0.0,0.0,0.0,0.0,-0.0,0.0,-7.105427357601002e-15,0.0,0.0,5.0,0.0,-0.4632992423150313,0.17547010547039665,0.0
5,holiday_return,春节返乡日,30.0,11.75,0.25,47.58796528708504,34.91738866379677,7.1967977744160425,0.0,-0.0,0.0,21.549991360126324,40.17289944414265,0.0,0.0,0.0,-0.0,-0.0,10.422462388530906,33.3518796432989,2.3989325914720143,7.1967977744160425,-0.0,0.0,1.3135305371810162,0.7705275213546814,0.0,0.0,46.36118254731222,0.0,0.7949814991431892,47.474100668087054,0.0,0.0,0.0,0.0,0.0,0.0,17.214106415837282,12.685496996457504,9.580747503239655,5.695146905883207,1.8065503172708026,0.0,70.0,10.5,45.0,45.0,0.6627754149333756,0.30213045799477245,1.0,34.38786232867366,30.72730202414116,2.518879221045615,0.0,0.19849321770552364,0.31479822103945276,0.0,0.29091238436825395,0.7973654090371979,0.6986304164792153,17.082444726393664,2.5722572132473123,13.671525620021466,10.557659635442498,47.58796528708504,61.72289080426897,61.72289080426897,0.0,0.0,0.0,0.0,0.0,0.0,-0.0,0.0,0.0,0.0,0.0,0.0,0.0,0.0,0.21304185786846475,0.0
5,holiday_return,春节返乡日,30.0,12.0,0.25,47.71034960917772,34.65276770513072,7.338072999490787,0.0,-0.0,0.0,22.122027473578974,37.11443129324757,0.0,0.0,0.0,-0.0,-0.0,10.422462388530906,33.3518796432989,2.446024333163596,7.338072999490787,-0.0,0.0,0.0,-0.0,0.0,1.1025904669542357,46.06870910214426,0.0,1.3008880618318202,47.10802465411306,0.0,0.23978709709143686,0.0,0.0,0.0,0.0,17.173806992595992,12.719346517740412,9.598404900513795,5.735495663618433,1.8240768692696459,0.0,70.0,10.5,45.0,45.0,0.6803685297571689,0.2791284741703989,1.0,34.495628797244635,30.494435580515034,2.5683255498217754,0.0,0.19540945508670923,0.323561803081534,0.0,0.2936586399182265,0.781653986971823,0.7069679492563922,17.157977433401875,2.585494718752295,13.73261743898676,10.489948446994614,47.47056251208628,59.236458766826544,59.236458766826544,0.0,0.0,0.0,0.0,0.0,0.0,-0.0,0.0,-7.105427357601002e-15,0.0,0.0,0.0,0.0,0.0,0.14127522507474488,0.0
5,holiday_return,春节返乡日,30.0,12.25,0.25,47.676825065709345,34.26156869875005,7.355368834399051,0.0,0.0,0.0,23.056850936913968,35.44927334376563,0.0,0.0,0.0,-0.0,-0.0,10.422462388530906,33.3518796432989,2.45178961146635,7.355368834399051,-0.0,0.0,0.0,-0.0,0.0,0.00805899013879241,46.06428487981053,0.0,0.9096890554511461,46.84507878508833,0.0,2.0368937948882144,0.0,0.0,0.0,0.0,17.146417427617585,12.733015796101931,9.614005074678444,5.772227258905498,1.8392585999213824,0.0,70.0,10.5,45.0,45.0,0.7091192609499295,0.26660523236132483,1.0,34.475216351570324,30.150180454900042,2.5743790920396674,0.0,0.1944638343970377,0.3312924550397065,0.0,0.2962307889300412,0.7886178317188904,0.7157071430972013,17.225490933505323,2.5973184075471067,13.78730559285131,10.386083964348302,45.63993127082113,58.5061242806796,58.5061242806796,0.0,0.0,0.0,0.0,0.0,0.0,0.0,0.0,7.105427357601002e-15,0.0,0.0,0.0,0.0,0.0,0.017295834908263252,0.0
5,holiday_return,春节返乡日,30.0,12.5,0.25,47.685911164757954,34.03950567007937,7.429339424441118,0.0,-0.0,0.0,23.51483810131409,35.926639341023375,0.0,0.0,0.0,-0.0,-0.0,10.422462388530906,33.3518796432989,2.4764464748137063,7.429339424441118,-0.0,0.0,0.0,-0.0,0.0,0.0,46.06198166556654,0.0,0.687626026780471,46.640702028121986,0.0,1.1433425857651045,0.0,0.0,0.0,0.0,17.129802529355597,12.729728767995118,9.627514523365473,5.804943489303339,1.851924925857258,0.0,70.0,10.5,45.0,45.0,0.7232047716049868,0.27019538416461075,1.0,34.4907540335941,29.954764989669847,2.6002687985543913,0.0,0.19547189749004207,0.3378408805040222,0.0,0.298617817066746,0.7884389610301148,0.7245740469100581,17.284382938526072,2.6076150545670544,13.835098675643165,10.3288035534208,46.54256857899285,59.441477442337465,59.441477442337465,0.0,0.0,0.0,0.0,0.0,0.0,-0.0,0.0,0.0,0.0,0.0,0.0,0.0,0.0,0.07397059004206774,0.0
5,holiday_return,春节返乡日,30.0,12.75,0.25,47.738023516032186,33.73445207253855,7.476677463704345,0.0,-0.0,0.0,23.601256578090993,37.24529261429653,0.0,0.0,0.0,-0.0,-0.0,10.422462388530906,33.3518796432989,2.4922258212347814,7.476677463704345,-0.0,0.0,0.19383746658964895,0.11370660860122077,0.0,0.0,46.059678566483264,0.0,0.26886582063843073,46.54662751378203,0.0,0.0,0.0,0.0,0.0,0.0,17.123035728673802,12.713146542002859,9.638835145776142,5.833282719853247,1.861931601718425,0.0,70.0,10.5,45.0,45.0,0.7258625936359365,0.28011264985623147,1.0,34.544977125916276,29.686317823833924,2.6168371122965204,0.0,0.19832300244981288,0.3430774777571774,0.0,0.3008095027073963,0.7774509234656305,0.7333648592683552,17.334049467347814,2.6162760594447745,13.87550530601645,10.24745688620837,47.738023516032186,60.84654919238753,60.84654919238753,0.0,0.0,0.0,0.0,0.0,0.0,-0.0,0.0,7.105427357601002e-15,0.0,0.0,0.0,0.0,0.0,0.04733803926322633,0.0
5,holiday_return,春节返乡日,30.0,13.0,0.25,47.855965936042224,33.4801212138444,7.8478450517722385,0.0,0.0,0.0,23.289055639706625,36.6796263354634,0.0,0.0,0.0,-0.0,-0.0,10.422462388530906,33.3518796432989,2.615948350590746,7.8478450517722385,-0.0,0.0,0.0,-0.0,0.0,0.0,46.05737558255494,0.0,0.128241570545498,46.48960641830264,0.0,0.925694699993862,0.0,0.0,0.0,0.0,17.12647301649979,12.68721454645595,9.64780253919423,5.856926528266881,1.8691634536951827,0.0,70.0,10.5,45.0,45.0,0.7162607751004939,0.27585841343663514,1.0,34.64548713584108,29.46250666818307,2.746745768120283,0.0,0.2029744745328078,0.3468966012673812,0.0,0.30279646071760524,0.7677139570897968,0.7419457109953335,17.373892521156293,2.623199039604286,13.908040481541548,10.179437483802916,46.93027123604836,59.96868197517002,59.96868197517002,0.0,0.0,0.0,0.0,0.0,0.0,0.0,0.0,0.0,0.0,0.0,0.0,0.0,0.0,0.37116758806789374,0.0
5,holiday_return,春节返乡日,30.0,13.25,0.25,48.06560213342379,33.392956627926424,8.169994404091963,0.0,0.0,0.0,22.549963657288167,38.59412947723301,0.0,0.0,0.0,-0.0,-0.0,10.422462388530906,33.3518796432989,2.723331468030654,8.169994404091963,-0.0,0.0,0.0,-0.0,0.0,0.0,46.055072713775814,0.0,0.04107698462752296,46.45555188229678,0.0,0.06730285546417036,0.0,0.0,0.0,0.0,17.141775691102367,12.655989039888075,9.654187867515674,5.87560565654106,1.8735365858306066,0.0,70.0,10.5,45.0,45.0,0.6935298149281529,0.2902569188733549,1.0,34.78414800999946,29.385801832575254,2.859498041432187,0.0,0.20943208902271285,0.34922010476833304,0.0,0.30457018263812957,0.7962885502490106,0.7502422301136218,17.40333010988734,2.628289611162005,13.932233743085575,10.157312893792193,47.99829927795962,61.14409313452118,61.14409313452118,0.0,0.0,0.0,0.0,0.0,0.0,0.0,0.0,0.0,0.0,0.0,0.0,0.0,0.0,0.3221493523197241,0.0
5,holiday_return,春节返乡日,30.0,13.5,0.25,48.06501421589608,33.059237041573006,8.256171932679544,0.0,0.0,0.0,21.31149547064694,41.007367533695465,0.0,0.0,0.0,-0.0,-0.0,10.422462388530906,33.3518796432989,2.7520573108931816,8.256171932679544,-0.0,0.0,1.0793290890222416,0.633143078253159,0.0,0.0,46.052769960140125,0.9257856799790537,0.0,46.652198205350665,0.0,0.0,0.0,0.0,0.0,0.0,17.171894826373606,12.623450153528635,9.657703374097466,5.889105113564341,1.875,0.0,70.0,10.5,45.0,45.0,0.6554404137508657,0.3084062864653852,1.0,34.760253071710956,29.092128596584246,2.8896601764378405,0.0,0.217721019296692,0.35000000000000003,0.0,0.30612307311939896,0.8399705509796277,0.7582216329711134,17.421808487661806,2.6314633253332773,13.947639029461355,10.06521478072559,48.06501421589608,62.318863004342404,62.318863004342404,0.0,0.0,0.0,0.0,0.0,0.0,0.0,0.0,7.105427357601002e-15,0.0,0.0,0.0,0.0,0.0,0.08617752858758188,0.0
5,holiday_return,春节返乡日,30.0,13.75,0.25,48.1295099306083,33.19582181816314,8.613002395390373,0.0,0.0,0.0,20.00407550595504,41.45602311333162,0.0,0.0,0.0,-0.0,-0.0,10.422462388530906,33.3518796432989,2.8710007984634576,8.613002395390373,-0.0,0.0,0.03712550168399531,0.021778116291845118,0.0,0.0,46.05046732164212,0.17783594142760628,0.0,46.67110814233705,0.0,0.0,0.0,0.0,0.0,0.0,17.221020650881904,12.593309919736447,9.658011428041478,5.897268293550466,1.8735365858306066,0.0,70.0,10.5,45.0,45.0,0.6152303832636065,0.31178051430636683,1.0,34.78520961580727,29.21232319998356,3.01455083838663,0.0,0.22785143227483043,0.34922010476833304,0.0,0.30744848244596856,0.8804273464420294,0.7658701552075511,17.42881630742255,2.6326477130867945,13.953845988123792,10.103848158019227,48.1295099306083,61.460098619286654,61.460098619286654,0.0,0.0,0.0,0.0,0.0,0.0,0.0,0.0,0.0,0.0,0.0,0.0,0.0,0.0,0.3568304627108283,0.0
5,holiday_return,春节返乡日,30.0,14.0,0.25,48.165260555190294,33.32642427403661,8.751228054039865,0.0,-0.0,0.0,18.919485801835933,44.86546350993478,0.0,0.0,0.0,-0.0,-0.0,10.422462388530906,33.3518796432989,2.9170760180132884,8.751228054039865,-0.0,0.0,2.2801503500362195,1.3375544365340464,0.0,0.0,46.048164798276034,1.3630098057963356,0.0,46.97148741714251,0.0,0.0,0.0,0.0,0.0,0.0,17.294490711907574,12.56882466074896,9.654736808346748,5.9,1.8691634536951827,0.0,70.0,10.5,45.0,45.0,0.5818735535940565,0.33742207373535105,1.0,34.7976380924207,29.32725336115222,3.0629298189139527,0.0,0.2397828442300811,0.3468966012673812,0.0,0.30854073501162144,0.9090529689986893,0.7731686303627401,17.42390026204193,2.63178437681455,13.950492397170995,10.139848218395384,48.165260555190294,63.78494931177071,63.78494931177071,0.0,0.0,0.0,0.0,0.0,0.0,-0.0,0.0,-7.105427357601002e-15,0.0,0.0,0.0,0.0,0.0,0.13822565864949254,0.0
5,holiday_return,春节返乡日,30.0,14.25,0.25,48.11705697188808,33.19626378480104,8.890259003356206,0.0,-0.0,0.0,17.678616315452032,46.35332110603028,0.0,0.0,0.0,-0.0,-0.0,10.422462388530906,33.3518796432989,2.963419667785402,8.890259003356206,-0.0,0.0,2.52899839327792,1.483530689483974,0.0,0.0,46.04586239003612,1.6391465479818343,0.0,47.337298978579625,0.0,0.0,0.0,0.0,0.0,0.0,17.398643434864287,12.552621570458422,9.647481754765677,5.897268293550466,1.861931601718425,0.0,70.0,10.5,45.0,45.0,0.5437102998380496,0.34861188336222076,1.0,34.75884836327298,29.212712130624915,3.111590651174672,0.0,0.2533912813865018,0.3430774777571774,0.0,0.30939515362318576,0.9243078880284364,0.7800690228940375,17.406681650034567,2.6288310557890187,13.937277254407896,10.101883011537645,48.11705697188808,64.03193742148231,64.03193742148231,0.0,0.0,0.0,0.0,0.0,0.0,-0.0,0.0,7.105427357601002e-15,-7.105427357601002e-15,0.0,0.0,0.0,0.0,0.13903094931634108,0.0
5,holiday_return,春节返乡日,30.0,14.5,0.25,48.1045760293589,33.404248157735715,8.845841191004064,0.0,-0.0,0.0,16.289059419965124,48.28458067039459,0.0,0.0,0.0,-0.0,-0.0,10.422462388530906,33.3518796432989,2.948613730334688,8.845841191004064,-0.0,0.0,3.041506694539966,1.7841721590707,0.0564812475952543,0.0,46.05697439322049,1.7318036446338856,0.0,47.72493369469088,0.0,0.0,0.0,0.0,0.0,0.0,17.540599676871057,12.546549239428163,9.635843158150264,5.889105113564341,1.851924925857258,0.0,70.0,10.5,45.0,45.0,0.5009741273454743,0.36313640971609956,1.0,34.73350134334576,29.39573837880743,3.0960444168514223,0.0,0.26844318364752034,0.3378408805040222,0.0,0.3100080795289941,0.9559279088223301,0.7864746965594287,17.376873197571864,2.6237635831082096,13.913974007639764,10.157664379905455,48.1045760293589,64.57364009035972,64.57364009035972,0.0,0.0,0.0,0.0,0.0,0.0,-0.0,0.0,0.0,0.0,0.0,0.0,0.0,0.0,-0.04441781235214215,0.0
5,holiday_return,春节返乡日,30.0,14.75,0.25,48.14059058771688,33.608722741060866,8.598877439023804,0.0,-0.0,0.0,15.153633781174948,50.637074687894405,0.0,0.0,0.0,-0.0,-0.0,10.422462388530906,33.3518796432989,2.8662924796746014,8.598877439023804,-0.0,0.0,3.041506694539966,1.7841721590707,1.3198563186070036,0.0,46.36813742017,1.5273290613087345,0.0,48.06381187990434,0.0,0.0,0.0,0.0,0.0,0.0,17.72795489411447,12.55156119970078,9.619431136221614,5.87560565654106,1.8392585999213824,0.0,70.0,10.5,45.0,45.0,0.46605382569433057,0.3808289363888492,1.0,34.75611539742375,29.575676012133563,3.009607103658331,0.0,0.2845797024325819,0.3312924550397065,0.0,0.31037688808621966,0.968523431462295,0.7922270449204518,17.334295392684055,2.6165776465066886,13.880443342821566,10.211557368006178,48.14059058771688,65.79070846906936,65.79070846906936,0.0,0.0,0.0,0.0,0.0,0.0,-0.0,0.0,0.0,0.0,0.0,0.0,0.0,0.0,-0.24696375198026033,0.0
5,holiday_return,春节返乡日,30.0,15.0,0.25,48.40053911728201,33.94353506912015,8.53833271534704,0.0,-0.0,0.0,13.836302817571577,48.77291685831516,0.0,0.0,0.0,-0.0,-0.0,10.422462388530906,33.3518796432989,2.84611090511568,8.53833271534704,-0.0,0.0,1.008604427183488,0.5916554258212514,0.0,0.0,46.365819013298996,0.0,0.0,48.03977997396439,0.0,0.06849716222533608,0.0,0.0,0.0,0.0,17.968368974307744,12.56764028740939,9.59788815119116,5.856926528266881,1.8240768692696459,0.0,70.0,10.5,45.0,45.0,0.42553897993795203,0.3668090656148108,1.0,34.93537473623255,29.870310860825732,2.988416450371464,0.0,0.301314403630918,0.323561803081534,0.0,0.3105,0.986269629896548,0.7971007053150232,17.27889154872769,2.6072902644703,13.83664491811277,10.30107777808353,48.332041955056674,62.60921967588674,62.60921967588674,0.0,0.0,0.0,0.0,0.0,0.0,-0.0,0.0,-7.105427357601002e-15,0.0,0.0,0.0,0.0,0.0,-0.06054472367676311,0.0
5,holiday_return,春节返乡日,30.0,15.25,0.25,48.788616463813675,34.34122616591001,8.572816427183154,0.0,0.0,0.0,12.071996028213695,50.100951212218774,0.0,0.0,0.0,-0.0,-0.0,10.422462388530906,33.3518796432989,2.857605475727718,8.572816427183154,-0.0,0.0,2.031458612706252,1.191669873882389,0.01952293819649161,0.0,46.36813742017,0.20232335127128143,0.0,48.06381187990434,0.0,1.9467186385425723,0.0,0.0,0.0,0.0,18.269049585225233,12.593769766936612,9.570907779565085,5.833282719853247,1.8065503172708026,0.0,70.0,10.5,45.0,45.0,0.3712772800214474,0.37679688409765605,1.0,35.21900563711672,30.220279026000807,3.000485749514104,0.0,0.31804627473363134,0.31479822103945276,0.0,0.31037688808621966,0.9855653496667773,0.8008088349309581,17.210740816689132,2.5959408929209706,13.782647435569535,10.407385001151807,46.841897825271104,62.17294724043247,62.17294724043247,0.0,0.0,0.0,0.0,0.0,0.0,0.0,0.0,0.0,0.0,0.0,0.0,0.0,0.0,0.03448371183611343,0.0
5,holiday_return,春节返乡日,30.0,15.5,0.25,48.94092381025665,34.61397690529451,8.305701593531962,0.0,0.0,0.0,10.4013551889038,51.7591512181375,0.0,0.0,0.0,-0.0,-0.0,10.422462388530906,33.3518796432989,2.7685671978439874,8.305701593531962,-0.0,0.0,2.123784000026328,1.245828684687444,0.009761713141074324,0.0,46.36813742017,0.0,0.016268577308162335,48.035498769409614,0.0,2.104992702757648,0.0,0.0,0.0,0.0,18.636137540125677,12.627954805642304,9.538252245274895,5.804943489303339,1.7868726769384464,0.0,70.0,10.5,45.0,45.0,0.3198963000027265,0.3892677969311136,1.0,35.31720167149071,30.460299676659165,2.906995557736187,0.0,0.33408834441064905,0.3051659156562818,0.0,0.3100080795289941,1.004558767534345,0.8030188407306523,17.13006841151668,2.5825920864340466,13.718636479510971,10.47794609447565,46.835931107499,62.1605064070413,62.1605064070413,0.0,0.0,0.0,0.0,0.0,0.0,0.0,0.0,7.105427357601002e-15,0.0,0.0,0.0,0.0,0.0,-0.26711483365119193,0.0
5,holiday_return,春节返乡日,30.0,15.75,0.25,49.486092058156395,34.92353363406858,8.27983642400097,-0.0,0.0,-0.0,8.95876856309623,51.29384374823759,0.0,0.0,-0.0,-0.0,-0.0,10.124729043808145,32.399132940186064,2.7599454746669903,8.27983642400097,-0.0,0.0,0.0,-0.0,0.0,0.0,46.365819013298996,0.0,2.5244006938825194,47.34716504795056,0.0,2.1181542652977132,0.0,0.0,0.0,0.0,19.07401812738665,12.667295153761096,9.49976787564299,5.772227258905498,1.7652572710088608,0.0,70.0,10.5,45.0,45.0,0.2755291847905121,0.3857683343348248,1.0,35.71877479206379,30.732709597980353,2.8979427484003395,0.0,0.34871028648287106,0.29483891044752664,0.0,0.30939515362318576,0.992484869016141,0.8033776158828101,17.037252405557346,2.5673296513020976,13.64491962078664,10.558113907033238,47.36793779285868,60.25261231133382,60.25261231133382,0.0,-0.0,-0.0,-0.0,0.0,0.0,0.0,0.0,0.0,0.0,0.0,-0.0,0.0,-0.9527467031128367,-0.025865169530991494,0.0
5,holiday_return,春节返乡日,30.0,16.0,0.25,50.172807715435084,35.10046879992492,8.282359811977418,0.0,0.0,0.0,7.3803082059662755,51.985820045695746,0.0,0.0,0.6870926497403365,0.24048242740911774,0.3091916923831514,8.845420256662827,28.305344821321047,2.760786603992473,8.282359811977418,-0.0,0.0,0.0,-0.0,0.0,0.03835076265536941,46.35340841638638,0.0,6.485932286220721,45.616667179579025,0.0,2.134053134363877,0.0,0.0,0.0,0.0,19.584598981824026,12.7081069311746,9.455397733308086,5.735495663618433,1.7419331717989983,0.0,132.0,19.8,45.0,45.0,0.22698323873095147,0.3909725172184439,1.0,36.22708532729823,30.888412543933928,2.898825934192096,0.0,0.36119136073684854,0.28399586251798614,0.0,0.30854073501162144,0.9706668817472944,0.8015439270430218,16.932826568725517,2.5502622452440677,13.561928386387438,10.600518887992273,48.03875458107121,59.36612825166202,59.36612825166202,0.0,0.1374185299480673,0.034354632487016826,1.0306389746105047,0.0,0.0,0.0,0.0,0.0,0.0,0.0,0.0,0.24048242740911774,-4.093788118865017,0.0025233879764474665,0.0
5,holiday_return,春节返乡日,30.0,16.25,0.25,50.623725389081365,35.60632329458459,8.268089830804636,0.0,0.0,0.0,5.8250985136513,54.006869845052286,0.0,0.0,0.6870926497403365,0.24048242740911774,0.3091916923831514,8.845420256662827,28.305344821321047,2.756029943601545,8.268089830804636,-0.0,0.0,0.0,-0.0,0.0,0.0,46.35109074596556,0.0,6.9917867808803935,43.75391495628387,0.0,2.1527248032330366,0.0,0.0,0.0,0.0,20.16661077321487,12.746088443531521,9.405190810961354,5.695146905883207,1.717141177245591,0.0,132.0,19.8,45.0,45.0,0.17915237272700227,0.40617233376041034,1.0,36.55617260532464,31.33356449923444,2.8938314407816224,0.0,0.3708782839729238,0.2728150031710854,0.0,0.30744848244596856,0.9585194927397677,0.7972243599586937,16.81747889409015,2.53152039936837,13.47021681922624,10.73446768685855,48.47100058584833,59.831968358703584,59.831968358703584,0.0,0.1374185299480673,0.034354632487016826,1.0306389746105047,0.0,0.0,0.0,0.0,0.0,0.0,0.0,0.0,0.0,0.0,-0.014269981172782664,0.0
5,holiday_return,春节返乡日,30.0,16.5,0.25,51.22793690082935,36.25451806155642,8.446084770193778,0.0,0.0,0.0,4.667064646323755,55.68762487763866,0.0,0.0,1.0285930971507489,0.3600075840027621,0.462866893717837,8.845420256662827,28.305344821321047,2.8153615900645925,8.446084770193778,-0.0,0.0,0.0,-0.0,0.0,0.0,46.34877319142826,0.0,7.486306346517535,41.761957381301116,0.0,2.1740216395915843,0.0,0.0,0.0,0.0,20.814999303501185,12.776522154072131,9.349307341927007,5.6516085873581305,1.6911297014917557,0.0,132.0,19.8,45.0,45.0,0.14353674930986063,0.41881287738057915,1.0,37.001358548959466,31.903975894169648,2.9561296695678223,0.0,0.3772414772557969,0.2614693984353425,0.0,0.30612307311939896,0.9346728219054984,0.790208412134295,16.692045630776896,2.5112549610838903,13.37045649690512,10.907797090492966,49.05391526123776,60.35468952396242,60.35468952396242,0.0,0.2057186194301498,0.05142965485753745,1.5428896457261234,0.0,0.0,0.0,0.0,0.0,0.0,0.0,0.0,0.11952515659364438,0.0,0.17799493938914246,0.0
5,holiday_return,春节返乡日,30.0,16.75,0.25,51.702611973888274,36.60189447492219,8.248031541429112,0.0,0.0,0.0,3.330007308571659,53.79900349716922,0.0,0.0,5.248776269450677,1.837071694307737,2.361949321252805,7.5566807177305355,24.181378296737716,2.7493438471430376,8.248031541429112,-0.0,0.0,0.0,-0.0,0.0,0.8449649922173768,46.124096544290424,0.0,10.05856685693167,39.09408512447055,0.0,2.197589046495857,0.0,0.0,0.0,0.0,21.520484040695877,12.794502534559147,9.28801996860003,5.605330197525103,1.664150677281882,0.0,132.0,19.8,45.0,45.0,0.10241521394544155,0.4046090222803681,1.0,37.33758386876415,32.209667137931525,2.886811039500189,0.0,0.37992287552824344,0.250122698848972,0.0,0.30457018263812957,0.9287428719103826,0.7803981153400683,16.557500843407016,2.4896349807885367,13.263428033022567,10.99650399069096,49.50502292739242,57.129010805740876,57.129010805740876,0.0,1.0497552538901356,0.2624388134725339,7.873164404176017,0.0,0.0,0.0,0.0,0.0,0.0,0.0,0.0,1.4770641103049749,-4.123966524583331,-0.1980532287646657,0.0
5,holiday_return,春节返乡日,30.0,17.0,0.25,52.461491818231586,37.00080263846425,8.081646318051892,0.0,0.0,0.0,2.0549986655770622,54.314238709448716,0.0,0.0,9.468959441750606,3.314135804612712,4.261031748787773,7.5566807177305355,24.181378296737716,2.693882106017297,8.081646318051892,-0.0,0.0,0.0,-0.0,0.0,0.8058278768815859,45.90973037186279,0.0,8.558392592938763,36.82232950481917,0.0,2.2228535854593487,0.0,0.0,0.0,0.0,22.269356511454923,12.795177701220908,9.22171071151308,5.55677544278461,1.636455563392761,0.0,132.0,19.8,45.0,45.0,0.06320200182471844,0.40848397909988976,1.0,37.88167758918109,32.56070632184854,2.828576211318162,0.0,0.3787692427280859,0.23892551374582263,0.0,0.30279646071760524,0.9144785970948307,0.7678280699626254,16.41494171769045,2.4668450890292064,13.150009241417754,11.099328775603457,50.23863823277224,56.369237375025776,56.369237375025776,0.0,1.8937918883501212,0.4734479720875303,14.203439162625909,0.0,0.0,0.0,0.0,0.0,0.0,0.0,0.0,1.4770641103049749,0.0,-0.16638522337722073,0.0
5,holiday_return,春节返乡日,30.0,17.25,0.25,53.16568482634009,37.31977826372535,8.26954280000052,0.0,0.0,0.0,1.0925937351822113,50.267659612962454,0.0,0.0,13.689142614050535,4.791199914917687,6.160114176322741,7.5566807177305355,24.181378296737716,2.7565142666668403,8.26954280000052,-0.0,0.0,0.0,-0.0,0.0,5.078400326201311,44.57101374687017,0.0,6.97828579066489,34.967527342523375,0.0,2.2490262214738004,0.0,0.0,0.0,0.0,23.04358091851782,12.773991665948296,9.150863882721422,5.506414597592846,1.6082915436188965,0.0,132.0,19.8,45.0,45.0,0.03360299566193199,0.37805065681919675,1.0,38.38937940730785,32.84140487207831,2.894339980000182,0.0,0.3738466498862274,0.2280125063986132,0.0,0.3008095027073963,0.8924813970946557,0.7526729382511375,16.265570023933165,2.4430824330894403,13.03116029385816,11.179543559501928,50.91665860486629,51.36025334814467,51.36025334814467,0.0,2.737828522810107,0.6844571307025268,20.533713921075805,0.0,0.0,0.0,0.0,-7.105427357601002e-15,0.0,0.0,0.0,1.4770641103049753,0.0,0.18789648194862885,0.0
5,holiday_return,春节返乡日,30.0,17.5,0.25,53.53897945510638,37.96183446428156,8.041612843310602,0.0,0.0,0.0,0.39108817765816367,49.51490825291737,0.0,0.0,17.90932578635046,6.268264025222662,8.059196603857707,7.5566807177305355,24.181378296737716,2.6805376144368673,8.041612843310602,-0.0,0.0,0.0,-0.0,0.0,5.326814521642624,43.166991901013716,0.0,5.721259563686136,33.44444895682945,0.0,2.275122809832955,0.0,0.0,0.0,0.0,23.821238577789547,12.72691380358137,9.076055276825063,5.454717051666488,1.579897994784475,0.0,132.0,19.8,45.0,45.0,0.01202801545909333,0.3723893996952784,1.0,38.693100240552646,33.40641432856777,2.8145644951587108,0.0,0.36543419745537087,0.2175002653641172,0.0,0.298617817066746,0.8197306533108537,0.7352411032598738,16.110670323276025,2.4185532613715597,12.90790633660155,11.350072653193362,51.26385664527342,49.905996430575534,49.905996430575534,0.0,3.5818651572700926,0.8954662893175231,26.863988679525693,0.0,0.0,0.0,0.0,0.0,-7.105427357601002e-15,0.0,0.0,1.4770641103049744,0.0,-0.227929956689918,0.0
5,holiday_return,春节返乡日,30.0,17.75,0.25,53.62134774471094,38.71289798921597,7.762281875861406,0.0,0.0,0.0,-0.0,45.267272376041916,0.0,0.0,22.129508958650398,7.745328135527639,9.95827903139268,7.5566807177305355,24.181378296737716,2.587427291953802,7.762281875861406,-0.0,0.0,0.0,-0.0,0.0,8.452852768263817,40.94039861240187,0.0,4.573240661085572,32.22424234785483,0.0,2.3000024745619045,0.0,0.0,0.0,0.0,24.577328419488328,12.650642793469796,8.997938140786543,5.402144214755273,1.5515032902890038,0.0,132.0,19.8,45.0,45.0,0.0,0.3404439790103762,1.0,38.7490805005512,34.06735023051005,2.716798656551492,0.0,0.3539978038122754,0.2074859668415766,0.0,0.2962307889300412,0.797562441597525,0.7159550823095508,15.95158564583082,2.393469259413915,12.78131814351112,11.551053566412914,51.32134527014903,45.267272376041916,45.267272376041916,0.0,4.425901791730079,1.1064754479325198,33.19426343797559,0.0,0.0,0.0,0.0,0.0,0.0,0.0,0.0,1.477064110304977,0.0,-0.27933096744919617,0.0
5,holiday_return,春节返乡日,30.0,18.0,0.25,54.17419852561748,39.210810460311436,7.615909205132784,0.0,0.0,0.0,-0.0,44.39759425656634,0.0,0.0,22.129508958650398,7.745328135527639,9.95827903139268,7.5566807177305355,24.181378296737716,2.538636401710928,7.615909205132784,-0.0,0.0,0.0,-0.0,0.0,9.804170494789808,38.3583067254213,0.0,5.07115313218104,30.873616244528,0.0,2.3224227581751515,0.0,0.0,0.0,0.0,25.284900468586194,12.542773807758921,8.917226560867054,5.349142923597687,1.5233219932765087,0.0,132.0,19.8,45.0,45.0,0.0,0.3339033445981021,1.0,39.15819102199248,34.50551320507407,2.665568221796474,0.0,0.34014748071260315,0.19804680515562867,0.0,0.2936586399182265,0.7535458132129249,0.6953210690612031,15.789691477741249,2.3680437520724618,12.6524914669294,11.68115632156479,51.85177576744233,44.39759425656634,44.39759425656634,0.0,4.425901791730079,1.1064754479325198,33.19426343797559,0.0,0.0,0.0,0.0,-7.105427357601002e-15,0.0,0.0,0.0,0.0,0.0,-0.14637267072862237,0.0
5,holiday_return,春节返乡日,30.0,18.25,0.25,54.2952606375748,39.840011883001814,7.4065508469457635,0.0,0.0,0.0,-0.0,41.75643017570914,0.0,0.0,22.129508958650398,7.745328135527639,9.95827903139268,7.5566807177305355,24.181378296737716,2.4688502823152545,7.4065508469457635,-0.0,0.0,0.0,-0.0,0.0,12.477924780134899,35.07272439426006,0.0,5.700354554871419,29.358086132492208,0.0,2.3411085462489107,0.0,0.0,0.0,0.0,25.916461785857013,12.401919990071326,8.834677004772564,5.29613947520614,1.4955524801487288,0.0,132.0,19.8,45.0,45.0,0.0,0.31403980165173717,1.0,39.24177711329869,35.059210457041594,2.592292796431017,0.0,0.32458354264801875,0.18924013556862182,0.0,0.29091238436825395,0.7287526566255337,0.673891367015214,15.626368960127433,2.3424878917425334,12.522525798106965,11.84809393168377,51.95415209132589,41.75643017570914,41.75643017570914,0.0,4.425901791730079,1.1064754479325198,33.19426343797559,0.0,0.0,0.0,0.0,0.0,0.0,0.0,0.0,0.0,0.0,-0.20935835818702042,0.0
5,holiday_return,春节返乡日,30.0,18.5,0.25,54.54489645282691,39.97231886690708,7.272780669490663,0.0,0.0,0.0,-0.0,41.07843463901296,0.0,0.0,22.129508958650398,7.745328135527639,9.95827903139268,7.5566807177305355,24.181378296737716,2.424260223163554,7.272780669490663,-0.0,0.0,0.0,-0.0,0.0,13.347244595875097,31.558537969652164,0.0,5.832661538776685,27.80849615816894,0.0,2.354830023305312,0.0,0.0,0.0,0.0,26.44555951672162,12.227782133389102,8.751068815296065,5.2435343874494835,1.4683750213287108,0.0,132.0,19.8,45.0,45.0,0.0,0.30894076461794656,1.0,39.41695784507512,35.17564060287823,2.5454732343217317,0.0,0.3080383351366096,0.18110424697489164,0.0,0.28800378216800143,0.7049886817956773,0.6522242499326305,15.46297822407426,2.317006952268751,12.392503264494158,11.876039537569111,52.1900664295216,41.07843463901296,41.07843463901296,0.0,4.425901791730079,1.1064754479325198,33.19426343797559,0.0,0.0,0.0,0.0,0.0,0.0,0.0,0.0,0.0,0.0,-0.13377017745510056,0.0
5,holiday_return,春节返乡日,30.0,18.75,0.25,54.633217736319516,40.30285480597088,7.196144489393546,0.0,0.0,0.0,-0.0,40.49749788326391,0.0,0.0,22.129508958650398,7.745328135527639,9.95827903139268,7.5566807177305355,24.181378296737716,2.3987148297978487,7.196144489393546,-0.0,0.0,0.0,-0.0,0.0,13.983303721857034,27.877143273843938,0.0,6.163197477840486,26.17269783697394,0.0,2.3624835431993176,0.0,0.0,0.0,0.0,26.84841834522973,12.021163712335294,8.667184466899634,5.191697962944294,1.4419503324173917,0.0,132.0,19.8,45.0,45.0,0.0,0.30457168271175994,1.0,39.45352091434167,35.46651222925438,2.5186505712877407,0.0,0.2912201767589911,0.17365966253672466,0.0,0.28494528839862715,0.7128356941686469,0.6308458439930418,15.300832762261319,2.291796842489755,12.26346837165433,11.959686242542523,52.2707341931202,40.49749788326391,40.49749788326391,0.0,4.425901791730079,1.1064754479325198,33.19426343797559,0.0,0.0,0.0,0.0,0.0,0.0,0.0,0.0,0.0,0.0,-0.07663618009711737,0.0
5,holiday_return,春节返乡日,30.0,19.0,0.25,54.6647666745872,40.81985234384537,6.902710051707789,0.0,0.0,0.0,-0.0,40.07390936693249,0.0,0.0,22.129508958650398,7.745328135527639,9.95827903139268,7.5566807177305355,24.181378296737716,2.300903350569263,6.902710051707789,-0.0,0.0,0.0,-0.0,0.0,14.339944727421873,24.102079751569228,0.0,6.680195015714974,24.401665431288357,0.0,2.363168513004998,0.0,0.0,0.0,0.0,27.10549408913199,11.783931808966486,8.583790370033155,5.14096670648026,1.4164185956342732,0.0,132.0,19.8,45.0,45.0,0.0,0.301385978064813,1.0,39.479225984451574,35.92147006258393,2.415948518097726,0.0,0.27476534528040114,0.16691085433198272,0.0,0.28175,0.6800333775642611,0.6102180105950652,15.141175672147687,2.2670409426099654,12.13640924505556,12.095791340009294,52.3015981615822,40.07390936693249,40.07390936693249,0.0,4.425901791730079,1.1064754479325198,33.19426343797559,0.0,0.0,0.0,0.0,0.0,0.0,0.0,0.0,0.0,0.0,-0.2934344376857565,0.0
5,holiday_return,春节返乡日,30.0,19.25,0.25,54.423296249148535,40.98260544103303,6.829868210589449,0.0,0.0,0.0,-0.0,39.55385088142407,0.0,0.0,22.129508958650398,7.745328135527639,9.95827903139268,7.5566807177305355,24.181378296737716,2.2766227368631498,6.829868210589449,-0.0,0.0,0.0,-0.0,0.0,14.601167343016286,20.25846218889315,0.0,6.842948112902635,22.588688779387812,0.0,2.35625334377423,0.0,0.0,0.0,0.0,27.202804383688214,11.518927739571645,8.501618943249039,5.0916406205124645,1.391898939106604,0.0,132.0,19.8,45.0,45.0,0.0,0.29747474659820705,1.0,39.29974491094233,36.06469278810906,2.3904538737063072,0.0,0.259202323709624,0.16084825341632344,0.0,0.27843159968759257,0.6607548094711886,0.5907150743746408,14.985158502868106,2.242907351485581,12.012240945531724,12.133002582169436,52.06704290537431,39.55385088142407,39.55385088142407,0.0,4.425901791730079,1.1064754479325198,33.19426343797559,0.0,0.0,0.0,0.0,0.0,0.0,0.0,0.0,0.0,0.0,-0.0728418411183398,0.0
5,holiday_return,春节返乡日,30.0,19.5,0.25,54.173882985914084,41.18001486868182,6.640697531014909,0.0,0.0,0.0,-0.0,41.05533794844566,0.0,0.0,22.129508958650398,7.745328135527639,9.95827903139268,7.5566807177305355,24.181378296737716,2.213565843671636,6.640697531014909,-0.0,0.0,0.0,-0.0,0.0,12.802039194278152,16.888491583078928,0.0,7.040357540551428,20.724668766431954,0.0,2.3414242690648113,0.0,0.0,0.0,0.0,27.132912473724016,11.229834103157753,8.42135257615579,5.0439813785173095,1.3684893505187623,0.0,132.0,19.8,45.0,45.0,0.0,0.30876706011078336,1.0,39.10155477668148,36.238413084440005,2.324244135855218,0.0,0.24493049347178397,0.15545043872823788,0.0,0.2750042973609927,0.6614608277156439,0.5726108227786059,14.833823305191862,2.2195466143859384,11.891791327299911,12.180250756605675,51.832458716849274,41.05533794844566,41.05533794844566,0.0,4.425901791730079,1.1064754479325198,33.19426343797559,0.0,0.0,0.0,0.0,0.0,0.0,0.0,0.0,0.0,0.0,-0.18917067957454048,0.0
5,holiday_return,春节返乡日,30.0,19.75,0.25,53.42221638047197,41.179702923065236,6.541509680852896,0.0,0.0,0.0,-0.0,42.04020108972116,0.0,0.0,22.129508958650398,7.745328135527639,9.95827903139268,7.5566807177305355,24.181378296737716,2.1805032269509654,6.541509680852896,-0.0,0.0,0.0,-0.0,0.0,11.05515878221518,13.978394847390517,0.0,7.04004559493484,18.861662854434307,0.0,2.318712317689503,0.0,0.0,0.0,0.0,26.895469959002853,10.921007325220042,8.343609984363168,4.998211352998994,1.3462669921308321,0.0,132.0,19.8,45.0,45.0,0.0,0.31617397263273034,1.0,38.57144016778371,36.23813857229741,2.2895283882985136,0.0,0.23221338979544398,0.15068639600217956,0.0,0.27148276925493176,0.6230991475098157,0.5560757600509576,14.688088329492995,2.1970899799321817,11.775789785716604,12.172501785281737,51.10350406278247,42.04020108972116,42.04020108972116,0.0,4.425901791730079,1.1064754479325198,33.19426343797559,0.0,0.0,0.0,0.0,0.0,0.0,0.0,0.0,0.0,0.0,-0.09918785016201248,0.0
5,holiday_return,春节返乡日,30.0,20.0,0.25,52.88293692434001,41.022915717561155,6.239228173261186,0.0,0.0,0.0,-0.0,41.893106418628605,0.0,0.0,22.129508958650398,7.745328135527639,9.95827903139268,7.5566807177305355,24.181378296737716,2.079742724420395,6.239228173261186,-0.0,0.0,0.0,-0.0,0.0,10.59243002347337,11.190214342523577,0.0,6.883258389430759,17.040848236314787,0.0,2.2884957888613338,0.0,0.0,0.0,0.0,26.497265676320733,10.597286410067168,8.268935319213693,4.95451345430169,1.3252888764197575,0.0,132.0,19.8,45.0,45.0,0.0,0.31506770992924843,1.0,38.18072301584724,36.100165831453815,2.1837298606414146,0.0,0.22118484928684853,0.1465177500873212,0.0,0.26788209509339495,0.6057985133273256,0.5411833599181083,14.54873764993514,2.175648212892294,11.664859110708358,12.121329475016815,50.594441135478675,41.893106418628605,41.893106418628605,0.0,4.425901791730079,1.1064754479325198,33.19426343797559,0.0,0.0,0.0,0.0,0.0,0.0,0.0,0.0,0.0,0.0,-0.3022815075917107,0.0
5,holiday_return,春节返乡日,30.0,20.25,0.25,51.7892886958972,41.15372619857779,6.043361307584257,0.0,0.0,0.0,-0.0,41.45842814262024,0.0,0.0,22.129508958650398,7.745328135527639,9.95827903139268,7.5566807177305355,24.181378296737716,2.0144537691947524,6.043361307584257,-0.0,0.0,0.0,-0.0,0.0,9.905188936386836,8.58302616433623,0.0,7.014068870447398,15.186520214710473,0.0,2.2514779682877752,0.0,0.0,0.0,0.0,25.95177579947692,10.26378945250599,8.197790249057824,4.91303171864422,1.3055928557041865,0.0,132.0,19.8,45.0,45.0,0.0,0.3117986019378427,1.0,37.3785049999148,36.21527905474846,2.11517645765449,0.0,0.21186511414784542,0.14290088946160123,0.0,0.26421769351592733,0.6079250699864519,0.5279231892590638,14.416414823406232,2.1553109674978197,11.559510528406147,12.151092587120074,49.537810727609425,41.45842814262024,41.45842814262024,0.0,4.425901791730079,1.1064754479325198,33.19426343797559,0.0,0.0,0.0,0.0,0.0,0.0,0.0,0.0,0.0,0.0,-0.1958668656769289,0.0
5,holiday_return,春节返乡日,30.0,20.5,0.25,50.46517468632226,41.05109286512548,5.586662282316416,0.0,0.0,0.0,-0.0,44.21772559260433,0.0,0.0,20.478658802978188,7.1675305810423655,9.215396461340186,7.5566807177305355,24.181378296737716,1.8622207607721386,5.586662282316416,-0.0,0.0,0.0,-0.0,0.0,6.290177745483802,6.927287080005961,0.0,7.654318107047581,13.164632715906388,0.0,2.208642245694434,0.0,0.0,0.0,0.0,25.278258751032872,9.925709475645878,8.130549083679382,4.87387256931688,1.2871988751224155,0.0,132.0,19.8,45.0,45.0,0.0,0.33255059678617704,1.0,36.40947053026678,36.12496172131043,1.9553317988107455,0.0,0.20418331773262943,0.13978891893871936,0.0,0.26050525605265296,0.6134355369346506,0.5162183427077083,14.291620528118678,2.136146705045496,11.460141884970573,12.115911605302522,48.25653244062782,44.21772559260433,44.21772559260433,0.0,4.095731760595638,1.0239329401489095,30.717988204467282,0.0,0.0,0.0,0.0,0.0,0.0,0.0,0.0,-0.5777975544852731,0.0,-0.4566990252678407,0.0
5,holiday_return,春节返乡日,30.0,20.75,0.25,48.739772135628215,41.0020821963194,5.1975965364712575,0.0,0.0,0.0,-0.0,45.84337687578045,0.0,0.0,16.258475630678262,5.690466470737391,7.316314033805218,7.5566807177305355,24.181378296737716,1.7325321788237524,5.1975965364712575,-0.0,0.0,0.0,-0.0,0.0,4.333952739742755,5.786426836772288,0.0,9.504389865776465,10.656895171712524,0.0,2.1611889459219054,0.0,0.0,0.0,0.0,24.50048160967531,9.588120404376076,8.067496877020053,4.837106663981148,1.270110436205285,0.0,132.0,19.8,45.0,45.0,0.0,0.34477671871219606,1.0,35.16545229886202,36.081832332761074,1.81915878776494,0.0,0.19800274338699517,0.13713339433189015,0.0,0.2567606799307332,0.6015670277695591,0.5059446212037942,14.174713977206487,2.118203120724176,11.367038809167235,12.096171426604876,46.57858318970631,45.84337687578045,45.84337687578045,0.0,3.251695126135653,0.8129237815339132,24.387713446017397,0.0,0.0,0.0,0.0,0.0,0.0,0.0,0.0,-1.4770641103049744,0.0,-0.3890657458451585,0.0
5,holiday_return,春节返乡日,30.0,21.0,0.25,47.4055790595343,40.81414132720022,4.877317328424978,0.0,0.0,0.0,-0.0,47.865006538474944,0.0,0.0,12.038292458378331,4.213402360432416,5.417231606270249,7.564244797276722,24.20558335128551,1.6257724428083258,4.877317328424978,-0.0,0.0,0.0,-0.0,0.0,2.4067275943937014,5.152788148484785,0.0,11.19132636964446,7.706480837378127,0.0,2.11045980631828,0.0,0.0,0.0,0.0,23.64519714692839,9.255802561893683,8.008830322189809,4.802771233561842,1.2543162179203147,0.0,132.0,19.8,45.0,45.0,0.0,0.3599808962631585,1.0,34.19629882553277,35.916444367936194,1.707061064948742,0.0,0.19314570572330614,0.13488581006526668,0.0,0.253,0.6009268338846818,0.4969492230650543,14.065917773671964,2.1015080286463776,11.28037858907386,12.037958189526666,45.295119253216015,47.865006538474944,47.865006538474944,0.0,2.4076584916756665,0.6019146229189166,18.057438687567497,0.0,0.0,0.0,0.0,0.0,0.0,0.0,0.0,-1.4770641103049753,0.024205054547795868,-0.32027920804627996,0.0
5,holiday_return,春节返乡日,30.0,21.25,0.25,46.09078227949655,40.542749164554785,4.651080793567074,0.0,0.0,0.0,-0.0,53.35024398883757,0.0,0.0,7.818109286078403,2.736338250127441,3.5181491787352814,10.503296636173552,33.610549235755364,1.550360264522358,4.651080793567074,-0.0,0.0,0.0,-0.0,0.0,0.0,5.15253050907736,0.0,3.414050750064142,6.804193189047822,0.0,2.0578569412274526,0.0,0.0,0.0,0.0,22.740508808628192,8.93309514408608,7.9546611519669685,4.7708728142498655,1.2397918033022686,0.0,132.0,19.8,45.0,45.0,0.0,0.40123401281732773,1.0,33.229643931314435,35.67761926480821,1.6278782777484757,0.0,0.18941567645829024,0.13299882652582576,0.0,0.24923932006926677,0.6177591408096297,0.48906727145984974,13.9653257695191,2.086070641527511,11.200236417166753,11.956802115809738,44.032925338269095,53.35024398883757,53.35024398883757,0.0,1.5636218572156808,0.3909054643039202,11.727163929117607,0.0,0.0,0.0,0.0,0.0,0.0,0.0,0.0,-1.4770641103049749,9.404965884469853,-0.22623653485790385,0.0
5,holiday_return,春节返乡日,30.0,21.5,0.25,44.71260163780954,40.50206206329024,4.216504664126831,0.0,0.0,0.0,-0.0,55.00500183533684,0.0,0.0,3.5979261137784704,1.2592741398224645,1.6190667512003116,12.150936035028101,38.882995312089925,1.4055015547089438,4.216504664126831,-0.0,0.0,0.0,-0.0,0.0,0.0,5.152272882551906,0.0,0.0,6.800791092453299,0.0,2.0047632523872743,0.0,0.0,0.0,0.0,21.814263319517927,8.623780867561603,7.90502168096792,4.741390273451254,1.2265014624274597,0.0,132.0,19.8,45.0,45.0,0.0,0.4136790380196638,1.0,32.23927720458592,35.64181461569541,1.4757766324443908,0.0,0.18661517828787932,0.13142723767652384,0.0,0.245494743947347,0.605459889024054,0.4821351454603666,13.872913416846632,2.071883172671417,11.126593599270826,11.940658862834312,42.707838385422264,55.00500183533684,55.00500183533684,0.0,0.7195852227556941,0.17989630568892354,5.3968891706677065,0.0,0.0,0.0,0.0,0.0,0.0,0.0,0.0,-1.4770641103049764,5.27244607633456,-0.4345761294402424,0.0
5,holiday_return,春节返乡日,30.0,21.75,0.25,43.342018529754526,40.42740568908538,4.029830089154431,0.0,0.0,0.0,-0.0,56.992384470265996,0.0,0.0,-0.0,-0.0,-0.0,14.259559849088056,45.63059151708178,1.3432766963848104,4.029830089154431,-0.0,0.0,0.0,-0.0,0.0,0.0,5.152015268907778,5.2031858279964,0.0,8.033147331056217,0.0,1.9524706049613996,0.0,0.0,0.0,0.0,20.892597794170417,8.331005596456029,7.859872074035167,4.714278032830902,1.2143999463019854,0.0,132.0,19.8,45.0,45.0,0.0,0.42862565213042475,1.0,31.249985595033,35.57611700639514,1.4104405312040507,0.0,0.18455883617672247,0.13012869069881278,0.0,0.24178230648407265,0.600372145142727,0.4760001981125062,13.788550053168052,2.058922682980219,11.059347287319435,11.915407825904738,41.38954792479313,56.992384470265996,56.992384470265996,0.0,0.0,0.0,0.0,0.0,0.0,0.0,0.0,0.0,0.0,0.0,0.0,-1.2592741398224645,6.747596204991858,-0.18667457497240036,0.0
5,holiday_return,春节返乡日,30.0,22.0,0.25,42.21343746027148,40.10040330843336,3.816679299453356,-0.0,0.0,-0.0,-0.0,60.32249695217671,0.0,0.0,0.0,-0.0,-0.0,15.254752806667838,48.815208981337086,1.2722264331511186,3.816679299453356,-0.0,0.0,0.0,-0.0,3.4842010768471283,0.0,5.979255423895525,8.71480567290373,0.0,10.098897104705324,0.0,1.9021208247608592,0.0,0.0,0.0,0.0,19.998742926682493,8.05723341831763,7.8191088991207955,4.6894693965312575,1.203434250966751,0.0,62.0,9.299999999999999,45.0,45.0,0.0,0.4536706058991398,1.0,30.44482556447846,35.28835491142136,1.3358377548086746,0.0,0.18308168911423775,0.1290641780194508,0.0,0.23811790490660503,0.5824671655218793,0.47052695225874697,13.712012546618805,2.047153094482807,10.998321283027163,11.819888643257856,40.31131663551062,60.32249695217671,60.32249695217671,0.0,0.0,0.0,0.0,0.0,0.0,0.0,0.0,0.0,0.0,0.0,-0.0,0.0,3.184617464255304,-0.21315078970107493,0.0
5,holiday_return,春节返乡日,30.0,22.25,0.25,41.30869284350001,39.774489955327134,3.8867542296138864,-0.0,0.0,-0.0,-0.0,62.62356510737585,0.0,0.0,0.0,-0.0,-0.0,15.254752806667838,48.815208981337086,1.2955847432046288,3.8867542296138864,-0.0,0.0,0.0,-0.0,6.619197601548507,0.0,7.5510158914921,9.040719026009953,0.0,12.241018424830337,0.0,1.8546628875451336,0.0,0.0,0.0,0.0,19.152150099144293,7.804235524805208,7.782574520518729,4.666879899763706,1.1935453165170355,0.0,62.0,9.299999999999999,45.0,45.0,0.0,0.47097637135861725,1.0,29.781374689280113,35.001551160687875,1.3603639803648602,0.0,0.182043365555862,0.12819832802151582,0.0,0.2345172307450682,0.5923394143835816,0.4656002203162824,13.64299973679947,2.036527294053462,10.943277467693662,11.725045736445761,39.45402995595488,62.62356510737585,62.62356510737585,0.0,0.0,0.0,0.0,0.0,0.0,0.0,0.0,0.0,0.0,0.0,0.0,0.0,0.0,0.07007493016053035,0.0
5,holiday_return,春节返乡日,30.0,22.5,0.25,40.320543302793816,39.38741613001111,3.7950398145113833,0.0,0.0,0.0,-0.0,62.09085580867708,0.0,0.0,0.0,-0.0,-0.0,15.254752806667838,48.815208981337086,1.2650132715037945,3.7950398145113833,-0.0,0.0,0.0,-0.0,7.06137423505011,0.0,9.227714721521927,9.427792851325975,0.0,14.473998717807842,0.0,1.8108278073384851,0.0,0.0,0.0,0.0,18.367972921575067,7.5731094878854925,7.750066907002573,4.646410601804602,1.1846696315386707,0.0,62.0,9.299999999999999,45.0,45.0,0.0,0.4669699962495037,1.0,29.08525587873994,34.660926194409775,1.328263935078984,0.0,0.18132900225654827,0.12749952422110453,0.0,0.23099570263900734,0.564807069662831,0.4611257908856349,13.581147140345845,2.0269892561036444,10.893927439721807,11.61342989822444,38.50971549545533,62.09085580867708,62.09085580867708,0.0,0.0,0.0,0.0,0.0,0.0,0.0,0.0,0.0,0.0,0.0,0.0,0.0,0.0,-0.09171441510250311,0.0
5,holiday_return,春节返乡日,30.0,22.75,0.25,39.41740537480159,39.02867373216525,3.6647674990823638,-0.0,0.0,-0.0,-0.0,66.2518601684727,0.0,0.0,0.0,-0.0,-0.0,15.254752806667838,48.815208981337086,1.2215891663607878,3.6647674990823638,-0.0,0.0,0.0,-0.0,12.129233747552874,0.0,12.107946350829659,9.786535249171834,0.0,16.791063840127247,0.0,1.7711209269103858,0.0,0.0,0.0,0.0,17.656897585630638,7.364324193327633,7.721349465645336,4.6279512574984665,1.1767407194379296,0.0,62.0,9.299999999999999,45.0,45.0,0.0,0.49826388268384714,1.0,28.450961696529276,34.345232884305425,1.2826686246788273,0.0,0.18084786708158976,0.12693988400486741,0.0,0.2275684003124074,0.5369438280363167,0.45702938285828054,13.526041442581732,2.0184761205035087,10.849943982647352,11.510078075104976,37.646284447891205,66.2518601684727,66.2518601684727,0.0,0.0,0.0,0.0,0.0,0.0,0.0,0.0,0.0,0.0,0.0,-0.0,0.0,0.0,-0.13027231542901951,0.0
5,holiday_return,春节返乡日,30.0,23.0,0.25,38.54728526177161,38.819434656286234,3.5766952300687147,-0.0,0.0,-0.0,-0.0,66.13293703844467,0.0,0.0,0.0,-0.0,-0.0,15.254752806667838,48.815208981337086,1.1922317433562382,3.5766952300687147,-0.0,0.0,0.0,-0.0,12.87449700019436,0.0,15.165033991058278,9.995774325050853,0.0,19.156664710406762,0.0,1.7358297735453827,0.0,0.0,0.0,0.0,17.025285555524796,7.177784841985243,7.696160561673514,4.611383312205518,1.1696904890714896,0.0,62.0,9.299999999999999,45.0,45.0,0.0,0.4973694911851329,1.0,27.82134582672964,34.161102497531886,1.2518433305240502,0.0,0.18053058166192898,0.12649512753861683,0.0,0.22424999999999998,0.5360473384639242,0.45325452194810534,13.477234362950522,2.0109201711935425,10.81097203873356,11.448896656769456,36.81145548822623,66.13293703844467,66.13293703844467,0.0,0.0,0.0,0.0,0.0,0.0,0.0,0.0,0.0,0.0,0.0,0.0,0.0,0.0,-0.08807226901364906,0.0
5,holiday_return,春节返乡日,30.0,23.25,0.25,37.811473498190765,38.529006177286774,3.615990572739878,-0.0,0.0,-0.0,-0.0,66.63289461427489,0.0,0.0,0.0,-0.0,-0.0,15.254752806667838,48.815208981337086,1.2053301909132925,3.615990572739878,-0.0,0.0,0.0,-0.0,14.066382628664122,0.0,18.505041613666453,10.286202804050312,0.0,21.59005954401351,0.0,1.7050445101611338,0.0,0.0,0.0,0.0,16.47556939865866,7.0129120538253575,7.674222443267711,4.596582676284135,1.1634504377779933,0.0,62.0,9.299999999999999,45.0,45.0,0.0,0.5011295486729815,1.0,27.28132097597962,33.90552543601236,1.2655967004589572,0.0,0.18032568600964824,0.12614436557697786,0.0,0.22105471160137286,0.5454164277292587,0.44975988524733806,13.434255557329838,2.004250671234428,10.776638922553326,11.365269422543069,36.106428988029634,66.63289461427489,66.63289461427489,0.0,0.0,0.0,0.0,0.0,0.0,0.0,0.0,0.0,0.0,0.0,0.0,0.0,0.0,0.03929534267116308,0.0
5,holiday_return,春节返乡日,30.0,23.5,0.25,37.05293582785461,38.20448932786211,3.579162249152607,-0.0,0.0,-0.0,-0.0,66.94283378184733,0.0,0.0,0.0,-0.0,-0.0,15.254752806667838,48.815208981337086,1.1930540830508691,3.579162249152607,-0.0,0.0,0.0,-0.0,15.12077842073181,0.0,22.095301236509574,10.610719653474973,0.0,24.09931043194181,0.0,1.678687356457801,0.0,0.0,0.0,0.0,16.006829392380048,6.868729170691552,7.655249353482235,4.583422246266781,1.1579527002175556,0.0,62.0,9.299999999999999,45.0,45.0,0.0,0.5034605246280376,1.0,26.737458588148236,33.61995060851866,1.2527067872034123,0.0,0.1801960958381208,0.12586983203138138,0.0,0.21799621783199855,0.5377385149477935,0.4465165228553264,13.39662429996657,1.9983955207937507,10.746563571662215,11.272362277541895,35.37424847139681,66.94283378184733,66.94283378184733,0.0,0.0,0.0,0.0,0.0,0.0,0.0,0.0,0.0,0.0,0.0,0.0,0.0,0.0,-0.03682832358727062,0.0
5,holiday_return,春节返乡日,30.0,23.75,0.25,36.39901259607921,37.80528504730741,3.581858276380303,0.0,0.0,0.0,-0.0,66.62645466159195,0.0,0.0,0.0,-0.0,-0.0,15.254752806667838,48.815208981337086,1.1939527587934344,3.581858276380303,-0.0,0.0,0.0,-0.0,15.435283676173228,0.0,25.760076344538888,11.009923934029679,0.0,26.70211771105797,0.0,1.6565471761217618,0.0,0.0,0.0,0.0,15.615474914541453,6.743952283300448,7.63895467547977,4.57177415051892,1.1531309412182202,0.0,62.0,9.299999999999999,45.0,45.0,0.0,0.5010811153788832,1.0,26.266399900954053,33.26865084163052,1.253650396733106,0.0,0.1801158137317086,0.12565658366436522,0.0,0.215087615631746,0.533881108310085,0.4435052297602834,13.36385976721691,1.9932827152189865,10.720364693997611,11.158785314706869,34.74246541995745,66.62645466159195,66.62645466159195,0.0,0.0,0.0,0.0,0.0,0.0,0.0,0.0,0.0,0.0,0.0,0.0,0.0,0.0,0.0026960272276959074,0.0
